Index,JP_Name,JP_Page1,JP_Page2,JP_Page3,EN2_Name,EN2_Page1,EN2_Page2,EN2_Page3,KO_Name,KO_Page1,KO_Page2,KO_Page3,TC_Name,TC_Page1,TC_Page2,TC_Page3,NameFlag,VoiceNo_low,VoiceNo_high,Timing,VoiceAutoPage,TextSpeed,Button,AutoPage,ExtVoice,Translator_Notes,Status
0,,チャプター５のオープニングを見ますか？, ,,,View the Chapter 5 opening?,,,,챕터5 오프닝을 보겠습니까?,,,,要觀看第五章的開場嗎？, ,,0,0,0,0,0,0,0,0,0,,Translated
1,,はい,いいえ,,,Yes,No,,,네,아니오,,,是,否,,0,255,255,255,255,255,255,255,255,,Translated
2,,意識を失っていたかった。, , ,,I just wanted to lose consciousness.,,,,의식을 잃었으면 했다.,,,,我當時只想失去意識。, ,,0,0,0,1,0,0,0,0,0,,Translated
3,,脳の最奥が白く煙って、,時々ふっと気を失えそうになるけれど、, ,,The deepest part of my brain had become thoroughly,"clouded over, and there were moments when I felt",as though I could almost slip away...,,뇌의 가장 깊숙한 부분이 하얗게 되어,가끔 정신을 잃을 것 같지만,,,大腦最深處變得白濛濛的，,有時會感覺快要失去意識，,,0,0,0,1,0,0,0,0,0,,Translated
4,,でも、恐ろしい痛みがそれを、暴力的に奪ってゆく。, , ,,...but the intense pain would always wrench me back,to my senses before I could follow through.,,,무서운 고통이 그것을 폭력적으로 빼앗아 간다.,,,,但是可怕的痛楚總是會暴力地將它奪走。, ,,0,0,0,1,0,0,0,0,0,,Translated
5,,失神すら許さない。, , ,,I would've welcomed even a momentary loss of,"consciousness with open arms, but any sort of",respite from my suffering was plainly denied me.,,실신조차 허용받지 못한다.,,,,連暈厥都不被允許。, ,,0,0,0,1,0,0,0,0,0,,Translated
6,,目の前に迫っている本物の死、, , ,,"The only possible escape was death, and death was",certainly at hand...but it was taking an eternity,to reach me.,,눈앞에 닥친 진짜 죽음,,,,真正的死亡近在眼前，, ,,0,0,0,1,0,0,0,0,0,,Translated
7,,本気の殺意、剥き身の煉獄。, , ,,I was like a shellfish removed from its shell.,"I knew my fate, but only the chef could make the",end come...and she was savoring my torment.,,"진심 어린 살의, 가식 없는 연옥.",,,,認真的殺意、赤裸的煉獄。, ,,0,0,0,1,0,0,0,0,0,,Translated
8,サチコ,クスクスクス……！, , ,Sachiko,*giggle* *giggle*,,,사치코,쿡쿡쿡......!,,,サチコ,呵呵呵呵……！,,,1,97,14,1,1,1,1,0,0,,Translated
9,あゆみ,っ！？ …… いや……,……いや、いやぁぁぁぁっ！, ,Ayumi,No... Noooo!!,NOOOOOOOOOOOOO!!,,아유미,윽!? ...... 싫어......,"...... 싫어, 싫어어어어어!",,あゆみ,呃！？ …… 不要……,……不要、不要啊啊啊啊！,,1,42,2,1,1,1,1,0,0,,Translated
10,あゆみ,いゃぁぁぁぁぁッ！！　きゃあぁぁぁぁッ！！, , ,Ayumi,NOOOOO! NOOOOOOOOO!! AAAAAAAAAGGGHH!!,,,아유미,꺄아아아아아악!! 꺄아아아아아악!!,,,あゆみ,不要啊啊啊啊！！　呀啊啊啊啊！！,,,1,43,2,1,1,1,1,0,0,,Translated
11,あゆみ,！ …………ぁぁぁあああああァァーッ！！！！, , ,Ayumi,GUUUAAAAAAAAGGGGHHHH!!,,,아유미,!  ............ 아아아아아아아아악~!!!!,,,あゆみ,！ …………啊啊啊啊啊啊啊啊～～！！！！,,,1,0,0,1,0,1,1,0,1,,Translated
12,,ひとりは、鋏で眼球を何度も刺された上に……, , ,,The third victim was stabbed in the left eye an,indeterminate number of times...,,,"한 명은, 가위로 안구를 수차례 찔리고......",,,,一個人，眼睛被剪刀刺了無數次之後……, ,,0,92,6,1,0,0,0,0,0,,Translated
13,あゆみ,あああーーーーッ！！！,ううううう……！！, ,Ayumi,AAAAAALLLLLGGGGGGHHH!!,GLLLLLLLGGGHHH!!,,아유미,아아악~~~~!!!,으으으으으......!!,,あゆみ,啊啊啊～～～～！！！,嗚嗚嗚嗚嗚……！！,,1,53,2,1,1,0,0,0,0,,Translated
14,あゆみ,……うう……うぅぅ……っ！, , ,Ayumi,Unnnnggghhh...gggggglllllggghh...,,,아유미,...... 으으...... 으으으......!,,,あゆみ,……嗚嗚……嗚嗚嗚……！,,,1,0,0,1,1,0,1,9,0,,Translated
15,,スープのように潰れた目玉を穿り出され、,苦しみ抜いた末に失血死に至る。, ,,...until her eyeball became soup-like in,consistency. She was eventually just left like,"that, slowly bleeding to death in horrible agony.",,스프처럼 찌부러진 눈알이 후벼 파내어져,고통에 몸부림친 끝에 실혈사에 다다랐다.,,,像湯一樣潰爛的眼球被挖了出來，,在痛苦掙扎之後失血而死。,,0,0,0,1,0,1,1,40,0,,Translated
16,サチコ,ケタケタケタケタ！,……ナカナカ逝カナイネ……, ,Sachiko,"Heehee. You're a tenacious one, aren't you!",,,사치코,깔깔깔깔!,...... 좀처럼 안 죽네......,,サチコ,咯咯咯咯！,……真是怎麼都死不了呢……,,1,0,0,1,1,1,1,0,0,,Translated
17,あゆみ,ううう……！　ごぼごぼっ……痛ぃ……痛いよぅ……！, , ,Ayumi,Uuuuunnngghh... *hack* *sputter*,Make it stop... MAKE IT STOP!!,,아유미,우우우.....!  콸콸...... 아파...... 아파......!,,,あゆみ,嗚嗚嗚……！　咕嚕咕嚕……好痛……好痛啊……！,,,1,0,0,1,0,1,1,35,0,,Translated
18,あゆみ,ん゛ッ！！！, , ,Ayumi,UULGGH!!,,,아유미,으윽!!!,,,あゆみ,嗯！！！,,,1,0,0,1,0,1,0,8,0,,Translated
19,サチコ,……ハヤク逝ッちゃエばイイのニ, , ,Sachiko,"It'd all be over if you'd just die already, you",know...,,사치코,...... 얼른 죽어 버렸으면 좋겠는데,,,サチコ,……要是快點死掉就好了呢,,,1,98,14,1,1,1,0,0,0,,Translated
20,,（……ギギギギ……！）, , ,,*gurgle* *moan*,,,,(...... 기기기기......!),,,,（……嘰嘰嘰嘰……！）,,,0,0,0,1,0,0,0,0,0,,Translated
21,あゆみ,！　……あぁぁ……, , ,Ayumi,Ooollgh...aaaaahhh...,,,아유미,!  ...... 아아아......,,,あゆみ,！　……啊啊……,,,1,58,2,1,0,1,0,0,0,,Translated
22,サチコ,えグり……ッ　出しチャおッ……！！！, , ,Sachiko,Heeheehee!,"There, now that it's nice and mushy, let's see if",we can scoop it out...,사치코,도려...... 내야지......!!!,,,サチコ,……挖出來……吧……！！！,,,1,99,14,1,1,0,1,0,0,,Translated
23,あゆみ,ッッ！！ ,……％＆＄％＃＄＃ーーーーーーッ！！！, ,Ayumi,@#$%&!,,,아유미,으윽!!!,......％＆＄％＃＄＃ ~~~~~~!!!,......％＆＄％＃＄＃ ~~~~~~!!!,あゆみ,！！ ,……％＆＄％＃＄＃－－－－－！！！,,1,0,0,1,0,1,1,10,0,,Translated
24,サチコ,……のところに, , ,Sachiko,"Okay, moving on...",,,사치코,...... 에다,,,サチコ,……放在這裡,,,1,0,0,1,0,1,0,0,0,,Translated
25,,その後、何故か犯人は三人の遺体から,舌を鋏で切断している。, ,,"Strangely, it was only after these mutilations had",already been inflicted that the killer went back,and severed the victims' tongues.,,그 후 범인은 무슨 이유인지 3명의 유해에서,혀를 가위로 절단했다.,,,之後，不知為何兇手將三具遺體的,舌頭用剪刀剪斷了。,,0,0,0,1,0,1,1,33,0,,Translated
26,サチコ,さァ、くちヲ開けてごらン？, , ,Sachiko,"Mmm, now open up and say, 'AAAH'...",,,사치코,"자아, 입을 벌려 보렴?",,,サチコ,來，把嘴巴張開？,,,1,0,0,1,0,1,0,0,0,,Translated
27,あゆみ,！　嫌！　いやイヤ嫌いやーーー！！！, , ,Ayumi,"No... Noooo... Please, NOOOOOO!!",,,아유미,!  싫어!  싫어 싫어 싫어어~~~!!,,,あゆみ,！　不要！　不要不要不要不要～～～！！！,,,1,0,0,1,0,1,1,28,0,,Translated
28,サチコ,クヒヒヒヒ……,オ　か　あ　さ　ん……！, ,Sachiko,*giggle*,O h   M O M - m y . . . ?,,사치코,쿠히히히히......,엄  마......!,,サチコ,庫嘻嘻嘻嘻……,媽　媽……！,,1,0,0,1,0,1,1,28,0,,Translated
29,刻命,……由香ちゃん、そっちは行かない方がいい。,下の階では、さっき悪いことが起こった。, ,Kizami,Yuka? I wouldn't recommend going that way. Something,dreadful happened downstairs just a moment ago...,,키자미,"...... 유카, 거긴 안 가는 게 좋을 거야.",아래층에 좋지 않은 일이 일어났거든.,,刻命,……由香，不要去那邊比較好。,樓下剛才發生了不好的事。,,1,253,6,1,0,0,0,0,0,,Translated
30,由香,え……？, , ,Yuka,Huh...?,,,유카,어......?,,,由香,咦……？,,,1,210,28,1,0,0,0,0,0,,Translated
31,刻命,駄目だよ、由香ちゃん……？, , ,Kizami,"It's no use, Yuka...",,,키자미,"안 돼, 유카......?",,,刻命,不行喔，由香……？,,,1,254,6,1,0,0,0,0,0,,Translated
32,刻命,……由香ちゃん？, , ,Kizami,Yuka...?,,,키자미,...... 유카?,,,刻命,……由香？,,,1,255,6,1,0,0,0,0,0,,Translated
33,,床に血の飛び散った跡があります……, , ,,There's blood spattered all over the floor here.,,,,바닥에 피가 뿌려진 흔적이 있습니다......,,,,地板上有血跡飛濺的痕跡……,,,0,0,0,1,0,0,0,0,0,,Translated
34,森繁,何故、逃げるんだい？, , ,Morishige,Where are you running off to?,,,모리시게,왜 도망치니?,,,森繁,為什麼要逃呢？,,,1,0,0,1,0,0,0,0,0,,Translated
35,刻命,――アァイ！, , ,Kizami,...HOO!,,,키자미,아아이!,,,刻命,――啊伊！,,,1,0,0,1,0,1,1,7,0,,Translated
36,刻命,……どうしたの？　そんなに震えて。, , ,Kizami,"My, you're really shaking. What's the matter?",,,키자미,...... 왜 그래?  그렇게 떨고.,,,刻命,……怎麼了？　抖得這麼厲害。,,,1,241,6,1,0,0,0,0,0,,Translated
37,,今の声は何ですか,黙っている,,,Was that...you?,(Stay silent),,,방금 그 목소리는 뭔가요,가만있는다,,,剛才的聲音是什麼,沉默不語,,0,255,255,255,255,255,255,255,255,,Translated
38,由香,あの……　今の……声、どうか……したのですか？, , ,Yuka,Umm... That scream just now...was...,"...Uhh, well... Did something...happen?",,유카,"저기...... 방금...... 목소리, 어떻게...... 된 건가요?",,,由香,那個……剛才的……聲音……發生什麼事了嗎？,,,1,205,28,1,0,0,0,0,0,,Translated
39,刻命,ん……僕？　何も言った記憶はないけど。, , ,Kizami,Hmm? A scream? From me?,I don't recall making any sound at all...,,키자미,응......? 나? 아무 말도 안 했는데.,,,刻命,嗯……我？　我不記得有說什麼。,,,1,243,6,1,0,0,0,0,0,,Translated
40,由香,…………, , ,Yuka,...,,,유카,............,,,由香,…………,,,1,206,28,1,0,0,0,0,0,,Translated
41,刻命,さぁ立とう！　しゃがんでいても、,僕の妹も君のお兄さんも見つからないよ！, ,Kizami,"Come now, stand up. If you just sit here cowering,",we'll never find my little sister. Nor your big,brother.,키자미,자 일어나자!  웅크리고만 있으면,내 동생도 네 오빠도 못 찾으니까!,,刻命,來，站起來吧！　蹲在那裡，,也找不到我的妹妹和妳的哥哥啊！,,1,244,6,1,0,0,0,0,0,,Translated
42,由香,あの……　お腹が……私 （ブルブルブル）, , ,Yuka,U-Umm... My st-stomach...uhh...,,,유카,저기......  배가...... 저  (덜덜덜),,,由香,那個……肚子……我 （發抖發抖）,,,1,207,28,1,0,0,0,0,0,,Translated
43,刻命,ん……, , ,Kizami,Hmmm?,,,키자미,응......,,,刻命,嗯……,,,1,245,6,1,0,0,0,0,0,,Translated
44,刻命,由香ちゃん、そんなに苦しいのかい？, , ,Kizami,"Is it really that bad, Yuka?",,,키자미,"유카, 그렇게 괴롭니?",,,刻命,由香，這麼難受嗎？,,,1,246,6,1,0,0,0,0,0,,Translated
45,由香,う……きゅ……っ！ （ぐるぐるぐる）, , ,Yuka,Rrrnngg...gynnnngg...,*grumble*,,유카,으...... 끄...... 윽! (데굴데굴데굴),,,由香,嗚……咕……！（咕嚕咕嚕咕嚕）,,,1,0,0,1,0,0,0,0,0,,Translated
46,刻命,…………（ふ～ん、興味深いな）, , ,Kizami,Hmm-hmm...,(Interesting...interesting...),,키자미,............ (흐음~ 흥미롭군),,,刻命,…………（呼～，真有趣）,,,1,247,6,1,0,0,0,0,0,,Translated
47,刻命,（人間は限界まで排泄を禁じられると、,　こんな顔になるのか……哀れな姿だ）, ,Kizami,(So this is what it looks like when someone holds,it in to the point of bursting... How pitiful!),,키자미,(인간은 한계까지 배설을 금지당하면,이런 얼굴이 되는 건가...... 애절한 모습이군),,刻命,（人被禁止排泄到極限時，,就會露出這種表情嗎……真是可悲的模樣）,,1,248,6,1,0,0,0,0,0,,Translated
48,刻命,（『ここでしろ！』と脅したら、どんな顔するんだろうな）, , ,Kizami,(I wonder what sort of face she'd make if I forced,her to go right here...),,키자미,"(『여기서 해!』라고 협박하면, 어떤 표정을 지을까)",,,刻命,（要是威脅她「在這裡解決！」的話，,不知道會露出什麼表情呢）,,1,249,6,1,0,0,0,0,0,,Translated
49,刻命,（いや、待てよ。……哀れ……？　哀れだと？）, , ,Kizami,(...Wait... Pitiful? Did I say pitiful?),,,키자미,"(아니, 잠깐만...... 애절......?  애절하다고?)",,,刻命,（不，等等。……可悲……？　我說可悲？）,,,1,250,6,1,0,0,0,0,0,,Translated
50,刻命,・　・　・　・　・　・　・　・, , ,Kizami,Hmmmmmmm...,,,키자미,  ·      ·      ·      ·      ·      ·      ·      ·,,,刻命,・　・　・　・　・　・　・　・,,,1,251,6,1,0,0,0,0,0,,Translated
51,由香,ううぅ…… （ぐるぐるぐる）, , ,Yuka,Rrrrrrrnnnnnnnggg...,,,유카,으으으......  (데굴데굴데굴),,,由香,嗚嗚…… （咕嚕咕嚕咕嚕）,,,1,209,28,1,0,0,0,0,0,,Translated
52,刻命,……そうするか？　俺と、暮らすか？, , ,Kizami,"...So, how about it? Will you live with me?",,,키자미,"...... 그럴래?  나랑, 살래?",,,刻命,……要這麼做嗎？　跟我，一起生活？,,,1,252,6,1,0,0,0,0,0,,Translated
53,由香,は……　……えっ？ , , ,Yuka,Huh? ...What?,,,유카,네......  ...... 어?,,,由香,啊…… ……咦？,,,1,214,28,1,0,0,0,0,0,,Translated
54,刻命,フククッ…… , , ,Kizami,*snicker*,,,키자미,크크큭......,,,刻命,呵呵…… ,,,1,5,7,1,0,0,0,0,0,,Translated
55,由香,……？（ぞっ）, , ,Yuka,...?,,,유카,......? (오싹),,,由香,……？（抖）,,,1,215,28,1,0,0,0,0,0,,Translated
56,刻命,…………。（ゴクリ）, , ,Kizami,Hrrrrrrng...,*gulp*,,키자미,............  (꿀꺽),,,刻命,…………。（吞口水）,,,1,6,7,1,0,0,0,0,0,,Translated
57,由香,あの……由……わたし、やっぱり……いいです、, , ,Yuka,Umm... I...I think I'll be...okay on my own...,,,유카,"저기...... 유...... 역시, 전...... 됐어요.",,,由香,那個……由……我，果然……不用了，,,,1,216,28,1,0,0,0,0,0,,Translated
58,由香,ひとりで、お兄ちゃん……さがします……, , ,Yuka,I'll look for my big brother by myself.,,,유카,"혼자, 오빠를...... 찾을게요......",,,由香,我自己……去找哥哥……,,,1,217,28,1,0,0,0,0,0,,Translated
59,刻命,…………, , ,Kizami,...,,,키자미,............,,,刻命,…………,,,1,7,7,1,0,0,0,0,0,,Translated
60,刻命,何を言ってるんだい、由香ちゃん。, , ,Kizami,"What are you saying, Yuka?",,,키자미,"무슨 말이야, 유카.",,,刻命,妳在說什麼啊，由香。,,,1,8,7,1,0,0,0,0,0,,Translated
61,刻命,僕の妹は、君だ。, , ,Kizami,You're my little sister.,,,키자미,"내 동생은, 너야.",,,刻命,我的妹妹，就是妳。,,,1,10,7,1,0,0,0,0,0,,Translated
62,刻命,ここからは抜け出せない。絶対に、みんな死ぬ……, , ,Kizami,And there's simply no way out of here. Everyone is,going to die.,,키자미,여기에서는 못 빠져나가. 다들 죽게 될 거야......,,,刻命,這裡是逃不出去的。大家，絕對都會死……,,,1,11,7,1,0,0,0,0,0,,Translated
63,刻命,やがて訪れる最期の瞬間まで、僕らは兄妹でいよう。, , ,Kizami,So let's continue to be brother and sister until,"our dying breaths, for however long we may have...",,키자미,"곧 찾아올 마지막 순간까지, 우린 남매로 있자.",,,刻命,直到最後一刻來臨為止，我們都當兄妹吧。,,,1,12,7,1,0,0,0,0,0,,Translated
64,由香,っ……あ、あの……,……さ、さようなら！, ,Yuka,U-Umm... Goodbye!,,,유카,"윽...... 저, 저기......","...... 아, 안녕히 계세요!",,由香,呃……那、那個……,……再、再見了！,,1,218,28,1,0,0,0,0,0,,Translated
65,刻命,……由香ちゃん、そっちは行かない方がいい。,下の階では さっき悪いことが起こった。, ,Kizami,Yuka? I wouldn't recommend going that way. Something,dreadful happened downstairs just a moment ago...,,키자미,"...... 유카, 거긴 안 가는 게 좋을 거야.",아래층에 좋지 않은 일이 일어났거든.,,刻命,……由香，不要去那邊比較好。,樓下剛才發生了不好的事。,,1,253,6,1,0,0,0,0,0,,Translated
66,由香,え……？, , ,Yuka,Huh...?,,,유카,어......?,,,由香,咦……？,,,1,210,28,1,0,0,0,0,0,,Translated
67,刻命,（ニコッ）, , ,Kizami,*grin*,,,키자미,(빙긋),,,刻命,（微笑）,,,1,0,0,1,0,0,0,0,0,,Translated
68,刻命,……震えているね。, , ,Kizami,You really are shaking!,,,키자미,...... 떨고 있군.,,,刻命,……在發抖呢。,,,1,0,7,1,0,0,0,0,0,,Translated
69,由香,……あの……っ,いもうとの子は……えと……どんな子なのですか？, ,Yuka,Ummm...,M-May I ask...what your sister is like?,,유카,...... 저기......,동생은...... 음...... 어떤 애인가요?,,由香,……那個……,妹妹是……呃……怎樣的孩子呢？,,1,211,28,1,0,0,0,0,0,,Translated
70,刻命,ん……そうだな、可愛い子だよ。,身体が小さくて……目が大きくて, ,Kizami,Oh. Certainly.,"She's a very cute little girl. Quite small, but",with great big eyes.,키자미,"음...... 그래, 귀여운 애야.",몸이 작고...... 눈이 크고,,刻命,嗯……是啊，是個可愛的孩子。,身體小小的……眼睛大大的，,,1,1,7,1,0,0,0,0,0,,Translated
71,由香,……そう、なのですか？, , ,Yuka,I-I see...,,,유카,"...... 그런, 가요......?",,,由香,……是、這樣嗎？,,,1,212,28,1,0,0,0,0,0,,Translated
72,刻命,髪はショートでね……　中学生でね……, , ,Kizami,Her hair is short...and she's in junior high school.,,,키자미,머리는 짧고...... 중학생이고......,,,刻命,頭髮是短髮……　是國中生……,,,1,2,7,1,0,0,0,0,0,,Translated
73,由香,…………, , ,Yuka,...,,,유카,............,,,由香,…………,,,1,0,0,1,0,0,0,0,0,,Translated
74,刻命,青いスモックを、, , ,Kizami,"And as I recall, she was always...",,,키자미,파란 스목을,,,刻命,藍色的工作服，,,,1,3,7,1,0,0,0,0,0,,Translated
75,刻命,よく着ていた、かな……, , ,Kizami,...wearing a blue smock...,,,키자미,"자주 입었, 지......",,,刻命,經常穿著……吧？,,,1,4,7,1,0,0,0,0,0,,Translated
76,由香,は……　……えっ？ , , ,Yuka,Huh? ...What?,,,유카,네......  ...... 어?,,,由香,啊…… ……咦？,,,1,214,28,1,0,0,0,0,0,,Translated
77,刻命,フククッ…… , , ,Kizami,*snicker*,,,키자미,크크큭......,,,刻命,呵呵…… ,,,1,5,7,1,0,0,0,0,0,,Translated
78,由香,……？（ぞっ）, , ,Yuka,...?,,,유카,......? (오싹),,,由香,……？（抖）,,,1,215,28,1,0,0,0,0,0,,Translated
79,刻命,…………。（ゴクリ）, , ,Kizami,Hrrrrrrng...,*gulp*,,키자미,............  (꿀꺽),,,刻命,…………。（吞口水）,,,1,6,7,1,0,0,0,0,0,,Translated
80,由香,あの……由……わたし、やっぱり……いいです、, , ,Yuka,Umm... I...I think I'll be...okay on my own...,,,유카,"저기...... 유...... 역시, 전...... 됐어요.",,,由香,那個……由……我，果然……不用了，,,,1,216,28,1,0,0,0,0,0,,Translated
81,由香,ひとりで、お兄ちゃん……さがします……, , ,Yuka,I'll look for my big brother by myself.,,,유카,"혼자, 오빠를...... 찾을게요......",,,由香,我自己……去找哥哥……,,,1,217,28,1,0,0,0,0,0,,Translated
82,刻命,…………, , ,Kizami,...,,,키자미,............,,,刻命,…………,,,1,7,7,1,0,0,0,0,0,,Translated
83,刻命,何を言ってるんだい、由香ちゃん。, , ,Kizami,"What are you saying, Yuka?",,,키자미,"무슨 말이야, 유카.",,,刻命,妳在說什麼啊，由香。,,,1,8,7,1,0,0,0,0,0,,Translated
84,刻命,僕の妹は、君だ。, , ,Kizami,You're my little sister.,,,키자미,"내 동생은, 너야.",,,刻命,我的妹妹，就是妳。,,,1,10,7,1,0,0,0,0,0,,Translated
85,刻命,ここからは抜け出せない。絶対に、みんな死ぬ……, , ,Kizami,And there's simply no way out of here. Everyone is,going to die.,,키자미,여기에서는 못 빠져나가. 다들 죽게 될 거야......,,,刻命,這裡是逃不出去的。大家，絕對都會死……,,,1,11,7,1,0,0,0,0,0,,Translated
86,刻命,やがて訪れる最期の瞬間まで、僕らは兄妹でいよう。, , ,Kizami,So let's continue to be brother and sister until,"our dying breaths, for however long we may have...",,키자미,"곧 찾아올 마지막 순간까지, 우린 남매로 있자.",,,刻命,直到最後一刻來臨為止，我們都當兄妹吧。,,,1,12,7,1,0,0,0,0,0,,Translated
87,由香,っ……あ、あの……,……さ、さようなら！, ,Yuka,U-Umm... Goodbye!,,,유카,"윽...... 저, 저기......","...... 아, 안녕히 계세요!",,由香,呃……那、那個……,……再、再見了！,,1,218,28,1,0,0,0,0,0,,Translated
88,由香,……！！　　　　　, , ,Yuka,...!,,,유카,......!!,,,由香,……！！　　　　　,,,1,213,28,1,1,0,0,0,0,,Translated
89,刻命,……由香ちゃん、そっちは行かない方がいい。,下の階では さっき悪いことが起こった。, ,Kizami,Yuka? I wouldn't recommend going that way. Something,dreadful happened downstairs just a moment ago...,,키자미,"...... 유카, 거긴 안 가는 게 좋을 거야.",아래층에 좋지 않은 일이 일어났거든.,,刻命,……由香，不要去那邊比較好。,樓下剛才發生了不好的事。,,1,0,0,1,0,0,0,0,0,,Translated
90,由香,え……？, , ,Yuka,Huh...?,,,유카,어......?,,,由香,咦……？,,,1,210,28,1,0,0,0,0,0,,Translated
91,由香,……！！, , ,Yuka,...!,,,유카,......!!,,,由香,……！！,,,1,213,28,1,1,0,0,0,0,,Translated
92,刻命,ヒァー♪　アイゲッチュウ～♪, , ,Kizami,HAHA! GOTCHA!!,,,키자미,히아~♪  아이 겟츄~♪,,,刻命,嘻～♪　抓到妳了～♪,,,1,41,7,1,0,0,0,0,0,,Translated
93,由香,！！　いや！　いやぁ！　放してください！, , ,Yuka,NOO! NOOOO!! NOOOOOO!! LET ME GOOOO!!,,,유카,!!  싫어!  싫어어!  놔줘요!,,,由香,！！　不要！　不要啊！　放開我！,,,1,239,28,1,0,0,0,0,0,,Translated
94,刻命,……生きているウサギは、五月蝿（うるさ）いな。, , ,Kizami,Live rabbits...are so very noisy...,,,키자미,"...... 살아있는 토끼는, 시끄럽구나.",,,刻命,……活著的兔子，真是吵鬧呢。,,,1,42,7,1,0,0,0,0,0,,Translated
95,,　扉は模型のようにガチリと固定され、,　開ける事が出来ません。, ,,The door is affixed to the wall like a model.,It can't be opened.,,,문은 모형처럼 딱 고정되어,열 수 없습니다.,,,　門像模型一樣被牢牢固定住，,無法打開。,,0,0,0,1,0,0,0,0,0,,Translated
96,,　扉は模型のようにガチリと固定され、,　開ける事が出来ません。, ,,The door is affixed to the wall like a model.,It can't be opened.,,,문은 모형처럼 딱 고정되어,열 수 없습니다.,,,　門像模型一樣被牢牢固定住，,無法打開。,,0,0,0,1,0,0,0,0,0,,Translated
97,,【男子学生用 厠】,　器物を破損せしめた者は、厳罰に処す。, ,,[Boys' Lavatory],Any and all students responsible for damaging these,facilities will be severely reprimanded.,,【남학생용 화장실】,기물을 파손한 자는 엄벌에 처한다.,,,【男學生用廁所】,損壞器物者，將處以嚴懲。,,0,0,0,1,0,0,0,0,0,,Translated
98,,　扉は模型のようにガチリと固定され、,　開ける事が出来ません。, ,,The door is affixed to the wall like a model.,It can't be opened.,,,화장실은 모형처럼 딱 고정되어,열 수 없습니다.,,,　門像模型一樣被牢牢固定住，,無法打開。,,0,0,0,1,0,0,0,0,0,,Translated
99,,完全にこと切れてしまった遺体には、,無慈悲に切り刻まれた跡が残っています……, ,,Kurosaki's body is so badly wounded that it's,literally been flayed open. His internal organs,are on display for all to see.,,완전히 숨이 끊어진 유해에는,무자비하게 난도질당한 흔적이 남아 있습니다......,,,完全氣絕的遺體上，,留下了被無情砍碎的痕跡……,,0,0,0,1,0,0,0,0,0,,Translated
100,由香,うう……！　ううぅぅ……！, , ,Yuka,*whimper*,,,유카,우우......!  우우우우......!,,,由香,嗚嗚……！　嗚嗚嗚……！,,,1,233,28,1,0,0,0,0,0,,Translated
101,,完全にこと切れてしまった遺体には、,無慈悲に切り刻まれた跡が残っています……, ,,Kurosaki's body is so badly wounded that it's,literally been flayed open. His internal organs,are on display for all to see.,,완전히 숨이 끊어진 유해에는,무자비하게 난도질당한 흔적이 남아 있습니다......,,,完全氣絕的遺體上，,留下了被無情砍碎的痕跡……,,0,0,0,1,0,0,0,0,0,,Translated
102,哲志,……ッ！　な……　うわぁぁッ！！, , ,Satoshi,U-Uwaaaaggh!!,,,사토시,...... 윽!  뭐......  우와아악!!,,,哲志,……呃！　什……　哇啊啊！！,,,1,23,17,1,0,0,0,0,0,,Translated
103,直美,ひっ！　何……！？　何……！, , ,Naomi,Ahh! Wh-What? What is it?!,,,나오미,힉!  뭐야......!?  뭐야......!,,,直美,嚇！　什麼……！？　什麼……！,,,1,120,12,1,0,0,0,0,0,,Translated
104,哲志,（酷い……！　これは刺し傷だ……,　何度も何度も刺し刻まれている）, ,Satoshi,(My God... This is unconscionable. These are stab,wounds! Whoever did this clearly...enjoyed it!),,사토시,(너무해......!  이건 찔린 상처야......,그것도 몇 번이고 찔렸어),,哲志,（太慘了……！　這是刺傷……,被刺了無數次）,,1,24,17,1,0,0,0,0,0,,Translated
105,直美,こ、この人……殺されて、間もないよね？, , ,Naomi,H-He...looks like he was just killed...,"Like, JUST killed...",,나오미,"이, 이 사람...... 죽은 지 얼마 안 된 거지?",,,直美,這、這個人……被殺之後，應該不久吧？,,,1,121,12,1,0,0,0,0,0,,Translated
106,哲志,ああ……そう見えるな……, , ,Satoshi,Yeah... He does...,,,사토시,어...... 그렇게 보이는데......,,,哲志,啊……看起來是這樣……,,,1,25,17,1,0,0,0,0,0,,Translated
107,直美,……！！　さ……哲志……あれ, , ,Naomi,Ahh! S-Satoshi! Look!,,,나오미,......!!  사...... 사토시...... 저거,,,直美,……！！　さ……哲志……那個,,,1,122,12,1,0,0,0,0,0,,Translated
108,哲志,！　あれは……, , ,Satoshi,...!,Are those...?,,사토시,!  저건......,,,哲志,！　那是……,,,1,26,17,1,0,0,0,0,0,,Translated
109,,由香の靴　を取りました。, , ,,Acquired [Yuka's Shoes].,,,,유카의 신발을 얻었습니다.,,,,取得了由香的鞋子。,,,0,0,0,1,0,0,0,0,0,,Translated
110,哲志,……うっ……　嘘だろ……, , ,Satoshi,...No...,"No, please...",,사토시,...... 거...... 거짓말이지......,,,哲志,……嗚……　騙人的吧……,,,1,27,17,1,0,0,0,0,0,,Translated
111,直美,……哲志……, , ,Naomi,Satoshi...,,,나오미,...... 사토시......,,,直美,……哲志……,,,1,123,12,1,0,0,0,0,0,,Translated
112,哲志,間違いない……　毎朝俺も見てる……, , ,Satoshi,There's no mistake.,I see these every morning.,,사토시,틀림없어...... 매일 아침 봤어......,,,哲志,不會錯的……　我每天早上也都看到……,,,1,28,17,1,0,0,0,0,0,,Translated
113,哲志,これは、由香の靴だ。, , ,Satoshi,These...are Yuka's shoes...,,,사토시,"이건, 유카의 신발이야.",,,哲志,這是，由香的鞋子。,,,1,29,17,1,0,0,0,0,0,,Translated
114,直美,！　そんな……, , ,Naomi,*gasp*,My God...,,나오미,!  그럴 수가......,,,直美,！　怎麼會……,,,1,124,12,1,0,0,0,0,0,,Translated
115,哲志,くっ……！, , ,Satoshi,...Grrgh...,,,사토시,큭......!,,,哲志,可惡……！,,,1,30,17,1,0,0,0,0,0,,Translated
116,哲志,何だよ……ここで、何があったんだよ！, , ,Satoshi,What the hell...,"What the hell happened here, goddammit?!",,사토시,뭐야...... 여기에서 무슨 일이 있었던 거냐고!,,,哲志,搞什麼啊……這裡，發生了什麼事啊！,,,1,31,17,1,0,0,0,0,0,,Translated
117,,【男子学生用 厠】,　器物を破損せしめた者は、厳罰に処す。, ,,[Boys' Lavatory],Any and all students responsible for damaging these,facilities will be severely reprimanded.,,【남학생용 화장실】,기물을 파손한 자는 엄벌에 처한다.,,,【男學生用廁所】,損壞器物者，將處以嚴懲。,,0,0,0,1,0,0,0,0,0,,Translated
118,,　扉は模型のようにガチリと固定され、,　開ける事が出来ません。, ,,The door is affixed to the wall like a model.,It can't be opened.,,,화장실은 모형처럼 딱 고정되어,열 수 없습니다.,,,　門像模型一樣被牢牢固定住，,無法打開。,,0,0,0,1,0,0,0,0,0,,Translated
119,黒崎,ごほッ……　げぼっ！　げほっ！, , ,Kurosaki,*cough* *hack* *sputter*,,,쿠로사키,콜록......  콜록!  콜록!,,,黒崎,咳咳……　咳噗！　咳咳！,,,1,197,7,1,0,0,0,0,0,,Translated
120,由香,！（キュッ）, , ,Yuka,Eeek!,,,유카,!  (깜짝),,,由香,！（驚）,,,1,0,0,1,0,0,0,0,0,,Translated
121,由香,あ、あの……　だ、だいじょうぶ、ですか？,（ブルブルブル）, ,Yuka,Umm... A-Are you all right?,,,유카,"저, 저기...... 괜찮아요?",(덜덜덜),,由香,那、那個……　你、你還好嗎？,（發抖發抖發抖）,,1,222,28,1,0,0,0,0,0,,Translated
122,黒崎,ハァー、ゼハァー　……キ……君は？, , ,Kurosaki,*pant* *wheeze*,Wh-Who...are you...?,,쿠로사키,하아~  하아~  ...... 너...... 너는?,,,黒崎,哈啊～、喘啊～　……妳、妳是？,,,1,198,7,1,0,0,0,0,0,,Translated
123,由香,持田です、 お……お腹がすごい血、出て……,な、何かで、えと……止めないと……, ,Yuka,My name is Mochida. Umm... Y-Your stomach...,is bleeding really bad. I'll try to...find,you something to stop it...,유카,"모치다에요, 배...... 배에서 피가 엄청, 나오......","뭐, 뭔가로, 음...... 지혈해야......",,由香,我是持田， 肚、肚子流了好多血……,要、要用什麼來，呃……止血才行……,,1,223,28,1,0,0,0,0,0,,Translated
124,黒崎,ハァー、ハァー　……グッ！……うゥッ……, , ,Kurosaki,*pant* *pant*,*flinch* *groan*,,쿠로사키,하아~ 하아~  ...... 윽! ...... 우욱......,,,黒崎,哈啊～、哈啊～　……呃！……嗚……,,,1,0,0,1,0,0,0,0,0,,Translated
125,由香,これで……　由香のハンカチじゃ駄目、かな……,えと……えと！, ,Yuka,My handkerchief...won't help for a wound this big.,"Come on, Yuka, think...think!",,유카,"이걸로......  유카 손수건으로는 안, 될까......",음...... 으음!,,由香,用這個……　由香的手帕不行、嗎……,呃……呃！,,1,224,28,1,0,0,0,0,0,,Translated
126,黒崎,！！　……き、君！　早く！逃げるんだ！！, , ,Kurosaki,Ah! You... You need to...get away from here...,right now! Hurry!,,쿠로사키,"!!  ...... 너, 너!  얼른! 도망쳐!!",,,黒崎,！！　……你、妳！　快點！快逃！！,,,1,200,7,1,0,0,0,0,0,,Translated
127,由香,で、でも……　手当てしないと死んじゃいます！, , ,Yuka,"But...if I don't do something about your injuries,",you're going to die!,,유카,"그, 그치만...... 치료하지 않으면 죽는다고요!",,,由香,但、但是……　不處理的話會死的！,,,1,225,28,1,0,0,0,0,0,,Translated
128,由香,傷……　押さえてますから！　頑張って下さい。, , ,Yuka,"I'll just...apply pressure, okay? Stay with me!",,,유카,상처를...... 누르고 있을 테니까!  힘내세요.,,,由香,傷口……　我在壓著！　請加油。,,,1,226,28,1,0,0,0,0,0,,Translated
129,黒崎,早く！　離れろ……ゲホッ　ゴホッ, , ,Kurosaki,"No! Please, just...go!",*hack* *sputter*,,쿠로사키,얼른!  도망쳐...... 쿨럭 커헉,,,黒崎,快點！　離我遠一點……咳咳　咳噗,,,1,0,0,1,0,0,0,18,0,,Translated
130,刻命,黒崎～。 誰にやられたんだ～？, , ,Kizami,Kurosaki! Who on earth could've done this to you?!,,,키자미,쿠로사키~  누구한테 당한 거야~?,,,刻命,黒崎～。　是誰把你弄成這樣的～？,,,1,0,0,1,0,0,0,0,0,,Translated
131,由香,ん゛ッ！, , ,Yuka,GLGH!!,,,유카,윽!,,,由香,嗯！,,,1,0,0,1,0,0,0,3,0,,Translated
132,刻命,兄さんの言う事を、聞かないからだ……由香。, , ,Kizami,"That's for not listening to your big brother, Yuka.",,,키자미,오빠가 하는 말을 듣지 않았기 때문이야...... 유카.,,,刻命,就是因為不聽哥哥的話……由香。,,,1,15,7,1,0,0,0,0,0,,Translated
133,刻命,フッ……ククッ！, ……ピクピク痙攣して……無様だなぁ。, ,Kizami,Pfft...hahaha! She's going into convulsions!,How ghastly!,,키자미,훗...... 크큭!,...... 꿈틀꿈틀 경련하는 게...... 꼴사납군.,,刻命,呼……呵呵！, ……在抽筋呢……真難看啊。,,1,16,7,1,0,0,0,0,0,,Translated
134,黒崎,刻命！　やめるんだ！！, , ,Kurosaki,Kizami! Stop this!,,,쿠로사키,키자미! 그만둬!!,,,黒崎,刻命！　住手！！,,,1,0,0,1,1,0,0,0,0,,Translated
135,黒崎,刻命ィィ！, , ,Kurosaki,Kizami!!,,,쿠로사키,키자미이이!,,,黒崎,刻命～～！,,,1,203,7,1,1,0,0,0,0,,Translated
136,黒崎,刻命！, , ,Kurosaki,Kizami!,,,쿠로사키,키자미! ,,,黒崎,刻命！,,,1,204,7,1,1,0,0,0,0,,Translated
137,黒崎,刻命……ごめんな。, , ,Kurosaki,Kizami... I'm sorry.,,,쿠로사키,키자미...... 미안하다.,,,黒崎,刻命……對不起。,,,1,205,7,1,1,0,1,0,0,,Translated
138,刻命,…………ア？, , ,Kizami,Pardon?,,,키자미,............ 어?,,,刻命,…………啊？,,,1,17,7,1,0,0,0,0,0,,Translated
139,黒崎,もっと、ガキの時分から……,お前を、止めていればよかった。, ,Kurosaki,I should have done more to stop you...when we were,kids.,,쿠로사키,"좀 더, 어릴 적부터......",널 말려야 했어.,,黒崎,要是從小時候開始……,能多阻止你就好了。,,1,206,7,1,0,0,0,0,0,,Translated
140,黒崎,親友として俺は、, , ,Kurosaki,"I'm...your best friend, after all.",,,쿠로사키,난 친구로서,,,黒崎,作為摯友的我，,,,1,207,7,1,0,0,0,0,0,,Translated
141,黒崎,やるべき事を……　してやれなかった。, , ,Kurosaki,But I never filled that role very well. I never,did the things I should've...,,쿠로사키,해야 할 일을...... 하지 못했어.,,,黒崎,該做的事……　沒能為你做。,,,1,208,7,1,0,0,0,0,0,,Translated
142,刻命,何言ってんだお前？　俺の、親友だったつもりか？, , ,Kizami,What are you going on about? Have you really deluded,yourself into thinking you're my best friend?!,,키자미,"무슨 말이야?  네가, 내 친구였다고?",,,刻命,你在說什麼啊？　你還以為自己是我的摯友嗎？,,,1,18,7,1,0,0,0,0,0,,Translated
143,刻命,お前が俺の味方した事……一度でもあるのかよ？！, , ,Kizami,I don't recall you ever standing up for me...,not even one time!,,키자미,네가 내 편을 들어준 적이...... 한 번이라도 있었냐고?!,,,刻命,你什麼時候站在我這邊過……　有過一次嗎？！,,,1,19,7,1,0,0,0,0,0,,Translated
144,黒崎,……。かもな……今……っ！　ゴホッ,本気で反省……してる。, ,Kurosaki,Heh...yeah... I... *hack*,I guess I...really haven't...been a very good,friend...,쿠로사키,...... 그럴지도...... 지금......!  쿠헉,진심으로 반성...... 하고 있어.,,黒崎,……。也許吧……現在……！　咳噗,真的在反省……,,1,209,7,1,0,0,0,0,0,,Translated
145,刻命,アハッ。もういいよ、お前死ぬし。,……で？, ,Kizami,"Ha! Well, you won't be regretting that for long.",But I must say...,,키자미,"아핫. 그만 됐다, 어차피 너 죽을 테고.",...... 그래서?,,刻命,啊哈。算了，反正你快死了。,……所以？,,1,20,7,1,0,0,0,0,0,,Translated
146,刻命,親友として、してやれなかった事？,……って、何だよ。教えろよ。, ,Kizami,...I am rather curious about these 'things you,should have done' as my so-called best friend.,"Please, do enlighten me!",키자미,친구로서 하지 못한 거?,"...... 그건, 뭔데. 말해 봐.",,刻命,作為摯友，沒能做的事？,……那是什麼。說來聽聽。,,1,21,7,1,0,0,0,0,0,,Translated
147,黒崎,っ……　これだぁ！, , ,Kurosaki,"Oh, I dunno, maybe something like THIS?!",,,쿠로사키,윽...... 이거다!,,,黒崎,呃……　就是這個！！,,,1,210,7,1,1,0,0,0,0,,Translated
148,刻命,……ッ痛って……！, , ,Kizami,"Gah! That really hurt, you know...",,,키자미,...... 아파......!,,,刻命,……痛啊……！,,,1,0,0,1,0,0,0,0,0,,Translated
149,黒崎,……なんでも人のせいにしてんじゃねぇよ！　弱虫ッ！, , ,Kurosaki,"Stop blaming other people for everything, you",fucking coward!,,쿠로사키,...... 뭐든 딴 사람 탓으로 돌리지 마!  겁쟁아!,,,黒崎,……不要把什麼都怪罪到別人身上！　膽小鬼！,,,1,211,7,1,0,0,0,0,0,,Translated
150,黒崎,！　ぐ、う、ゲホッ……　グホッ……, , ,Kurosaki,*hack* *sputter* *retch*,,,쿠로사키,"!  그, 으, 쿨럭......  쿨럭......",,,黒崎,！　呃、嗚、咳噗……　咳噗……,,,1,0,0,1,0,0,0,22,0,,Translated
151,刻命,……ッ手前ェ～……！, , ,Kizami,You son of a bitch...,,,키자미,...... 이 새끼~ ......!,,,刻命,……你這傢伙～……！,,,1,0,0,1,0,0,1,12,0,,Translated
152,黒崎,……目ェ覚ませ刻命！　お前の向かっている先には、, , ,Kurosaki,"Take a good look around you, Kizami. Take a good",look at who you're up against!,,쿠로사키,...... 눈을 떠 키자미!  네가 향한 곳에는,,,黒崎,……睜大眼睛看清楚刻命！　你要面對的是，,,,1,213,7,1,1,0,0,0,0,,Translated
153,黒崎,なんにも無いぞ！　なんにもだ！, , ,Kurosaki,No one is conspiring against you! We're no threat!,We're your friends!,,쿠로사키,아무것도 없어!  아무것도!,,,黒崎,什麼都沒有啊！　什麼都沒有！,,,1,214,7,1,1,0,0,0,0,,Translated
154,刻命,ゲラゲラゲラ！　馬鹿が！　弱者はお前だ黒崎！！, , ,Kizami,Aaaahahahahahahaha!,"That's bullshit, and you know it. You're the fucking","coward, Kurosaki!",키자미,껄껄껄!  바보냐!  겁쟁이는 너다 쿠로사키!!,,,刻命,咯咯咯！　笨蛋！　弱者是你啊黒崎！！,,,1,24,7,1,1,0,0,0,0,,Translated
155,由香,（ヒキッ）……けほっ、けほっ,……うぅぅ～…… けほっけほっ, ,Yuka,Hagh! *cough* *hack* *spew*,,,유카,"(히익)  ...... 콜록, 콜록",...... 으으으~ ...... 콜록 콜록,,由香,（吸泣）……咳咳、咳咳,……嗚嗚嗚～…… 咳咳咳,,1,228,28,1,0,0,0,0,0,,Translated
156,由香,……はぁはぁ……　お腹……, , ,Yuka,*pant* *pant*,My...stomach...,,유카,...... 하아 하아...... 배......,,,由香,……呼哈呼哈……　肚子……,,,1,229,28,1,0,0,0,0,0,,Translated
157,由香,お腹、痛いよぅ……　うぇっ……, , ,Yuka,It...really hurts...,Uuuggghh...,,유카,"배가, 아파...... 우에......",,,由香,肚子、好痛啊……　嘔……,,,1,230,28,1,0,0,0,0,0,,Translated
158,由香,おに……ちゃん……　うぅぅ……, , ,Yuka,Big...bro...ther...!,*sob*,,유카,오...... 빠......  우우우......,,,由香,哥……哥……　嗚嗚……,,,1,231,28,1,0,0,0,0,0,,Translated
159,刻命,――気が付いたかい？　由香。, , ,Kizami,"Back to your senses, are you, Yuka?",,,키자미,정신이 들었니?  유카.,,,刻命,――清醒了嗎？　由香。,,,1,25,7,1,0,0,0,0,0,,Translated
160,刻命,もう大丈夫だ。兄さんが守ってやる。, , ,Kizami,Everything is just fine now. Your big brother will,protect you.,,키자미,이젠 괜찮아. 오빠가 지켜줄게.,,,刻命,已經沒事了。哥哥會保護妳。,,,1,26,7,1,0,0,0,0,0,,Translated
161,刻命,強い、強い兄さんが守ってやる。, , ,Kizami,"Your big, strong brother will make sure to keep",you safe...,,키자미,"강한, 강한 오빠가 지켜줄게.",,,刻命,強大、強大的哥哥會保護妳。,,,1,27,7,1,0,0,0,0,0,,Translated
162,由香,……ッ！　……ゃぁぁあ！, , ,Yuka,...!,Aaaaagh! Noooo!!,,유카,...... 윽!  ...... 싫어어어!,,,由香,……！　……呀啊啊！,,,1,232,28,1,0,0,0,0,0,,Translated
163,刻命,何だこれ……鍵か？　理科室？,フククッ…… 黒崎ィ、お前にはもう必要ないよな？, ,Kizami,What's this? A key?,"'Science lab,' it says. Heh. Guess you won't be","needing this anymore, Kurosaki...",키자미,뭐야 이건...... 열쇠인가?  과학실?,"크크큭...... 쿠로사키, 이제 너한테는 필요 없지?",,刻命,這是什麼……鑰匙？　理科室？,呵呵…… 黒崎，你已經不需要這個了吧？,,1,0,0,1,0,0,0,0,0,,Translated
164,由香,あ……　あぁ……, , ,Yuka,Aaaahhhh...,,,유카,아......  아아......,,,由香,啊……　啊啊……,,,1,0,0,1,0,0,0,0,0,,Translated
165,刻命,ここで幽霊に惨い殺され方するのは、嫌だろう？, , ,Kizami,"Isn't it just horrible, the way these spirits kill",people? You wouldn't want that to happen to you...,right...?,키자미,"여기에서 유령에게 무참히 죽는 건, 싫겠지?",,,刻命,在這裡被幽靈殘忍殺死，很討厭吧？,,,1,29,7,1,0,0,0,0,0,,Translated
166,刻命,大丈夫、そんな事させない。,そんな運命から守ってあげるよ……！, ,Kizami,"Well, don't worry. I won't let them. No, I'll",protect you from that horrible fate.,,키자미,"괜찮아, 그렇게는 안 놔둬.",그 운명으로부터 구해줄게......!,,刻命,沒事的，我不會讓那種事發生。,我會保護妳脫離那種命運……！,,1,30,7,1,0,0,0,0,0,,Translated
167,刻命,俺が！　……終わらせてあげる、君の……小さな……, , ,Kizami,For you see... I'll put an end to it myself!,I'll snuff out that tiny...tiny...,,키자미,"내가!  ...... 끝내 줄게, 네...... 작은......",,,刻命,由我！　……來結束它，妳那……小小的……,,,1,31,7,1,1,0,1,0,0,,Translated
168,刻命,……命ッ……！（ペロリ）, , ,Kizami,...life of yours...,,,키자미,...... 목숨을......!  (낼름),,,刻命,……生命……！（舔）,,,1,0,0,1,0,0,0,22,0,,Translated
169,由香,！！　……やあぁぁぁ。お兄ちゃぁーん！, , ,Yuka,YAAAAGH!! BIG BROOOTHEEER!!,,,유카,!!  ...... 싫어어어어.  오빠아~!,,,由香,！！　……呀啊啊啊。哥哥～～！,,,1,0,0,1,0,0,0,15,0,,Translated
170,刻命,アハハ！　待てぇ！　待てよオイー, , ,Kizami,Ahahaha! Come on! No fair running!,Wait for me!,,키자미,아하하! 기다려! 기다리라고~,,,刻命,啊哈哈！　等等！　給我等等！,,,1,0,0,1,0,0,0,23,0,,Translated
171,由香,おにいちゃあぁぁん！, , ,Yuka,Biiig broootheeer!!,,,유카,오빠아아아아!,,,由香,哥哥啊啊啊！,,,1,0,0,1,0,0,0,0,0,,Translated
172,刻命,ヒァー♪　アイゲッチュウ～♪, , ,Kizami,HAHA! GOTCHA!!,,,키자미,히아~♪  아이 겟츄~♪,,,刻命,嘻～♪　抓到妳了～♪,,,1,41,7,1,0,0,0,0,0,,Translated
173,由香,！！　いや！　いやぁ！　放してください！, , ,Yuka,NOO! NOOOO!! NOOOOOO!! LET ME GOOOO!!,,,유카,!!  싫어!  싫어어!  놔줘요!,,,由香,！！　不要！　不要啊！　放開我！,,,1,239,28,1,0,0,0,0,0,,Translated
174,刻命,……生きているウサギは、五月蝿（うるさ）いな。, , ,Kizami,Live rabbits...are so very noisy...,,,키자미,"...... 살아있는 토끼는, 시끄럽구나.",,,刻命,……活著的兔子，真是吵鬧呢。,,,1,42,7,1,0,0,0,0,0,,Translated
175,森繁,はぁっ……はぁっ……, , ,Morishige,*pant* *pant*,,,모리시게,헉...... 헉......,,,森繁,哈啊……哈啊……,,,1,156,8,1,0,0,0,0,0,,Translated
176,森繁,はぁっ……　はぁ……, , ,Morishige,*pant* *pant*,,,모리시게,헉...... 하아......,,,森繁,哈啊……　哈啊……,,,1,157,8,1,0,0,0,0,0,,Translated
177,森繁,繭……！　繭ッ……どこにいる？, , ,Morishige,Mayu? Mayu! Where are you?!,,,모리시게,마유......! 마유...... 어디 있어?,,,森繁,繭……！　繭……你在哪裡？,,,1,158,8,1,0,0,0,0,0,,Translated
178,森繁,……何時間経ったんだ……,もう夜が明けている位じゃないのか。, ,Morishige,How long have we been here?,...It must be the middle of the night by now...,,모리시게,...... 시간이 얼마나 지난 거지......,벌써 밤이 밝을 정도잖아.,,森繁,……過了幾個小時了……,已經是天亮的時候了吧。,,1,159,8,1,0,0,0,0,0,,Translated
179,森繁,ゼェ……ゼェ……　喉が……乾いた……, , ,Morishige,My... *pant* ...am I ever...thirsty...,,,모리시게,허억...... 허억......  목...... 말라......,,,森繁,嘶……嘶……　喉嚨……好渴……,,,1,160,8,1,0,0,0,0,0,,Translated
180,森繁,全く、……何処まで心配をかけるんだ。,繭……お前は！, ,Morishige,"Oh, Mayu... Don't you realize how very worried",I am about you?,,모리시게,참나...... 얼마나 걱정하게 만드는 거야.,마유...... 너는!,,森繁,真是的，……到底要讓人擔心到什麼程度。,繭……妳啊！,,1,161,8,1,0,0,0,0,0,,Translated
181,森繁,今どうしてる……？　どんな思いで彷徨っている……, , ,Morishige,"How are you holding up right now, I wonder?",What sorts of thoughts are swimming through your,mind?,모리시게,지금 어디 있어......?  어떤 마음으로 방황 중이니......,,,森繁,現在怎麼樣了……？　是懷著什麼樣的心情在徘徊……,,,1,162,8,1,0,0,0,0,0,,Translated
182,森繁,壊れやすいお前……繊細なお前には、,俺がついててやらないと……！, ,Morishige,You scare so easily...and you've such a fragile,soul... You really do need me by your side.,,모리시게,망가지기 쉬운 너...... 섬세한 너에게는,내가 붙어 있어야 하는데......!,,森繁,容易崩潰的妳……纖細的妳，,沒有我陪在身邊的話……！,,1,163,8,1,0,0,0,0,0,,Translated
183,森繁,繭……, , ,Morishige,*sigh* Mayu...,,,모리시게,마유......,,,森繁,繭……,,,1,175,8,1,0,0,0,0,0,,Translated
184,森繁,俺、わかったよ……, , ,Morishige,I'm well aware...,,,모리시게,"난, 알았어......",,,森繁,我，明白了……,,,1,176,8,1,0,0,0,0,0,,Translated
185,森繁,繭には俺が付いててやらないと、,危なっかしくて仕方ない。, ,Morishige,"If I'm not there for you, Mayu, it's plain to see",how much danger you'll be in...,,모리시게,마유에게는 내가 붙어 있지 않으면,위험해서 안 된다고.,,森繁,繭身邊要是沒有我陪著，,實在太危險了。,,1,177,8,1,0,0,0,0,0,,Translated
186,森繁,そう、思っていたけれど……, , ,Morishige,"That's what I've been telling myself all this time,",anyway.,,모리시게,"그렇게, 생각했는데......",,,森繁,我，雖然是這麼想的……,,,1,178,8,1,0,0,0,0,0,,Translated
187,森繁,違うんだ……　お前の……　繭のその顔に、, , ,Morishige,Heheh...but that's not the real reason I'm trying,"so hard to find you. No, nothing so noble.",,모리시게,아니었어......  너의...... 마유의 그 얼굴에,,,森繁,不是的……　對妳的……繭的那張臉，,,,1,179,8,1,0,0,0,0,0,,Translated
188,森繁,繁兄ぃって呼んでくれる、その声に……, , ,Morishige,"Every time I saw your face, and heard you greet me","with that 'Shig, bro!' you'd always say...",,모리시게,"시게 오빠라고 불러주는, 그 목소리에......",,,森繁,叫我「繁哥」的那個聲音……,,,1,180,8,1,0,0,0,0,0,,Translated
189,森繁,俺が救われていたんだ……, , ,Morishige,...you were saving my life.,,,모리시게,내가 구원을 받았던 거였어......,,,森繁,是我被拯救了啊……,,,1,181,8,1,0,0,0,0,0,,Translated
190,森繁,出て来てくれ……。お願いだ……繭……, , ,Morishige,Please...Mayu... I need you.,"Please, show yourself!",,모리시게,나와 줘...... 부탁이야...... 마유......,,,森繁,出來吧……。拜託了……繭……,,,1,182,8,1,0,0,0,0,0,,Translated
191,森繁,一人に……しないで……, , ,Morishige,Don't...leave me all alone...,,,모리시게,날 혼자...... 두지 마......,,,森繁,不要……讓我一個人……,,,1,183,8,1,0,0,0,0,0,,Translated
192,森繁,くそっ……,他人の不幸でも見ないとやってられない！, ,Morishige,Damn... Just once more.,I have to see the suffering of others.,It's the only thing keeping me sane!,모리시게,젠장......,다른 사람의 불행이라도 보지 않으면 견딜 수가 없어!,,森繁,可惡……,不看別人的不幸就撐不下去了！,,1,184,8,1,0,0,0,0,0,,Translated
193,森繁,俺はまだマシだ…… まだマシ……, , ,Morishige,...And I am still sane...,...I am...,,모리시게,난 아직 제정신이야...... 아직 제정신......,,,森繁,我還算好的……　還算好……,,,1,185,8,1,0,0,0,0,0,,Translated
194,森繁,沢山集まったな……　死体の写真。, , ,Morishige,"God, I've taken so many of them...",So many pictures of the dead...,,모리시게,잔뜩 모였군......  사체 사진.,,,森繁,收集了好多啊……　屍體的照片。,,,1,186,8,1,0,0,0,0,0,,Translated
195,森繁,不思議だ……　全部本物なのに、,作り物にしか見えない。, ,Morishige,"It's so weird. They're all real, honest-to-goodness","corpses...but to me, they just look like fakes.",Nothing but props.,모리시게,신기해......  전부 진짜인데,꼭 만든 것 같아.,,森繁,真不可思議……　明明全都是真的，,看起來卻像假的。,,1,187,8,1,0,0,0,0,0,,Translated
196,森繁,ＴＶや映画の特撮の死体だって、,ウソ臭く見えるわけだ。, ,Morishige,"Realistic ones, granted. Much more detailed and","lifelike than the cheap, fake bodies you see on","television, and in movies...",모리시게,TV나 영화에 나오는 만들어진 사체는,죄다 가짜로 보일 정도야.,,森繁,就算是電視或電影的特效屍體，,看起來也很假吧。,,1,188,8,1,0,0,0,0,0,,Translated
197,森繁,ハハハハハ……, , ,Morishige,Heh... Hahaha... Hahahahahaha...,,,모리시게,하하하하하......,,,森繁,哈哈哈哈哈……,,,1,189,8,1,0,0,0,0,0,,Translated
198,森繁,フゥ……これが一番派手だな。,保健室前の粉砕死体。, ,Morishige,Hmmm... This one is the flashiest by far. Utterly,pulverized against the wall near the infirmary...,,모리시게,후우...... 이게 가장 멋지군.,보건실 앞의 분쇄 사체.,,森繁,呼……這個最誇張了。,保健室前的粉碎屍體。,,1,190,8,1,0,0,0,0,0,,Translated
199,森繁,すごい……この肉の塊。ひとつひとつが、, , ,Morishige,Hoooo... Absolutely breathtaking. She's been reduced,to nothing more than a chaotic jumble of flesh...,,모리시게,굉장해...... 이 고깃덩어리. 하나하나가,,,森繁,好厲害……這塊肉塊。每一塊，,,,1,191,8,1,0,0,0,0,0,,Translated
200,森繁,意思があって動いていた、人間だったんだ……, , ,Morishige,"...but not long ago, all of it was connected. This","was once a human being, walking and talking, with",a mind of her own...,모리시게,"의식을 가지고 움직이던, 사람이었다니......",,,森繁,本來是有意識在活動的，是人類啊……,,,1,192,8,1,0,0,0,0,0,,Translated
201,森繁,死んだ後の世界があるのなら、, , ,Morishige,Should there truly be an afterlife...,,,모리시게,사후 세계가 있다면,,,森繁,如果死後有另一個世界的話，,,,1,193,8,1,0,0,0,0,0,,Translated
202,森繁,この子は自分のこんな無様な姿を人に見られて、,どう思うんだろう。, ,Morishige,"...she must be embarrassed to show her face there,",with such a hideously disfigured appearance!,,모리시게,이 앤 자신의 이런 꼴을 다른 사람에게 보이면,어떻게 생각할까.,,森繁,這個孩子被人看到自己這麼難看的樣子，,會怎麼想呢。,,1,194,8,1,0,0,0,0,0,,Translated
203,森繁,……赤の他人だから、別に心も痛まないが、, , ,Morishige,"I'd probably feel bad for her, if she weren't",a complete stranger...,,모리시게,"...... 생판 남이니, 마음이 아플 일도 없지만",,,森繁,……因為是陌生人，所以也不會心痛，,,,1,195,8,1,0,0,0,0,0,,Translated
204,森繁,ハハハッ……　はぁ……はぁ……ッ……！, , ,Morishige,Haha... *sigh*,*deep breath*,,모리시게,하하핫......  하아...... 하아......!,,,森繁,哈哈哈……　哈啊……哈啊……！,,,1,196,8,1,0,0,0,0,0,,Translated
205,森繁,！？, , ,Morishige,...?!,,,모리시게,!?,,,森繁,!？,,,1,197,8,1,0,0,0,0,0,,Translated
206,森繁,何だ？　……着信してるのに、写メ画像のままだ……, , ,Morishige,"What's going on? If I'm receiving a call, then why",is the blasted thing still in photo view mode...?,,모리시게,"뭐야?  ...... 착신이 있는데, 사진 화면 그대로야......",,,森繁,什麼？　……明明有來電，卻還是照片畫面……,,,1,198,8,1,0,0,0,0,0,,Translated
207,森繁,着信表示も出ていない……音だけが鳴っている……？, , ,Morishige,"There's no message telling me who's calling, either.",Just a ringtone.,,모리시게,착신 표시도 안 나왔고...... 소리만 나네......?,,,森繁,來電顯示也沒出現……只有鈴聲在響……？,,,1,199,8,1,0,0,0,0,0,,Translated
208,森繁,壊れたかな？　携帯のＯＳが……, , ,Morishige,Maybe the OS is shot...,,,모리시게,휴대전화 OS가......  망가졌나?,,,森繁,壞掉了嗎？　手機的系統……,,,1,200,8,1,0,0,0,0,0,,Translated
209,森繁,……？, , ,Morishige,...?,,,모리시게,......?,,,森繁,……？,,,1,201,8,1,0,0,0,0,0,,Translated
210,繭,・ ・ ・ ・ ・　 ・ ・ ・ ・ ・, , ,Mayu,D o n ' t   l o o k . . .,    D o n ' t   l o o k . . .,,마유,  ·   ·   ·   ·   ·      ·   ·   ·   ·   ·,,,繭,・ ・ ・ ・ ・　 ・ ・ ・ ・ ・,,,1,58,8,1,1,0,0,0,0,,Translated
211,森繁,……えっ……, , ,Morishige,...Huh?,,,모리시게,...... 어......,,,森繁,……咦……,,,1,202,8,1,0,0,0,0,0,,Translated
212,繭,・ ・ ・ ・ ・　 ・ ・ ・ ・ ・, , ,Mayu,P l e a s e . . .,    D o n ' t   l o o k   a t   m e . . .,,마유,  ·   ·   ·   ·   ·      ·   ·   ·   ·   ·,,,繭,・ ・ ・ ・ ・　 ・ ・ ・ ・ ・,,,1,60,8,1,1,0,0,0,0,,Translated
213,森繁,え……えッ？, , ,Morishige,Wh...What...?!,,,모리시게,어...... 어?,,,森繁,咦……咦？,,,1,203,8,1,0,0,0,0,0,,Translated
214,繭,見ないで……　見ないで……, , ,Mayu,P l e a s e . . .,    D o n ' t   l o o k   a t   m e . . .,,마유,보지 마... 보지 마......,,,繭,不要看……　不要看……,,,1,60,8,1,1,0,0,0,0,,Translated
215,繭,あたしの……ないぞう……　見ないでぇ……, , ,Mayu,S t o p,    s t a r i n g   a t,        m y   i n s i d e s . . .,마유,나의...... 내장...... 보지 마......,,,繭,我的……內臟……　不要看……,,,1,61,8,1,1,0,0,0,0,,Translated
216,繭,……繁兄ィ……！, , ,Mayu,S h i g . . .   P l e a s e . . .,,,마유,...... 시게 오빠......!,,,繭,……繁哥……！,,,1,62,8,1,0,0,0,0,0,,Translated
217,森繁,！！　……あ……あぁぁ……, , ,Morishige,Ahh...aaahhh...aaaaaahhhh!!,,,모리시게,!!  ...... 아...... 아아아......,,,森繁,！！　……啊……啊啊……,,,1,204,8,1,0,0,0,0,0,,Translated
218,森繁,……ああ……ああぁぁぁぁぁぁぁーーーッッ！！！！, , ,Morishige,...Aaaa-aaahh...,AAAAAAAAAAAAAAAAAAAAAAAAAAAGGGHHH!!,,모리시게,...... 아아...... 아아아아아아아아아아악~~~!!!!,,,森繁,……啊啊……啊啊啊啊啊啊啊啊～～！！！！,,,1,0,0,1,0,0,0,0,0,,Translated
219,森繁,ああああああああーッ！！,うわああああああーッ！！, ,Morishige,AAAAHAAAAHHHH...AAHAAAAAAHHH...,YAAAAAAAAAAAAAAAAAAAAAAGGGGGHHHHHHHH!!,,모리시게,아아아아아아아악~!!,우와아아아아아악~!!,,森繁,啊啊啊啊啊啊啊！！,嗚哇啊啊啊啊啊！！,,1,206,8,1,0,0,0,0,0,,Translated
220,森繁,ああああああああぁーーーーーッ！！！！, , ,Morishige,Uaagh...uaaaggh...UUUAAAAAAAAAAAAAGGGGGGGGHHHH!!,,,모리시게,아아아아아아아아악~~~~~!!!!,,,森繁,啊啊啊啊啊啊啊啊～～～～！！！！,,,1,207,8,1,0,0,0,0,0,,Translated
221,,【校長室】,扉に鍵がかかっています。, ,,[Principal's Office],The door is locked.,,,【교장실】,잠겨 있습니다.,,,【校長室】,門上鎖了。,,0,0,0,1,0,0,0,0,0,,Translated
222,,校長室の鍵を開けました。, , ,,The key you recovered from Principal Yanagihori's,body was for his office door after all. It turns,"easily, and the door swings open.",,교장실 문을 열었습니다.,,,,校長室的鎖打開了。,,,0,0,0,1,0,0,0,0,0,,Translated
223,,白骨死体が床に横たわっています……, , ,,There are skeletal remains sprawled out across,the floor.,,,백골 사체가 바닥에 누워 있습니다......,,,,白骨屍體躺在地板上……,,,0,0,0,1,0,0,0,0,0,,Translated
224,,血塗れになった森繁の携帯電話です。, , ,,It's Morishige's blood-spattered cell phone.,,,,피로 물든 모리시게의 휴대전화입니다.,,,,是沾滿鮮血的森繁的手機。,,,0,0,0,1,0,0,0,0,0,,Translated
225,,　森繁の携帯　を取りました。, , ,,Acquired [Morishige's Cell Phone].,,,,모리시게의 휴대전화를 얻었습니다.,,,,　取得了森繁的手機。,,,0,0,0,1,0,0,0,0,0,,Translated
226,哲志,うっ……これは。, , ,Satoshi,Aghh... What the...?!,,,사토시,윽...... 이건.,,,哲志,嗚……這是。,,,1,36,17,1,0,0,0,0,0,,Translated
227,直美,なんなのこの校舎……！　血の跡ばっかり……, , ,Naomi,What the hell is up with this building?!,"Everywhere you look, there's blood!",,나오미,뭐야 이 교사......! 핏자국투성이......,,,直美,這棟校舍是怎麼回事……！　到處都是血跡……,,,1,128,12,1,0,0,0,0,0,,Translated
228,哲志,……！　あれは……, , ,Satoshi,Wait... What's this?,,,사토시,......! 저건......,,,哲志,……！　那是……,,,1,37,17,1,0,0,0,0,0,,Translated
229,哲志,これは、森繁の携帯だ……, , ,Satoshi,It's...Morishige's cell phone!,,,사토시,"이건, 모리시게의 휴대전화야......",,,哲志,這是，森繁的手機……,,,1,38,17,1,0,0,0,0,0,,Translated
230,直美,『録画完了』？　モリシゲ、なにか録ったのかな……, , ,Naomi,'Video saved to memory'?,What did he record...?,,나오미,"『녹화 완료』? 모리시게, 뭔가 찍은 건가......",,,直美,『錄影完成』？　森繁，錄了什麼嗎……,,,1,129,12,1,0,0,0,0,0,,Translated
231,哲志,！　……直……, , ,Satoshi,Ah! Wait! Nao--,,,사토시,!  ...... 나오......,,,哲志,！　……直……,,,1,39,17,1,0,0,0,0,0,,Translated
232,森繁,……ぁぁぁああああああぁぁーーーーッ！, , ,Morishige,...Aaaa-aaahh...,AAAAAAAAAAAAAAAAAAAAAAAAAAAGGGHHH!!,AAAAHAAAAHHHH...AAHAAAAAAHHH...YAAAAAAAAAAAAGGHH!!,모리시게,...... 아아아아아아아아아아아~~~~!,,,森繁,……啊啊啊啊啊啊啊啊～～～～！,,,1,208,8,1,0,0,0,0,0,,Translated
233,森繁,ああァあァあァアァァー！！, , ,Morishige,GAHAAAAAH!! *slam* AHAHAHAHA!! *slam*,,,모리시게,아아아아아아아아아~!!,,,森繁,啊啊啊啊啊啊啊～～！！,,,1,209,8,1,0,0,0,0,0,,Translated
234,森繁,アハハハハハハ！, , ,Morishige,*slam* AAAAAHAHAHAHAHAHAHA!! *slam* *slam*,,,모리시게,아하하하하하하!,,,森繁,啊哈哈哈哈哈哈！,,,1,210,8,1,0,0,0,0,0,,Translated
235,森繁,あああァァァァ～～～～～！！,繭ーーーー！　まゆーーーーーッ, ,Morishige,AAALLGGGGGGHHHHHHHAAAHAAAHAH!! MAYU! MAAAYUUU!!,*frantic laughter*,,모리시게,아아아아아아아~~~~~!!,마유~~~~!  마유~~~~~,,森繁,啊啊啊啊啊～～～～～！！,繭～～～～！　繭～～～～～,,1,211,8,1,0,0,0,0,0,,Translated
236,森繁,アアァハハハハーーーー！！, , ,Morishige,AHAHAHAHA...AAAHAHAHAHAHA...GWAAAHAAHAHAAHAA!,*slam* *shatter*,,모리시게,아아아하하하하~~~~!!,,,森繁,啊啊哈哈哈哈～～～～！！,,,1,212,8,1,0,0,0,0,0,,Translated
237,哲志,…………, , ,Satoshi,...,,,사토시,............,,,哲志,…………,,,1,40,17,1,0,0,0,0,0,,Translated
238,直美,もうやだ……！, , ,Naomi,"No... God, please, no more of this...",,,나오미,더는 싫어......!,,,直美,已經夠了……！,,,1,130,12,1,0,0,0,0,0,,Translated
239,由香,（あっちに行くと刻命さんがいる……）, , ,Yuka,"(If I go that way, I'll run into Kizami...)",,,유카,(저쪽으로 가면 키자미 씨가 있어......),,,由香,（往那邊去的話刻命就在那裡……）,,,1,0,0,1,0,0,0,0,0,,Translated
240,由香,お兄ちゃん……　こわいよ……, , ,Yuka,Big brother... I'm scared...,,,유카,오빠...... 무서워......,,,由香,哥哥……　好可怕啊……,,,1,219,28,1,0,0,0,0,0,,Translated
241,刻命,ヒァー♪　アイゲッチュウ～♪, , ,Kizami,HAHA! GOTCHA!!,,,키자미,히아~♪  아이 겟츄~♪,,,刻命,嘻～♪　抓到妳了～♪,,,1,41,7,1,0,0,0,0,0,,Translated
242,由香,！！　いや！　いやぁ！　放してください！, , ,Yuka,NOO! NOOOO!! NOOOOOO!! LET ME GOOOO!!,,,유카,!!  싫어!  싫어어!  놔줘요!,,,由香,！！　不要！　不要啊！　放開我！,,,1,239,28,1,0,0,0,0,0,,Translated
243,刻命,……生きているウサギは、五月蝿（うるさ）いな。, , ,Kizami,Live rabbits...are so very noisy...,,,키자미,"...... 살아있는 토끼는, 시끄럽구나.",,,刻命,……活著的兔子，真是吵鬧呢。,,,1,42,7,1,0,0,0,0,0,,Translated
244,刻命,ヒァー♪　アイゲッチュウ～♪, , ,Kizami,HAHA! GOTCHA!!,,,키자미,히아~♪  아이 겟츄~♪,,,刻命,嘻～♪　抓到妳了～♪,,,1,41,7,1,0,0,0,0,0,,Translated
245,由香,！！　いや！　いやぁ！　放してください！, , ,Yuka,NOO! NOOOO!! NOOOOOO!! LET ME GOOOO!!,,,유카,!!  싫어! 싫어어!  놔줘요!,,,由香,！！　不要！　不要啊！　放開我！,,,1,239,28,1,0,0,0,0,0,,Translated
246,刻命,……生きているウサギは、五月蝿（うるさ）いな。, , ,Kizami,Live rabbits...are so very noisy...,,,키자미,"...... 살아있는 토끼는, 시끄럽구나.",,,刻命,……活著的兔子，真是吵鬧呢。,,,1,42,7,1,0,0,0,0,0,,Translated
247,,白骨死体が床に横たわっています……, , ,,There are skeletal remains sprawled out across,the floor.,,,백골 사체가 바닥에 누워 있습니다......,,,,白骨屍體躺在地板上……,,,0,0,0,1,0,0,0,0,0,,Translated
248,,　玄関扉は、ピタリと空間に固定され、開きません。, , ,,The front entranceway is locked up tight. Without,"a key, it's not going to budge.",,,현관문은 공간에 딱 고정되어 열리지 않습니다.,,,,　玄關門像被牢牢固定在空中，無法打開。,,,0,0,0,1,0,0,0,0,0,,Translated
249,,扉の鍵を開けました。, , ,,The door is now open.,,,,문을 열었습니다.,,,,門鎖打開了。,,,0,0,0,1,0,0,0,0,0,,Translated
250,哲志,由香とは、この校舎で離れ離れになってしまったんだ。, , ,Satoshi,I was definitely in this building when I got,separated from Yuka.,,사토시,"유카와는, 이 교사에서 헤어지게 됐어.",,,哲志,就是在這棟校舍裡和由香走散的。,,,1,32,17,1,0,0,0,0,0,,Translated
251,直美,そう……じゃもう少し、こっち捜してみようか？, , ,Naomi,"Maybe...we should look a little harder in here,",then.,,나오미,그래...... 그럼 여길 좀 더 찾아볼까?,,,直美,是嗎……那再稍微，找找這邊吧？,,,1,125,12,1,0,0,0,0,0,,Translated
252,由香,きゃぁ！！, , ,Yuka,Eeeek!,,,유카,꺄아!!,,,由香,呀！！,,,1,147,28,1,0,0,0,10,0,,Translated
253,由香,きゃぁ！！, , ,Yuka,Eeeek!,,,유카,꺄아!!,,,由香,呀！！,,,1,147,28,1,0,0,0,10,0,,Translated
254,由香,きゃぁ！！, , ,Yuka,Eeeek!,,,유카,꺄아!!,,,由香,呀！！,,,1,147,28,1,0,0,0,10,0,,Translated
255,,　玄関扉は、ピタリと空間に固定され、開きません。, , ,,The front entranceway is locked up tight. Without,"a key, it's not going to budge.",,,현관문은 공간에 딱 고정되어 열리지 않습니다.,,,,　玄關門像被牢牢固定在空中，無法打開。,,,0,0,0,0,0,0,0,0,0,,Translated
256,,扉の鍵を開けました。, , ,,The door is now open.,,,,문을 열었습니다.,,,,門鎖打開了。,,,0,0,0,1,0,0,0,0,0,,Translated
257,哲志,由香とは、この校舎で離れ離れになってしまったんだ。, , ,Satoshi,I was definitely in this building when I got,separated from Yuka.,,사토시,"유카와는, 이 교사에서 헤어지게 됐어.",,,哲志,就是在這棟校舍裡和由香走散的。,,,1,32,17,1,0,0,0,0,0,,Translated
258,直美,そう……じゃもう少し、こっち捜してみようか？, , ,Naomi,"Maybe...we should look a little harder in here,",then.,,나오미,그래...... 그럼 여길 좀 더 찾아볼까?,,,直美,是嗎……那再稍微，找找這邊吧？,,,1,125,12,1,0,0,0,0,0,,Translated
259,,にげろにげろにげろ　うさぎ　にげろ　にげろ,にげろ　にげろ,　にげろ,,RUN RUN RUN RABBIT RUN RUN RUN,RUN RUN,RUN RUN RUN RUN RABBIT RUN,,도망쳐도망쳐도망쳐  토끼야  도망쳐  도망쳐,도망쳐  도망쳐,  도망쳐,,快跑快跑快跑　兔子　快跑　快跑,快跑　快跑,　快跑,0,0,0,1,0,0,0,0,0,,Translated
260,,■　黒化は目の前だ　■, , ,,[The darkening has already begun.],,,,■  흑화는 눈앞이다  ■,,,,■　黑化就在眼前　■,,,0,0,0,1,0,0,0,0,0,,Translated
261,,鬼碑忌の取材テープ②　を取りました。, , ,,Acquired [Mini-DV Tape 2].,,,,키비키의 취재 테이프②를 얻었습니다.,,,,取得了鬼碑忌的採訪錄影帶②。,,,0,0,0,1,0,0,0,0,0,,Translated
262,,　玄関の鍵　があります。取りますか？, , ,,It's the key to the front entrance.,Take it?,,,현관 열쇠가 있습니다. 가져가겠습니까?,,,,　有玄關的鑰匙。要拿嗎？,,,0,0,0,1,0,0,0,0,0,,Translated
263,,はい,いいえ,,,Yes,No,,,네,아니오,,,是,否,,0,255,255,255,255,255,255,255,255,,Translated
264,,玄関の鍵　を取りました。, , ,,Acquired [Front Door Key].,,,,현관 열쇠를 얻었습니다.,,,,取得了玄關的鑰匙。,,,0,0,0,1,0,0,0,0,0,,Translated
265,哲志,―― 由香！, , ,Satoshi,Yuka...!,,,사토시,유카!,,,哲志,―― 由香！,,,1,41,17,1,0,0,0,0,0,,Translated
266,直美,よかった！　大丈夫？　怪我はない？, , ,Naomi,"Oh, thank God! Are you all right?! Are you hurt?!",,,나오미,다행이다! 괜찮아? 다친 덴 없어?,,,直美,太好了！　妳沒事吧？　有沒有受傷？,,,1,131,12,1,0,0,0,0,0,,Translated
267,由香,…………, , ,Yuka,...,,,유카,............,,,由香,…………,,,1,19,29,1,0,0,0,0,0,,Translated
268,哲志,由香？　わかるか？　俺だ。, , ,Satoshi,Yuka! Don't be scared! It's me!,,,사토시,유카? 알아보겠어? 나야.,,,哲志,由香？　認得我嗎？　是我啊。,,,1,42,17,1,0,0,0,0,0,,Translated
269,由香,……おにい、ちゃん……, , ,Yuka,B-Big...brother...?,,,유카,"...... 오, 빠......",,,由香,……哥、哥……？,,,1,20,29,1,0,0,0,0,0,,Translated
270,哲志,そうだ、……もう大丈夫だぞ。, , ,Satoshi,In the flesh.,"You're going to be all right, Yuka...",,사토시,그래...... 이젠 괜찮아.,,,哲志,是啊，……已經沒事了。,,,1,43,17,1,0,0,0,0,0,,Translated
271,由香,……っ。……ううぅぅぅぅ……っ, , ,Yuka,*sob*,,,유카,...... 윽...... 으으으으으으......,,,由香,……。……嗚嗚嗚嗚嗚……,,,1,21,29,1,0,0,0,0,0,,Translated
272,哲志,悪かったな、一人にして……怖かったな。, , ,Satoshi,I'm so sorry. You must have been so scared all,by yourself...,,사토시,"미안해, 혼자 둬서...... 무서웠지.",,,哲志,對不起，讓妳一個人……很害怕吧。,,,1,44,17,1,0,0,0,0,0,,Translated
273,由香,んんんんーーーっ, , ,Yuka,Waaaaaaaahhh...,,,유카,으으으응~~~,,,由香,嗚嗚嗚～～～,,,1,22,29,1,0,0,0,0,0,,Translated
274,由香,お兄ちゃん……お兄ちゃぁん……,ううー、ううーっ, ,Yuka,Big brother... Big brother!!,,,유카,오빠...... 오빠아......,우우~  우우~,,由香,哥哥……哥哥……,嗚嗚～、嗚嗚～,,1,23,29,1,0,0,0,0,0,,Translated
275,哲志,ごめんな……　ごめんな……, , ,Satoshi,I'm sorry... I'm so sorry...,,,사토시,미안......  미안해......,,,哲志,對不起……　對不起……,,,1,45,17,1,0,0,0,0,0,,Translated
276,直美,よかった……, , ,Naomi,Thank God...,,,나오미,다행이다......,,,直美,太好了……,,,1,132,12,1,0,0,0,0,0,,Translated
277,哲志,さ……由香、立てるか？, , ,Satoshi,"Come on, Yuka. We should go.",Can you stand?,,사토시,"자...... 유카, 설 수 있겠어?",,,哲志,來……由香，站得起來嗎？,,,1,46,17,1,0,0,0,0,0,,Translated
278,由香,うん……, , ,Yuka,Uh-huh.,,,유카,응......,,,由香,嗯……,,,1,24,29,1,0,0,0,0,0,,Translated
279,哲志,ん？, , ,Satoshi,Ah...!,,,사토시,응?,,,哲志,嗯？,,,1,47,17,1,0,0,0,0,0,,Translated
280,由香,？, , ,Yuka,Huh...?,,,유카,?,,,由香,？,,,1,25,29,1,0,0,0,0,0,,Translated
281,哲志,由香、何か落としたぞ……テープ？, , ,Satoshi,"I think you dropped something, Yuka.",Is that...a tape...?,,사토시,"유카, 뭔가 떨어뜨렸는데...... 테이프?",,,哲志,由香，掉了東西喔……錄影帶？,,,1,48,17,1,0,0,0,0,0,,Translated
282,由香,ん？　なにこれ……由香知らない。, , ,Yuka,Uhh... I don't know. What is it?,,,유카,응?  뭐지 이건...... 유카는 몰라.,,,由香,嗯？　這是什麼……由香不知道。,,,1,26,29,1,0,0,0,0,0,,Translated
283,哲志,どこに持っていたんだ？, , ,Satoshi,Where did you get it?,,,사토시,어디에서 가져온 거야?,,,哲志,妳放在哪裡的？,,,1,49,17,1,0,0,0,0,0,,Translated
284,由香,わかんない、由香、これ初めてみるもん。, , ,Yuka,No idea. I've never seen it before.,,,유카,"몰라, 유카는 이거 처음 봤는걸.",,,由香,不知道，由香是第一次看到這個。,,,1,27,29,1,0,0,0,0,0,,Translated
285,哲志,……気味が悪いな……　けど、これって……, , ,Satoshi,That's a bit ominous...,"...but, wait... It look like...",,사토시,"...... 으스스한데......  하지만, 이건......",,,哲志,……感覺真不舒服……　不過，這是……,,,1,50,17,1,0,0,0,0,0,,Translated
286,,鬼碑忌の取材テープ②　を取りました。, , ,,Acquired [Mini-DV Tape 2].,,,,키비키의 취재 테이프②를 얻었습니다.,,,,取得了鬼碑忌的採訪錄影帶②。,,,0,0,0,1,0,0,0,0,0,,Translated
287,直美,うん、ラベルに【鬼碑忌取材②】って書いてある。, , ,Naomi,"Yeah, no doubt about it. The label says,",'Kibiki Research Data 2.',,나오미,"응, 라벨에 【키비키 취재②】라고 적혀 있어.",,,直美,嗯，標籤上寫著【鬼碑忌採訪②】。,,,1,133,12,1,0,0,0,0,0,,Translated
288,直美,……続きだよ！,ここから帰る方法、見られるかも知れない。, ,Naomi,It's the followup...,This might be our ticket out of here!,,나오미,...... 다음 거야!,여기에서 나갈 방법이 있을지도 몰라.,,直美,……是續集喔！,也許可以看到從這裡回去的方法。,,1,134,12,1,0,0,0,0,0,,Translated
289,由香,んー？, , ,Yuka,Hmmm...?,,,유카,응~?,,,由香,嗯～？,,,1,28,29,1,0,0,0,0,0,,Translated
290,哲志,……だな。よし、観に行ってみるか。, , ,Satoshi,I sure hope so. What say we go find out right now?,,,사토시,"...... 그래. 좋아, 보러 가볼까.",,,哲志,……也是。好，去看一下吧。,,,1,51,17,1,0,0,0,0,0,,Translated
291,哲志,由香、さぁ行こう。, , ,Satoshi,"Come on, Yuka!",,,사토시,"유카, 자 가자.",,,哲志,由香，來走吧。,,,1,52,17,1,0,0,0,0,0,,Translated
292,由香,ん。（こくり）, , ,Yuka,Okay.,,,유카,응. (끄덕),,,由香,嗯。（點頭）,,,1,29,29,1,0,0,0,0,0,,Translated
293,刻命,ヒァー♪　アイゲッチュウ～♪, , ,Kizami,HAHA! GOTCHA!!,,,키자미,히아~♪  아이 겟츄~♪,,,刻命,嘻～♪　抓到妳了～♪,,,1,41,7,1,0,0,0,0,0,,Translated
294,由香,！！　いや！　いやぁ！　放してください！, , ,Yuka,NOO! NOOOO!! NOOOOOO!! LET ME GOOOO!!,,,유카,!!  싫어!  싫어어!  놔줘요!,,,由香,！！　不要！　不要啊！　放開我！,,,1,239,28,1,0,0,0,0,0,,Translated
295,刻命,……生きているウサギは、五月蝿（うるさ）いな。, , ,Kizami,Live rabbits...are so very noisy...,,,키자미,"...... 살아있는 토끼는, 시끄럽구나.",,,刻命,……活著的兔子，真是吵鬧呢。,,,1,42,7,1,0,0,0,0,0,,Translated
296,, ,　カチャ　カチャ　カチャ, ,, ,*rattle* *rattle*,,,철컥  철컥  철컥,,,,　喀嚓　喀嚓　喀嚓,,,0,0,0,1,0,0,0,0,1,,Translated
297,,白骨死体が床に横たわっています……, , ,,There are skeletal remains sprawled out across,the floor.,,,백골 사체가 바닥에 누워 있습니다......,,,,白骨屍體躺在地板上……,,,0,0,0,1,0,0,0,0,0,,Translated
298,,白骨死体が椅子に座っています……, , ,,There are skeletal remains slumped in a chair.,,,,백골 사체가 의자에 앉아 있습니다......,,,,白骨屍體坐在椅子上……,,,0,0,0,1,0,0,0,0,0,,Translated
299,,鍵がかかっていて、扉は開きそうにない。, , ,,The door is locked.,,,,문이 잠겨 있어서 열릴 것 같지 않다.,,,,門鎖著，似乎打不開。,,,0,0,0,1,0,0,0,0,0,,Translated
300,,鍵がかかっていて、扉は開きそうにない。, , ,,The door is locked.,,,,문이 잠겨 있어서 열릴 것 같지 않다.,,,,門鎖著，似乎打不開。,,,0,0,0,1,0,0,0,0,0,,Translated
301,,鍵がかかっていて、扉は開きそうにない。, , ,,The door is locked.,,,,문이 잠겨 있어서 열릴 것 같지 않다.,,,,門鎖著，似乎打不開。,,,0,0,0,1,0,0,0,0,0,,Translated
302,刻命,ヒァー♪　アイゲッチュウ～♪, , ,Kizami,HAHA! GOTCHA!!,,,키자미,히아~♪  아이 겟츄~♪,,,刻命,嘻～♪　抓到妳了～♪,,,1,41,7,1,0,0,0,0,0,,Translated
303,由香,！！　いや！　いやぁ！　放してください！, , ,Yuka,NOO! NOOOO!! NOOOOOO!! LET ME GOOOO!!,,,유카,!!  싫어!  싫어어!  놔줘요!,,,由香,！！　不要！　不要啊！　放開我！,,,1,239,28,1,0,0,0,0,0,,Translated
304,刻命,……生きているウサギは、五月蝿（うるさ）いな。, , ,Kizami,Live rabbits...are so very noisy...,,,키자미,"...... 살아있는 토끼는, 시끄럽구나.",,,刻命,……活著的兔子，真是吵鬧呢。,,,1,42,7,1,0,0,0,0,0,,Translated
305,,白骨死体が床に横たわっています……, , ,,There are skeletal remains sprawled out across,the floor.,,,백골 사체가 바닥에 누워 있습니다......,,,,白骨屍體躺在地板上……,,,0,0,0,1,0,0,0,0,0,,Translated
306,,白骨死体が床に横たわっています……, , ,,There are skeletal remains sprawled out across,the floor.,,,백골 사체가 바닥에 누워 있습니다......,,,,白骨屍體躺在地板上……,,,0,0,0,1,0,0,0,0,0,,Translated
307,,仲間が殺された……この床に気をつけろ,危険なのでこの先を封印する……, ,,My friend was killed in this hallway.,These green globs are lethal. I've sealed them up,to ensure no one else dies a pointless death here.,,동료가 죽었다...... 이 바닥을 조심해라,위험하니 여길 봉인한다......,,,同伴被殺了……小心這地板,危險，因此封印此處……,,0,0,0,1,0,0,0,0,0,,Translated
308,,【図工室】,　扉に鍵がかかっています。, ,,[Art Room],The door is locked.,,,【미술실】,문이 잠겨 있습니다.,,,【美術教室】,　門上鎖了。,,0,0,0,1,0,0,0,0,0,,Translated
309,,【図工室】,　扉に鍵がかかっています。, ,,[Art Room],The door is locked.,,,【미술실】,문이 잠겨 있습니다.,,,【美術教室】,　門上鎖了。,,0,0,0,1,0,0,0,0,0,,Translated
310,,鍵がかかっていて、扉は開きそうにない。, , ,,The door is locked.,,,,문이 잠겨 있어서 열 수 없습니다.,,,,門鎖著，似乎打不開。,,,0,0,0,1,0,0,0,0,0,,Translated
311,,石膏像が廊下に置かれています……, , ,,"It's a cheaply-made, mass-produced bust used for",still-life paintings.,,,석고상이 복도에 놓여 있습니다......,,,,石膏像放置在走廊上……,,,0,0,0,1,0,0,0,0,0,,Translated
312,,床に、服からもぎ取られたような痕跡のある。,名札が落ちています。, ,,There's a student ID name tag on the floor. It has,"small scraps of fabric stuck to the pin on the back,",suggesting it was forcefully removed.,,바닥에 옷을 잡아 뗀 듯한 흔적이 있는,명찰이 떨어져 있습니다.,,,地板上，掉落了像是從衣服上扯下來的，名牌。,,,0,0,0,1,0,0,0,0,0,,Translated
313,,床に蝕まれて肉のくずれた亡骸があります……, , ,,This corpse seems to be in a state of advanced,"decomposition -- thoroughly rotted, maggot-infested","and worst of all, still wet.",,바닥에 썩어 문드러진 유해가 있습니다......,,,,地板上有被侵蝕、肉體腐爛的遺體……,,,0,0,0,1,0,0,0,0,0,,Translated
314,,白骨死体があります……, , ,,It's a completely decomposed corpse.,,,,백골 사체가 있습니다......,,,,有白骨屍體……,,,0,0,0,1,0,0,0,0,0,,Translated
315,刻命,ヒァー♪　アイゲッチュウ～♪, , ,Kizami,HAHA! GOTCHA!!,,,키자미,히아~♪  아이 겟츄~♪,,,刻命,嘻～♪　抓到妳了～♪,,,1,41,7,1,0,0,0,0,0,,Translated
316,由香,！！　いや！　いやぁ！　放してください！, , ,Yuka,NOO! NOOOO!! NOOOOOO!! LET ME GOOOO!!,,,유카,!!  싫어!  싫어어!  놔줘요!,,,由香,！！　不要！　不要啊！　放開我！,,,1,239,28,1,0,0,0,0,0,,Translated
317,刻命,……生きているウサギは、五月蝿（うるさ）いな。, , ,Kizami,Live rabbits...are so very noisy...,,,키자미,"...... 살아있는 토끼는, 시끄럽구나.",,,刻命,……活著的兔子，真是吵鬧呢。,,,1,42,7,1,0,0,0,0,0,,Translated
318,刻命,ヒァー♪　アイゲッチュウ～♪, , ,Kizami,HAHA! GOTCHA!!,,,키자미,히아~♪  아이 겟츄~♪,,,刻命,嘻～♪　抓到妳了～♪,,,1,41,7,1,0,0,0,0,0,,Translated
319,由香,！！　いや！　いやぁ！　放してください！, , ,Yuka,NOO! NOOOO!! NOOOOOO!! LET ME GOOOO!!,,,유카,!!  싫어!  싫어어!  놔줘요!,,,由香,！！　不要！　不要啊！　放開我！,,,1,239,28,1,0,0,0,0,0,,Translated
320,刻命,……生きているウサギは、五月蝿（うるさ）いな。, , ,Kizami,Live rabbits...are so very noisy...,,,키자미,"...... 살아있는 토끼는, 시끄럽구나.",,,刻命,……活著的兔子，真是吵鬧呢。,,,1,42,7,1,0,0,0,0,0,,Translated
321,,あの　子,　ヲ　信ジ　　ろ, ,,B e   l i   e  v  e,    t  h e     g i    rl,,,그  아이,  를  믿      어,,,那　個　孩　子,　值　得　相　　信,,0,0,0,1,0,0,0,0,0,,Translated
322,,■　天神小学校　■,　廃校のお知らせ,　（1975　10／18）,,[Heavenly Host Elementary School],Notice of School Closure,(10-18-1975),,■  텐진초등학교  ■,폐교 알림,(1975  10/18),,■　天神小學校　■,廢校通知,　（1975　10／18）,0,0,0,1,0,0,0,0,0,,Translated
323,,先般の忌まわしき事件の後,校内で多発する,惨憺たる事件、事故,,Due to the reputation earned from repeated tragic,"incidents and accidents in and around this school,",plans for its abolition have been finalized.,,저번 불미스러운 사건 이후,교내에 다수 발생한,"참담한 사건, 사고",,在前次可悲事件之後，,校內頻發的悲慘事件、事故，,,0,0,0,1,0,0,0,0,0,,Translated
324,,激減する生徒児童の数など,校内の実情を鑑みるに……, ,,There has been a sharp decline in registration and,"attendance since the initial incidents, indicating",to the school board that our time is at an end.,,격감하는 학생수 등,교내의 실정을 감안하여......,,,以及學生人數急遽減少等，,鑑於校內實際情況……,,0,0,0,1,0,0,0,0,0,,Translated
325,,来る75年11月18日に,断腸の思いで当校の廃校を,決断いたしました,,We sincerely regret to announce that Heavenly Host,Elementary School will close its doors for the last,"time on November the 18th, 1975.",,75년 11월 18일,애끊는 심정으로 학교 폐교를,결정했습니다,,決定於來臨的75年11月18日，,懷著悲痛的心情廢除本校。,,0,0,0,1,0,0,0,0,0,,Translated
326,,わたくしの不徳により,不甲斐無い決断となり,深くお詫び申し上げます。,,It is through my own vices that this disdainful,"decision has come to pass, and for that, I must",offer my deepest apologies to all who are affected.,,저의 부덕으로 인해,이러한 결정을 내리게 되어,진심으로 사과의 말씀 올립니다,,因本人德行不足，,作出此等不才決定，,在此深表歉意。,0,0,0,1,0,0,0,0,0,,Translated
327,,教職員各位,　天神小学校校長,　柳堀隆峰　記す,,Filed: To all teaching staff,Heavenly Host Elementary School,Principal Takamine Yanagihori,,교직원 여러분,텐진 초등학교 교장,야나기호리 타카미네  씀,,全體教職員，　天神小學校校長，　柳堀隆峰　敬上,,,0,0,0,1,0,0,0,0,0,,Translated
328,由香,はぁ、はぁ……！, , ,Yuka,*pant* *gasp* *wheeze*,,,유카,"하아, 하아......!",,,由香,哈啊、哈啊……！,,,1,0,0,1,0,0,0,0,0,,Translated
329,刻命,ヒァー♪　アイゲッチュウ～♪, , ,Kizami,HAHA! GOTCHA!!,,,키자미,히아~♪  아이 겟츄~♪,,,刻命,嘻～♪　抓到妳了～♪,,,1,41,7,1,0,0,0,0,0,,Translated
330,由香,！！　いや！　いやぁ！　放してください！, , ,Yuka,NOO! NOOOO!! NOOOOOO!! LET ME GOOOO!!,,,유카,!!  싫어!  싫어어!  놔줘요!,,,由香,！！　不要！　不要啊！　放開我！,,,1,239,28,1,0,0,0,0,0,,Translated
331,刻命,……生きているウサギは、五月蝿（うるさ）いな。, , ,Kizami,Live rabbits...are so very noisy...,,,키자미,"...... 살아있는 토끼는, 시끄럽구나.",,,刻命,……活著的兔子，真是吵鬧呢。,,,1,42,7,1,0,0,0,0,0,,Translated
332,哲志,由香を探して校舎内を彷徨い……, , ,Satoshi,"(We wandered the halls for a while, searching for",any sign of Yuka.),,사토시,유카를 찾아 교사 안을 방황하다......,,,哲志,在校舍內徘徊尋找由香……,,,1,18,17,1,0,0,0,0,0,,Translated
333,哲志,俺たちは、別館への通路が開いているのを発見した。, , ,Satoshi,"(In doing so, we found that the path leading to",the second building had finally opened itself,back up again.),사토시,우리는 별관으로 가는 통로가 열려 있는 것을 발견했다.,,,哲志,我們發現了通往別館的通道打開了。,,,1,19,17,1,0,0,0,0,0,,Translated
334,直美,本当だ……　あっちにも校舎……怖い。, , ,Naomi,You weren't kidding. A whole other wing...,It's kind of...terrifying...,,나오미,정말이네...... 저기에도 교사가...... 무서워.,,,直美,真的耶……　那邊也有校舍……好可怕。,,,1,109,12,1,0,0,0,0,0,,Translated
335,哲志,直美、大丈夫か？　俺も怖いけど……, , ,Satoshi,"Will you be all right in there, Naomi?","I mean, I'm scared too, but still...",,사토시,"나오미, 괜찮아?  나도 무섭지만......",,,哲志,直美，妳還好嗎？　我也很害怕……,,,1,20,17,1,0,0,0,0,0,,Translated
336,直美,……うん……, , ,Naomi,I'll be okay.,,,나오미,...... 응......,,,直美,……嗯……,,,1,110,12,1,0,0,0,0,0,,Translated
337,哲志,大丈夫だ、二人でいれば、何とかなる。, , ,Satoshi,I'm sure everything's going to be fine. As long as,"the two of us stick together, we'll manage.",,사토시,"괜찮아, 둘이 있으면 어떻게든 될 거야.",,,哲志,沒事的，只要兩個人在一起，總會有辦法的。,,,1,21,17,1,0,0,0,0,0,,Translated
338,直美,……だね……, , ,Naomi,Yeah. We will.,,,나오미,...... 그래......,,,直美,……也是……,,,1,111,12,1,0,0,0,0,0,,Translated
339,直美,（『二人でいれば』……また後悔が襲ってきて、,　あたしの心を捻じりあげる）, ,Naomi,"('As long as the two of us stick together,' huh...","There's that tinge of regret again, boring into my",heart like a drill...),나오미,(『둘이 있으면』 ...... 또 다시 후회가 엄습하여,내 마음을 쥐어짠다),,直美,（『只要兩個人在一起』……後悔再次襲來，,擰緊了我的心）,,1,112,12,1,0,0,0,0,0,,Translated
340,世以子,『人の気持ちも知らないで！』, , ,Seiko,'You don't care about anyone's feelings,but your own!',,세이코,『사람 마음도 몰라주고!』,,,世以子,『你根本不懂別人的心情！』,,,1,58,20,1,0,0,0,0,0,,Translated
341,直美,（世以子の最後の言葉が、耳から離れない）, , ,Naomi,(Seiko's last words still echoed in my ears as if,I'd only just now heard them spoken.),,나오미,"(세이코의 마지막 말이, 귀에서 떠나질 않아)",,,直美,（世以子的最後一句話，在耳邊縈繞不去）,,,1,113,12,1,0,0,0,0,0,,Translated
342,哲志,『直美……大丈夫だ。お前のせいじゃない』, , ,Satoshi,'Naomi... It's all right. It's not your fault.', ,,사토시,『나오미...... 괜찮아. 네 탓이 아냐』,,,哲志,『直美……沒事的。不是妳的錯』,,,1,22,17,1,0,0,0,0,0,,Translated
343,直美,（元気付けてくれた哲志には、ああ言ったけど）, , ,Naomi,(Satoshi did everything he could to make me feel,better...),,나오미,"(격려를 해준 사토시에게는, 그렇게 말했지만)",,,直美,（雖然對安慰我的哲志這麼說了）,,,1,114,12,1,0,0,0,0,0,,Translated
344,直美,（靴も揃えて置いてあったし、あれは自殺で）, , ,Naomi,(...but it's obvious what happened. Her shoes were,so neatly lined up in front of that stall... She,knew what she was doing. It was clearly suicide.),나오미,"(신발도 잘 벗어서 놔뒀으니, 그건 자살이고)",,,直美,（鞋子也整齊地擺放著，那是自殺）,,,1,115,12,1,0,0,0,0,0,,Translated
345,直美,（きっかけはきっと、あたしの八つ当たりに違いない）, , ,Naomi,(And I drove her to it. My angry outburst resulted,in my best friend killing herself.),,나오미,"(그 계기는 분명, 내 분풀이임에 틀림없어)",,,直美,（起因一定是我的遷怒）,,,1,117,12,1,0,0,0,0,0,,Translated
346,直美,（絶対そうだ。きっとそうだ）, , ,Naomi,(What else could it have been?),,,나오미,(그래. 분명 그거야),,,直美,（絕對是這樣。一定是這樣）,,,1,118,12,1,0,0,0,0,0,,Translated
347,直美,（世以子、絶対あたしに……怒ってる）, , ,Naomi,"(Wherever she is right now, Seiko...is furious with",me. She has to be!),,나오미,(세이코는 나한테...... 화가 난 거야),,,直美,（世以子，絕對在生我的氣……）,,,1,119,12,1,0,0,0,0,0,,Translated
348,直美,……由香ちゃん、きっと見つけてあげるからね……, , ,Naomi,Don't worry. We'll find Yuka. I know we will.,,,나오미,"...... 유카, 꼭 찾아 줄게......",,,直美,……由香，我一定會找到她的……,,,1,126,12,1,0,0,0,0,0,,Translated
349,哲志・直美・由香,ッ！,きゃぁーーっ！,きゃーーーーっ！！,"Satoshi, Naomi & Yuka",- Agh!,- Eyaaagh!!,- Eeeek!!,사토시·나오미·유카,윽!?,꺄아~~!,꺄악~~~~!!,哲志・直美・由香,！,呀～～！,呀～～～～！！,1,0,0,1,0,0,0,0,0,,Translated
350,由香,あぁ……あぁ……あぁ……！, , ,Yuka,*whimper*,,,유카,아아...... 아아...... 아아......!,,,由香,啊……啊……啊……！,,,1,0,0,1,0,0,0,7,0,,Translated
351,直美,な……なに？！　何なの、あれ……！？, , ,Naomi,Wh-What the hell did we just see?!,,,나오미,"뭐...... 뭐야?!  뭐야, 저건......!?",,,直美,什……什麼？！　那是什麼……！？,,,1,0,0,1,0,0,0,0,0,,Translated
352,哲志,校舎の屋上から飛び降りて……！,おそらく、天神小学校の校長だな……, ,Satoshi,He leaped from the roof of the building...,so I'm guessing that was the principal of,Heavenly Host.,사토시,교사 옥상에서 떨어졌어......!,아마 텐진초등학교 교장이겠지......,,哲志,從校舍屋頂跳下來……！,恐怕是天神小學校的校長吧……,,1,244,17,1,0,0,0,0,0,,Translated
353,哲志,うっ…………？！, , ,Satoshi,Huh?!,,,사토시,윽............?!,,,哲志,嗚…………？！,,,1,0,0,1,0,0,0,7,0,,Translated
354,直美,やだっ……！, , ,Naomi,"Oh, God!",,,나오미,싫어......!,,,直美,不要……！,,,1,37,13,1,0,0,0,0,0,,Translated
355,哲志,くっ……由香、見るな。, , ,Satoshi,Yuka! Don't look!,,,사토시,"큭...... 유카, 보지 마.",,,哲志,可惡……由香，不要看。,,,1,245,17,1,0,0,0,0,0,,Translated
356,由香,ううううぅ～, , ,Yuka,*sob*,,,유카,우우우우우~,,,由香,嗚嗚嗚嗚～,,,1,79,29,1,0,0,0,0,0,,Translated
357,直美,……これって……, , ,Naomi,Is it just...?,,,나오미,...... 이건......,,,直美,……這是……,,,1,38,13,1,0,0,0,0,0,,Translated
358,哲志,ああ……。成仏できないから……何度も何度も、,死に続けているんだ。, ,Satoshi,Yeah. I doubt he can ever find rest after what,"he did, so he's just reliving his death over",and over again.,사토시,그래...... 성불하지 못해서...... 몇 번이고 몇 번이고,죽는 거야.,,哲志,是啊……。因為無法成佛……所以一次又一次地，,不斷重複著死亡。,,1,246,17,1,0,0,0,0,0,,Translated
359,直美,……なんてこと……！, , ,Naomi,That's horrible!,,,나오미,...... 그건 무슨......!,,,直美,……怎麼會……！,,,1,39,13,1,0,0,0,0,0,,Translated
360,哲志,……！　あれは……何だ？, , ,Satoshi,Wait... What's that?,,,사토시,......!  저건...... 뭐지?,,,哲志,……！　那是……什麼？,,,1,247,17,1,0,0,0,0,0,,Translated
361,直美,……鍵みたいに見えるけど……, , ,Naomi,Looks like a key...,,,나오미,...... 열쇠 같은 게 보이는데......,,,直美,……看起來像鑰匙……,,,1,40,13,1,0,0,0,0,0,,Translated
362,哲志,ああ、どこかの鍵だな……,……取って来る。, ,Satoshi,Yeah...but a key to what?,...I'm gonna go get it.,,사토시,"아아, 어딘가의 열쇠 같은데......",...... 가져 올게.,,哲志,嗯，是哪裡的鑰匙吧……,……我去拿。,,1,248,17,1,0,0,0,0,0,,Translated
363,直美,あぶないよ、やめて！, , ,Naomi,Don't! It's too dangerous!,,,나오미,"위험해, 그만둬!",,,直美,太危險了，不要！,,,1,41,13,1,0,0,0,0,0,,Translated
364,哲志,大丈夫だ、……慎重に行く。, , ,Satoshi,"I'll be all right. I'll wait for my chance, then",rush in and take it.,,사토시,괜찮아...... 신중하게 갈게.,,,哲志,沒事的，……我會小心。,,,1,249,17,1,0,0,0,0,0,,Translated
365,哲志,く……, , ,Satoshi,Urgh...,,,사토시,크......,,,哲志,可……,,,1,250,17,1,0,0,0,0,0,,Translated
366,哲志,取れたぞ……！　なんだ？,小さいな、この鍵……机か何かのか？, ,Satoshi,Got it!,"What the...? Man, it's a lot smaller than it looked",from back there. Is it to a desk or something?,사토시,잡았어......!  뭐지?,"이 열쇠, 작은데...... 책상 서랍 열쇠인가?",,哲志,拿到了……！　什麼？,真小啊這鑰匙……是書桌或什麼的嗎？,,1,251,17,1,0,0,0,0,0,,Translated
367,,校長室の鍵　を取りました。, , ,,Acquired [Principal's Key].,,,,교장실 열쇠를 얻었습니다.,,,,取得了校長室的鑰匙。,,,0,0,0,1,0,0,0,0,0,,Translated
368,直美,うん……哲志、早く……戻って来て！, , ,Naomi,"Okay, you got it. Now get back here, Satoshi!",,,나오미,"응...... 사토시, 빨리...... 돌아와!",,,直美,嗯……哲志，快點……回來！,,,1,42,13,1,0,0,0,0,0,,Translated
369,哲志,……っ！？, , ,Satoshi,...?!,,,사토시,...... 윽!?,,,哲志,……！？,,,1,0,0,1,0,0,1,6,0,,Translated
370,あゆみ,……, , ,Ayumi,...,,,아유미,......,,,あゆみ,……,,,1,1,3,1,0,0,0,0,0,,Translated
371,あゆみ,七星さんも、鬼碑忌先生もはっきりと,ここに“来た”って言っている……, ,Ayumi,Kibiki's choice of words in this article suggests,he came here of his own volition. Naho made it,"sound the same way for her, too.",아유미,나호 씨도 키비키 선생님도 분명,여기에 “왔다”고 했어......,,あゆみ,七星小姐和鬼碑忌老師都清楚地,說過自己「來」到了這裡……,,1,2,3,1,0,0,0,0,0,,Translated
372,あゆみ,青い霊魂の話では、児童霊の呪いで,『監禁されている』って事だったし。, ,Ayumi,Then there's that first blue ghost we spoke with.,He said we were all trapped here by the curse of,the children...,아유미,"파란 영혼의 얘기로는, 아동 유령의 저주로",『감금당했다』고 했고.,,あゆみ,藍色靈魂的說法是，因為兒童靈的詛咒,而被『監禁』了。,,1,3,3,1,0,0,0,0,0,,Translated
373,あゆみ,児童……ゆきちゃんの霊は,『連れて来ている』のは自分達じゃないって。, ,Ayumi,But the little girl...Yuki...,She said she wasn't responsible.,,아유미,아동...... 유키의 유령은,『데리고 오는』 건 자기들이 아니라고 했고.,,あゆみ,兒童……由紀的靈魂說，,『帶來』的並不是她們。,,1,4,3,1,0,0,0,0,0,,Translated
374,あゆみ,だったら……やっぱり“幸せのサチコさん”,に失敗したからだわ。, ,Ayumi,So that leaves only one possible explanation.,We're here...because we flubbed the Sachiko,Ever After charm.,아유미,그렇다면...... 역시 “행복을 부르는 사치코씨”를,실패했기 때문이야.,,あゆみ,那麼……果然是因為「招來幸福的サチコ小姐」,失敗了的緣故。,,1,5,3,1,0,0,0,0,0,,Translated
375,あゆみ,私達がここに連れて来られたのは、,サチコさんを怒らせたせい……, ,Ayumi,The sole reason we're all being put through this,hell...is because we angered Sachiko!,,아유미,우리가 여기에 오게 된 건,사치코씨를 화나게 한 탓......,,あゆみ,我們會被帶到這裡來，,是因為惹怒了サチコ小姐……,,1,6,3,1,0,0,0,0,0,,Translated
376,あゆみ,……っ。　あのとき、ちゃんと七星さんの,ブログの指示通りに、, ,Ayumi,If only...I'd paid more attention to Naho's blog,entry...,,아유미,...... 윽.  그때 나호 씨의,블로그에 나온 대로,,あゆみ,……。要是那時候，有好好按照七星小姐,部落格上的指示，,,1,7,3,1,0,0,0,0,0,,Translated
377,あゆみ,おまじないに成功していれば……, , ,Ayumi,If only we'd performed the charm successfully...,,,아유미,주술에 성공했다면......,,,あゆみ,如果詛咒成功的話……,,,1,8,3,1,0,0,0,0,0,,Translated
378,あゆみ,私は……　私はただ……！, , ,Ayumi,I... I just...,,,아유미,나는...... 나는 그저......!,,,あゆみ,我……　我只是……！,,,1,9,3,1,0,0,0,0,0,,Translated
379,あゆみ,みんなずっと一緒に……友達でいられると,思ったから……！, ,Ayumi,...I just thought...that we could be friends,forever...,,아유미,모두 함께 줄곧...... 친구로 있고,싶어서......!,,あゆみ,想著大家可以一直在一起……永遠是朋友……！,,,1,10,3,1,0,0,0,0,0,,Translated
380,あゆみ,まさかこんなに失敗リスクが高いなんて、,思うわけないじゃない……, ,Ayumi,How was I supposed to know something this horrible,would happen if we failed?!,,아유미,설마 실패의 리스크가 이렇게 클 줄은,생각도 못했는데......,,あゆみ,誰會想到失敗的風險這麼高啊……,,,1,11,3,1,0,0,0,0,0,,Translated
381,あゆみ,ただのおまじないで普通じゃないよ！,……こんな……こんな事になるなんて, ,Ayumi,"What the hell kind of charm has a risk like that,",anyway?! In all my time dealing with this stuff...,I've never...,아유미,그냥 주술인데 보통이 아냐!,...... 이렇게...... 이렇게 되다니,,あゆみ,只是個詛咒而已太不正常了！,……竟然會……變成這樣,,1,12,3,1,0,0,0,0,0,,Translated
382,あゆみ,うう……みんな……みんな、ごめん……, , ,Ayumi,*hic* God... You're supposed to be my friends...,"I'm... I'm so sorry, everyone...",,아유미,"우우...... 얘들아...... 얘들아, 미안......",,,あゆみ,嗚嗚……大家……大家，對不起……,,,1,13,3,1,0,0,0,0,0,,Translated
383,あゆみ,鈴本さん……篠原さん……！　ううう……, , ,Ayumi,Suzumoto... Shinohara...,*sob*,,아유미,스즈모토...... 시노하라......!  우우우......,,,あゆみ,鈴本同學……篠原同學……！　嗚嗚……,,,1,14,3,1,0,0,0,0,0,,Translated
384,あゆみ,私……私のせいだぁ……　……うあああー……, , ,Ayumi,It's... It's all my fault...,It's because of...me...,*sob*,아유미,나...... 나 때문이야......  ...... 우아아아~ ......,,,あゆみ,我……是我的錯……　……嗚啊啊……,,,1,15,3,1,0,0,0,0,0,,Translated
385,あゆみ,ううううーっ……, , ,Ayumi,*sob* *wail*,,,아유미,우우우우~ ......,,,あゆみ,嗚嗚嗚嗚～……,,,1,16,3,1,0,0,0,0,0,,Translated
386,良樹,あの死んだ魚みたいな目した女子、,師匠なんていたのか。, ,Yoshiki,I didn't realize that girl with the dead fish eyes,had a mentor...,,요시키,그 죽은 생선 같은 눈이던 여자,스승이라고 했던가.,,良樹,那個眼神像死魚一樣的女生，,還有師父這種人啊。,,1,52,25,1,0,0,0,0,0,,Translated
387,あゆみ,七星さんも、鬼碑忌先生もはっきりと、,ここに“来た”って言っている……, ,Ayumi,Kibiki's choice of words in this article suggests,he came here of his own volition. Naho made it,"sound the same way for her, too.",아유미,나호 씨도 키비키 선생님도 분명,여기에 “왔다”고 했어......,,あゆみ,七星小姐和鬼碑忌老師都清楚地,說過自己「來」到了這裡……,,1,2,3,1,0,0,0,0,0,,Translated
388,あゆみ,青い霊魂の話では、児童霊の呪いで,『監禁されている』って事だったし, ,Ayumi,Then there's that first blue ghost we spoke with.,He said we were all trapped here by the curse of,the children...,아유미,"파란 영혼의 얘기로는, 아동 유령의 저주로",『감금당했다』고 했고.,,あゆみ,藍色靈魂的說法是，因為兒童靈的詛咒,而被『監禁』了。,,1,3,3,1,0,0,0,0,0,,Translated
389,あゆみ,児童……ゆきちゃんの霊は,『連れて来ている』のは自分達じゃないって。, ,Ayumi,But the little girl...Yuki...,She said she wasn't responsible.,,아유미,아동...... 유키의 유령은,『데리고 오는』 건 자기들이 아니라고 했고.,,あゆみ,兒童……由紀的靈魂說，,『帶來』的並不是她們。,,1,4,3,1,0,0,0,0,0,,Translated
390,あゆみ,だったら……やっぱり“幸せのサチコさん”に,失敗したからだわ。, ,Ayumi,So that leaves only one possible explanation.,We're here...because we flubbed the Sachiko,Ever After charm.,아유미,그렇다면...... 역시 “행복을 부르는 사치코씨”를,실패했기 때문이야.,,あゆみ,那麼……果然是因為「招來幸福的サチコ小姐」,失敗了的緣故。,,1,5,3,1,0,0,0,0,0,,Translated
391,あゆみ,私達がここに連れて来られたのは、,サチコさんを怒らせたせい……, ,Ayumi,The sole reason we're all being put through this,hell...is because we angered Sachiko!,,아유미,우리가 여기에 오게 된 건,사치코씨를 화나게 한 탓......,,あゆみ,我們會被帶到這裡來，,是因為惹怒了サチコ小姐……,,1,6,3,1,0,0,0,0,0,,Translated
392,あゆみ,……っ。あのとき、ちゃんと七星さんの,ブログの指示通りに、, ,Ayumi,If only...I'd paid more attention to Naho's blog,entry...,,아유미,...... 윽.  그때 나호 씨의,블로그에 나온 대로,,あゆみ,……。要是那時候，有好好按照七星小姐,部落格上的指示，,,1,7,3,1,0,0,0,0,0,,Translated
393,あゆみ,おまじないに成功していれば……, , ,Ayumi,If only we'd performed the charm successfully...,,,아유미,주술에 성공했다면......,,,あゆみ,如果詛咒成功的話……,,,1,8,3,1,0,0,0,0,0,,Translated
394,良樹,……篠崎……, , ,Yoshiki,Shinozaki...,,,요시키,...... 시노자키......,,,良樹,……篠崎……,,,1,53,25,1,0,0,0,0,0,,Translated
395,あゆみ,私は……　私はただ……！, , ,Ayumi,I... I just...,,,아유미,나는...... 나는 그저......!,,,あゆみ,我……　我只是……！,,,1,9,3,1,0,0,0,0,0,,Translated
396,あゆみ,みんなずっと一緒に……友達でいられると,思ったから……！, ,Ayumi,...I just thought...that we could be friends,forever...,,아유미,모두 함께 줄곧...... 친구로 있고,싶어서......!,,あゆみ,想著大家可以一直在一起……永遠是朋友……！,,,1,10,3,1,0,0,0,0,0,,Translated
397,あゆみ,まさかこんなに失敗リスクが高いなんて、,思うわけないじゃない……, ,Ayumi,How was I supposed to know something this horrible,would happen if we failed?!,,아유미,설마 실패의 리스크가 이렇게 클 줄은,생각도 못했는데......,,あゆみ,誰會想到失敗的風險這麼高啊……,,,1,11,3,1,0,0,0,0,0,,Translated
398,あゆみ,ただのおまじないで普通じゃないよ！,……こんな……こんな事になるなんて, ,Ayumi,"What the hell kind of charm has a risk like that,",anyway?! In all my time dealing with this stuff...,I've never...,아유미,그냥 주술인데 보통이 아냐!,...... 이렇게...... 이렇게 되다니,,あゆみ,只是個詛咒而已太不正常了！,……竟然會……變成這樣,,1,12,3,1,0,0,0,0,0,,Translated
399,良樹,篠崎、抱え込むな。,こんなもん、誰が予測できるっていうんだ。, ,Yoshiki,"Don't beat yourself up, Shinozaki. This came out of",left field. None of us could've possibly known!,,요시키,"시노자키, 혼자 떠안지 마.","이런 거, 누가 예상이나 했겠어.",,良樹,篠崎，別一個人扛著。,這種事，誰能預料得到啊。,,1,54,25,1,0,0,0,0,0,,Translated
400,あゆみ,うう……みんな……　みんな、ごめん……, , ,Ayumi,*hic* God... You're supposed to be my friends...,"I'm... I'm so sorry, everyone...",,아유미,"우우...... 얘들아...... 얘들아, 미안......",,,あゆみ,嗚嗚……大家……大家，對不起……,,,1,13,3,1,0,0,0,0,0,,Translated
401,あゆみ,鈴本さん……篠原さん……！　ううう……, , ,Ayumi,Suzumoto... Shinohara...,*sob*,,아유미,스즈모토...... 시노하라......!  우우우......,,,あゆみ,鈴本同學……篠原同學……！　嗚嗚……,,,1,14,3,1,0,0,0,0,0,,Translated
402,あゆみ,私……私のせいだぁ……　……うあああー……, , ,Ayumi,It's... It's all my fault...,It's because of...me...,*sob*,아유미,나...... 나 때문이야......  ...... 우아아아~ ......,,,あゆみ,我……是我的錯……　……嗚啊啊……,,,1,15,3,1,0,0,0,0,0,,Translated
403,あゆみ,ううううーっ……, , ,Ayumi,*sob* *wail*,,,아유미,우우우우~ ......,,,あゆみ,嗚嗚嗚嗚～……,,,1,16,3,1,0,0,0,0,0,,Translated
404,良樹,篠崎……, , ,Yoshiki,Shinozaki...,,,요시키,시노자키......,,,良樹,篠崎……,,,1,55,25,1,0,0,0,0,0,,Translated
405,,■猟奇実話ルポ・実在する呪われた学校の,過去を追った！　３,　　　　　　　　　　　　　　鬼碑忌コウ,,[Strange But True: Stories of the Occult],Chasing Down the Hidden Past of the Cursed School,Building - part 3                 by Kou Kibiki,,■ 엽기 실화 르포,실재하는 저주받은 학교의 과거를 파헤친다!  3,                                        키비키 코우,,■獵奇實錄報導・追蹤真實存在的被詛咒學校的,過去！　３,　　　　　　　　　　　　　　鬼碑忌光,0,0,0,1,0,0,0,0,0,,Translated
406,鬼碑忌,大変な事になってしまった！, , ,Kibiki,"Things have taken a truly frightful turn, dear",readers!,,키비키,큰일이 벌어졌다!,,,鬼碑忌,事情變得很嚴重了！,,,1,116,6,1,0,0,0,0,0,,Translated
407,鬼碑忌,私は今、オカルト研究の歴史が一変する、,世紀の瞬間に立ち会っている。, ,Kibiki,I stand now at the brink of a new age for the occult,world. Nothing will ever be the same again.,,키비키,나는 지금 오컬트 연구 역사가 일변할,세기의 순간을 마주하고 있다.,,鬼碑忌,我現在，正見證著超自然研究歷史即將改變的,世紀瞬間。,,1,117,6,1,0,0,0,0,0,,Translated
408,鬼碑忌,今私が何処にいるか。説明をして、,果して読者諸氏にはご理解頂けるだろうか。, ,Kibiki,I wonder if it will even be possible to convey in,words the significance of where I'm standing at,this very moment...,키비키,지금 내가 어디에 있는지 설명한다면,독자들은 과연 이해할 수 있을까.,,鬼碑忌,我現在身在何處。即使說明了，,讀者諸位能夠理解嗎。,,1,118,6,1,0,0,0,0,0,,Translated
409,鬼碑忌,驚くなかれ。私は今、“呪われた学び舎”,……天神小学校、その校舎の中にいるのだ……！, ,Kibiki,"Prepare yourselves for a report unlike any other,",for I am presently within the accursed school,building -- inside Heavenly Host Elementary!,키비키,놀라지 마시라. 나는 지금 “저주받은 배움터”,"...... 텐진초등학교, 그 교사 안에 있다......!",,鬼碑忌,切勿驚訝。我現在，就在「被詛咒的學舍」,……天神小學校，那棟校舍之中……！,,1,119,6,1,0,0,0,0,0,,Translated
410,鬼碑忌,私の有能なる助手、読者にも恐らく名の知れた,冴之木七星君, ,Kibiki,"And it's all thanks to my highly skilled protege,",Naho Saenoki. Many of you may know the name.,,키비키,"내 유능한 조수, 독자에게도 널리 알려진",사에노키 나호 군,,鬼碑忌,我優秀的助手，讀者們想必也聽過名字的,冴之木七星小姐，,,1,120,6,1,0,0,0,0,0,,Translated
411,鬼碑忌,霊界に精通している彼女の心霊調査により、,明らかになった……, ,Kibiki,"She has the ability to commune with spirits, and",it's through these connections that a way has been,devised --,키비키,영계에 정통한 그녀의 심령조사를 통해,밝혀진......,,鬼碑忌,透過她精通靈界的靈異調查，,已經查明瞭……,,1,121,6,1,0,0,0,0,0,,Translated
412,鬼碑忌,霊場との接触方法がある。, , ,Kibiki,A means of accessing this sacred ground.,,,키비키,영자장과의 접촉 방법이 있다.,,,鬼碑忌,與靈場接觸的方法。,,,1,122,6,1,0,0,0,0,0,,Translated
413,鬼碑忌,私は、もう一人の助手、カメラマンの田久地君と,二人でその方法を行い……, ,Kibiki,"Together with my faithful cameraman, Taguchi, I have",made use of this method to see these cursed halls,with my own eyes.,키비키,"나는 또 하나의 조수, 카메라맨 타구치 군과 함께",그 방법을 행하여......,,鬼碑忌,我和另一位助手，攝影師田久地君,兩人一起實行了那個方法……,,1,123,6,1,0,0,0,0,0,,Translated
414,鬼碑忌,既に存在しない学校に……,生きた人間としての禁忌（きんき）に、,足を踏み入れた。,Kibiki,I have set foot into a school building that should,no longer exist...a forbidden land of the dead...,,키비키,이미 존재하지 않는 학교에......,살아있는 인간의 금기에,발을 들였다.,鬼碑忌,踏入了已經不存在的學校……,作為活生生的人類的禁忌……,,1,124,6,1,0,0,0,0,0,,Translated
415,鬼碑忌,このまま、記事と共に映像も残そうと思う。,先ずは手当たり次第に調査する。, ,Kibiki,"In addition to this article, Taguchi and I will also",be capturing ample video footage. We have no clear,"plan of attack, so we'll simply explore and record.",키비키,기사와 함께 영상도 고스란히 남기고자 한다.,일단은 닥치는 대로 조사할 예정이다.,,鬼碑忌,我想就這樣，連同文章一起留下影像。,總之先到處調查。,,1,125,6,1,0,0,0,0,0,,Translated
416,鬼碑忌,次回記事にて、我々がどうなっているのか……？,この学校の真相が解けるのか？, ,Kibiki,What will become of us in these dilapidated halls?,What secrets will we uncover? Will we be able to,learn the truth of what happened here?,키비키,우리는 다음 기사에서 어떻게 되어 있을까......?,과연 이 학교의 진상을 풀 수 있을 것인가?,,鬼碑忌,下一篇報導中，我們會變得如何呢……？,能解開這所學校的真相嗎？,,1,126,6,1,0,0,0,0,0,,Translated
417,鬼碑忌,私も、非常に楽しみで仕方がない。,こうなったらとことん行く。, ,Kibiki,"It may seem odd in such macabre surroundings, but",I can't help feeling excited about what awaits us.,"Surely, dear readers, you can relate!",키비키,나도 매우 기대가 되어 참을 수가 없다.,이렇게 된 이상 끝까지 가겠다.,,鬼碑忌,我自己也覺得非常期待。,既然這樣就要徹底走下去。,,1,127,6,1,0,0,0,0,0,,Translated
418,鬼碑忌,期待して待っていて欲しい。,一度ここで筆を置く。, ,Kibiki,I sincerely hope you will be anticipating my next,"installment with bated breath. For now, however,",I must put down my pen.,키비키,기대하기 바란다.,일단 여기에서 펜을 놓는다.,,鬼碑忌,請期待著等待吧。,暫且在此擱筆。,,1,128,6,1,0,0,0,0,0,,Translated
419,鬼碑忌,私自らが証拠を携えて、,霊界と通じる生き証人になってみせよう。, ,Kibiki,There is work to be done. I must gather evidence,"of this remarkable excursion, for soon I shall be",regarded as a living witness to the dead!,키비키,내가 몸소 증거를 찾아내,영계와 통하는 산증인이 될 것이다.,,鬼碑忌,我將親自攜帶證據，,成為與靈界相通的活證人。,,1,129,6,1,0,0,0,0,0,,Translated
420,あゆみ,七星さんの師匠……オカルト作家兼、, , ,Ayumi,"Naho's mentor, the occult writer...",,,아유미,나호 씨의 스승...... 오컬트 작가 겸,,,あゆみ,七星小姐的師父……超自然作家兼，,,,1,252,2,1,0,0,0,0,0,,Translated
421,あゆみ,猟奇事件ルポライターの鬼碑忌先生も, , ,Ayumi,Kou Kibiki. Investigative reporter -- inasmuch as,"you can call someone that at a spook mag, anyway.",,아유미,엽기 사건 르포 라이터인 키비키 선생님도,,,あゆみ,獵奇事件報導作家鬼碑忌老師也，,,,1,253,2,1,0,0,0,0,0,,Translated
422,あゆみ,本当にここに来ていたんだわ……, , ,Ayumi,Guess he's in here somewhere too...,,,아유미,정말로 여기에 왔었구나......,,,あゆみ,真的來過這裡啊……,,,1,254,2,1,0,0,0,0,0,,Translated
423,あゆみ,いやな言い方だけれど、七星さんの方が,売れっ子になっていたし, ,Ayumi,"Don't want to speak ill of him, but he always seemed",to think of Naho as his cash cow.,,아유미,"이런 말은 좀 그렇지만, 나호 씨가",훨씬 인기가 많아서,,あゆみ,雖然這樣說不太好，但七星小姐,已經更紅了，,,1,255,2,1,0,0,0,0,0,,Translated
424,あゆみ,起死回生を狙って、特ダネを掴みにここに来たのね。, , ,Ayumi,He obviously came here solely to get his hands on,"a big scoop. That man would wake the dead, if he",could write about it afterward...,아유미,기사회생을 위한 소재를 찾아 여기로 온 거였어.,,,あゆみ,他是為了孤注一擲，來這裡搶獨家新聞的吧。,,,1,0,3,1,0,0,0,0,0,,Translated
425,,鬼碑忌レポート３を読みますか？, , ,,"There's a manuscript here, for a publication",called [Strange But True: Stories of the Occult].,It's a followup to a previous report. Read it?,,키비키 레포트 3을 보겠습니까?,,,,要閱讀鬼碑忌報導３嗎？,,,0,0,0,1,0,0,0,0,0,,Translated
426,,読む,読まない,,,Yes,No,,,읽는다,읽지 않는다,,,閱讀,不閱讀,,0,255,255,255,255,255,255,255,255,,Translated
427,,■猟奇実話ルポ・実在する呪われた学校の,過去を追った！　３,　　　　　　　　　　　　　　鬼碑忌コウ,,[Strange But True: Stories of the Occult],Chasing Down the Hidden Past of the Cursed School,Building - part 3                 by Kou Kibiki,,■ 엽기 실화 르포,실재하는 저주받은 학교의 과거를 파헤친다!  3,키비키 코우,,■獵奇實錄報導・追蹤真實存在的被詛咒學校的,過去！　３,　　　　　　　　　　　　　　鬼碑忌光,0,0,0,1,0,0,0,0,0,,Translated
428,鬼碑忌,大変な事になってしまった！, , ,Kibiki,"Things have taken a truly frightful turn, dear",readers!,,키비키,큰일이 벌어졌다!,,,鬼碑忌,事情變得很嚴重了！,,,1,116,6,1,0,0,0,0,0,,Translated
429,鬼碑忌,私は今、オカルト研究の歴史が一変する、,世紀の瞬間に立ち会っている。, ,Kibiki,I stand now at the brink of a new age for the occult,world. Nothing will ever be the same again.,,키비키,나는 지금 오컬트 연구 역사가 일변할,세기의 순간을 마주하고 있다.,,鬼碑忌,我現在，正見證著超自然研究歷史即將改變的,世紀瞬間。,,1,117,6,1,0,0,0,0,0,,Translated
430,鬼碑忌,今私が何処にいるか。説明をして、,果して読者諸氏にはご理解頂けるだろうか。, ,Kibiki,I wonder if it will even be possible to convey in,words the significance of where I'm standing at,this very moment...,키비키,지금 내가 어디에 있는지 설명한다면,독자들은 과연 이해할 수 있을까.,,鬼碑忌,我現在身在何處。即使說明了，,讀者諸位能夠理解嗎。,,1,118,6,1,0,0,0,0,0,,Translated
431,鬼碑忌,驚くなかれ。私は今、“呪われた学び舎”,……天神小学校、その校舎の中にいるのだ……！, ,Kibiki,"Prepare yourselves for a report unlike any other,",for I am presently within the accursed school,building -- inside Heavenly Host Elementary!,키비키,놀라지 마시라. 나는 지금 “저주받은 배움터”,"...... 텐진초등학교, 그 교사 안에 있다......!",,鬼碑忌,切勿驚訝。我現在，就在「被詛咒的學舍」,……天神小學校，那棟校舍之中……！,,1,119,6,1,0,0,0,0,0,,Translated
432,鬼碑忌,私の有能なる助手、読者にも恐らく名の知れた,冴之木七星君, ,Kibiki,"And it's all thanks to my highly skilled protege,",Naho Saenoki. Many of you may know the name.,,키비키,"내 유능한 조수, 독자에게도 널리 알려진",사에노키 나호 군,,鬼碑忌,我優秀的助手，讀者們想必也聽過名字的,冴之木七星小姐，,,1,120,6,1,0,0,0,0,0,,Translated
433,鬼碑忌,霊界に精通している彼女の心霊調査により、,明らかになった……, ,Kibiki,"She has the ability to commune with spirits, and",it's through these connections that a way has been,devised --,키비키,영계에 정통한 그녀의 심령조사를 통해,밝혀진......,,鬼碑忌,透過她精通靈界的靈異調查，,已經查明瞭……,,1,121,6,1,0,0,0,0,0,,Translated
434,鬼碑忌,霊場との接触方法がある。, , ,Kibiki,A means of accessing this sacred ground.,,,키비키,영자장과의 접촉 방법이 있다.,,,鬼碑忌,與靈場接觸的方法。,,,1,122,6,1,0,0,0,0,0,,Translated
435,鬼碑忌,私は、もう一人の助手、カメラマンの田久地君と,二人でその方法を行い……, ,Kibiki,"Together with my faithful cameraman, Taguchi, I have",made use of this method to see these cursed halls,with my own eyes.,키비키,"나는 또 하나의 조수, 카메라맨 타구치 군과 함께",그 방법을 행하여......,,鬼碑忌,我和另一位助手，攝影師田久地君,兩人一起實行了那個方法……,,1,123,6,1,0,0,0,0,0,,Translated
436,鬼碑忌,既に存在しない学校に……,生きた人間としての禁忌（きんき）に、,足を踏み入れた。,Kibiki,I have set foot into a school building that should,no longer exist...a forbidden land of the dead...,,키비키,이미 존재하지 않는 학교에......,살아있는 인간의 금기에,발을 들였다.,鬼碑忌,踏入了已經不存在的學校……,作為活生生的人類的禁忌……,,1,124,6,1,0,0,0,0,0,,Translated
437,鬼碑忌,このまま、記事と共に映像も残そうと思う。,先ずは手当たり次第に調査する。, ,Kibiki,"In addition to this article, Taguchi and I will also",be capturing ample video footage. We have no clear,"plan of attack, so we'll simply explore and record.",키비키,기사와 함께 영상도 고스란히 남기고자 한다.,일단은 닥치는 대로 조사할 예정이다.,,鬼碑忌,我想就這樣，連同文章一起留下影像。,總之先到處調查。,,1,125,6,1,0,0,0,0,0,,Translated
438,鬼碑忌,次回記事にて、我々がどうなっているのか……？,この学校の真相が解けるのか？, ,Kibiki,What will become of us in these dilapidated halls?,What secrets will we uncover? Will we be able to,learn the truth of what happened here?,키비키,우리는 다음 기사에서 어떻게 되어 있을까......?,과연 이 학교의 진상을 풀 수 있을 것인가?,,鬼碑忌,下一篇報導中，我們會變得如何呢……？,能解開這所學校的真相嗎？,,1,126,6,1,0,0,0,0,0,,Translated
439,鬼碑忌,私も、非常に楽しみで仕方がない。,こうなったらとことん行く。, ,Kibiki,"It may seem odd in such macabre surroundings, but",I can't help feeling excited about what awaits us.,"Surely, dear readers, you can relate!",키비키,나도 매우 기대가 되어 참을 수가 없다.,이렇게 된 이상 끝까지 가겠다.,,鬼碑忌,我自己也覺得非常期待。,既然這樣就要徹底走下去。,,1,127,6,1,0,0,0,0,0,,Translated
440,鬼碑忌,期待して待っていて欲しい。,一度ここで筆を置。く, ,Kibiki,I sincerely hope you will be anticipating my next,"installment with bated breath. For now, however,",I must put down my pen.,키비키,기대하기 바란다.,일단 여기에서 펜을 놓는다.,,鬼碑忌,請期待著等待吧。,暫且在此擱筆。,,1,128,6,1,0,0,0,0,0,,Translated
441,鬼碑忌,私自らが証拠を携えて、,霊界と通じる生き証人になってみせよう。, ,Kibiki,There is work to be done. I must gather evidence,"of this remarkable excursion, for soon I shall be",regarded as a living witness to the dead!,키비키,내가 몸소 증거를 찾아내,영계와 통하는 산증인이 될 것이다.,,鬼碑忌,我將親自攜帶證據，,成為與靈界相通的活證人。,,1,129,6,1,0,0,0,0,0,,Translated
442,良樹,！　お、おい篠崎……　お前、, , ,Yoshiki,"H-Hey, Shinozaki... Ummm...",,,요시키,"!  아, 야 시노자키......  너",,,良樹,！　喂、喂篠崎……　妳，,,,1,29,25,1,0,0,0,0,0,,Translated
443,あゆみ,なに？, , ,Ayumi,What is it?,,,아유미,왜?,,,あゆみ,什麼？,,,1,153,2,1,0,0,0,0,0,,Translated
444,良樹,それ、怪我か？　尻のとこ、血が一杯付いてるぞ。, , ,Yoshiki,Are you...hurt? You've got a whole lot of blood,on your...erm...posterior...,,요시키,"그거, 다친 거야?  엉덩이에 피가 잔뜩 묻어 있는데.",,,良樹,那是受傷嗎？　屁股那裡，沾了好多血。,,,1,30,25,1,0,0,0,0,0,,Translated
445,あゆみ,……！（ビクッ）　あ……　う……うそ, , ,Ayumi,Huh? Wh-Wha... Are you serious?!,,,아유미,......! (깜짝)  아...... 거...... 거짓말,,,あゆみ,……！（驚）　啊……　騙……騙人,,,1,154,2,1,0,0,0,0,0,,Translated
446,良樹,なんか尖った木とかで、傷でもつけたのか？　大丈……, , ,Yoshiki,You scrape your butt on a piece of broken wood or,something? Looks kind of pai--,,요시키,무슨 뾰족한 나무에 찔리기라도 한 거야?  괜찮......,,,良樹,是被尖銳的木頭之類的弄傷了嗎？　還好……,,,1,31,25,1,0,0,0,0,0,,Translated
447,あゆみ,……っるさいな！　もう！,あっち行ってよ！！, ,Ayumi,--Shut the hell up already! Geez!,Just look the other way for a minute!,,아유미,...... 시끄럽네!  진짜!,저리 가!!,,あゆみ,……吵死了！　真是！,滾遠點！！,,1,155,2,1,0,0,0,0,0,,Translated
448,良樹,えっ？, , ,Yoshiki,Huh?!,,,요시키,어?,,,良樹,咦？,,,1,32,25,1,0,0,0,0,0,,Translated
449,あゆみ,アイツほんとデリカシーがないよ！,……ムカツクなぁもう。, ,Ayumi,"God, does that boy have no sense of shame?!",Dammit all...,,아유미,정말 배려심이 없다니까!,...... 열받네 진짜.,,あゆみ,那傢伙真是沒神經！,……真讓人生氣。,,1,156,2,1,0,0,0,0,0,,Translated
450,あゆみ,……どうしよう……カバン持ってないから、,替えようがないし……, ,Ayumi,...What do I do about this?! I don't have my gym,"bag here, so a change of clothes is out of the",question...,아유미,...... 어쩌지...... 가방이 없으니,갈아입을 옷도 없고......,,あゆみ,……怎麼辦……沒有包包，,沒得換……,,1,157,2,1,0,0,0,0,0,,Translated
451,あゆみ,……こんな状態で、持田君やみんなに会いたくない……, , ,Ayumi,I really don't want to meet up with Mochida or the,"others looking like THIS, though...",,아유미,이런 상태로 모치다 군이랑 애들을 보고 싶지는 않아......,,,あゆみ,……這種狀態，不想見到持田同學和大家……,,,1,158,2,1,0,0,0,0,0,,Translated
452,あゆみ,……もぉ……　……もぉ……、もぉ、もぉ、もぉッ！, , ,Ayumi,Goddammit... GoddammitgoddammitgodDAMMIT!!,,,아유미,"...... 진짜......  ...... 진짜......  진짜, 진짜, 진짜!",,,あゆみ,……真是……　……真是……、真是、真是、真是！,,,1,159,2,1,0,0,0,0,0,,Translated
453,あゆみ,いやだッ、もぅ……！　……グスン、グスン, , ,Ayumi,I can't take this anymore! *sob*,,,아유미,"이젠, 싫어......!  ...... 훌쩍, 훌쩍",,,あゆみ,夠了，真是的……！　……吸泣、吸泣,,,1,160,2,1,0,0,0,0,0,,Translated
454,あゆみ,？　何か落ちてる……？, , ,Ayumi,...?,What's that?,,아유미,?  뭔가 떨어져 있어......?,,,あゆみ,？　有什麼掉在地上……？,,,1,161,2,1,0,0,0,0,0,,Translated
455,あゆみ,……！　あれは……如月学園の学生証だ！, , ,Ayumi,Oh my God... It's a student ID from Kisaragi,Academy!,,아유미,......!  저건...... 키사라기 학원 학생증이야!,,,あゆみ,……！　那是……如月學園的學生證！,,,1,162,2,1,0,0,0,0,0,,Translated
456,あゆみ,近くに、誰かいる！, , ,Ayumi,Someone we know must be nearby!,,,아유미,"근처에, 누군가 있어!",,,あゆみ,附近有人！,,,1,163,2,1,0,0,0,0,0,,Translated
457,あゆみ,誰のかな……（ペラッ）……中嶋さんのだ！, , ,Ayumi,I wonder whose it is...,"...Ah, it's Nakashima's!",,아유미,누구 거지...... (펄럭) ...... 나카시마 거다!,,,あゆみ,是誰的呢……（翻）……是中嶋同學的！,,,1,164,2,1,0,0,0,0,0,,Translated
458,あゆみ,サチコさんの切れ端も挟んである！　間違いない！, , ,Ayumi,No mistaking it. It's even still got the scrap of,paper from the Sachiko charm!,,아유미,사치코씨의 조각도 끼워져 있어!  틀림없어!,,,あゆみ,還夾著サチコ小姐的碎片！　不會錯的！,,,1,165,2,1,0,0,0,0,0,,Translated
459,,直美の生徒手帳　を取りました。, , ,,Acquired [Naomi's Student ID].,,,,나오미의 학생 수첩을 얻었습니다.,,,,取得了直美的學生手冊。,,,0,0,0,1,0,0,0,0,0,,Translated
460,良樹,篠崎、どうしたんだよ……　お？,それ……誰の学生証だ？, ,Yoshiki,"Shinozaki, what the hell is taking you so long?!",...Hmm? Is that...someone's student ID?,,요시키,"시노자키, 거기서 뭐......  오?",그건...... 누구 학생증이야?,,良樹,篠崎，妳在幹嘛啊……　哦？,那是……誰的學生證？,,1,33,25,1,0,0,0,0,0,,Translated
461,あゆみ,中嶋さんのよ！　この近くにいるんだ！, , ,Ayumi,It's Nakashima's! She must be somewhere nearby!,,,아유미,나카시마 거야!  이 근처에 있나봐!,,,あゆみ,是中嶋同學的！　她就在這附近！,,,1,166,2,1,0,0,0,0,0,,Translated
462,あゆみ,中嶋さ～ん！　いるの～？　返事して～！, , ,Ayumi,"Nakashima? Are you there?! If you are, please,",answer me!,,아유미,나카시마~!  있어~?  대답해~!,,,あゆみ,中嶋～！　妳在嗎～？　回答我～！,,,1,167,2,1,0,0,0,0,0,,Translated
463,あゆみ,…………, , ,Ayumi,...,,,아유미,............,,,あゆみ,…………,,,1,168,2,1,0,0,0,0,0,,Translated
464,良樹,中嶋ァーーーーッ！, , ,Yoshiki,Nakashimaaaa!,,,요시키,나카시마아~~~~!,,,良樹,中嶋～～～～！,,,1,34,25,1,0,0,0,0,0,,Translated
465,良樹,……聞こえてねぇのかな？, , ,Yoshiki,...Guess she's not THAT nearby...,,,요시키,...... 안 들리나?,,,良樹,……聽不到嗎？,,,1,35,25,1,0,0,0,0,0,,Translated
466,あゆみ,探そう、きっと近くにいるよ。, , ,Ayumi,Let's look for her. She can't be far!,,,아유미,"찾아보자, 분명 이 근처에 있을 거야.",,,あゆみ,找找看吧，一定就在附近。,,,1,169,2,1,0,0,0,0,0,,Translated
467,あゆみ,怖い　怖い　怖い……, , ,Ayumi,I'm scared... I'm scared... I'm scared!,,,아유미,무서워  무서워  무서워......,,,あゆみ,好可怕　好可怕　好可怕……,,,1,170,2,1,0,0,0,0,0,,Translated
468,あゆみ,どうして私……　来ちゃったんだろ。, , ,Ayumi,Why did I come back?,,,아유미,왜 난...... 와 버린 거지.,,,あゆみ,為什麼我……　會來了呢。,,,1,171,2,1,0,0,0,0,0,,Translated
469,あゆみ,岸沼君だって……酷い。一人でいかせる？　普通。, , ,Ayumi,And why did Kishinuma LET me come back?,Shouldn't he have tried harder to stop me?!,,아유미,키시누마 군도...... 너무해. 혼자 가게 놔두나? 보통.,,,あゆみ,岸沼同學也是……太過分了。讓我一個人去？　正常嗎。,,,1,172,2,1,0,0,0,0,0,,Translated
470,あゆみ,何なのよ！　もう。, , ,Ayumi,...What the hell is wrong with me?!,,,아유미,뭐냐고!  정말.,,,あゆみ,搞什麼啊！　真是。,,,1,173,2,1,0,0,0,0,0,,Translated
471,あゆみ,……, , ,Ayumi,...,,,아유미,......,,,あゆみ,……,,,1,174,2,1,0,0,0,0,0,,Translated
472,あゆみ,……これで……　誰にも会えずに私……,無駄死にしたりしたら, ,Ayumi,What if I die here...for nothing...without ever,seeing any of my friends again?,,아유미,...... 이러다...... 아무도 못 만나고......,그냥 죽어 버리면,,あゆみ,……要是這樣……誰也見不到就……,白白死掉的話,,1,175,2,1,0,0,0,0,0,,Translated
473,あゆみ,……ッ。　う……ううぅぅぅ～ッ……, , ,Ayumi,*hic* *sob* *sniffle*,,,아유미,...... 윽.  우...... 우우우우우~ ......,,,あゆみ,……。　嗚……嗚嗚嗚～～……,,,1,176,2,1,0,0,0,0,0,,Translated
474,あゆみ,？　何か落ちてる……？, , ,Ayumi,...?,What's that?,,아유미,?  뭔가 떨어져 있어......?,,,あゆみ,？　有什麼掉在地上……？,,,1,177,2,1,0,0,0,0,0,,Translated
475,あゆみ,……！　あれは……如月学園の学生証だ！, , ,Ayumi,Oh my God... It's a student ID from Kisaragi,Academy!,,아유미,......!  저건...... 키사라기 학원 학생증이야!,,,あゆみ,……！　那是……如月學園的學生證！,,,1,178,2,1,0,0,0,0,0,,Translated
476,あゆみ,近くに、誰かいる！, , ,Ayumi,Someone we know must be nearby!,,,아유미,"근처에, 누군가 있어!",,,あゆみ,附近有人！,,,1,179,2,1,0,0,0,0,0,,Translated
477,あゆみ,誰のかな……　……中嶋さんのだ！, , ,Ayumi,I wonder whose it is...,"...Ah, it's Nakashima's!",,아유미,누구 거지......  ...... 나카시마 거다!,,,あゆみ,是誰的呢……　……是中嶋同學的！,,,1,180,2,1,0,0,0,0,0,,Translated
478,あゆみ,サチコさんの切れ端も挟んである！　間違いない！, , ,Ayumi,No mistaking it. It's even still got the scrap of,paper from the Sachiko charm!,,아유미,사치코씨의 조각도 끼워져 있어!  틀림없어!,,,あゆみ,還夾著サチコ小姐的碎片！　不會錯的！,,,1,181,2,1,0,0,0,0,0,,Translated
479,あゆみ,中嶋さんのよ！　この近くにいるんだ！, , ,Ayumi,Nakashima...must be really close!,,,아유미,나카시마 거야!  이 근처에 있나봐!,,,あゆみ,是中嶋同學的！　她就在這附近！,,,1,166,2,1,0,0,0,0,0,,Translated
480,あゆみ,中嶋さ～ん！　いるの～？　返事して～！, , ,Ayumi,"Nakashima? Are you there?! If you are, please,",answer me!,,아유미,나카시마~!  있어~?  대답해~!,,,あゆみ,中嶋～！　妳在嗎～？　回答我～！,,,1,182,2,1,0,0,0,0,0,,Translated
481,あゆみ,…………, , ,Ayumi,...,,,아유미,............,,,あゆみ,…………,,,1,183,2,1,0,0,0,0,0,,Translated
482,あゆみ,探そう……　きっと近くにいるよ、大丈夫……, , ,Ayumi,I should look for her. She can't be far!,,,아유미,"찾아보자......  분명 이 근처에 있을 거야, 괜찮아......",,,あゆみ,找找看吧……　一定就在附近，沒事的……,,,1,184,2,1,0,0,0,0,0,,Translated
483,,直美の学生証　を取りました。, , ,,Acquired [Naomi's Student ID].,,,,나오미의 학생증을 얻었습니다.,,,,取得了直美的學生證。,,,0,0,0,1,0,0,0,0,0,,Translated
484,,【七星の手記】3／5, , ,,[Naho's Notes],3／5,,,【나호의 수기】 3/5,,,,【七星的筆記】3／5,,,0,0,0,1,0,0,0,0,0,,Translated
485,七星,“篠崎サチコのお呪い,『正順法』・『逆（さか）打ち法』メモ”, ,Naho,Herein I will detail the proper observance of,"Sachiko Shinozaki's charm, as well as a means",of reversing its effects and returning home.,나호,“시노자키 사치코의 저주,『정순법』·『역타법』 메모,,七星,「篠崎サチコ的詛咒，『正順法』・『逆打法』筆記」,,,1,103,9,1,0,0,0,0,0,,Translated
486,あゆみ,――！（きた！）, , ,Ayumi,...!,(Paydirt!),,아유미,!!  (이거다!),,,あゆみ,――！（來了！）,,,1,28,3,1,0,0,0,0,0,,Translated
487,あゆみ,（……そんな）, , ,Ayumi,(No... It can't be...),,,아유미,(...... 이럴 수가),,,あゆみ,（……怎麼會）,,,1,0,0,1,0,0,0,0,0,,Translated
488,,　封印の札をたくさん貼られた大きな扉は、,　ピタリと空間に固定されていて開きません。, ,,It's a large door covered in protective charms from,virtually every organized religion and pagan belief,system. It's been nailed shut.,,봉인 부적이 잔뜩 붙은 커다란 문은,공간에 딱 고정되어 열리지 않습니다.,,,　貼滿封印符咒的巨大門扉，,像被牢牢固定在空中一樣無法打開。,,0,0,0,1,0,0,0,0,0,,Translated
489,良樹,駄目だ、やっぱ開かねぇな……。,釘で馬鹿みたいに打ちつけてあって、,これじゃ無理だ。,Yoshiki,Urgh! Definitely not opening anytime soon.,The number of nails used to keep this thing closed,is unreal!,요시키,"틀렸어, 역시 안 열려......",못을 아주 잔뜩 박아 놨어,이래서는 무리야.,良樹,不行，果然打不開啊……。,用釘子釘得亂七八糟，這樣沒辦法。,,1,170,25,1,0,0,0,0,0,,Translated
490,あゆみ,張り紙があるわ……“何人も立ち入りを禁ず”,【天神小学校校長：柳堀隆峰】, ,Ayumi,There's a note: 'Absolutely no entry allowed.," -Heavenly Host Elementary School,",  Principal Takamine Yanagihori',아유미,벽보가 있어...... “누구든 입장을 금한다”,【텐진초등학교 교장 : 야나기호리 타카미네】,,あゆみ,有告示……「禁止任何人進入」,【天神小學校校長：柳堀隆峰】,,1,34,4,1,0,0,0,0,0,,Translated
491,あゆみ,絶対にここ、怪しいよね……。悔しいなぁ。, , ,Ayumi,"Seems pretty suspicious to me, wouldn't you say?",,,아유미,여기가 진짜 수상한데...... 분한걸.,,,あゆみ,這裡絕對很可疑吧……。真不甘心。,,,1,35,4,1,0,0,0,0,0,,Translated
492,良樹,チッ……　また手がかりなしに逆戻りか。, , ,Yoshiki,"Damn. So close, and yet so far. I hate walking away",empty-handed...,,요시키,쳇......  다시 처음으로 돌아간 건가.,,,良樹,嘖……　又要毫無線索地折返嗎。,,,1,171,25,1,0,0,0,0,0,,Translated
493,,　封印の札をたくさん貼られた大きな扉は、,　ピタリと空間に固定されていて開きません。, ,,It's a large door covered in protective charms from,virtually every organized religion and pagan belief,system. It's been nailed shut.,,봉인 부적이 잔뜩 붙은 커다란 문은,공간에 딱 고정되어 열리지 않습니다.,,,　貼滿封印符咒的巨大門扉，,像被牢牢固定在空中一樣無法打開。,,0,0,0,1,0,0,0,0,0,,Translated
494,あゆみ,どうしてこんなに、釘打ちつけてあるんだろう……？, , ,Ayumi,This is really overkill. I've never seen so many,nails in one door.,,아유미,왜 이렇게 못을 박아 둔 거지......,,,あゆみ,為什麼要釘這麼多釘子呢……？,,,1,195,3,1,0,0,0,0,0,,Translated
495,あゆみ,だけどこれじゃ、結衣先生、中にはいないよね……,いいや、ここは。, ,Ayumi,"But I guess if it's this hard for me to get in,",it'd be just as hard for Ms. Yui. I can probably,let this go for now.,아유미,"하지만 이래선, 유이 선생님, 안에 없겠네......","됐다, 여긴.",,あゆみ,但這樣的話，結衣老師應該不在裡面吧……,算了，這裡。,,1,196,3,1,0,0,0,0,0,,Translated
496,良樹,駄目だ、やっぱ開かねぇな……。,釘で馬鹿みたいに打ちつけてあって、これじゃ無理だ。, ,Yoshiki,Urgh! Definitely not opening anytime soon.,The number of nails used to keep this thing closed,is unreal!,요시키,"틀렸어, 역시 안 열려......","못을 아주 잔뜩 박아 놨어, 이래서는 무리야.",,良樹,不行，果然打不開啊……。,用釘子釘得亂七八糟，這樣沒辦法。,,1,170,25,1,0,0,0,0,0,,Translated
497,あゆみ,張り紙があるわ……,“何人も立ち入りを禁ず”【天神小学校校長：柳堀隆峰】, ,Ayumi,There's a note: 'Absolutely no entry allowed.," -Heavenly Host Elementary School,",  Principal Takamine Yanagihori',아유미,벽보가 있어......,“누구든 출입을 금한다”【텐진초 교장 : 야나기호리 타카미네】,,あゆみ,有告示……「禁止任何人進入」,【天神小學校校長：柳堀隆峰】,,1,34,4,1,0,0,0,0,0,,Translated
498,あゆみ,絶対にここ、怪しいよね……。悔しいなぁ。, , ,Ayumi,"Seems pretty suspicious to me, wouldn't you say?",,,아유미,여기가 진짜 수상한데...... 분한걸.,,,あゆみ,這裡絕對很可疑吧……。真不甘心。,,,1,35,4,1,0,0,0,0,0,,Translated
499,良樹,チッ……　また手がかりなしに逆戻りか。, , ,Yoshiki,"Damn. So close, and yet so far. I hate walking away",empty-handed...,,요시키,쳇......  다시 처음으로 돌아간 건가.,,,良樹,嘖……　又要毫無線索地折返嗎。,,,1,171,25,1,0,0,0,0,0,,Translated
500,あゆみ,待って……, , ,Ayumi,Stop!,,,아유미,잠깐만......,,,あゆみ,等等……,,,1,36,4,1,0,0,0,0,0,,Translated
501,良樹,どうした？, , ,Yoshiki,...What's wrong?,,,요시키,왜 그래?,,,良樹,怎麼了？,,,1,172,25,1,0,0,0,0,0,,Translated
502,あゆみ,……いる……！, , ,Ayumi,There's something here...,,,아유미,...... 있어......!,,,あゆみ,……有……！,,,1,37,4,1,0,0,0,0,0,,Translated
503,良樹,あん？, , ,Yoshiki,Huh?,,,요시키,엉?,,,良樹,嗯？,,,1,173,25,1,0,0,0,0,0,,Translated
504,良樹,駄目だ、開かねぇな……。,なんでこんな馬鹿みたいに釘打ちつけてあるんだ……？, ,Yoshiki,Urgh! Definitely not opening anytime soon.,The number of nails used to keep this thing closed,is unreal!,요시키,"틀렸어, 안 열려......",뭐 이렇게 못을 잔뜩 박아 둔 거야......?,,良樹,不行，打不開啊……。,為什麼釘了這麼多釘子啊……？,,1,174,25,1,0,0,0,0,0,,Translated
505,あゆみ,ここ、何かありそうだけどね……。,でもこれじゃ、結衣先生　中にはいないよ。,……スルーでいこ。,Ayumi,Seems pretty suspicious to me. But if we can't get,"in, then neither can Ms. Yui. It's probably safe to",ignore this for the time being.,아유미,여기에 뭔가 있을 것 같은데......,"하지만 이래선, 유이 선생님, 이 안에는 없을 거야.",...... 그냥 가자.,あゆみ,這裡雖然感覺有什麼……。,但這樣的話，結衣老師不在裡面。,……跳過吧。,1,38,4,1,0,0,0,0,0,,Translated
506,あゆみ,どうしてこんなに、釘打ちつけてあるんだろう……, , ,Ayumi,This is really overkill. I've never seen so many,nails in one door.,,아유미,왜 이렇게 못을 박아 둔 거지......,,,あゆみ,為什麼要釘這麼多釘子呢……,,,1,39,4,1,0,0,0,0,0,,Translated
507,あゆみ,だけどこれじゃ、結衣先生、中にはいないよね……,いいや、ここは。, ,Ayumi,"But I guess if it's this hard for me to get in,",it'd be just as hard for Ms. Yui. I can probably,let this go for now.,아유미,"하지만 이래선, 유이 선생님, 안에 없겠네......","됐다, 여긴.",,あゆみ,但這樣的話，結衣老師應該不在裡面吧……,算了，這裡。,,1,40,4,1,0,0,0,0,0,,Translated
508,良樹,駄目だ、開かねぇな……。,なんでこんな馬鹿みたいに釘打ちつけてあるんだ……？, ,Yoshiki,Urgh! Definitely not opening anytime soon.,The number of nails used to keep this thing closed,is unreal!,요시키,"틀렸어, 안 열려......",뭐 이렇게 못을 잔뜩 박아 둔 거야......?,,良樹,不行，打不開啊……。,為什麼釘了這麼多釘子啊……？,,1,175,25,1,0,0,0,0,0,,Translated
509,良樹,けどこれじゃ、結衣センセーも中にいねぇな……。,放っとくか。, ,Yoshiki,"But if I can't get it open, then neither can Ms.",Yui. Probably best just to ignore it for now.,,요시키," 하지만 이래서야, 유이 선생님도 안에 없겠군......",냅두자.,,良樹,但這樣的話，結衣老師也不在裡面啊……。,算了。,,1,176,25,1,0,0,0,0,0,,Translated
510,,白骨死体が床に横たわっています……, , ,,There are skeletal remains sprawled out across,the floor.,,,백골 사체가 바닥에 누워 있습니다......,,,,白骨屍體躺在地板上……,,,0,0,0,1,0,0,0,0,0,,Translated
511,,白骨死体が床に横たわっています……, , ,,There are skeletal remains sprawled out across,the floor.,,,백골 사체가 바닥에 누워 있습니다......,,,,白骨屍體躺在地板上……,,,0,0,0,1,0,0,0,0,0,,Translated
512,,白骨死体が床に横たわっています……, , ,,There are skeletal remains sprawled out across,the floor.,,,백골 사체가 바닥에 누워 있습니다......,,,,白骨屍體躺在地板上……,,,0,0,0,1,0,0,0,0,0,,Translated
513,あゆみ,(……今……あの人達に会いたくないや……), , ,Ayumi,(I really don't want to see those two right now.),,,아유미,(...... 지금...... 그 사람들은 보고 싶지 않아......),,,あゆみ,（……現在……不想見那些人……）,,,1,0,0,1,0,0,0,0,0,,Translated
514,直美,哲志……大丈夫？, , ,Naomi,Satoshi...,Are you all right?,,나오미,사토시...... 괜찮아?,,,直美,哲志……沒事吧？,,,1,243,12,1,0,0,0,0,0,,Translated
515,哲志,由香……由香……　怖かったろう……痛かったろう……, , ,Satoshi,Yuka... She...was probably scared out of her mind...,and in a lot of pain...,,사토시,유카...... 유카......  무서웠지...... 아팠지......,,,哲志,由香……由香……一定很害怕吧……一定很痛吧……,,,1,171,17,1,0,0,0,0,0,,Translated
516,哲志,俺が……俺がついててやれなかったばっかりに……っ, , ,Satoshi,And I...I wasn't there for her. She was all alone...,,,사토시,내가...... 내가 곁에 있었다면......,,,哲志,我……都是我沒能陪在她身邊……,,,1,172,17,1,0,0,0,0,0,,Translated
517,直美,責めないで……　哲志のせいじゃない。, , ,Naomi,"Don't blame yourself. It's not your fault, Satoshi.",,,나오미,자신을 책망하지 마......  사토시 탓이 아냐.,,,直美,別自責了……　不是哲志的錯。,,,1,244,12,1,0,0,0,0,0,,Translated
518,世以子,な～おみッ♪, , ,Seiko,Naaaaoooomi?,,,세이코,나~ 오미♪,,,世以子,直～美♪,,,1,59,20,1,0,0,0,0,0,,Translated
519,直美,……あなたのせいじゃ……ない。, , ,Naomi,It's...not your fault...,,,나오미,...... 네 탓이...... 아냐.,,,直美,……不是你的錯……,,,1,245,12,1,0,0,0,0,0,,Translated
520,直美,…………, , ,Naomi,...,,,나오미,............,,,直美,…………,,,1,246,12,1,0,0,0,0,0,,Translated
521,哲志,じゃぁ……誰のせいなんだ。……教えてくれ、直美。, , ,Satoshi,"So...whose fault is it, then? Whose fault is it,",Naomi?!,,사토시,"그럼...... 누구 탓인데...... 가르쳐줘, 나오미.",,,哲志,那……是誰的錯。……告訴我啊，直美。,,,1,173,17,1,0,0,0,0,0,,Translated
522,直美,え……？, , ,Naomi,Huh?,,,나오미,어......?,,,直美,咦……？,,,1,247,12,1,0,0,0,0,0,,Translated
523,哲志,畜生っ……畜生っ、畜生っ！, , ,Satoshi,"Dammit... Dammit, dammit, DAMMIT!!",,,사토시,"젠장...... 젠장, 젠장!",,,哲志,可惡……可惡、可惡！,,,1,174,17,1,0,0,0,0,0,,Translated
524,哲志,出て来いよ！！　……誰か、俺達を見てあざ,笑っているんだろ！！, ,Satoshi,"Show yourself, whoever the fuck you are!",You must be getting a really good laugh out of,watching us suffer!,사토시,나와!!  ...... 누군가 우릴 보고,비웃고 있는 거지!!,,哲志,給我出來！！　……是誰，在看著我們,嘲笑我們吧！！,,1,175,17,1,0,0,0,0,0,,Translated
525,直美,哲志ッ……！　う……うぅっ……, , ,Naomi,Satoshi... *sob*,,,나오미,사토시......!  우...... 우우......,,,直美,哲志……！　嗚……嗚嗚……,,,1,248,12,1,0,0,0,0,0,,Translated
526,哲志,―っ！, , ,Satoshi,Ah...!,,,사토시,윽!,,,哲志,―！,,,1,176,17,1,0,0,0,0,0,,Translated
527,直美,どうしたの？, , ,Naomi,What is it?,,,나오미,왜 그래?,,,直美,怎麼了？,,,1,249,12,1,0,0,0,0,0,,Translated
528,哲志,今……窓越しに、見えた渡り廊下に……赤い服が、, , ,Satoshi,"I just happened to glance out the window, at the",covered walkway between the two buildings...and,I saw a red dress.,사토시,방금...... 창 너머로 보이는 바깥 복도에...... 빨간 옷이,,,哲志,剛才……透過窗戶看到的走廊上……有紅色衣服，,,,1,177,17,1,0,0,0,0,0,,Translated
529,直美,えっ, , ,Naomi,What?!,,,나오미,뭐?,,,直美,咦？,,,1,250,12,1,0,0,0,0,0,,Translated
530,哲志,畜生っ！　あの……怨霊め！　思い知らせてやる。, , ,Satoshi,Goddamn piece of shit little girl...,I'm going to make her pay for what she's done!,,사토시,젠장!  저...... 원령 자식! 혼내주마.,,,哲志,可惡！　那個……怨靈！　我要讓妳好看。,,,1,178,17,1,0,0,0,0,0,,Translated
531,哲志,生きてる人間を、ナメるなよ！, , ,Satoshi,You have no right to mess with the living!,,,사토시,살아있는 인간을 얕보지 마!,,,哲志,別小看活人！,,,1,179,17,1,0,0,0,0,0,,Translated
532,直美,哲志ぃ！　待って！！, , ,Naomi,Satoshi! Wait!,,,나오미,사토시이!  기다려!!,,,直美,哲志！　等等！！,,,1,251,12,1,0,0,0,0,0,,Translated
533,哲志,待て！　サチコ！, , ,Satoshi,"Hold it right there, Sachiko!",,,사토시,기다려!  사치코!,,,哲志,站住！　サチコ！,,,1,180,17,1,0,0,0,0,0,,Translated
534,,　押入　絶対反対！, , ,,Closet trespassers will be expelled!,,,,밀치기 절대 반대!,,,,　推入　絕對反對！,,,0,0,0,1,0,0,0,0,0,,Translated
535,,　入る反対！　反対！　反対！,　あなたの明日について明るい極めて日本,　お大事にするこの地蔵さんを押入反対！,,No entry! Trespassers will be expelled! Think about,your futures. Ksitigarbha is watching you. All of,Japan is watching you! Down with trespassing!,,밀치기 반대! 반대! 반대!,당신의 내일에 대해 밝은 극히 일본,소중히 하는 이 지장 보살을 밀치기 반대!,,　反對進入！　反對！　反對！,　關於你的明天，極其明亮的日本,　請好好愛護這個地藏菩薩，反對推入！,0,0,0,1,0,0,0,0,0,,Translated
536,,白骨死体が床に横たわっています……, , ,,There are skeletal remains sprawled out across,the floor.,,,백골 사체가 바닥에 누워 있습니다......,,,,白骨屍體躺在地板上……,,,0,0,0,1,0,0,0,0,0,,Translated
537,哲志,？, , ,Satoshi,...?,,,사토시,?,,,哲志,？,,,1,0,0,1,0,0,0,6,0,,Translated
538,哲志,？, , ,Satoshi,...?,,,사토시,?,,,哲志,？,,,1,0,0,1,0,0,0,6,0,,Translated
539,あゆみ,……とにかく。逆打ちの方法はわかったんだから、, , ,Ayumi,"I guess...we know the way out now, at least.",,,아유미,...... 어쨌든. 역타법은 알았으니까,,,あゆみ,……總之。既然知道了逆打的方法，,,,1,193,3,1,0,0,0,0,0,,Translated
540,あゆみ,結衣先生見つけて……あと岸沼くんも見つけて。,持田君と由香ちゃんと、, ,Ayumi,I just need to find Ms. Yui...and Kishinuma...,"then rendezvous with Mochida and Yuka, and we",can all go back home...,아유미,유이 선생님을 찾아내고...... 키시누마 군도 찾아줘.,모치다 군이랑 유카는,,あゆみ,找到結衣老師……還有岸沼同學也找到。,持田同學和由香，,,1,194,3,1,0,0,0,0,0,,Translated
541,,ここに入る必要はないだろう。, , ,,There isn't any reason to go in here right now.,,,,여기에 들어갈 필요는 없겠지.,,,,現在沒有必要進入這裡吧。,,,0,0,0,1,0,0,0,0,0,,Translated
542,直美,きゃぁっ！, , ,Naomi,Eeeek!,,,나오미,꺄악!,,,直美,呀！,,,1,166,13,1,0,0,0,6,0,,Translated
543,哲志,……ん？, , ,Satoshi,Huh...?,,,사토시,...... 응?,,,哲志,……嗯？,,,1,245,16,1,0,0,0,0,0,,Translated
544,直美,あれ……？　何これ？, , ,Naomi,Wh-What... What's going on...?,,,나오미,어라......?  뭐야 이건?,,,直美,咦……？　這是什麼？,,,1,85,12,1,0,0,0,0,0,,Translated
545,直美,校舎の様子が変わってる……, , ,Naomi,The school's completely changed!,,,나오미,교사의 모습이 달라졌어......,,,直美,校舍的樣子變了……,,,1,86,12,1,0,0,0,0,0,,Translated
546,哲志,さっきの大揺れ……,やはりただの地震じゃなかったようだな。, ,Satoshi,Guess that wasn't just an earthquake after all...,,,사토시,좀 전의 큰 흔들림......,역시 그냥 지진이 아니었나봐.,,哲志,剛才的大搖晃……,看來果然不只是地震。,,1,246,16,1,0,0,0,0,0,,Translated
547,直美,ええ……　また空間が変な風にくっついたり、,離れたりしたの……かな。, ,Naomi,Yeah. It's like we were feeling the building expand,and contract around us...again.,,나오미,응......  또 공간이 이상하게 달라붙거나,떨어진...... 건가.,,直美,嗯……　空間又像奇怪的貼合在一起，,又分開了……大概是吧。,,1,87,12,1,0,0,0,0,0,,Translated
548,哲志,かもな……　とにかく動いてみよう。慎重にな。, , ,Satoshi,"Either way, we need to get moving. Come on.",,,사토시,그럴지도......  일단은 움직여보자. 신중히.,,,哲志,也許吧……　總之先移動吧。小心點。,,,1,247,16,1,0,0,0,0,0,,Translated
549,直美,うん……あ、哲志ちょっとまって。, , ,Naomi,Okay.,"...Wait. Hold up a second, Satoshi.",,나오미,"응...... 아, 사토시 잠깐만.",,,直美,嗯……啊、哲志等一下。,,,1,88,12,1,0,0,0,0,0,,Translated
550,哲志,ん？, , ,Satoshi,Hmm?,,,사토시,응?,,,哲志,嗯？,,,1,248,16,1,0,0,0,0,0,,Translated
551,直美,背中……服に、木屑が刺さってる。, , ,Naomi,You've got splinters all over your back.,,,나오미,등쪽...... 옷에 나무 조각이 박혀 있어.,,,直美,背上……衣服上，扎著木屑。,,,1,89,12,1,0,0,0,0,0,,Translated
552,あゆみ,あれは……！, , ,Ayumi,Isn't that...?!,,,아유미,저건......!,,,あゆみ,那是……！,,,1,190,2,1,0,0,0,0,0,,Translated
553,良樹,！　……哲志！,哲志と、中嶋じゃないか、あれ？, ,Yoshiki,Satoshi! It's Satoshi and Nakashima!,,,요시키,!  ...... 사토시!,"사토시랑, 나카시마 아냐, 저거?",,良樹,！　……哲志！,那不是哲志和中嶋嗎？,,1,36,25,1,0,0,0,0,0,,Translated
554,あゆみ,うん！　……やっぱり！,やっぱり多重空間が解消したんだ。, ,Ayumi,Yeah! I guess the closed spaces really have started,to break down!,,아유미,응!  ...... 역시!,역시 다중 공간이 해소된 거야.,,あゆみ,嗯！　……果然！,果然多重空間解除了。,,1,191,2,1,0,0,0,0,0,,Translated
555,あゆみ,行こ！, , ,Ayumi,Come on!,,,아유미,가자!,,,あゆみ,走吧！,,,1,192,2,1,0,0,0,0,0,,Translated
556,良樹,おう！　……哲志ー！　中嶋！, , ,Yoshiki,Right behind you.,Satoshiii!! Nakashimaaa!!,,요시키,그래!  ...... 사토시~!  나카시마!,,,良樹,喔！　……哲志～！　中嶋！,,,1,37,25,1,0,0,0,0,0,,Translated
557,哲志,……良樹！　篠崎！　お前ら、無事だったのか！, , ,Satoshi,Yoshiki! Shinozaki! You're all right!,,,사토시,...... 요시키!  시노자키!  너희들 무사했구나!,,,哲志,……良樹！　篠崎！　你們沒事啊！,,,1,249,16,1,0,0,0,0,0,,Translated
558,直美,委員長！　よかった！　会いたかったよ……, , ,Naomi,"Class rep! Oh, thank God! I was hoping we'd run",into you!,,나오미,반장!  다행이다!  보고 싶었어......,,,直美,班長！　太好了！　好想見妳啊……,,,1,90,12,1,0,0,0,0,0,,Translated
559,あゆみ,わたしも！　ホントどうしようかと思った。, , ,Ayumi,Me too. I was beginning to wonder what I'd do,without you guys!,,아유미,나도!  정말 어떻게 되는 줄 알았어.,,,あゆみ,我也是！　真的不知道該怎麼辦才好。,,,1,193,2,1,0,0,0,0,0,,Translated
560,哲志,良樹……！, , ,Satoshi,Yoshiki...,,,사토시,요시키......!,,,哲志,良樹……！,,,1,250,16,1,0,0,0,0,0,,Translated
561,良樹,……へっ。悪運強ぇな、お互い。, , ,Yoshiki,"Heh... Pretty sorry lot we've drawn, eh?",,,요시키,"...... 헷. 악운만은 강하구나, 서로.",,,良樹,……嘿。我們還真是命硬啊。,,,1,38,25,1,0,0,0,0,0,,Translated
562,直美,そんな……　鈴本さん……まで……, , ,Naomi,"No... God, poor Suzumoto...",,,나오미,그럴 수가......  스즈모토...... 까지......,,,直美,怎麼會……　鈴本同學……也……,,,1,91,12,1,0,0,0,0,0,,Translated
563,良樹,篠原が……冗談だろ……？, , ,Yoshiki,And Shinohara... Still can't believe it.,,,요시키,시노하라가...... 농담이지......?,,,良樹,篠原她……開玩笑吧……？,,,1,39,25,1,0,0,0,0,0,,Translated
564,直美,う……　うう……っ……, , ,Naomi,*sob*,,,나오미,으......  으으...... 윽......,,,直美,嗚……　嗚嗚…………,,,1,92,12,1,0,0,0,0,0,,Translated
565,哲志,……くッ, , ,Satoshi,Gck...,,,사토시,...... 큭,,,哲志,……可,,,1,251,16,1,0,0,0,0,0,,Translated
566,哲志,くそ……っ　さっきまで, , ,Satoshi,Goddammit...,She was just with us a few hours ago...,,사토시,젠장......  좀 전까지,,,哲志,可惡……　明明剛才還,,,1,252,16,1,0,0,0,0,0,,Translated
567,哲志,ついさっきまで、笑ってたじゃないかよ。, , ,Satoshi,Smiling and laughing...,,,사토시,"바로 좀 전까지, 웃고 있었잖아.",,,哲志,明明剛才還在笑的。,,,1,253,16,1,0,0,0,0,0,,Translated
568,哲志,みんな……みんな！, , ,Satoshi,Why... Why?!,,,사토시,다들...... 다들!,,,哲志,大家……大家！,,,1,254,16,1,0,0,0,0,0,,Translated
569,哲志,……なんでだよ……！, , ,Satoshi,Why is this happening to us?!,,,사토시,...... 왜냐고......!,,,哲志,……為什麼啊……！,,,1,255,16,1,0,0,0,0,0,,Translated
570,あゆみ,はぁ……はぁ……　すぅぅぅ……, , ,Ayumi,*pant* *pant* Nnng...,,,아유미,하아...... 하아......  스으으으......,,,あゆみ,哈啊……哈啊……　嘶～～～……,,,1,194,2,1,0,0,0,0,0,,Translated
571,あゆみ,はぁ……（ブルブル）　……っとにかく……っ, , ,Ayumi,*sigh* *shudder*,A-At any rate...,,아유미,하아......  (덜덜)  ...... 어쨌든......,,,あゆみ,哈啊……（發抖）　……總、總之……,,,1,195,2,1,0,0,0,0,0,,Translated
572,あゆみ,これ以上！　誰も死なないで、,委員長としての命令よ。, ,Ayumi,...let's make sure we don't lose anyone else.,"In fact, consider it an order from your class rep.",,아유미,더 이상! 아무도 죽지 마.,반장으로서 명령하는 거야.,,あゆみ,不許再有人死了！,這是班長的命令。,,1,196,2,1,0,0,0,0,0,,Translated
573,哲志,篠崎……, , ,Satoshi,Shinozaki...,,,사토시,시노자키......,,,哲志,篠崎……,,,1,0,17,1,0,0,0,0,0,,Translated
574,あゆみ,宍戸先生と、森繁君と由香ちゃんを見つけて、, , ,Ayumi,"We're going to find Ms. Shishido, Morishige and",Yuka...,,아유미,"시시도 선생님, 모리시게 군, 유카를 찾아서",,,あゆみ,找到宍戶老師、森繁同學和由香，,,,1,197,2,1,0,0,0,0,0,,Translated
575,あゆみ,ここから帰るんだから！, , ,Ayumi,...and get the hell out of here together!,,,아유미,여길 나갈 테니까!,,,あゆみ,然後從這裡回去！,,,1,198,2,1,0,0,0,0,0,,Translated
576,哲志,ああ……勿論だ！, , ,Satoshi,Yeah... You bet we are.,,,사토시,그래...... 물론이지!,,,哲志,嗯……當然！,,,1,1,17,1,0,0,0,0,0,,Translated
577,あゆみ,いい？　殺害犯はサチコよ。,出会ったら、気をつけてね。, ,Ayumi,"Remember, the murderer is Sachiko. If you run into","her, be very careful.",,아유미,알겠어?  살해범은 사치코야.,만나게 되면 조심해.,,あゆみ,好嗎？　殺人犯是サチコ。,如果遇到她，要小心。,,1,199,2,1,0,0,0,0,0,,Translated
578,あゆみ,七星さんやゆきちゃんの話では……, , ,Ayumi,Based on what we've been told by Naho and Yuki...,,,아유미,나호 씨와 유키의 얘기로는......,,,あゆみ,根據七星小姐和由紀的說法……,,,1,200,2,1,0,0,0,0,0,,Translated
579,あゆみ,殺害犯・サチコの懺悔を引き出すことが出来れば, , ,Ayumi,...if we can get Sachiko to express remorse for,her actions...,,아유미,살해범 사치코의 참회를 이끌어 낼 수만 있다면,,,あゆみ,如果能引出殺人犯・サチコ的懺悔，,,,1,201,2,1,0,0,0,0,0,,Translated
580,あゆみ,殺された３人が自動的に浄霊されて、, , ,Ayumi,...then the three victims she killed will be,appeased...,,아유미,죽은 3명이 자동으로 정화되어,,,あゆみ,被殺的三個人就會自動被淨靈，,,,1,202,2,1,0,0,0,0,0,,Translated
581,あゆみ,この校舎を包んでいる霊磁場が開き……, , ,Ayumi,...the field around this school building will be,lifted...,,아유미,이 교사를 감싸고 있는 영자장이 열리고......,,,あゆみ,包圍這棟校舍的靈磁場就會打開……,,,1,203,2,1,0,0,0,0,0,,Translated
582,あゆみ,もとの世界へ帰れるかも知れない、って事よ。, , ,Ayumi,"...and we should, theoretically, be able to get out",of here and go home.,,아유미,"원래 세계로 돌아갈 수도 있다, 고 했어.",,,あゆみ,也許就能回到原來的世界了。,,,1,204,2,1,0,0,0,0,0,,Translated
583,哲志,赤い服の……サチコか……, , ,Satoshi,Sachiko... The girl in the red dress...,,,사토시,빨간 옷을 입은...... 사치코......,,,哲志,穿紅衣服的……サチコ嗎……,,,1,2,17,1,0,0,0,0,0,,Translated
584,哲志,どうすれば懺悔なんて、させる事が出来るんだ……？, , ,Satoshi,"How do we get her to express remorse, though?",,,사토시,어떻게 하면 참회를 하게 만들 수 있는 건데......?,,,哲志,要怎麼樣才能讓她懺悔呢……？,,,1,3,17,1,0,0,0,0,0,,Translated
585,直美,だよね……, , ,Naomi,That is the question...,,,나오미,그러게......,,,直美,就是說啊……,,,1,93,12,1,0,0,0,0,0,,Translated
586,あゆみ,……, , ,Ayumi,...,,,아유미,......,,,あゆみ,……,,,1,205,2,1,0,0,0,0,0,,Translated
587,あゆみ,……あなた達のさっきの話……,『逆打ち法』について聞かせてくれる？, ,Ayumi,"Well, what about you two? What can you tell us about",this 'way out' you mentioned?,,아유미,...... 너희들 좀 전에 했던......,『역타법』에 대한 얘길 해줄래?,,あゆみ,……你們剛才說的……,能告訴我『逆打法』的事嗎？,,1,206,2,1,0,0,0,0,0,,Translated
588,直美,このテープで、……帰る為の方法みたいに,言っていたんだけどね。, ,Naomi,"Not a lot, unfortunately. The reporter talked about",some specific means of getting home...,,나오미,이 테이프에서...... 돌아갈 방법이 있다고,말했는데.,,直美,這捲錄影帶裡，……好像說了回去的方法。,,,1,94,12,1,0,0,0,0,0,,Translated
589,直美,肝心のところで切れてたんだ……, , ,Naomi,...but he was cut off before he could explain it.,,,나오미,중요한 부분에서 끊어졌어......,,,直美,但在關鍵的地方中斷了……,,,1,95,12,1,0,0,0,0,0,,Translated
590,直美,『テープを替える』って言って終っているから、,きっと続きがあると思うの。, ,Naomi,"He was looking for a blank tape, though, when it",ended. So there's probably a continuation somewhere.,,나오미,『테이프를 바꾼다』라고 말하고 끝났으니까,분명 그 다음이 있을 거야.,,直美,因為是在說『換錄影帶』的時候結束的，,所以我想一定有續集。,,1,96,12,1,0,0,0,0,0,,Translated
591,直美,鬼碑忌、って人の取材テープみたいで、, , ,Naomi,"Look for a label that says, 'Kibiki Research Data.'",,,나오미,"키비키, 란 사람의 취재 테이프 같은데",,,直美,好像是叫鬼碑忌的人的採訪錄影帶，,,,1,97,12,1,0,0,0,0,0,,Translated
592,あゆみ,……鬼碑忌先生の！？, , ,Ayumi,Wait... Did you say Kibiki?!,,,아유미,...... 키비키 선생님!?,,,あゆみ,……鬼碑忌老師的！？,,,1,207,2,1,0,0,0,0,0,,Translated
593,直美,あ、うん。, , ,Naomi,"Yes, that's right.",,,나오미,"아, 응.",,,直美,啊，嗯。,,,1,98,12,1,0,0,0,0,0,,Translated
594,あゆみ,……, , ,Ayumi,...,,,아유미,......,,,あゆみ,……,,,1,208,2,1,0,0,0,0,0,,Translated
595,直美,……この方法さえ判れば、これ以上,霊とかに関わらなくてすむし、, ,Naomi,If we can figure out what sort of method he had in,"mind for getting out of here, we won't have to get",mixed up with ghosts and curses anymore.,나오미,"...... 이 방법만 알면, 더 이상",유령과 엮일 필요도 없고,,直美,……只要知道這個方法，就不用再,和幽靈之類的扯上關係了，,,1,99,12,1,0,0,0,0,0,,Translated
596,直美,浄霊？　……とかより、簡単そうだし。, , ,Naomi,It seems like it'd be a lot simpler than...how did,you put it? Appeasing the spirits?,,나오미,정령?  ...... 그거보다 간단해 보이고.,,,直美,而且比淨靈？　……之類的，看起來簡單多了。,,,1,100,12,1,0,0,0,0,0,,Translated
597,あゆみ,……だけど、それじゃ根本的な解決にならないよ。, , ,Ayumi,"The problem with that is, it doesn't really fix",anything.,,아유미,...... 하지만 그럼 근본적인 해결이 안 돼.,,,あゆみ,……但是，那樣根本解決不了問題。,,,1,209,2,1,0,0,0,0,0,,Translated
598,あゆみ,『浄霊法』……私に『逆打ち』じゃない方を,七星さんが教えたのは、, ,Ayumi,Escaping by putting the spirits to rest... That's,the method Naho explained to me. And I don't think,it's the same thing as Kibiki's 'way out.',아유미,『정령법』...... 나호 씨가 나에게 『역타법』이 아닌,다른 걸 가르쳐 준 건,,あゆみ,『淨靈法』……七星小姐教我的，不是『逆打』的那個，,,,1,210,2,1,0,0,0,0,0,,Translated
599,あゆみ,この恐ろしい呪いの拡大を止めて欲しいと,考えているからだわ。, ,Ayumi,I'm guessing Naho wants us to put a stop to this,once and for all...to keep this curse from spreading,any farther.,아유미,이 무서운 저주의 확대를 멈춰주길,바라고 있기 때문이야.,,あゆみ,是因為她想阻止這個可怕詛咒的擴散。,,,1,211,2,1,0,0,0,0,0,,Translated
600,あゆみ,この学校をこのままにしておくと、,これからもずっと、, ,Ayumi,"If we leave things the way they are, and just",escape with our lives like you're suggesting...,,아유미,이 학교를 이대로 두면,앞으로도 계속,,あゆみ,如果放任這所學校不管，今後也會一直，,,,1,212,2,1,0,0,0,0,0,,Translated
601,あゆみ,沢山の子達がここに閉じ込められて、,惨く死んで行くんだよ？, ,Ayumi,...then countless innocent children are going to get,"pulled in here for God knows how many years to come,",and they're all going to die horribly!,아유미,수많은 아이들이 여기에 갇혀서,비참하게 죽어갈 거야.,,あゆみ,有無數的孩子被困在這裡，悽慘地死去啊？,,,1,213,2,1,0,0,0,0,0,,Translated
602,直美,そんなの……ただの高校生のあたし達に、,何が出来るっていうのよ……！, ,Naomi,"That may be true, but we're just high school",students! How can you possibly expect us to,set things right?!,나오미,그렇다고...... 평범한 고등학생인 우리가,뭘 할 수 있단 말이야......!,,直美,那種事……只是高中生的我們，,能做什麼啊……！,,1,101,12,1,0,0,0,0,0,,Translated
603,あゆみ,サチコに罪を後悔させる、その方法を……,なんとか探るんだよ！, ,Ayumi,There has to be a way to make Sachiko atone for her,sins. There just has to be! And we're going to look,for it!,아유미,"사치코가 참회를 하게 만들, 그 방법을......",꼭 찾아내야 해!,,あゆみ,讓サチコ後悔自己罪行的那個方法……,一定要想辦法找到！,,1,214,2,1,0,0,0,0,0,,Translated
604,あゆみ,なんで最初っから無理って決め付けてるワケ？, , ,Ayumi,"God, how can you just decide right off the bat that",this plan has no chance of succeeding?!,,아유미,왜 처음부터 무리라고 생각하는 거야?,,,あゆみ,為什麼一開始就認定做不到啊？,,,1,215,2,1,0,0,0,0,0,,Translated
605,あゆみ,私の話だから胡散臭いって？！, , ,Ayumi,Is it because I'm the one who suggested it?!,,,아유미,내가 하는 말이라 수상쩍다 그거야?!,,,あゆみ,因為是我說的所以覺得可疑嗎？！,,,1,216,2,1,0,0,0,0,0,,Translated
606,直美,……そうじゃないけど！, , ,Naomi,What?! No! Of course not!,,,나오미,...... 그런 건 아니지만!,,,直美,……不是那樣的！,,,1,102,12,1,0,0,0,0,0,,Translated
607,哲志,とにかく、協力して頑張ろう。,俺たちは『逆打ち法』について探りながら, ,Satoshi,"Come on, we have to work together on this. How about",the two of us look for more info on Kibiki's 'way,out'...,사토시,어쨌든 서로 도와가며 잘해 보자.,우린 『역타법』에 대해 조사하면서,,哲志,總之，一起合作努力吧。,我們一邊尋找『逆打法』的線索，,,1,4,17,1,0,0,0,0,0,,Translated
608,哲志,由香やみんなを捜すから、良樹と篠崎は,結衣先生達を捜してくれ。, ,Satoshi,"...and continue searching for Yuka, of course...",while you two search for Ms. Yui?,,사토시,"유카와 애들을 찾을 테니까, 요시키와 시노자키는",유이 선생님을 찾아줘.,,哲志,一邊找由香和大家，良樹和篠崎,你們去找結衣老師她們。,,1,5,17,1,0,0,0,0,0,,Translated
609,良樹,おー。, , ,Yoshiki,Sounds good.,,,요시키,오~,,,良樹,好～。,,,1,40,25,1,0,0,0,0,0,,Translated
610,哲志,揃ったら、ここに戻って来よう。待ち合わせだ。, , ,Satoshi,"Once everyone's been found, we'll meet back here.",,,사토시,다 모이면 여기로 돌아오고. 약속이야.,,,哲志,到齊了之後，回到這裡來。約好了。,,,1,7,17,1,0,0,0,0,0,,Translated
611,あゆみ,……（こくっ）, , ,Ayumi,...,,,아유미,...... (끄덕),,,あゆみ,……（點頭）,,,1,217,2,1,0,0,0,0,0,,Translated
612,良樹,哲志。これやるわ。, , ,Yoshiki,Satoshi. Got somethin' for you.,,,요시키,사토시. 이거 줄게.,,,良樹,哲志。這個給你。,,,1,41,25,1,0,0,0,0,0,,Translated
613,哲志,ん？, , ,Satoshi,Hmm?,,,사토시,응?,,,哲志,嗯？,,,1,8,17,1,0,0,0,0,0,,Translated
614,良樹,なんか、味方してくれた子供の霊から、,お前らに渡してやれって預かったんだ。, ,Yoshiki,"Don't know what it is, but that girl ghost we made",friends with said to give it to you.,,요시키,같은 편을 들어 준 유령 아이들이,너희한테 주라고 하더라고.,,良樹,好像是有個站在我們這邊的小孩幽靈，,託我轉交給你們的。,,1,42,25,1,0,0,0,0,0,,Translated
615,あゆみ,じゃ……, , ,Ayumi,Come on. Let's go.,,,아유미,그럼......,,,あゆみ,那……,,,1,218,2,1,0,0,0,0,0,,Translated
616,直美,……委員長、気を……つけてね。, , ,Naomi,Class rep?,"...Take care, okay?",,나오미,"...... 반장, 조심...... 해.",,,直美,……班長，要小……心喔。,,,1,103,12,1,0,0,0,0,0,,Translated
617,あゆみ,中嶋さん。, , ,Ayumi,Nakashima...,,,아유미,나카시마.,,,あゆみ,中嶋同學。,,,1,219,2,1,0,0,0,0,0,,Translated
618,直美,……ん？, , ,Naomi,Hmm?,,,나오미,...... 응?,,,直美,……嗯？,,,1,104,12,1,0,0,0,0,0,,Translated
619,あゆみ,あんまり、持田くんに近付かないで。, , ,Ayumi,Don't...get too close to Mochida.,,,아유미,모치다 군한테 너무 붙지 마.,,,あゆみ,不要太接近持田同學。,,,1,220,2,1,0,0,0,0,0,,Translated
620,直美,……は？, , ,Naomi,...Huh?,,,나오미,...... 뭐?,,,直美,……什麼？,,,1,105,12,1,0,0,0,0,0,,Translated
621,あゆみ,あれは……！　持田君！, , ,Ayumi,Isn't that...?,It is! It's Mochida!,,아유미,저건......!  모치다 군!,,,あゆみ,那是……！　持田同學！,,,1,230,2,1,0,0,0,0,0,,Translated
622,あゆみ,……やっぱり！　やっぱり多重空間が解消したんだ。, , ,Ayumi,I guess the closed spaces really have started,to break down!,,아유미,...... 역시!  역시 다중 공간이 해소된 거구나.,,,あゆみ,……果然！　果然多重空間解除了。,,,1,231,2,1,0,0,0,0,0,,Translated
623,あゆみ,ううう……（ぐすん）, , ,Ayumi,*cry* *sniffle*,,,아유미,우우우...... (훌쩍),,,あゆみ,嗚嗚……（吸鼻子）,,,1,232,2,1,0,0,0,0,0,,Translated
624,あゆみ,……持田くぅーん！, , ,Ayumi,Mochidaaaa!!,,,아유미,...... 모치다 구운~!,,,あゆみ,……持田～～！,,,1,233,2,1,0,0,0,0,0,,Translated
625,あゆみ,持……, , ,Ayumi,Mochi--!,,,아유미,모치......,,,あゆみ,持……,,,1,234,2,1,0,0,0,0,0,,Translated
626,哲志,……篠崎！　無事だったのか！　よかった。, , ,Satoshi,Shinozaki! You're all right!,,,사토시,...... 시노자키!  무사했구나!  다행이다.,,,哲志,……篠崎！　妳沒事啊！　太好了。,,,1,9,17,1,0,0,0,0,0,,Translated
627,あゆみ,……何やってんの？, , ,Ayumi,...What...are you doing?,,,아유미,"...... 너희, 뭐야?",,,あゆみ,……你們在做什麼？,,,1,235,2,1,0,0,0,0,0,,Translated
628,哲志,え？　あ……　いや……, , ,Satoshi,Huh? I...uh...,,,사토시,어?  아......  아니......,,,哲志,咦？　啊……　不……,,,1,10,17,1,0,0,0,0,0,,Translated
629,直美,い……委員長、怪我とかなさそうだね、よかった！, , ,Naomi,Class rep! I'm glad to see you're okay!,,,나오미,"바...... 반장, 다친 덴 없어 보이네, 다행이야!",,,直美,班……班長，看來沒受傷，太好了！,,,1,106,12,1,0,0,0,0,0,,Translated
630,あゆみ,…うん……あなたも……, , ,Ayumi,Th-Thanks. Same to you.,,,아유미,... 응...... 너도......,,,あゆみ,……嗯……妳也是……,,,1,236,2,1,0,0,0,0,0,,Translated
631,直美,そんな……　鈴本さん……まで……, , ,Naomi,"No... God, poor Suzumoto...",,,나오미,이런...... 스즈모토...... 까지......,,,直美,怎麼會……　鈴本同學……也……,,,1,91,12,1,0,0,0,0,0,,Translated
632,直美,う……　うう……っ……, , ,Naomi,*sob*,,,나오미,으......  으으...... 윽......,,,直美,嗚……　嗚嗚…………,,,1,92,12,1,0,0,0,0,0,,Translated
633,哲志,……くッ, , ,Satoshi,Gck...,,,사토시,...... 큭,,,哲志,……可,,,1,251,16,1,0,0,0,0,0,,Translated
634,哲志,くそ……っ　さっきまで、, , ,Satoshi,Goddammit...,She was just with us a few hours ago...,,사토시,젠장......  좀 전까지,,,哲志,可惡……　明明剛才還,,,1,252,16,1,0,0,0,0,0,,Translated
635,哲志,ついさっきまで、笑ってたじゃないかよ。, , ,Satoshi,Smiling and laughing...,,,사토시,"바로 좀 전까지, 웃고 있었잖아.",,,哲志,明明剛才還在笑的。,,,1,253,16,1,0,0,0,0,0,,Translated
636,哲志,みんな……みんな！, , ,Satoshi,Why... Why?!,,,사토시,다들...... 다들!,,,哲志,大家……大家！,,,1,254,16,1,0,0,0,0,0,,Translated
637,哲志,……なんでだよ……！, , ,Satoshi,Why is this happening to us?!,,,사토시,...... 왜냐고......!,,,哲志,……為什麼啊……！,,,1,255,16,1,0,0,0,0,0,,Translated
638,あゆみ,はぁ……はぁ……　すぅぅぅ……, , ,Ayumi,*pant* *pant* Nnng...,,,아유미,하아...... 하아......  스으으으......,,,あゆみ,哈啊……哈啊……　嘶～～～……,,,1,194,2,1,0,0,0,0,0,,Translated
639,あゆみ,はぁ……（ブルブル）　……っとにかく……っ, , ,Ayumi,*sigh* *shudder*,A-At any rate...,,아유미,하아......  (덜덜)  ...... 어쨌든......,,,あゆみ,哈啊……（發抖）　……總、總之……,,,1,195,2,1,0,0,0,0,0,,Translated
640,あゆみ,これ以上！　誰も死なないで、,委員長としての命令よ。, ,Ayumi,...let's make sure we don't lose anyone else.,"In fact, consider it an order from your class rep.",,아유미,더 이상! 아무도 죽지 마.,반장으로서 명령하는 거야.,,あゆみ,不許再有人死了！,這是班長的命令。,,1,196,2,1,0,0,0,0,0,,Translated
641,哲志,篠崎……, , ,Satoshi,Shinozaki...,,,사토시,시노자키......,,,哲志,篠崎……,,,1,0,17,1,0,0,0,0,0,,Translated
642,あゆみ,宍戸先生と、森繁君と由香ちゃんを見つけて、, , ,Ayumi,"We're going to find Ms. Shishido, Morishige and",Yuka...,,아유미,"시시도 선생님, 모리시게 군, 유카를 찾아서",,,あゆみ,找到宍戶老師、森繁同學和由香，,,,1,197,2,1,0,0,0,0,0,,Translated
643,あゆみ,ここから帰るんだから！, , ,Ayumi,...and get the hell out of here together!,,,아유미,여길 나갈 테니까!,,,あゆみ,然後從這裡回去！,,,1,198,2,1,0,0,0,0,0,,Translated
644,哲志,ああ……勿論だ！, , ,Satoshi,Yeah... You bet we are.,,,사토시,그래...... 물론이지!,,,哲志,嗯……當然！,,,1,1,17,1,0,0,0,0,0,,Translated
645,あゆみ,いい？　殺害犯はサチコよ。,出会ったら、気をつけてね。, ,Ayumi,"Remember, the murderer is Sachiko. If you run into","her, be very careful.",,아유미,알겠어?  살해범은 사치코야.,만나게 되면 조심해.,,あゆみ,好嗎？　殺人犯是サチコ。,如果遇到她，要小心。,,1,199,2,1,0,0,0,0,0,,Translated
646,あゆみ,七星さんやゆきちゃんの話では……, , ,Ayumi,Based on what we've been told by Naho and Yuki...,,,아유미,나호 씨와 유키의 얘기로는......,,,あゆみ,根據七星小姐和由紀的說法……,,,1,200,2,1,0,0,0,0,0,,Translated
647,あゆみ,殺害犯・サチコの懺悔を引き出すことが出来れば, , ,Ayumi,...if we can get Sachiko to express remorse for,her actions...,,아유미,살해범 사치코의 참회를 이끌어 낼 수만 있다면,,,あゆみ,如果能引出殺人犯・サチコ的懺悔，,,,1,201,2,1,0,0,0,0,0,,Translated
648,あゆみ,殺された３人が自動的に浄霊されて、, , ,Ayumi,...then the three victims she killed will be,appeased...,,아유미,죽은 3명이 자동으로 정화되어,,,あゆみ,被殺的三個人就會自動被淨靈，,,,1,202,2,1,0,0,0,0,0,,Translated
649,あゆみ,この校舎を包んでいる霊磁場が開き……, , ,Ayumi,...the field around this school building will be,lifted...,,아유미,이 교사를 감싸고 있는 영자장이 열리고......,,,あゆみ,包圍這棟校舍的靈磁場就會打開……,,,1,203,2,1,0,0,0,0,0,,Translated
650,あゆみ,もとの世界へ帰れるかも知れない、って事よ。, , ,Ayumi,"...and we should, theoretically, be able to get out",of here and go home.,,아유미,"원래 세계로 돌아갈 수도 있다, 고 했어.",,,あゆみ,也許就能回到原來的世界了。,,,1,204,2,1,0,0,0,0,0,,Translated
651,哲志,赤い服の……サチコか……, , ,Satoshi,Sachiko... The girl in the red dress...,,,사토시,빨간 옷을 입은...... 사치코......,,,哲志,穿紅衣服的……サチコ嗎……,,,1,2,17,1,0,0,0,0,0,,Translated
652,哲志,どうすれば懺悔なんて、させる事が出来るんだ……？, , ,Satoshi,"How do we get her to express remorse, though?",,,사토시,어떻게 하면 참회를 하게 만들 수 있는 건데......?,,,哲志,要怎麼樣才能讓她懺悔呢……？,,,1,3,17,1,0,0,0,0,0,,Translated
653,直美,だよね……, , ,Naomi,That is the question...,,,나오미,그러게......,,,直美,就是說啊……,,,1,93,12,1,0,0,0,0,0,,Translated
654,あゆみ,……, , ,Ayumi,...,,,아유미,......,,,あゆみ,……,,,1,205,2,1,0,0,0,0,0,,Translated
655,あゆみ,……あなた達のさっきの話……,『逆打ち法』について聞かせてくれる？, ,Ayumi,"Well, what about you two? What can you tell me about",this 'way out' you mentioned?,,아유미,...... 너희들 좀 전에 했던......,『역타법』에 대한 얘길 해줄래?,,あゆみ,……你們剛才說的……,能告訴我『逆打法』的事嗎？,,1,206,2,1,0,0,0,0,0,,Translated
656,直美,このテープで、……帰る為の方法みたいに,言っていたんだけどね。, ,Naomi,"Not a lot, unfortunately. The reporter talked about",some specific means of getting home...,,나오미,이 테이프에서...... 돌아갈 방법이 있다고,말했는데.,,直美,這捲錄影帶裡，……好像說了回去的方法。,,,1,94,12,1,0,0,0,0,0,,Translated
657,直美,肝心のところで切れてたんだ……, , ,Naomi,...but he was cut off before he could explain it.,,,나오미,중요한 부분에서 끊어졌어......,,,直美,但在關鍵的地方中斷了……,,,1,95,12,1,0,0,0,0,0,,Translated
658,直美,『テープを替える』って言って終っているから、,きっと続きがあると思うの。, ,Naomi,"He was looking for a blank tape, though, when it",ended. So there's probably a continuation somewhere.,,나오미,『테이프를 바꾼다』라고 말하고 끝났으니까,분명 그 다음이 있을 거야.,,直美,因為是在說『換錄影帶』的時候結束的，,所以我想一定有續集。,,1,96,12,1,0,0,0,0,0,,Translated
659,直美,鬼碑忌、って人の取材テープみたいで、, , ,Naomi,"Look for a label that says, 'Kibiki Research Data.'",,,나오미,"키비키, 란 사람의 취재 테이프 같은데",,,直美,好像是叫鬼碑忌的人的採訪錄影帶，,,,1,97,12,1,0,0,0,0,0,,Translated
660,あゆみ,……鬼碑忌先生の！？, , ,Ayumi,Wait... Did you say Kibiki?!,,,아유미,...... 키비키 선생님!?,,,あゆみ,……鬼碑忌老師的！？,,,1,207,2,1,0,0,0,0,0,,Translated
661,直美,あ、うん。, , ,Naomi,"Yes, that's right.",,,나오미,"아, 응.",,,直美,啊，嗯。,,,1,98,12,1,0,0,0,0,0,,Translated
662,あゆみ,……, , ,Ayumi,...,,,아유미,......,,,あゆみ,……,,,1,208,2,1,0,0,0,0,0,,Translated
663,直美,……この方法さえ判れば、これ以上,霊とかに関わらなくてすむし、, ,Naomi,If we can figure out what sort of method he had in,"mind for getting out of here, we won't have to get",mixed up with ghosts and curses anymore.,나오미,"...... 이 방법만 알면, 더 이상",유령과 엮일 필요도 없고,,直美,……只要知道這個方法，就不用再,和幽靈之類的扯上關係了，,,1,99,12,1,0,0,0,0,0,,Translated
664,直美,浄霊？　……とかより、簡単そうだし。, , ,Naomi,It seems like it'd be a lot simpler than...how did,you put it? Appeasing the spirits?,,나오미,정령?  ...... 그거보다 간단해 보이고.,,,直美,而且比淨靈？　……之類的，看起來簡單多了。,,,1,100,12,1,0,0,0,0,0,,Translated
665,あゆみ,……だけど、それじゃ根本的な解決にならないよ。, , ,Ayumi,"The problem with that is, it doesn't really fix",anything.,,아유미,...... 하지만 그럼 근본적인 해결이 안 돼.,,,あゆみ,……但是，那樣根本解決不了問題。,,,1,209,2,1,0,0,0,0,0,,Translated
666,あゆみ,『浄霊法』……私に『逆打ち』じゃない方を,七星さんが教えたのは、, ,Ayumi,Escaping by putting the spirits to rest... That's,the method Naho explained to me. And I don't think,it's the same thing as Kibiki's 'way out.',아유미,『정령법』 ...... 나호 씨가 나에게 ,『역타법』이 아닌 다른 걸 가르쳐 준 건,,あゆみ,『淨靈法』……七星小姐教我的，不是『逆打』的那個，,,,1,210,2,1,0,0,0,0,0,,Translated
667,あゆみ,この恐ろしい呪いの拡大を、止めて欲しいと,考えているからだわ。, ,Ayumi,I'm guessing Naho wants us to put a stop to this,once and for all...to keep this curse from spreading,any farther.,아유미,이 무서운 저주의 확대를 멈춰주길,바라고 있기 때문이야.,,あゆみ,是因為她想阻止這個可怕詛咒的擴散。,,,1,211,2,1,0,0,0,0,0,,Translated
668,あゆみ,この学校をこのままにしておくと、,これからもずっと, ,Ayumi,"If we leave things the way they are, and just",escape with our lives like you're suggesting...,,아유미,이 학교를 이대로 두면,앞으로도 계속,,あゆみ,如果放任這所學校不管，今後也會一直，,,,1,212,2,1,0,0,0,0,0,,Translated
669,あゆみ,沢山の子達がここに閉じ込められて、,惨く死んで行くんだよ？, ,Ayumi,...then countless innocent children are going to get,"pulled in here for God knows how many years to come,",and they're all going to die horribly!,아유미,수많은 아이들이 여기에 갇혀서,비참하게 죽어갈 거야.,,あゆみ,有無數的孩子被困在這裡，悽慘地死去啊？,,,1,213,2,1,0,0,0,0,0,,Translated
670,直美,そんなの……ただの高校生のあたし達に、,何が出来るっていうのよ……！, ,Naomi,"That may be true, but we're just high school",students! How can you possibly expect us to,set things right?!,나오미,그렇다고...... 평범한 고등학생인 우리가,뭘 할 수 있단 말이야......!,,直美,那種事……只是高中生的我們，,能做什麼啊……！,,1,101,12,1,0,0,0,0,0,,Translated
671,あゆみ,サチコに罪を後悔させる、その方法を……,なんとか探るんだよ！, ,Ayumi,There has to be a way to make Sachiko atone for her,sins. There just has to be! And we're going to look,for it!,아유미,"사치코가 참회를 하게 만들, 그 방법을......",꼭 찾아내야 해!,,あゆみ,讓サチコ後悔自己罪行的那個方法……,一定要想辦法找到！,,1,214,2,1,0,0,0,0,0,,Translated
672,あゆみ,なんで最初っから無理って決め付けてるワケ？, , ,Ayumi,"God, how can you just decide right off the bat that",this plan has no chance of succeeding?!,,아유미,왜 처음부터 무리라고 생각하는 거야?,,,あゆみ,為什麼一開始就認定做不到啊？,,,1,215,2,1,0,0,0,0,0,,Translated
673,あゆみ,私の話だから胡散臭いって？！, , ,Ayumi,Is it because I'm the one who suggested it?!,,,아유미,내가 하는 말이라 수상쩍다 그거야?!,,,あゆみ,因為是我說的所以覺得可疑嗎？！,,,1,216,2,1,0,0,0,0,0,,Translated
674,直美,……そうじゃないけど！, , ,Naomi,What?! No! Of course not!,,,나오미,...... 그런 건 아니지만!,,,直美,……不是那樣的！,,,1,102,12,1,0,0,0,0,0,,Translated
675,哲志,とにかく、協力して頑張ろう。,俺たちは『逆打ち法』について探りながら, ,Satoshi,"Come on, we have to work together on this. How about",the two of us look for more info on Kibiki's 'way,out'...,사토시,어쨌든 서로 도와가며 잘해 보자.,우린 『역타법』에 대해 조사하면서,,哲志,總之，一起合作努力吧。,我們一邊尋找『逆打法』的線索，,,1,4,17,1,0,0,0,0,0,,Translated
676,哲志,由香やみんなを捜すから、,篠崎は結衣先生達を捜してくれ。, ,Satoshi,"...and continue searching for Yuka, of course...",while you search for Ms. Yui?,,사토시,유카와 애들을 찾을 테니까,시노자키는 유이 선생님을 찾아줘.,,哲志,一邊找由香和大家，,篠崎妳去找結衣老師她們。,,1,6,17,1,0,0,0,0,0,,Translated
677,哲志,揃ったら、ここに戻って来よう。待ち合わせだ。, , ,Satoshi,"Once everyone's been found, we'll meet back here.",,,사토시,다 모이면 여기로 돌아오고. 약속이야.,,,哲志,到齊了之後，回到這裡來。約好了。,,,1,7,17,1,0,0,0,0,0,,Translated
678,あゆみ,……（こくっ）, , ,Ayumi,...,,,아유미,...... (끄덕),,,あゆみ,……（點頭）,,,1,217,2,1,0,0,0,0,0,,Translated
679,あゆみ,じゃ……, , ,Ayumi,Got it.,,,아유미,그럼......,,,あゆみ,那……,,,1,218,2,1,0,0,0,0,0,,Translated
680,直美,……委員長、気を……つけてね。, , ,Naomi,Class rep?,"...Take care, okay?",,나오미,"...... 반장, 조심...... 해.",,,直美,……班長，要小……心喔。,,,1,103,12,1,0,0,0,0,0,,Translated
681,あゆみ,中嶋さん, , ,Ayumi,Nakashima...,,,아유미,나카시마.,,,あゆみ,中嶋同學,,,1,219,2,1,0,0,0,0,0,,Translated
682,直美,……ん？, , ,Naomi,Hmm?,,,나오미,...... 응?,,,直美,……嗯？,,,1,104,12,1,0,0,0,0,0,,Translated
683,あゆみ,あんまり、持田くんに近付かないで。, , ,Ayumi,Don't...get too close to Mochida.,,,아유미,모치다 군한테 너무 붙지 마.,,,あゆみ,不要太接近持田同學。,,,1,220,2,1,0,0,0,0,0,,Translated
684,直美,……は？, , ,Naomi,...Huh?,,,나오미,...... 뭐?,,,直美,……什麼？,,,1,105,12,1,0,0,0,0,0,,Translated
685,良樹,おーい篠崎。, , ,Yoshiki,Hey! Shinozaki!,,,요시키,야~ 시노자키.,,,良樹,喂～篠崎。,,,1,43,25,1,0,0,0,0,0,,Translated
686,良樹,おい。, , ,Yoshiki,Hey.,,,요시키,야.,,,良樹,喂。,,,1,44,25,1,0,0,0,0,0,,Translated
687,あゆみ,何よ……, , ,Ayumi,What is it?,,,아유미,뭐야......,,,あゆみ,幹嘛……,,,1,221,2,1,0,0,0,0,0,,Translated
688,良樹,もうちょい力抜けよ。, , ,Yoshiki,Don't think you look discouraged enough.,Try scowling some more.,,요시키,힘 좀 빼라.,,,良樹,再放鬆一點力氣吧。,,,1,45,25,1,0,0,0,0,0,,Translated
689,あゆみ,…………, , ,Ayumi,...,,,아유미,............,,,あゆみ,…………,,,1,222,2,1,0,0,0,0,0,,Translated
690,あゆみ,中嶋さんの学生証……サチコさんの切れ端も、,渡しそびれちゃった。, ,Ayumi,Nakashima's student ID...and the paper doll scrap...,I forgot to give them back.,,아유미,나카시마의 학생증...... 사치코씨의 조각을,주지 못했어.,,あゆみ,中嶋同學的學生證……還有サチコ小姐的碎片，,忘記還她了。,,1,223,2,1,0,0,0,0,0,,Translated
691,良樹,あとで渡せばいい、問題ないだろ？　なんにも。, , ,Yoshiki,"We can do that later. There's no hurry. Really,",things are starting to look up! This is definitely,not the time to mope.,요시키,"나중에 주면 돼, 문제없잖아?  아무것도.",,,良樹,晚點再給就好了，沒問題吧？　什麼事都沒有。,,,1,46,25,1,0,0,0,0,0,,Translated
692,あゆみ,私情を優先してクラスの人に暴言なんて、,私……委員長として失格だわ。, ,Ayumi,"I let my personal feelings cloud my judgment, and",spoke harshly toward a classmate for no reason.,"And I'm the class representative, for God's sake!",아유미,자기 사정을 우선시하고 애들한테 폭언을 하다니,난...... 반장으로서 실격이야.,,あゆみ,因為私情而對班上同學口出惡言，,我……作為班長不合格。,,1,224,2,1,0,0,0,0,0,,Translated
693,良樹,篠崎あゆみ個人としては、素直な反応だろ。, , ,Yoshiki,"Not here you aren't. Here, you're plain old Ayumi",Shinozaki. And you were just being honest.,,요시키,"시노자키 아유미 개인으로서는, 솔직한 반응이잖아.",,,良樹,作為篠崎あゆみ個人來說，那是很誠實的反應吧。,,,1,47,25,1,0,0,0,0,0,,Translated
694,良樹,俺がお前の立場でもああ言うと思うぜ。, , ,Yoshiki,I probably would've been just as curt with her,if I were in your shoes.,,요시키,내가 네 입장이라도 그랬을걸.,,,良樹,我要是站在妳的立場也會那麼說的。,,,1,48,25,1,0,0,0,0,0,,Translated
695,あゆみ,……そう？, , ,Ayumi,Seriously?!,,,아유미,...... 그래?,,,あゆみ,……是嗎？,,,1,225,2,1,0,0,0,0,0,,Translated
696,良樹,多分。, , ,Yoshiki,"...Ehh, maybe.",,,요시키,아마도,,,良樹,大概吧。,,,1,49,25,1,0,0,0,0,0,,Translated
697,あゆみ,なんか、気、ラクになった。……ありがと。, , ,Ayumi,That...actually makes me feel a little better.,Thanks.,,아유미,왠지 마음이 편해졌어...... 고마워.,,,あゆみ,總覺得，心情輕鬆了一點。……謝謝。,,,1,226,2,1,0,0,0,0,0,,Translated
698,良樹,おー, , ,Yoshiki,Don't mention it.,,,요시키,그래~,,,良樹,喔～,,,1,50,25,1,0,0,0,0,0,,Translated
699,あゆみ,確かに、今サチコに出会っても、,懺悔させる方法なんて思いつかないし、, ,Ayumi,"Really, though, even if we did track down Sachiko,",I don't have the slightest idea how we could,possibly elicit any remorse from her.,아유미,분명 지금 사치코를 본다 해도,참회시킬 방법은 없으니까,,あゆみ,確實，就算現在遇到サチコ，,也想不出讓她懺悔的方法，,,1,227,2,1,0,0,0,0,0,,Translated
700,あゆみ,結衣先生を探して……『逆打ち』でもいいから、, , ,Ayumi,Let's just try to find Ms. Yui...and then even if,we have to use that 'way out'...,,아유미,유이 선생님을 찾아서...... 『역타법』이라도 좋으니까,,,あゆみ,去找結衣老師……就算是『逆打』也好，,,,1,228,2,1,0,0,0,0,0,,Translated
701,あゆみ,とにかく、みんなで帰ろう。, , ,Ayumi,"...let's get the hell out of here. All of us,",together.,,아유미,어쨌든 모두 함께 돌아가자.,,,あゆみ,總之，大家一起回去吧。,,,1,229,2,1,0,0,0,0,0,,Translated
702,良樹,おう。, , ,Yoshiki,You bet!,,,요시키,그래.,,,良樹,喔！,,,1,51,25,1,0,0,0,0,0,,Translated
703,あゆみ,ハァッ、ハァッ、……ハァッ, , ,Ayumi,*pant* *pant* *pant*,,,아유미,"하악, 하악...... 하악",,,あゆみ,哈啊、哈啊、……哈啊,,,1,238,2,1,0,0,0,0,0,,Translated
704,あゆみ,何よ……, , ,Ayumi,What the hell...,,,아유미,뭐야......,,,あゆみ,搞什麼……,,,1,239,2,1,0,0,0,0,0,,Translated
705,あゆみ,もぉ……もぉ！　もぉ、もぉ、もぉーーッ, , ,Ayumi,Dammit all...,"Dammit, dammit, dammit, DAMMIT!!",,아유미,"진짜...... 진짜!  진짜, 진짜, 진짜~~",,,あゆみ,真是……真是！　真是、真是、真是～～,,,1,240,2,1,0,0,0,0,0,,Translated
706,あゆみ,ううううう……　……グスン、グス, , ,Ayumi,*whine* *sob*,,,아유미,"우우우우우......  ...... 훌쩍, 훌쩍",,,あゆみ,嗚嗚嗚嗚……　……吸泣、吸,,,1,241,2,1,0,0,0,0,0,,Translated
707,あゆみ,きっと……今ので持田君にもヒかれたわ……, , ,Ayumi,Why am I so stupid?! I'm sure even Mochida was,freaked out by that last comment...,,아유미,분명...... 그 일로 모치다 군한테 미움받을 거야......,,,あゆみ,一定……剛才那樣也被持田同學討厭了吧……,,,1,242,2,1,0,0,0,0,0,,Translated
708,あゆみ,どうしてくれるのよッ！　もうッ！, , ,Ayumi,"But goddammit, how was I supposed to react?!",,,아유미,이제 어쩔 거야!  진짜!,,,あゆみ,你要怎麼賠我啊！　真是！,,,1,243,2,1,0,0,0,0,0,,Translated
709,あゆみ,はぁ、はぁ。, , ,Ayumi,*pant* *wheeze*,,,아유미,"하아, 하아.",,,あゆみ,哈啊、哈啊。,,,1,244,2,1,0,0,0,0,0,,Translated
710,あゆみ,何やってんだろ私……, , ,Ayumi,"What am I doing, anyway?",,,아유미,난 뭘 하는 거지......,,,あゆみ,我在做什麼啊……,,,1,245,2,1,0,0,0,0,0,,Translated
711,あゆみ,中嶋さんの学生証……サチコさんの切れ端も、,渡しそびれちゃったし。, ,Ayumi,I didn't even give Nakashima back her student ID...,or the paper scrap inside.,,아유미,나카시마의 학생증...... 사치코씨의 조각을,건네주지도 못하고.,,あゆみ,中嶋同學的學生證……還有サチコ小姐的碎片，,也沒能還給她。,,1,246,2,1,0,0,0,0,0,,Translated
712,あゆみ,はぁ。委員長失格だな……また、あとで返そう。, , ,Ayumi,*sigh* I'm a crappy class rep. Guess I can just give,"them back to her later, though...",,아유미,하아. 반장 실격이네...... 나중에 줘야겠다.,,,あゆみ,哈啊。班長失格啊……下次再還給她吧。,,,1,247,2,1,0,0,0,0,0,,Translated
713,あゆみ,確かに、今サチコに出会っても、,懺悔させる方法なんて思いつかないし、, ,Ayumi,"But really, she's right. Even if we did track down","Sachiko, I don't have the slightest idea how we",could possibly elicit any remorse from her.,아유미,분명 지금 사치코를 본다 해도,참회시킬 방법은 없으니까,,あゆみ,確實，就算現在遇到サチコ，,也想不出讓她懺悔的方法，,,1,248,2,1,0,0,0,0,0,,Translated
714,あゆみ,結衣先生を探して……　『逆打ち』でもいいから、, , ,Ayumi,I guess I'll just try to find Ms. Yui...and then,even if we have to use that 'way out'...,,아유미,유이 선생님을 찾고......  『역타법』이라도 좋으니까,,,あゆみ,去找結衣老師……就算是『逆打』也好，,,,1,249,2,1,0,0,0,0,0,,Translated
715,あゆみ,みんなで帰ろう。, , ,Ayumi,"...let's get the hell out of here. All of us,",together.,,아유미,모두 함께 돌아가자.,,,あゆみ,大家一起回去吧。,,,1,250,2,1,0,0,0,0,0,,Translated
716,,パーティーザッピングシステムについて, , ,,You are now following multiple parties.,,,,파티 재핑 시스템에 대해,,,,關於隊伍切換系統,,,0,0,0,1,0,0,0,0,0,,Translated
717,,PTZS（能動的パーティー切り替え）が、,使用可能となりました。, ,,"You may only directly control one party at a time,",however.,,,PTZS(능동적 파티 변환)을,사용할 수 있게 되었습니다.,,,PTZS（主動式隊伍切換）已可使用。,,,0,0,0,1,0,0,0,0,0,,Translated
718,,校舎内にあるペンタグラムに触れることで、,離れた仲間の様子を随時見る事が出来ます。, ,,"If you wish to switch from one party to the other,",you may do so at will by stepping on one of the many,pentagrams scattered throughout the school building.,,교사 안에 있는 오망성에 접촉하면,멀리 떨어진 동료의 모습을 수시로 볼 수 있습니다.,,,觸碰校舍內的五芒星，,可以隨時觀看遠方同伴的狀況。,,0,0,0,1,0,0,0,0,0,,Translated
719,良樹,……うわぁ……, , ,Yoshiki,Waagh!,,,요시키,...... 우와아......,,,良樹,……哇啊……,,,1,56,25,1,0,0,0,0,0,,Translated
720,あゆみ,何、これ……血？, , ,Ayumi,What the...,Is that...blood...?,,아유미,"뭐야, 이건...... 피?",,,あゆみ,什麼，這是……血？,,,1,37,3,1,0,0,0,0,0,,Translated
721,,装置はロックされてしまったのか、,動かすことができません。, ,,The mechanism is locked in place. It won't budge.,,,,장치는 잠금 장치가 걸려 있는 건지,움직일 수가 없습니다.,,,裝置似乎被鎖住了，無法操作。,,,0,0,0,1,0,0,0,0,0,,Translated
722,,　今日に絶望しても明日というひは,　昨日と今日の結果のあらわれはともに大丈夫,　押し入り反対！,,"Even if you're feeling trapped, remember, tomorrow","is forged by yesterday and today, and all can flow",in perfect harmony. EXPEL ALL CLOSET TRESPASSERS!,,오늘 절망해도 내일이란 날은,어제와 오늘의 결과는 모두 괜찮아,밀치기 반대!,,　即使對今天絕望，明天這樣的日子,　昨天和今天的結果顯現都沒問題,　反對推入！,0,0,0,1,0,0,0,0,0,,Translated
723,,■猟奇実話ルポ・,実在する呪われた学校の過去を追った！　４,　　　　　　　　　　　　　　　鬼碑忌コウ,,[Strange But True: Stories of the Occult],Chasing Down the Hidden Past of the Cursed School,Building - part 4                 by Kou Kibiki,,■ 엽기 실화 르포,실재하는 저주받은 학교의 과거를 파헤친다!  4,                                   키비키 코우,,■獵奇實錄報導・,追蹤真實存在的被詛咒學校的過去！　４,　　　　　　　　　　　　　　　鬼碑忌光,0,0,0,1,0,0,0,0,0,,Translated
724,鬼碑忌,ひとりになってはいけない。,ひとりになってはいけない。, ,Kibiki,I shouldn't be alone.,I shouldn't be alone.,,키비키,혼자 있어서는 안 된다.,혼자 있어서는 안 된다.,,鬼碑忌,不能一個人獨處。,不能一個人獨處。,,1,130,6,1,0,0,0,0,0,,Translated
725,鬼碑忌,ここに来たのは、我々が一番ではなかったらしい。,既に、何人かの先達がいた。, ,Kibiki,"We are not the first to come here, it seems.",There have been many before us.,,키비키,"여기에 온 것은, 내가 처음이 아니었던 모양이다.",이미 몇 명인가 왔던 사람이 있다.,,鬼碑忌,看來我們並非第一個來到這裡的人。,已經有幾位先行者了。,,1,131,6,1,0,0,0,0,0,,Translated
726,鬼碑忌,皆、一様に死ぬか、この校舎に喰われていた。, , ,Kibiki,And every one of them has either died or been,swallowed up by the school itself.,,키비키,"모두 한결같이 죽었거나, 이 교사에 먹힌 상태였다.",,,鬼碑忌,他們全都死了，或是被這所校舍吞噬了。,,,1,132,6,1,0,0,0,0,0,,Translated
727,鬼碑忌,喰われる……という表現を使うのには理由がある。, , ,Kibiki,I'm not simply using the word 'swallowed' for,"dramatic effect, either. It is, regrettably,",an apt description.,키비키,먹힌다...... 는 표현을 쓰는 것엔 이유가 있다.,,,鬼碑忌,使用「吞噬」這個詞是有理由的。,,,1,133,6,1,0,0,0,0,0,,Translated
728,鬼碑忌,この学校を包んでいる巨大な呪い、,“それ”に深く心が蝕まれてしまう―, ,Kibiki,There's a massive curse encompassing this entire,"building. It's like an entity unto itself, and it",slowly devours the souls of men.,키비키,이 학교를 감싸고 있는 거대한 저주,“그것”에 마음 깊숙한 곳까지 먹히고 만다,,鬼碑忌,被包圍這所學校的巨大詛咒，,「它」深深地侵蝕了心靈―,,1,134,6,1,0,0,0,0,0,,Translated
729,鬼碑忌,すなわち、心の隙を作る事は自殺行為に等しい。, , ,Kibiki,"It chips away at a person's core -- sanity, reason,",even identity -- eventually destroying him. Nothing,that made him who he is is left behind.,키비키,즉 마음에 틈을 만드는 것은 자살행위와 같다.,,,鬼碑忌,也就是說，製造心靈空隙等同於自殺行為。,,,1,135,6,1,0,0,0,0,0,,Translated
730,鬼碑忌,深い絶望や孤独感に心をつかまれると、,あっという間に呪いに心を侵食されてしまうのだ。, ,Kibiki,"Once it's gripped your heart, you'll quickly succumb ",to despair and loneliness. The essence of what makes,"you human is literally eaten away, as if by worms.",키비키,깊은 절망과 고독감에 마음을 붙잡히면,눈 깜짝할 사이에 마음을 저주에 침식당하고 마는 것이다.,,鬼碑忌,一旦內心被深深的絕望和孤獨感抓住，,心靈就會瞬間被詛咒侵蝕。,,1,136,6,1,0,0,0,0,0,,Translated
731,鬼碑忌,結果――肉体は壊死をはじめ、魂は消し炭のように,真っ黒になり、―我々はこれを黒化と呼ぶが―, ,Kibiki,"When this happens, the body begins to necrotize and",the soul becomes as black as spent ash. We've come,to regard this process as 'darkening.',키비키,"그 결과, 육체는 괴사하기 시작, 혼은 검게 탄 숯처럼",새까맣게 되고 - 우리는 이것을 흑화라고 하는데 -,,鬼碑忌,結果――肉體開始壞死，靈魂像燒盡的炭一樣,變得漆黑，―我們稱之為黑化―,,1,137,6,1,0,0,0,0,0,,Translated
732,鬼碑忌,この校舎に吸収され、その一部とされてしまう。, , ,Kibiki,And whosoever succumbs to the darkening becomes,an inseparable part of the school itself.,,키비키,"이 교사에 흡수되어, 교사의 일부가 되고 만다.",,,鬼碑忌,被這所校舍吸收，成為它的一部分。,,,1,138,6,1,0,0,0,0,0,,Translated
733,鬼碑忌,例外として、肉体は蝕まれずに激しい思念のみが、,残留し、焼きついたりする事もある様だが、, ,Kibiki,"In rare instances, one may be able to avoid the full","act of darkening, instead fated to be seared unbear-","ably by intense, violent thoughts and emotions.",키비키,예외로 육체는 침식당하지 않고 격한 사념만이,잔류하여 박히는 경우도 있는 모양이지만,,鬼碑忌,作為例外，也有肉體未被侵蝕，,只有強烈的思念殘留並烙印下來的情況，,,1,139,6,1,0,0,0,0,0,,Translated
734,鬼碑忌,ほとんどの場合、魂はその場に固定され、,成仏も出来ずに永遠にそこに留まり続ける事になる。, ,Kibiki,"But most of the time, his soul will be rooted here,",and he will be cursed to wander these halls for,eternity with no hope of passing or exorcism.,키비키,"대부분의 경우, 혼은 그 자리에 고정되어",성불도 하지 못한 채 영원히 남아있게 된다.,,鬼碑忌,但大多數情況下，靈魂會被固定在原地，,無法成佛，永遠停留在那裡。,,1,140,6,1,0,0,0,0,0,,Translated
735,鬼碑忌,こうしてこの学校は犠牲者を喰らい……。,どんどん膨張を続けているようだ。, ,Kibiki,"Thus, my use of the word 'swallowed.' This school","swallows us whole, growing fatter with tortured",souls every day.,키비키,이렇게 이 학교는 희생자를 먹어 치우며......,계속 팽창하고 있는 모양이다.,,鬼碑忌,就這樣這所學校吞噬著犧牲者……。,似乎在不斷膨脹。,,1,141,6,1,0,0,0,0,0,,Translated
736,鬼碑忌,ぞっとする！　この霊場との接触方法……,『サチコのまじない』を, ,Kibiki,It makes me shudder just thinking about it.,The means by which I've come here...the Sachiko,charm...,키비키,오싹하다!  이 영자장과의 접촉 방법......,『사치코의 주술』을,,鬼碑忌,令人毛骨悚然！　與這個靈場接觸的方法……,『サチコ的詛咒』，,,1,142,6,1,0,0,0,0,0,,Translated
737,鬼碑忌,現世で世間に公開していたら、この被害が更に,拡大する所だった。, ,Kibiki,"If its particulars ever got out into the mainstream,",this school would never go hungry again.,,키비키,"현세에 공개했으면, 피해가 더욱 더",확대될 뻔했다.,,鬼碑忌,如果在現世公開的話，這個危害會,進一步擴大。,,1,143,6,1,0,0,0,0,0,,Translated
738,鬼碑忌,この第四回も、次回の第五回も『読者』は……, , ,Kibiki,To any who may be reading this fourth installment --,and soon the fifth --,,키비키,"이 제4회도, 다음 제5회도 『독자』는......",,,鬼碑忌,這第四回，以及下一回的第五回，『讀者』……,,,1,144,6,1,0,0,0,0,0,,Translated
739,鬼碑忌,私と同じく監禁された、犠牲者という事に,なってしまった。, ,Kibiki,it's clear that you're a victim trapped within this,"hellish place, just as I am.",,키비키,나와 같이 감금되어,희생자가 되고 말았다.,,鬼碑忌,已經成為了與我一樣被監禁的犧牲者。,,,1,145,6,1,0,0,0,0,0,,Translated
740,鬼碑忌,しかしせめて、生き残るための参考になればと思う。, , ,Kibiki,The least I can do is give you some advice to help,keep you alive as long as possible.,,키비키,하지만 적어도 살아남기 위한 참고는 될 것이라고 본다.,,,鬼碑忌,但至少，希望能作為生存下去的參考。,,,1,146,6,1,0,0,0,0,0,,Translated
741,鬼碑忌,読者の貴方に、希望を残せたらと願ってやまないのだ。, , ,Kibiki,"If you still have even the dimmest shred of hope,",hang onto it. Keep it firmly in your heart. Never,give up on it. I can't stress that enough.,키비키,어디까지나 독자 여러분에게 희망이 남길 바랄 뿐이다.,,,鬼碑忌,我衷心希望能為讀者的你，留下希望。,,,1,147,6,1,0,0,0,0,0,,Translated
742,鬼碑忌,第五回も楽しみにしていて欲しい。, , ,Kibiki,I hope you'll be looking forward to part five.,,,키비키,제5회도 기대하기 바란다.,,,鬼碑忌,敬請期待第五回。,,,1,148,6,1,0,0,0,0,0,,Translated
743,鬼碑忌,助手の田久地君は何処かへ消えてしまった。, , ,Kibiki,"My assistant, Taguchi, has disappeared somewhere...",,,키비키,조수 타구치 군은 어딘가로 사라져 버렸다.,,,鬼碑忌,助手田久地君不知消失到哪裡去了。,,,1,149,6,1,0,0,0,0,0,,Translated
744,鬼碑忌,ひとりになった私は、もう帰る事が出来なくなった。, , ,Kibiki,"Now that I'm by myself, I can no longer go home.",,,키비키,"혼자가 된 나는, 돌아갈 수 없게 되었다.",,,鬼碑忌,變成一個人的我，已經無法回去了。,,,1,150,6,1,0,0,0,0,0,,Translated
745,鬼碑忌,だが私は書き続ける。, , ,Kibiki,So I'm just going to keep writing.,,,키비키,하지만 나는 계속 글을 쓸 것이다.,,,鬼碑忌,但我會繼續寫下去。,,,1,151,6,1,0,0,0,0,0,,Translated
746,鬼碑忌,使命だからだ。, , ,Kibiki,"It's my one true calling, after all.",,,키비키,사명이기 때문이다.,,,鬼碑忌,因為這是我的使命。,,,1,152,6,1,0,0,0,0,0,,Translated
747,鬼碑忌,何が起こっても、命ある限り、, , ,Kibiki,No matter what happens...as long as there's life,left in me...,,키비키,"어떤 일이 일어나더라도, 목숨이 붙어 있는 한",,,鬼碑忌,無論發生什麼事，只要還活著，,,,1,153,6,1,0,0,0,0,0,,Translated
748,鬼碑忌,手が動く限り書き続ける。, , ,Kibiki,...as long as my hands can still move...,I will never stop writing.,,키비키,손이 움직이는 한 계속 쓸 것이다.,,,鬼碑忌,只要手還能動，就會繼續寫下去。,,,1,154,6,1,0,0,0,0,0,,Translated
749,,鬼碑忌レポート４を読みますか？, , ,,There's a manuscript here for a publication,called [Strange But True: Stories of the Occult].,It's a followup to a previous report. Read it?,,키비키 레포트 4를 읽겠습니까?,,,,要閱讀鬼碑忌報導４嗎？,,,0,0,0,1,0,0,0,0,0,,Translated
750,,読む,読まない,,,Yes,No,,,읽는다,읽지 않는다,,,閱讀,不閱讀,,0,255,255,255,255,255,255,255,255,,Translated
751,,■猟奇実話ルポ・,実在する呪われた学校の過去を追った！　４,　　　　　　　　　　　　　　　鬼碑忌コウ,,[Strange But True: Stories of the Occult],Chasing Down the Hidden Past of the Cursed School,Building - part 4                 by Kou Kibiki,,■ 엽기 실화 르포,실재하는 저주받은 학교의 과거를 파헤친다!  4,                                   키비키 코우,,■獵奇實錄報導・,追蹤真實存在的被詛咒學校的過去！　４,　　　　　　　　　　　　　　　鬼碑忌光,0,0,0,1,0,0,0,0,0,,Translated
752,鬼碑忌,ひとりになってはいけない。,ひとりになってはいけない。, ,Kibiki,I shouldn't be alone.,I shouldn't be alone.,,키비키,혼자 있어서는 안 된다.,혼자 있어서는 안 된다.,,鬼碑忌,不能一個人獨處。,不能一個人獨處。,,1,130,6,1,0,0,0,0,0,,Translated
753,鬼碑忌,ここに来たのは、我々が一番ではなかったらしい。,既に、何人かの先達がいた。, ,Kibiki,"We are not the first to come here, it seems.",There have been many before us.,,키비키,"여기에 온 것은, 내가 처음이 아니었던 모양이다.",이미 몇 명인가 왔던 사람이 있다.,,鬼碑忌,看來我們並非第一個來到這裡的人。,已經有幾位先行者了。,,1,131,6,1,0,0,0,0,0,,Translated
754,鬼碑忌,皆、一様に死ぬか、この校舎に喰われていた。, , ,Kibiki,And every one of them has either died or been,swallowed up by the school itself.,,키비키,"모두 한결같이 죽었거나, 이 교사에 먹힌 상태였다.",,,鬼碑忌,他們全都死了，或是被這所校舍吞噬了。,,,1,132,6,1,0,0,0,0,0,,Translated
755,鬼碑忌,喰われる……という表現を使うのには理由がある。, , ,Kibiki,I'm not simply using the word 'swallowed' for,"dramatic effect, either. It is, regrettably,",an apt description.,키비키,먹힌다...... 는 표현을 쓰는 것엔 이유가 있다.,,,鬼碑忌,使用「吞噬」這個詞是有理由的。,,,1,133,6,1,0,0,0,0,0,,Translated
756,鬼碑忌,この学校を包んでいる巨大な呪い、,“それ”に深く心が蝕まれてしまう―, ,Kibiki,There's a massive curse encompassing this entire,"building. It's like an entity unto itself, and it",slowly devours the souls of men.,키비키,이 학교를 감싸고 있는 거대한 저주,“그것”에 마음 깊숙한 곳까지 먹히고 만다,,鬼碑忌,被包圍這所學校的巨大詛咒，,「它」深深地侵蝕了心靈―,,1,134,6,1,0,0,0,0,0,,Translated
757,鬼碑忌,すなわち、心の隙を作る事は自殺行為に等しい。, , ,Kibiki,"It chips away at a person's core -- sanity, reason,",even identity -- eventually destroying him. Nothing,that made him who he is is left behind.,키비키,즉 마음에 틈을 만드는 것은 자살행위와 같다.,,,鬼碑忌,也就是說，製造心靈空隙等同於自殺行為。,,,1,135,6,1,0,0,0,0,0,,Translated
758,鬼碑忌,深い絶望や孤独感に心をつかまれると、,あっという間に呪いに心を侵食されてしまうのだ。, ,Kibiki,"Once it's gripped your heart, you'll quickly succumb ",to despair and loneliness. The essence of what makes,"you human is literally eaten away, as if by worms.",키비키,깊은 절망과 고독감에 마음을 붙잡히면,눈 깜짝할 사이에 마음을 저주에 침식당하고 마는 것이다.,,鬼碑忌,一旦內心被深深的絕望和孤獨感抓住，,心靈就會瞬間被詛咒侵蝕。,,1,136,6,1,0,0,0,0,0,,Translated
759,鬼碑忌,結果――肉体は壊死をはじめ、魂は消し炭のように,真っ黒になり、―我々はこれを黒化と呼ぶが―, ,Kibiki,"When this happens, the body begins to necrotize and",the soul becomes as black as spent ash. We've come,to regard this process as 'darkening.',키비키,"그 결과, 육체는 괴사하기 시작하고, 혼은 검게 탄 숯처럼",새까맣게 되어 - 우리는 이것을 흑화라고 하는데 -,,鬼碑忌,結果――肉體開始壞死，靈魂像燒盡的炭一樣,變得漆黑，―我們稱之為黑化―,,1,137,6,1,0,0,0,0,0,,Translated
760,鬼碑忌,この校舎に吸収され、その一部とされてしまう。, , ,Kibiki,And whosoever succumbs to the darkening becomes,an inseparable part of the school itself.,,키비키,"이 교사에 흡수되어, 교사의 일부가 되고 만다.",,,鬼碑忌,被這所校舍吸收，成為它的一部分。,,,1,138,6,1,0,0,0,0,0,,Translated
761,鬼碑忌,例外として、肉体は蝕まれずに激しい思念のみが、,残留し、焼きついたりする事もある様だが、, ,Kibiki,"In rare instances, one may be able to avoid the full","act of darkening, instead fated to be seared unbear-","ably by intense, violent thoughts and emotions.",키비키,예외로 육체는 침식당하지 않고 격한 사념만이,잔류하여 박히는 경우도 있는 모양이지만,,鬼碑忌,作為例外，也有肉體未被侵蝕，,只有強烈的思念殘留並烙印下來的情況，,,1,139,6,1,0,0,0,0,0,,Translated
762,鬼碑忌,ほとんどの場合、魂はその場に固定され、,成仏も出来ずに永遠にそこに留まり続ける事になる。, ,Kibiki,"But most of the time, his soul will be rooted here,",and he will be cursed to wander these halls for,eternity with no hope of passing or exorcism.,키비키,"대부분의 경우, 혼은 그 자리에 고정되어",성불도 하지 못한 채 영원히 남아있게 된다.,,鬼碑忌,但大多數情況下，靈魂會被固定在原地，,無法成佛，永遠停留在那裡。,,1,140,6,1,0,0,0,0,0,,Translated
763,鬼碑忌,こうしてこの学校は犠牲者を喰らい……。,どんどん膨張を続けているようだ。, ,Kibiki,"Thus, my use of the word 'swallowed.' This school","swallows us whole, growing fatter with tortured",souls every day.,키비키,이렇게 이 학교는 희생자를 먹어 치우며......,계속 팽창하고 있는 모양이다.,,鬼碑忌,就這樣這所學校吞噬著犧牲者……。,似乎在不斷膨脹。,,1,141,6,1,0,0,0,0,0,,Translated
764,鬼碑忌,ぞっとする！　この霊場との接触方法……,『サチコのまじない』を, ,Kibiki,It makes me shudder just thinking about it.,The means by which I've come here...the Sachiko,charm...,키비키,오싹하다!  이 영자장과의 접촉 방법......,『사치코의 주술』을,,鬼碑忌,令人毛骨悚然！　與這個靈場接觸的方法……,『サチコ的詛咒』，,,1,142,6,1,0,0,0,0,0,,Translated
765,鬼碑忌,現世で世間に公開していたら、この被害が更に,拡大する所だった。, ,Kibiki,"If its particulars ever got out into the mainstream,",this school would never go hungry again.,,키비키,"현세에 공개했으면, 피해가 더욱 더",확대될 뻔했다.,,鬼碑忌,如果在現世公開的話，這個危害會,進一步擴大。,,1,143,6,1,0,0,0,0,0,,Translated
766,鬼碑忌,この第四回も、次回の第五回も『読者』は……, , ,Kibiki,To any who may be reading this fourth installment --,and soon the fifth --,,키비키,"이 제4회도, 다음 제5회도 『독자』는......",,,鬼碑忌,這第四回，以及下一回的第五回，『讀者』……,,,1,144,6,1,0,0,0,0,0,,Translated
767,鬼碑忌,私と同じく監禁された、犠牲者という事に,なってしまった。, ,Kibiki,it's clear that you're a victim trapped within this,"hellish place, just as I am.",,키비키,나와 같이 감금되어,희생자가 되고 말았다.,,鬼碑忌,已經成為了與我一樣被監禁的犧牲者。,,,1,145,6,1,0,0,0,0,0,,Translated
768,鬼碑忌,しかしせめて、生き残るための参考になればと思う。, , ,Kibiki,The least I can do is give you some advice to help,keep you alive as long as possible.,,키비키,하지만 적어도 살아남기 위한 참고는 될 것이라고 본다.,,,鬼碑忌,但至少，希望能作為生存下去的參考。,,,1,146,6,1,0,0,0,0,0,,Translated
769,鬼碑忌,読者の貴方に、希望を残せたらと願ってやまないのだ。, , ,Kibiki,"If you still have even the dimmest shred of hope,",hang onto it. Keep it firmly in your heart. Never,give up on it. I can't stress that enough.,키비키,어디까지나 독자 여러분에게 희망이 남길 바랄 뿐이다.,,,鬼碑忌,我衷心希望能為讀者的你，留下希望。,,,1,147,6,1,0,0,0,0,0,,Translated
770,鬼碑忌,第五回も楽しみにしていて欲しい。, , ,Kibiki,I hope you'll be looking forward to part five.,,,키비키,제5회도 기대하기 바란다.,,,鬼碑忌,敬請期待第五回。,,,1,148,6,1,0,0,0,0,0,,Translated
771,鬼碑忌,助手の田久地君は何処かへ消えてしまった。, , ,Kibiki,"My assistant, Taguchi, has disappeared somewhere...",,,키비키,조수 타구치 군은 어디론가 사라져 버렸다.,,,鬼碑忌,助手田久地君不知消失到哪裡去了。,,,1,149,6,1,0,0,0,0,0,,Translated
772,鬼碑忌,ひとりになった私は、もう帰る事が出来なくなった。, , ,Kibiki,"Now that I'm by myself, I can no longer go home.",,,키비키,"혼자가 된 나는, 돌아갈 수 없게 되었다.",,,鬼碑忌,變成一個人的我，已經無法回去了。,,,1,150,6,1,0,0,0,0,0,,Translated
773,鬼碑忌,だが私は書き続ける。, , ,Kibiki,So I'm just going to keep writing.,,,키비키,하지만 나는 계속 글을 쓸 것이다.,,,鬼碑忌,但我會繼續寫下去。,,,1,151,6,1,0,0,0,0,0,,Translated
774,鬼碑忌,使命だからだ。, , ,Kibiki,"It's my one true calling, after all.",,,키비키,사명이기 때문이다.,,,鬼碑忌,因為這是我的使命。,,,1,152,6,1,0,0,0,0,0,,Translated
775,鬼碑忌,何が起こっても、命ある限り、, , ,Kibiki,No matter what happens...as long as there's life,left in me...,,키비키,"어떤 일이 일어나더라도, 목숨이 붙어 있는 한",,,鬼碑忌,無論發生什麼事，只要還活著，,,,1,153,6,1,0,0,0,0,0,,Translated
776,鬼碑忌,手が動く限り書き続ける。, , ,Kibiki,...as long as my hands can still move...,I will never stop writing.,,키비키,손이 움직이는 한 계속 쓸 것이다.,,,鬼碑忌,只要手還能動，就會繼續寫下去。,,,1,154,6,1,0,0,0,0,0,,Translated
777,,猫のぬいぐるみが落ちています。,取りますか？, ,,There's a stuffed doll in the shape of a black cat,lying in the middle of the floor. Pick it up?,,,고양이 인형이 떨어져 있습니다.,줍겠습니까?,,,有黑貓玩偶掉在地上。要撿起來嗎？,,,0,0,0,0,0,0,0,0,0,,Translated
778,,取る,取らない,,,Yes,No,,,가져간다,가져가지 않는다,,,撿,不撿,,0,255,255,255,255,255,255,255,255,,Translated
779,,　黒猫のぬいぐるみ　を取りました。, , ,,Acquired [Black Cat Plushie].,,,,검은 고양이 인형을 얻었습니다.,,,,　取得了黑貓玩偶。,,,0,0,0,1,0,0,0,0,0,,Translated
780,,装置はロックされてしまったのか、,動かすことができません。, ,,The mechanism is locked in place. It won't budge.,,,,장치는 잠금 장치가 걸려 있는 건지,움직일 수가 없습니다.,,,裝置似乎被鎖住了，無法操作。,,,0,0,0,1,0,0,0,0,0,,Translated
781,刻命,ヒァー♪　アイゲッチュウ～♪, , ,Kizami,HAHA! GOTCHA!!,,,키자미,히아~♪  아이 겟츄~♪,,,刻命,嘻～♪　抓到妳了～♪,,,1,41,7,1,0,0,0,0,0,,Translated
782,由香,！！　いや！　いやぁ！　放してください！, , ,Yuka,NOO! NOOOO!! NOOOOOO!! LET ME GOOOO!!,,,유카,!!  싫어!  싫어어!  놔줘요!,,,由香,！！　不要！　不要啊！　放開我！,,,1,239,28,1,0,0,0,0,0,,Translated
783,刻命,……生きているウサギは、五月蝿（うるさ）いな。, , ,Kizami,Live rabbits...are so very noisy...,,,키자미,"...... 살아있는 토끼는, 시끄럽구나.",,,刻命,……活著的兔子，真是吵鬧呢。,,,1,42,7,1,0,0,0,0,0,,Translated
784,良樹,！　……やばい。, , ,Yoshiki,Ahh! Crap!,,,요시키,!  ...... 위험해.,,,良樹,！　……糟了。,,,1,156,25,1,0,0,0,0,0,,Translated
785,あゆみ,なに？, , ,Ayumi,What is it?!,,,아유미,뭐야?,,,あゆみ,什麼？,,,1,17,4,1,0,0,0,0,0,,Translated
786,良樹,隠れろ！　早く！, , ,Yoshiki,We have to hide! Now!,,,요시키,숨어!  어서!,,,良樹,躲起來！　快點！,,,1,157,25,1,0,0,0,0,0,,Translated
787,,床に名札が落ちています……, , ,,There's a lone student ID name tag lying on the,floor.,,,바닥에 명찰이 떨어져 있습니다......,,,,地板上有名牌掉在地上……,,,0,0,0,1,0,0,0,0,0,,Translated
788,,女生徒の亡骸があります……, , ,,They're the remains of a female student.,,,,여학생의 유해가 있습니다......,,,,有女學生的遺體……,,,0,0,0,1,0,0,0,0,0,,Translated
789,,白骨化した亡骸があります……, , ,,There are skeletal remains here.,,,,백골화된 유해가 있습니다......,,,,有白骨化的遺體……,,,0,0,0,1,0,0,0,0,0,,Translated
790,,子供のような小さな亡骸があります……, , ,,The corpse is extremely small. It seems to be,a young child.,,,어린아이 같은 작은 유해가 있습니다......,,,,有像小孩一樣小的遺體……,,,0,0,0,1,0,0,0,0,0,,Translated
791,あゆみ,ねぇ、気付いた？, , ,Ayumi,Hey... Does anything look...different to you?,,,아유미,"저기, 정신이 들어?",,,あゆみ,喂，注意到了嗎？,,,1,109,2,1,0,0,0,0,0,,Translated
792,良樹,……ああ。, , ,Yoshiki,Very.,,,요시키,...... 어.,,,良樹,……嗯。,,,1,232,24,1,0,0,0,0,0,,Translated
793,あゆみ,校舎が……違う。,ここ、さっきまで私たちがいた天神小じゃない……, ,Ayumi,This...isn't the same school we were in before.,It's a totally different Heavenly Host!,,아유미,교사가...... 달라.,"여긴, 조금 전까지 있던 텐진초가 아냐......",,あゆみ,校舍……不一樣。,這裡，不是我們剛才在的天神小……,,1,110,2,1,0,0,0,0,0,,Translated
794,良樹,妙な寒気と真っ黒い気配は、倍増されてるけどな……, , ,Yoshiki,"Yeah, and its creepy factor is through the roof.","The chill in the air, the constant dark presence...",It's all worse than ever.,요시키,묘한 한기와 새까만 기척은 늘어났지만 말야...,,,良樹,詭異的寒氣和漆黑的氣息，倒是加倍了……,,,1,0,0,1,0,0,0,30,0,,Translated
795,,早いとこあいつら見つけて、みんなで脱出するぞ。, , ,Yoshiki,"We need to find the others, and get the hell out",of here.,,,"얼른 그 녀석들을 찾아서, 다 함께 탈출하자.",,,,得快點找到他們，大家一起逃出去。,,,0,0,0,1,0,0,0,0,0,,Translated
796,あゆみ,うん……, , ,Ayumi,Yeah...,,,아유미,응......,,,あゆみ,嗯……,,,1,111,2,1,0,0,0,0,0,,Translated
797,あゆみ,ねぇ、気付いた？, , ,Ayumi,Hey... Does anything look...different to you?,,,아유미,"저기, 눈치 챘어?",,,あゆみ,喂，注意到了嗎？,,,1,109,2,1,0,0,0,0,0,,Translated
798,良樹,……ああ。, , ,Yoshiki,Very.,,,요시키,...... 어.,,,良樹,……嗯。,,,1,232,24,1,0,0,0,0,0,,Translated
799,あゆみ,校舎が……違う。,ここ、さっきまで私たちがいた天神小じゃない。, ,Ayumi,This...isn't the same school we were in before.,It's a totally different Heavenly Host!,,아유미,교사가...... 달라.,"여긴, 조금 전까지 있던 텐진초가 아냐......",,あゆみ,校舍……不一樣。,這裡，不是我們剛才在的天神小。,,1,110,2,1,0,0,0,0,0,,Translated
800,良樹,妙な寒気と真っ黒い気配は、倍増されてるけどな。…, , ,Yoshiki,"Yeah, and its creepy factor is through the roof.","The chill in the air, the constant dark presence...",It's all worse than ever.,요시키,묘한 한기와 새까만 기척은 늘어났지만 말야...,,,良樹,詭異的寒氣和漆黑的氣息，倒是加倍了。…,,,1,0,0,1,0,0,0,30,0,,Translated
801,,早いとこあいつら見つけて、みんなで脱出するぞ。, , ,Yoshiki,"We need to find the others, and get the hell out",of here.,,,"얼른 그 녀석들을 찾아서, 다 함께 탈출하자.",,,,得快點找到他們，大家一起逃出去。,,,0,0,0,1,0,0,0,0,0,,Translated
802,あゆみ,うん……, , ,Ayumi,Yeah...,,,아유미,응......,,,あゆみ,嗯……,,,1,111,2,1,0,0,0,0,0,,Translated
803,良樹,はぁ、はぁ、はぁ、篠崎、待て……, , ,Yoshiki,*pant* *pant* *pant*,Shinozaki... Wait...,,요시키,"하아, 하아, 하아, 시노자키, 기다려......",,,良樹,哈啊、哈啊、哈啊、篠崎，等等……,,,1,162,25,1,0,0,0,0,0,,Translated
804,あゆみ,はっ、はっ、はっ……なに？, , ,Ayumi,*pant* *wheeze* *gasp*,...What is it?,,아유미,"헉, 헉, 헉...... 왜?",,,あゆみ,哈、哈、哈……什麼？,,,1,25,4,1,0,0,0,0,0,,Translated
805,良樹,追いかけて、来ないぞ……　はぁ、はぁ。, , ,Yoshiki,We're not...being followed...,,,요시키,"더 이상, 안 쫓아와......  하아, 하아",,,良樹,沒有追上來……　哈啊、哈啊。,,,1,163,25,1,0,0,0,0,0,,Translated
806,あゆみ,？　……はぁ、はぁ。, , ,Ayumi,*pant* *pant*,...?,,아유미,"?  ...... 하아, 하아.",,,あゆみ,？　……哈啊、哈啊。,,,1,26,4,1,0,0,0,0,0,,Translated
807,良樹,ヨシヱの事故とサチコの失踪……早速、見えて来たな。, , ,Yoshiki,"Yoshie's accident, and Sachiko's disappearance...",Looks like we're seeing them first-hand.,,요시키,요시에의 사고와 사치코의 실종...... 뭔가 보이는군.,,,良樹,芳江的事故和サチコ的失蹤……很快就看到了。,,,1,164,25,1,0,0,0,0,0,,Translated
808,あゆみ,あいつ……　あの子の亡骸、どうするつもりなのかしら……, , ,Ayumi,What...is he planning to do with her body?,,,아유미,저 녀석......  저 애의 유해를 어쩔 작정일까......,,,あゆみ,那傢伙……打算怎麼處理那孩子的遺體……,,,1,27,4,1,0,0,0,0,0,,Translated
809,良樹,……隠す、んじゃないか……？, , ,Yoshiki,"He's hiding it, isn't he?",,,요시키,...... 숨기려는 거 아냐......?,,,良樹,……是要藏起來吧……？,,,1,165,25,1,0,0,0,0,0,,Translated
810,良樹,古い新聞記事では、母親の方は【事故】として,出ていたけど、, ,Yoshiki,"According to that old newspaper article, the mother",died in an accident...,,요시키,옛 신문 기사에는 모친 쪽이 【사고】로,나왔지만,,良樹,舊報紙上，母親那邊是被當作【事故】,報導的，,,1,166,25,1,0,0,0,0,0,,Translated
811,良樹,娘の方は【失踪】となっていたからな……, , ,Yoshiki,...and the daughter was reported missing.,,,요시키,딸 쪽은 【실종】으로 나왔으니까......,,,良樹,但女兒那邊是【失蹤】……,,,1,167,25,1,0,0,0,0,0,,Translated
812,あゆみ,……許せないわ、あいつ……, , ,Ayumi,That's just...unconscionable...,,,아유미,"...... 용서 못해, 저 자식......",,,あゆみ,……不可原諒，那傢伙……,,,1,28,4,1,0,0,0,0,0,,Translated
813,あゆみ,ねぇ、サチコの遺体を隠すとしたら、,……何処だと思う？, ,Ayumi,So...if you were going to hide Sachiko's body...,where would you do it?,,아유미,"저기, 사치코의 유해를 숨긴다면",...... 어디라고 생각해?,,あゆみ,喂，如果要藏サチコ的遺體……,你覺得會在哪裡？,,1,29,4,1,0,0,0,0,0,,Translated
814,良樹,見当もつかねぇよ……, , ,Yoshiki,I couldn't even venture a guess!,,,요시키,짐작도 안 가는데......,,,良樹,完全沒有頭緒……,,,1,168,25,1,0,0,0,0,0,,Translated
815,あゆみ,持田君が言ってたよね。,鬼碑忌先生の書いた記事……, ,Ayumi,Remember that manuscript Mr. Kibiki was writing?,The one Mochida told us about?,,아유미,모치다 군이 말했어.,키비키 선생님이 쓴 기사......,,あゆみ,持田同學說過吧。,鬼碑忌老師寫的文章……,,1,30,4,1,0,0,0,0,0,,Translated
816,あゆみ,”開校当初より閉鎖されていた、天神小学校の,　地下室に関する何か大きな呪いの存在……”,　,Ayumi,There was something in it about a cursed basement,room that had been sealed up since the school was,first opened...,아유미,"“개교 당초부터 폐쇄되어 있던, 텐진초등학교",지하실에 관련된 어떤 큰 저주의 존재......”,,あゆみ,「從創校之初就被封鎖的，,天神小學校地下室有關的某個巨大詛咒的存在……」,,1,31,4,1,0,0,0,0,0,,Translated
817,あゆみ,――って一文のこと。, , ,Ayumi,"Do you think, maybe...?",,,아유미,란 문장.,,,あゆみ,――就是那一段。,,,1,32,4,1,0,0,0,0,0,,Translated
818,良樹,言ってたな……　……調べてみるか、地下室。, , ,Yoshiki,"Good call. Yeah, let's check it out.",,,요시키,"그랬지......  ...... 조사해 볼까, 지하실.",,,良樹,說過啊……　……去調查看看吧，地下室。,,,1,169,25,1,0,0,0,0,0,,Translated
819,あゆみ,……うん。, , ,Ayumi,Okay!,,,아유미,...... 응.,,,あゆみ,……嗯。,,,1,33,4,1,0,0,0,0,0,,Translated
820,哲志,（ここには戻らないほうがよさそうだ……）, , ,Satoshi,(I don't think we should go back in there...),,,사토시,(여기엔 들어가지 않는 게 좋겠어......),,,哲志,（最好不要回到這裡……）,,,1,0,0,1,0,0,0,0,0,,Translated
821,哲志,（ここには戻らないほうがよさそうだ……）, , ,Satoshi,(I don't think we should go back in there...),,,사토시,(여기엔 들어가지 않는 게 좋겠어......),,,哲志,（最好不要回到這裡……）,,,1,0,0,1,0,0,0,0,0,,Translated
822,,何かを乗せれそうな「台」が設置してある。, , ,,There's an empty pedestal against the wall here,with a peculiarly-shaped round slot at the top.,,,뭔가를 얹을 수 있을 것 같은 「받침」이 설치되어 있다.,,,,設置了一個看起來可以放上什麼東西的「台座」。,,,0,0,0,1,0,0,0,0,0,,Translated
823,,赤子の像　を置きますか？, , ,,The Baby Statue seems like it would fit perfectly.,Set it in place?,,,갓난아기 상을 놓겠습니까?,,,,要放上嬰兒像嗎？,,,0,0,0,1,0,0,0,0,0,,Translated
824,,はい,いいえ,,,Yes,No,,,네,아니오,,,是,否,,0,255,255,255,255,255,255,255,255,,Translated
825,,何かを乗せれそうな「台」が設置してある。, , ,,There's an empty pedestal against the wall here,with a peculiarly-shaped round slot at the top.,,,뭔가를 얹을 수 있을 것 같은 「받침」이 설치되어 있다.,,,,設置了一個看起來可以放上什麼東西的「台座」。,,,0,0,0,1,0,0,0,0,0,,Translated
826,,大理石の彫像　を置きますか？, , ,,The Marble Statue seems like it would fit perfectly.,Set it in place?,,,대리석 조각상을 놓겠습니까?,,,,要放上大理石雕像嗎？,,,0,0,0,1,0,0,0,0,0,,Translated
827,,はい,いいえ,,,Yes,No,,,네,아니오,,,是,否,,0,255,255,255,255,255,255,255,255,,Translated
828,,破り取られたルーズリーフを発見しました。, , ,,Some loose pages from Naho's notebook lie,haphazardly spread out on the ground.,,,찢어진 노트를 발견했습니다.,,,,發現了被撕破的活頁紙。,,,0,0,0,1,0,0,0,0,0,,Translated
829,,【七星の手記】2／5, , ,,[Naho's Notes],2／5,,,【나호의 수기】 2/5,,,,【七星的筆記】2／5,,,0,0,0,1,0,0,0,0,0,,Translated
830,七星,“期末試験があったので、,　久し振りに学校へ出ていた間に”, ,Naho,"I had a final exam today, so I went to school for",the first time in quite a while.,,나호,“기말 시험이 있어서,오랜만에 학교에 가 있는 동안”,,七星,「因為有期末考試，,久違地去學校的期間」,,1,96,9,1,0,0,0,0,0,,Translated
831,七星,“先生が私を置いて、現地、天神小へ行ってしまった。”, , ,Naho,"Seems while I was gone, Kibiki came here to Heavenly",Host without me.,,나호,"“선생님이 날 놔두고, 현장, 텐진초로 가 버렸다.”",,,七星,「老師丟下我，去了現場天神小。」,,,1,97,9,1,0,0,0,0,0,,Translated
832,七星,“まだ情報が少ない状態で、危険過ぎると,　あれほど言ったのに。”, ,Naho,'It's too dangerous! We don't have enough data!',"he said, trying to justify why he'd skulk into this",sacred ground behind my back.,나호,"“아직 정보가 적은 상태라, 너무 위험하다고",그렇게 말했는데.”,,七星,「在情報還很少的狀態下，太過危險了，,明明我那麼說過的。」,,1,98,9,1,0,0,0,0,0,,Translated
833,七星,“きっと先生の助手、田久地さんがそそのかしたのだ。”, , ,Naho,"His assistant, Taguchi, most likely put him up",to it.,,나호,"“분명 선생님의 조수, 타구치 씨가 부추긴 것이다.”",,,七星,「一定是老師的助手，田久地先生唆使的。」,,,1,99,9,1,0,0,0,0,0,,Translated
834,七星,“単純だが効力のある帰還方法は、,　先生に伝えてあるけれど、やはり心配だ。”, ,Naho,I did give him all the details on how to return home,"from here, and it's a fairly simple process...but",I can't help worrying about him nonetheless.,나호,“단순하지만 효율이 좋은 귀환 방법을,"선생님에게 말해 뒀지만, 역시 걱정이다.”",,七星,「雖然已經把簡單但有效的歸還方法,告訴老師了，但還是擔心。」,,1,100,9,1,0,0,0,0,0,,Translated
835,七星,“ブログの更新も完了。,　友人のさやかを巻き込んでしまうので気が引けるが、”, ,Naho,"At any rate, the blog's been updated. And I do feel",bad about dragging my friend Sayaka into this...,,나호,“블로그 갱신도 완료.,친구 사야카를 말려들게 하는 건 내키지 않지만”,,七星,「部落格也更新完了。,雖然很過意不去要把朋友小夜也捲進來，」,,1,101,9,1,0,0,0,0,0,,Translated
836,七星,“これより私も実地調査を開始する。”, , ,Naho,...but it's time to dive headfirst into these,"trenches, and really feel out what this place",is all about...,나호,“나도 지금부터 현장 조사를 실시한다.”,,,七星,「我現在也開始進行實地調查。」,,,1,102,9,1,0,0,0,0,0,,Translated
837,あゆみ,この汚れ……　何？　……血？, , ,Ayumi,What's this? ...Blood...?,,,아유미,이건......  뭐야?  ...... 피?,,,あゆみ,這個污漬……　什麼？　……血？,,,1,26,3,1,0,0,0,0,0,,Translated
838,あゆみ,七星さん……。七星さん亡くなる前に、,何があったんだろう……, ,Ayumi,Naho...,What could have happened to her before she died,here...?,아유미,나호 씨......  나호 씨가 죽기 전에,무슨 일이 있었던 거지......,,あゆみ,七星小姐……。七星小姐去世之前，,發生了什麼事呢……,,1,27,3,1,0,0,0,0,0,,Translated
839,哲志・直美・由香,はぁ、はぁ、はぁ……,はぁ、はぁ、はぁ、けっほ　けほっ……,はっ、はっ、はっ、はぁ、はぁ、はぁ……,"Satoshi, Naomi & Yuka",*pant* *pant* *pant* *hack* *wheeze*,,,사토시·나오미·유카,"하아, 하아, 하아......","하아, 하아, 하아, 쿨럭  콜록......","헉, 헉, 헉, 헉, 헉, 헉......",哲志・直美・由香,哈啊、哈啊、哈啊……,哈啊、哈啊、哈啊、咳咳　咳……,哈、哈、哈、哈啊、哈啊、哈啊……,1,23,13,1,0,0,0,0,0,,Translated
840,哲志,……大丈……夫か？　ハァ、ハァ……, , ,Satoshi,Are...you two...all right...?,,,사토시,"...... 괜찮...... 아?  하아, 하아......",,,哲志,……沒……事吧？　哈啊、哈啊……,,,1,220,17,1,0,0,0,0,0,,Translated
841,由香,ふぅ……、ふぅ……　うん……由香、平気……, , ,Yuka,Uh-huh...I'm fine...,,,유카,"후우...... 후우......  응...... 유카, 괜찮아......",,,由香,呼……、呼……　嗯……由香，沒事的……,,,1,72,29,1,0,0,0,0,0,,Translated
842,直美,大丈夫……痛み、消えたわ。なんなの、あの廊下……, , ,Naomi,I'm okay too. The headache's subsided. It must've,"been that hallway... What was that place, anyway?!",,나오미,"괜찮아...... 통증은, 사라졌어. 뭐야, 이 복도......",,,直美,沒事……疼痛消失了。那條走廊是怎麼回事……,,,1,24,13,1,0,0,0,0,0,,Translated
843,哲志,保健室に……首の折れた、女の先生がいた……,まわりに……初めて見る、子供の霊が沢山いた。, ,Satoshi,"It was the nurse's office. There was a woman there,","with a broken neck...and just before I ran out,",children started appearing all around her...,사토시,"보건실에...... 목이 부러진, 여선생이 있었어......","주위에...... 처음 보는, 어린 유령이 잔뜩 있었어.",,哲志,保健室裡……有一個脖子折斷的女老師……,周圍……有好多第一次見到的小孩幽靈。,,1,221,17,1,0,0,0,0,0,,Translated
844,直美,……っ！　哲志！　それ……！, , ,Naomi,"Ah! Satoshi, is that...?!",,,나오미,...... 윽!  사토시!  그거......!,,,直美,……！　哲志！　那個……！,,,1,25,13,1,0,0,0,0,0,,Translated
845,哲志,ああ、机の上にあった日記帳だ。, , ,Satoshi,"Yeah, it's the diary from the desk.",,,사토시,"아아, 책상 위에 있던 일기장이야.",,,哲志,嗯，桌上的日記本。,,,1,222,17,1,0,0,0,0,0,,Translated
846,直美,さっきは机から離れなかったのに……, , ,Naomi,"I tried going through that earlier, but it was",totally frozen in place. I couldn't even turn the,pages!,나오미,좀 전엔 책상에서 안 떨어졌는데......,,,直美,剛才明明離不開桌子的……,,,1,26,13,1,0,0,0,0,0,,Translated
847,由香,その先生が、書いたのかな？, , ,Yuka,Is it...that woman's?,,,유카,그 선생님이 쓴 건가?,,,由香,是那個老師寫的嗎？,,,1,73,29,1,0,0,0,0,0,,Translated
848,哲志,……ああ、間違いない。この日記に、その幽霊が,文字を書いているのを見た。, ,Satoshi,Without a doubt. I saw her writing in it.,,,사토시,"...... 그래, 틀림없어. 이 일기에, 그 유령이",글자를 적고 있는 걸 봤어,,哲志,……嗯，不會錯的。我看到那個幽靈,在這本日記上寫字。,,1,223,17,1,0,0,0,0,0,,Translated
849,直美,……っ, , ,Naomi,What...?!,,,나오미,...... 윽,,,直美,……,,,1,28,13,1,0,0,0,0,0,,Translated
850,哲志,裏表紙に名前が書いてある……　篠崎ヨシヱ……, , ,Satoshi,There's a name on the back.,Yoshie Shinozaki...,,사토시,뒷표지에 이름이 적혀 있어......  시노자키 요시에......,,,哲志,封底寫著名字……　篠崎芳江……,,,1,224,17,1,0,0,0,0,0,,Translated
851,哲志,何か大事な事が分かるかも知れない。……見てみるか。, , ,Satoshi,"I'm not sure what we'll learn from it, but I'm",willing to bet it's something important. Shall,we take a look?,사토시,뭔가 중요한 일이 있었을지도 몰라...... 한번 볼까.,,,哲志,也許能知道什麼重要的事。……看看吧。,,,1,225,17,1,0,0,0,0,0,,Translated
852,由香,ごくっ, , ,Yuka,*gulp*,,,유카,꿀꺽,,,由香,咕嘟,,,1,74,29,1,0,0,0,0,0,,Translated
853,,＊　昭和二十八（一九五三年）七月十九日, , ,,7／19／1953, ,,,*  1953년 7월 19일,,,,＊　昭和二十八（一九五三年）七月十九日,,,0,0,0,1,0,0,0,0,0,,Translated
854,,今日も子供達とたくさん会話をした。, , ,,I spoke at great length with the children again,today.,,,오늘도 아이들과 많은 대화를 나눴다.,,,,今天也和孩子們聊了很多。,,,0,93,26,1,0,0,0,0,0,,Translated
855,,この学校の児童たちはとても健やかにすくすくと,育っている。, ,,"They're so full of life, and growing up so fast...",,,,이 학교 아이들은 정말 튼튼하게,쑥쑥 자라고 있다.,,,這所學校的孩子們都健康活潑地,成長著。,,0,94,26,1,0,0,0,0,0,,Translated
856,,低学年の子達の情操も穏やかで、父兄の方々に,いっぱいの愛情をかけてもらっているだろう事が,よくわかる。,,"The younger students are quiet and respectful,",too. It's clear their parents love and care for,"them very much, and have taught them very well.",,저학년 아이들의 정서도 평온해서,부모형제들에게 애정을 잔뜩 받고 있다는 것을,잘 알 수 있다.,,低年級孩子們的情操也很平和，,看得出他們從家人那裡,得到了滿滿的愛。,0,95,26,1,0,0,0,0,0,,Translated
857,,私も負けないように、サチコをしっかりと,愛してあげたいと思う。, ,,But I won't be left behind! I intend to raise,Sachiko with just as much love and devotion,as any of them.,,나도 지지 않도록,사치코를 사랑으로 돌봐줘야겠다고 생각한다.,,,我也不能輸，要好好地,愛サチコ。,,0,96,26,1,0,0,0,0,0,,Translated
858,,今日はサチコの７才の誕生日。,放課後、一緒に夕食を食べに行く事に決めてある。,プレゼントの、猫のぬいぐるみ。喜んでくれるかな。,,Today is her seventh birthday. We're meeting after,school and going out for dinner. I hope she likes,the stuffed cat I got her.,,오늘은 사치코가 7살이 되는 날.,"방과 후, 함께 저녁을 먹으러 가기로 했다.",선물은 고양이 인형. 좋아할까.,,今天是サチコ七歲的生日。,放學後，決定一起去吃晚餐。,禮物是貓咪玩偶。她會開心嗎。,0,97,26,1,0,0,0,0,0,,Translated
859,,,,,,,,,,,,,,,,,-1,97,26,1,0,0,0,0,0,,Translated
860,,一日の仕事を終え、三階の資料室で,書類の整理をしていた所に校長先生が訪ねて来た。, ,,／／ Had to sort out some documents in the reference,room before meeting up with Sachi. While I was,"working, the principal dropped by.",,"오늘 일을 끝내고, 3층 자료실에서",서류를 정리하고 있는데 교장 선생님이 찾아왔다.,,,結束了一天的工作，在三樓的資料室,整理文件時，校長來訪了。,,0,98,26,1,0,0,0,0,0,,Translated
861,,しばらく話をした後に、先生は突然後ろから近付いて,私の体を捉え、恐ろしい力で押さえつけて,私の衣服の釦（ぼたん）をはずし、辱めようとした。,,"After he and I talked for a bit, he suddenly came up","to me from behind. He grabbed me and forced me down,",then began unbuttoning my blouse.,,"잠시 말을 나눈 후, 선생님은 갑자기 뒤로 다가와","내 몸을 붙들고는, 무서운 힘으로 억누르고","내 옷의 단추를 벗겨, 능욕하려고 했다.",,聊了一會兒之後，老師突然從背後靠近,抓住我的身體，用可怕的力量壓住我,解開我衣服的鈕扣，想要侮辱我。,0,99,26,1,0,0,0,0,0,,Translated
862,,､とした。,,,,､とした。,,,,､とした。,,,,､とした。,,,-1,99,26,1,0,0,0,0,0,,Translated
863,,いつも悩みを聞いてくれる優しかった校長先生と,同じ方とは思えない、とても恐ろしい顔だった。, ,,"He'd always been so kind, lending a sympathetic ear","to my problems...but today, he didn't even seem like",the same man. His eyes were cold and empty.,,언제나 고민을 들어주는 자상했던 교장 선생님이라고는,"도저히 생각할 수 없는, 무서운 얼굴이었다.",,,和總是傾聽我煩惱的溫柔校長,簡直判若兩人，那張臉非常可怕。,,0,100,26,1,0,0,0,0,0,,Translated
864,,私は驚いてしまって、自分に何が起こったのか、,わからなかった。, ,,"I was in such shock, I'm not even sure exactly what",happened to me after that.,,,"나는 놀란 나머지, 나에게 무슨 일이 일어났는지",이해하지 못했다.,,,我嚇壞了，不明白自己,發生了什麼事。,,0,101,26,1,0,0,0,0,0,,Translated
865,,……, , ,,...,,,,......,,,,……,,,0,0,0,1,0,0,0,0,0,,Translated
866,,私は身体を曲げ、必死で逃がれた。資料室から出たが、,先生は追いかけてきた。階段を下りて踊り場を,まわった私を、先生は後ろから強く押した。,,"I slipped away somehow, but he was right behind me.",I only made it as far as the landing on the stairs.,"Just as I turned the corner, I felt him push me...",,나는 몸을 굽히고 필사적으로 도망쳤다. 자료실을 나갔지만,선생님이 쫓아왔다. 계단을 내려가고 층계참을,"돌던 나를, 선생님이 뒤에서 강하게 밀었다.",,我彎著身體拼命逃走了。雖然離開了資料室，,但老師追了上來。我走下樓梯轉過樓梯平台時，,老師從後面用力推了我。,0,102,26,1,0,0,0,0,0,,Translated
867,,氓ｵた。,,,,氓ｵた。,,,,氓ｵた。,,,,氓ｵた。,,,-1,102,26,1,0,0,0,0,0,,Translated
868,,目の前に、一階の床が迫ってきたと思ったら、,体が動かなくなった。だらしなく床に這ったまま、,私はどうやら死んだらしい。,,"The floor came at me fast, and suddenly, I found",myself unable to move. I was slumped across the,ground unceremoniously...and I was dead.,,눈앞에 1층 바닥이 보이는가 싶더니,몸을 가눌 수 없게 되었다. 한심하게 바닥에 누운 채,난 아무래도 죽은 모양이다.,,眼前一樓的地板逼近，,身體就不能動了。就那樣難看地趴在地上，,我似乎是死了。,0,103,26,1,0,0,0,0,0,,Translated
869,,頭から血が沢山出た。 あとで拭くのが大変だ。,失禁もしていた。 みっともない。, ,,Buckets of blood spilled out from my head. I'm sure,it was hell to clean up later. I also lost control,"of my bowels -- embarrassing, to say the least.",,머리에서 피가 잔뜩 나왔다. 나중에 닦기 힘들 것 같다.,실금도 했다. 볼품 없다.,,,頭上流了很多血。之後擦掉一定很費事。,也失禁了。真丟人。,,0,104,26,1,0,0,0,0,0,,Translated
870,,でも、目の前で大事な声が聞こえて私は我に返った。,サチコが見ていたのだ。私を迎えに来たのだろう。, ,,I was slipping away...but I was pulled back by the,sound of a very dear voice. Sachiko saw everything.,I guess she'd come to find me...,,"그런데 눈앞에서 중요한 목소리가 들려, 정신을 차렸다.",사치코가 보고 있었다. 날 보러 온 것이다.,,,但是，眼前聽到了重要的聲音讓我回過神來。,サチコ看到了。一定是來找我的吧。,,0,105,26,1,0,0,0,0,0,,Translated
871,,先生がサチコに近付いて行く。,何をする気なのだろうか。やめて下さいと叫んだが、,私は死んでいて声が出なかった。,,The principal closed in on her. What was he planning,to do? I yelled with every ounce of my strength for,him to stop...but I was dead. I had no strength.,,선생님이 사치코에게 다가간다.,뭘 할 생각이지. 그만두라고 소릴 질러봤지만,난 죽었기 때문에 목소리가 나오지 않았다.,,老師向サチコ靠近。,他想做什麼呢。我大喊住手，,但我已經死了，發不出聲音。,0,106,26,1,0,0,0,0,0,,Translated
872,,サチコは小さい体で逃げたが、先生はすぐに,追いついた。そして私の目の前で、　　　　　　　　,くビヲシメテコロシヤガッタ。,,"Sachiko tried to run, but she had the stride of a 7-","year-old. He caught her easily. And then, before my",very eyes...       he strangled the life out of her.,,"사치코는 작은 몸으로 도망쳤지만, 선생님에게",곧장 따라잡혔다. 그리고 내 눈앞에서,목을 졸라 죽여 버렸다.,,サチコ用小小的身體逃跑了，但老師馬上,就追上了。然後在我眼前，,　勒　死　了　她。,0,107,26,1,0,0,0,0,0,,Translated
873,,何と酷い人だろう。, , ,,What a cruel man...,,,,정말 지독한 사람이다.,,,,多麼殘酷的人啊。,,,0,108,26,1,0,0,0,0,0,,Translated
874,,先生は私の服の乱れを直し、サチコの身体を地下室に,運んで埋めてしまった。私のことは、ただの事故にして、,サチコは遺体を隠して行方不明にしてしまうつもりなのだ。,,"He rebuttoned my shirt, then took Sachiko to the",basement and buried her. He'll probably say my death,"was an accident, and report her as missing.",,"선생님은 내 옷매무새를 가다듬고, 사치코의 몸을 지하실로","옮겨 묻어 버렸다. 내가 죽은 건, 그냥 사고로 만들고",사치코는 유해를 숨겨 행방불명으로 만들 생각이다.,,老師整理好我凌亂的衣服，把サチコ的身體,搬到地下室埋了。他打算把我的死說成單純的事故，,把サチコ的遺體藏起來，讓她失蹤。,0,109,26,1,0,0,0,0,0,,Translated
875,,s明にしてしまうつもりなのだ。,,,,s明にしてしまうつもりなのだ。,,,,s明にしてしまうつもりなのだ。,,,,s明にしてしまうつもりなのだ。,,,-1,109,26,1,0,0,0,0,0,,Translated
876,,自分は悪くない事にするのだ。　許せない。, , ,,I'm not a bad person. I don't deserve this. There is,no redemption for what he's done...,,,자기는 잘못이 없는 척하는 것이다. 용서 못한다.,,,,打算把自己說成是無辜的。　不可原諒。,,,0,110,26,1,0,0,0,0,0,,Translated
877,,＊　昭和二十八（一九五三年）七月二十日, , ,,7／20／1953, ,,,*  1953년 7월 20일,,,,＊　昭和二十八（一九五三年）七月二十日,,,0,0,0,1,0,0,0,0,0,,Translated
878,,案の定、だった。校長先生は私の死んだ理由を,不注意の事故死と押し通して、サチコの事は,何も言わなかった。,,It's just as I suspected. According to the official,"report, I slipped and fell...and nothing's been said",to anyone about Sachiko yet.,,"예상대로, 였다. 교장선생님은 내가 죽은 이유를","부주의 때문에 일어난 사고사로 만들고, 사치코에 대해서는",아무 말도 하지 않았다.,,果然不出所料。校長堅持說我的死因是,不注意的事故死亡，對サチコ的事,什麼都沒說。,0,111,26,1,0,0,0,0,0,,Translated
879,,優しかったほかの先生や子供達が泣いてくれている。, , ,,The other teachers and students are all mourning me.,They're so kind.,,,자상했던 선생님들과 아이들이 울어주었다.,,,,其他溫柔的老師和孩子們都在為我哭泣。,,,0,112,26,1,0,0,0,0,0,,Translated
880,,私もとても悲しくなった。, , ,,I'm in mourning too...,,,,나도 정말 슬퍼졌다.,,,,我也變得很悲傷。,,,0,113,26,1,0,0,0,0,0,,Translated
881,,＊　昭和二十八（一九五三年）七月二十一日, , ,,7／21／1953, ,,,*  1953년 7월 21일,,,,＊　昭和二十八（一九五三年）七月二十一日,,,0,0,0,1,0,0,0,0,0,,Translated
882,,保健室の私の机に、知らない人が座っている。,私のかわりの保健医だろうかでも子供達は誰も来ない。,きっと人気が無いのだ。　　　　　　　　ばか,,There's a stranger sitting in my chair. The new,"nurse, no doubt. But no one's come to see her.",She mustn't be very popular.           I hate her.,,"보건실에 있는 내 책상에, 모르는 사람이 앉아 있다.",내 대신 온 사람이라 그런지 아이들은 아무도 오지 않는다.,분명 인기가 없는 거다.                             바보,,保健室我的桌子，坐著一個不認識的人。,大概是代替我的保健老師吧，但孩子們誰也沒來。,一定是不受歡迎吧。　　　　　　　　笨蛋,0,114,26,1,0,0,0,0,0,,Translated
883,,@　　ばか,,,,@　　ばか,,,,@　　ばか,,,,@　　笨蛋,,,-1,114,26,1,0,0,0,0,0,,Translated
884,,＊　昭和二十八（一九五三年）七月二十六日, , ,,7／26／1953, ,,,*  1953년 7월 26일,,,,＊　昭和二十八（一九五三年）七月二十六日,,,0,0,0,0,0,0,0,0,0,,Translated
885,,だんだん理性を失っているのがわかる,私がどんどん消えてゆく　私でない黒い意識が,私の中に入って来ている　　　　　　　いやだ,,"Little by little, I'm losing my mind. Bit by bit,","I'm fading away. A dark will, not my own, has begun",infiltrating my being.               Make it stop...,,점점 이성을 잃고 있는 게 느껴진다.,내가 점점 사라져 간다  내가 아닌 검은 의식이,내 안에 들어 있다                             싫어,,我漸漸失去理智了　我逐漸消失　不是我自己的黑色意識,正在進入我的身體　　　　　　　不要,,0,115,26,1,0,0,0,0,0,,Translated
886,,,,,,,,,,,,,,,,,-1,115,26,1,0,0,0,0,0,,Translated
887,直美,…………っ, , ,Naomi,...,,,나오미,............ 윽,,,直美,…………,,,1,29,13,1,0,0,0,0,0,,Translated
888,哲志,……これは……　サチコの、母親か？, , ,Satoshi,So she was...Sachiko's mom?,,,사토시,"...... 이건...... 사치코의, 모친인가?",,,哲志,……這是……　サチコ的，母親？,,,1,226,17,1,0,0,0,0,0,,Translated
889,由香,かわいそう……, , ,Yuka,It's so awful...,,,유카,불쌍해......,,,由香,好可憐……,,,1,75,29,1,0,0,0,0,0,,Translated
890,哲志,……ああ……　そうだな、気の毒だ……, , ,Satoshi,"Yeah, it is. I really feel for her...",,,사토시,"...... 아아......  그러게, 참 안됐어......",,,哲志,……啊……　是啊，真可憐……,,,1,227,17,1,0,0,0,0,0,,Translated
891,直美,待って……　なんかおかしいよ、日付けが……。,サチコが生きていたのって, ,Naomi,"Wait, though... Isn't anyone else bothered by the",dates on these diary entries? Sachiko...shouldn't,even be there.,나오미,"잠깐......  뭔가 이상해, 날짜가......",사치코가 살아있던 건,,直美,等等……　有點不對勁，日期……。,サチコ當時還活著應該是在,,1,30,13,1,0,0,0,0,0,,Translated
892,直美,１９７３年の児童殺害事件の時でしょう？, , ,Naomi,The kidnappings and murders didn't take place until,"1973, remember?",,나오미,1973년 아동 살해 사건 때였지?,,,直美,１９７３年的兒童殺害事件那時吧？,,,1,31,13,1,0,0,0,0,0,,Translated
893,哲志,！　そうだな……。この日記だと……,更に、２０年前の話になっている。, ,Satoshi,Oh. You're right! These are all dated a full twenty,years earlier!,,사토시,!  그렇지...... 이 일기를 보면......,그 사건의 20년 전 얘기야.,,哲志,！　是啊……。這本日記……,是更早了二十年的事。,,1,228,17,1,0,0,0,0,0,,Translated
894,哲志,どういうことだ……？, , ,Satoshi,But what does that mean?,,,사토시,어떻게 된 거야......?,,,哲志,這是怎麼回事……？,,,1,229,17,1,0,0,0,0,0,,Translated
895,哲志,――保健医ヨシヱの“死後日記”は、,無念の死を遂げた女医の、,悲痛な思いを書き連ねたものだった。,Satoshi,We kept reading. This 'post-mortem diary' continued,to chronicle school nurse Yoshie Shinozaki's laments,"and regrets, and detailed her agony.",사토시,보건선생님 요시에의 “사후 일기”는,억울하게 죽은 여의사의,비통한 마음을 적어 남긴 것이었다.,哲志,――保健老師芳江的「死後日記」，,是含冤而死的女醫生，,寫下的悲痛心聲。,1,230,17,1,0,0,0,0,0,,Translated
896,哲志,――地縛霊となった彼女に、,続けて日記に書く出来事も無くなってくるのだろう。,そこからは ただ、,Satoshi,"Bound to the site of her demise, Yoshie eventually","exhausted all possible topics, filling the remaining",pages with short passages like:,사토시,지박령이 된 그녀에게,더 이상 일기를 쓸 일은 없었을 것이다.,그 다음부터는 그저,哲志,――成為地縛靈的她，,能繼續寫在日記裡的事也漸漸沒有了吧。,從那之後就只是，,1,231,17,1,0,0,0,0,0,,Translated
897,哲志,『寂しい。寂しい。』, , ,Satoshi,'I'm so alone. So very alone...', ,,사토시,『쓸쓸하다. 쓸쓸해.』,,,哲志,『好寂寞。好寂寞。』,,,1,232,17,1,0,0,0,0,0,,Translated
898,哲志,『サチコに会いたい。子供達に会いたい。』, , ,Satoshi,'I want to see Sachiko again. I want to see the,children again.',,사토시,『사치코를 보고 싶다. 아이들을 보고 싶다.』,,,哲志,『想見サチコ。想見孩子們。』,,,1,233,17,1,0,0,0,0,0,,Translated
899,哲志,『許せない』, , ,Satoshi,'I will never forgive him for what he did.', ,,사토시,『용서 못해』,,,哲志,『不可原諒』,,,1,234,17,1,0,0,0,0,0,,Translated
900,哲志,『殺してやる』, , ,Satoshi,'I'll kill them all.', ,,사토시,『죽여 주마』,,,哲志,『殺了你』,,,1,235,17,1,0,0,0,0,0,,Translated
901,哲志,――といった、感情の殴り書きが並んでいるだけだった。, , ,Satoshi,...among other similarly mournful or angry,sentiments.,,사토시,"와 같은, 감정을 갈겨 쓴 것들 뿐이었다.",,,哲志,――之類的，感情發洩般的塗鴉。,,,1,236,17,1,0,0,0,0,0,,Translated
902,哲志,……！　なんだ、このページから開かない……, , ,Satoshi,What the...? I can't open it past this page...,,,사토시,"......!  뭐야, 이 페이지부터 안 펼쳐져......",,,哲志,……！　什麼，從這一頁開始打不開……,,,1,237,17,1,0,0,0,0,0,,Translated
903,,……日記手帳の中間のページは,血でべったりと糊付けされていて開きません。, ,,"After a certain point, the diary's pages became",so blood-soaked that they were all sticking,together in a coagulated mess of gloppy paper.,,...... 일기 수첩의 페이지 중간은,피가 달라붙어 있어서 열리지 않습니다.,,,……日記本中間的頁面，被血緊緊黏住無法打開。,,,0,0,0,0,0,0,0,0,0,,Translated
904,,……後半のくっついていないページを,そっと開くと、二十年の間を空けて、,新しい事柄が書かれていました……,,Skipping past the bloodied section yielded the very,"last few entries in the book, all of which were",dated around twenty years later.,,...... 끝에 피가 달라붙지 않은 페이지를,"살짝 열어보니, 20년 간격을 두고",새로운 사항이 적혀 있었습니다......,,……小心翼翼地打開後面沒有黏住的頁面，,發現間隔了二十年，,寫著新的事情……,0,0,0,1,0,0,0,0,0,,Translated
905,,昭和四十八（一九七三年）七月十二日, , ,,7／12／1973, ,,,1973년  7월 12일,,,,昭和四十八（一九七三年）七月十二日,,,0,0,0,1,0,0,0,0,0,,Translated
906,,サッちゃんはわたシの自慢, , ,,Sachi is my pride and joy.,,,,삿짱은 내 자랑,,,,小幸是我的驕傲,,,0,116,26,1,0,0,0,0,0,,Translated
907,,私のために何でもシてくれる, , ,,She'd do anything for me.,,,,날 위해서라면 뭐든 해준다,,,,為了我什麼都肯做,,,0,117,26,1,0,0,0,0,0,,Translated
908,,寂しいわたシのために、,いっぱいヒトをコロシてくれる, ,,She'd even kill lots of people to keep me company.,,,,쓸쓸한 날 위해,사람을 잔뜩 죽여준다,,,為了寂寞的我，,殺了好多好多人,,0,118,26,1,0,0,0,0,0,,Translated
909,,こドモをいっぱい送ってくれる, , ,,She sends me so many children.,,,,아이들을 잔뜩 보내준다,,,,送來好多孩子,,,0,119,26,1,0,0,0,0,0,,Translated
910,,みんなだいスき, , ,,I love them all.,,,,다들 정말 좋아,,,,我全都好喜歡,,,0,120,26,1,0,0,0,0,0,,Translated
911,,昭和四十八（一九七三年）七月十五日, , ,,7／15／1973, ,,,1973년  7월 15일,,,,昭和四十八（一九七三年）七月十五日,,,0,0,0,1,0,0,0,0,0,,Translated
912,,やめさせなければならない, , ,,I have to make her stop.,,,,그만두게 해야 한다,,,,必須阻止她才行,,,0,121,26,1,0,0,0,0,0,,Translated
913,,私はこんなことでよろこばない, , ,,This won't make me happy.,,,,난 이런 걸로 기뻐하지 않아,,,,我不會因為這種事而高興,,,0,122,26,1,0,0,0,0,0,,Translated
914,,さちこやめなさい, , ,,"Sachiko, please stop.",,,,사치코 그만둬,,,,サチコ住手,,,0,123,26,1,0,0,0,0,0,,Translated
915,,昭和四十八（一九七三年）七月十六日, , ,,7／16／1973, ,,,1973년  7월 16일,,,,昭和四十八（一九七三年）七月十六日,,,0,0,0,1,0,0,0,0,0,,Translated
916,,あいつの一族はゆるさない, , ,,His family is just as guilty as he is.,,,,그 녀석의 일족은 용서할 수 없다,,,,那傢伙的家族不可原諒,,,0,124,26,1,0,0,0,0,0,,Translated
917,,末代まで祟ってやる, , ,,"I'm going to curse the entire line, forever.",,,,후세까지 죽여주마,,,,我要詛咒到世世代代,,,0,125,26,1,0,0,0,0,0,,Translated
918,,あいつらの脳に直接、観念を焼き付けてやる, , ,,I'll burn some sense right into their brains.,,,,"그 녀석들의 뇌에 직접, 관념을 새겨주겠어",,,,直接把觀念烙印在他們的腦子裡,,,0,126,26,1,0,0,0,0,0,,Translated
919,,昭和四十八（一九七三年）七月十七日, , ,,7／17／1973, ,,,1973년  7월 17일,,,,昭和四十八（一九七三年）七月十七日,,,0,0,0,1,0,0,0,0,0,,Translated
920,,なんということだろう, , ,,How did this happen?,,,,어떻게 된 거지,,,,怎麼會這樣,,,0,127,26,1,0,0,0,0,0,,Translated
921,,二十年も前に私と一緒に死んだサチコは,今、生身の体で存在している, ,,"Sachiko, who died alongside me twenty years ago, has",a flesh-and-blood body once more.,,,20년 전 나와 함께 죽은 사치코는,"지금, 온전한 몸으로 존재하고 있다",,,二十年前和我一起死去的サチコ,現在以肉身存在著,,0,128,26,1,0,0,0,0,0,,Translated
922,,子供達を殺めて魂を私の元へ送るなんて、,そんな事で私は喜ばない,サチコ此処へ来て,,She kills children and sends their souls to me. But,I don't want that! That won't make me happy!,"Sachiko...please, come see me!",,아이들을 죽이고 혼을 내 곁으로 보내다니,난 전혀 기쁘지 않아,사치코 이리 온,,殺害孩子們把靈魂送到我身邊，,我不會因為那種事而高興,サチコ來這裡,0,129,26,1,0,0,0,0,0,,Translated
923,,私とはなしをして。, , ,,Talk with me!,,,,나와 얘길 나누자꾸나.,,,,跟我說說話吧。,,,0,130,26,1,0,0,0,0,0,,Translated
924,,昭和四十八（一九七三年）七月二十日, , ,,7／20／1973, ,,,1973년  7월 20일,,,,昭和四十八（一九七三年）七月二十日,,,0,0,0,1,0,0,0,0,0,,Translated
925,,サチコは六人も殺めてしまった, , ,,Sachiko killed six more.,,,,사치코는 6명이나 죽여 버렸다,,,,サチコ殺了六個人,,,0,131,26,1,0,0,0,0,0,,Translated
926,,しかも神隠しと呼ばれるほど完全に,足跡（そくせき）も消している, ,,"And when they die, it's like every trace of their",existence is removed from history. It's 'spiriting,"away,' in the truest sense of the term.",,그것도 신의 장난으로 보일 정도로 완벽하게,족적도 남기지 않았다,,,而且藏匿得如同神隱一般,連足跡都消失了,,0,132,26,1,0,0,0,0,0,,Translated
927,,あの子に一人で子供をさらって来て,殺害するなんて事はできない, ,,But she's not capable of abducting and killing,children on her own...,,,그 아이 혼자 어린이를 납치하고,살해하는 건 불가능하다,,,那個孩子一個人不可能,去抓孩子來殺害,,0,133,26,1,0,0,0,0,0,,Translated
928,,あの男を使って誘拐させているようだ, , ,,She makes that man do the kidnapping for her.,,,,그 남자를 이용해 유괴한 모양이다,,,,似乎是利用那個男人去綁架的,,,0,134,26,1,0,0,0,0,0,,Translated
929,,サチコやめて, , ,,"Sachiko... Please, stop...",,,,사치코 그만둬,,,,サチコ住手,,,0,135,26,1,0,0,0,0,0,,Translated
930,,昭和四十八（一九七三年）七月二十三日, , ,,7／23／1973, ,,,1973년  7월 23일,,,,昭和四十八（一九七三年）七月二十三日,,,0,0,0,1,0,0,0,0,0,,Translated
931,,私のためにと思っていたさっちゃんはもういない, , ,,Sachi is no longer killing for my sake.,,,,날 생각해주는 삿짱은 이제 없다,,,,為了我著想的小幸已經不在了,,,0,136,26,1,0,0,0,0,0,,Translated
932,,ころしたいからころしてる,いつのまにかそうなった, ,,Now she's just killing because she likes it.,I don't know when this change happened...but,it did.,,그저 하고 싶어서 한다,언제부턴가 그렇게 되었다,,,只是想殺所以殺,不知不覺變成了那樣,,0,137,26,1,0,0,0,0,0,,Translated
933,,いきてるひとってはらがたつものね,私たちはころされたのに, ,,"Living beings are such fickle, easily-angered","creatures. They killed us, after all.",,,살아있는 사람을 보면 화가 나는 거구나,우리는 이렇게 되었는데,,,活著的人真讓人生氣啊,明明我們都被殺了,,0,138,26,1,0,0,0,0,0,,Translated
934,,ひとをころすやつってゆるせない, , ,,I can't forgive anyone who kills another human,being.,,,사람을 죽이는 녀석은 용서 못해,,,,殺人的人不可原諒,,,0,139,26,1,0,0,0,0,0,,Translated
935,,絶対ころしてやる　　　　　,だからころすんだ　　　　　,ゆるさない,,I'll kill them all.,I'll kill them for what they've done.,I'll show them no mercy.,,반드시 죽여주마,그러니 이렇게 할 거야,용서 못해,,絕對要殺了你　　　　　,所以我要殺,　不可原諒,0,140,26,1,0,0,0,0,0,,Translated
936,,昭和四十八（一九七三年）七月二十四日, , ,,7／24／1973, ,,,1973년  7월 24일,,,,昭和四十八（一九七三年）七月二十四日,,,0,0,0,1,0,0,0,0,0,,Translated
937,,もっところせ, , ,,Kill more,,,,더 죽여,,,,再多殺一點,,,0,141,26,1,0,0,0,0,0,,Translated
938,,昭和四十八（一九七三年）七月二十五日, , ,,7／25／1973, ,,,1973년  7월 25일,,,,昭和四十八（一九七三年）七月二十五日,,,0,0,0,1,0,0,0,0,0,,Translated
939,,もっところせ, , ,,Kill more,,,,더 죽여,,,,再多殺一點,,,0,142,26,1,0,0,0,0,0,,Translated
940,,昭和四十八（一九七三年）八月十五日, , ,,8／15／1973, ,,,1973년  8월 15일,,,,昭和四十八（一九七三年）八月十五日,,,0,0,0,1,0,0,0,0,0,,Translated
941,,もっと　つ　れ　て　こ　い, , ,,Bring me  m o r e,,,,더  데  려  와,,,,再　多　帶　來,,,0,143,26,1,0,0,0,0,0,,Translated
942,,昭和四十八（一九七三年）九月十八日, , ,,9／18／1973, ,,,1973년  9월 18일,,,,昭和四十八（一九七三年）九月十八日,,,0,0,0,1,0,0,0,0,0,,Translated
943,,サッちゃんのおかげでもう さビしくない, , ,,"Thanks to Sachi, I'm no longer alone.",,,,이젠 삿짱 덕분에 외롭지 않아,,,,多虧了小幸我已經不寂寞了,,,0,144,26,1,0,0,0,0,0,,Translated
944,,今日また　３ニンもかわいいこどもをおくってクれた, , ,,She sent me three more adorable little children,today.,,,오늘 또 귀여운 아이를 3명 보내줬다,,,,今天又送來了三個可愛的孩子,,,0,145,26,1,0,0,0,0,0,,Translated
945,,サッちゃんはわたシの自慢, , ,,Sachi is my pride and joy.,,,,삿짱은 내 자랑,,,,小幸是我的驕傲,,,0,146,26,1,0,0,0,0,0,,Translated
946,,わたしのことはもうわからナくなっているけれど, , ,,I don't think she even recognizes me anymore.,,,,이젠 내가 누군지도 모르게 되었지만,,,,雖然已經不知道我是誰了,,,0,147,26,1,0,0,0,0,0,,Translated
947,,あのこをわたしはあイしてる, , ,,But I still love her with all my heart.,,,,난 그 아이를 사랑한다,,,,但我還是愛著那個孩子,,,0,148,26,1,0,0,0,0,0,,Translated
948,,昭和五十（一九七五年）十一月十八日, , ,,11／18／1975, ,,,1975년  11월 18일,,,,昭和五十（一九七五年）十一月十八日,,,0,0,0,1,0,0,0,0,0,,Translated
949,,がっこうがはいこうになった, , ,,The school's been closed down.,,,,학교가 폐허로 변했다,,,,學校廢校了,,,0,149,26,1,0,0,0,0,0,,Translated
950,,こうちょうがとびおりた　ざまあみろ, , ,,And the principal jumped off the roof.,Serves him right.,,,교장이 투신했다  꼴 좋다,,,,校長跳樓了　活該,,,0,150,26,1,0,0,0,0,0,,Translated
951,,みなさんでおウタをうたいましょう,たのしいうたがいいですね, ,,I think I'll sing with the children.,Something fun and happy.,,,다 함께 노래를 불러봐요,즐거운 노래가 좋겠네요,,,大家一起唱歌吧,快樂的歌最好了,,0,151,26,1,0,0,0,0,0,,Translated
952,,ざまあみろ　きたないしにかただ, , ,,What a pitiful way to die. Serves him right!,,,,꼴 좋다  참 더럽게 죽었구나,,,,活該　死得真難看,,,0,152,26,1,0,0,0,0,0,,Translated
953,,昭和五十（一九七五年）十一月二十三日, , ,,11／23／1975, ,,,1975년  11월 23일,,,,昭和五十（一九七五年）十一月二十三日,,,0,0,0,1,0,0,0,0,0,,Translated
954,,サッちゃんが　がっこうのなかをあるいている, , ,,Sachi's been wandering the halls.,,,,삿짱이 학교 안을 거닐고 있다,,,,小幸在學校裡走著,,,0,153,26,1,0,0,0,0,0,,Translated
955,,だれもいなくなった　がっこうのなかを, , ,,These empty halls...,,,,아무도 없는 학교 안을,,,,在空無一人的學校裡,,,0,154,26,1,0,0,0,0,0,,Translated
956,,おもしろがって　はいってくるやつをころすんだ, , ,,She kills anyone who enters. People who've heard,"rumors, or are just curious.",,,흥미를 느끼고 들어오는 녀석을 죽인다,,,,殺掉覺得有趣而進來的人,,,0,155,26,1,0,0,0,0,0,,Translated
957,,あのこもわたしともういっしょ　のどがかわいて, , ,,She and I are both so desperately thirsty...,,,,이젠 그 아이도 나도 목이 마르다,,,,那孩子和我也一樣口渴了,,,0,156,26,1,0,0,0,0,0,,Translated
958,,しかたがないんだね, , ,,But there's nothing we can do about it.,,,,어쩔 수 없구나,,,,這也是沒辦法的事啊,,,0,157,26,1,0,0,0,0,0,,Translated
959,,……その先の日記は、言葉が乱れてしまっており、,読む事が出来ません。, ,,"After this, the writing becomes too jumbled to read.",,,,...... 그 다음 일기는 글씨가 삐뚤어져서,읽을 수 없습니다.,,,……之後的日記，字跡已經混亂，無法閱讀。,,,0,0,0,1,0,0,0,0,0,,Translated
960,直美,……なんてこと……, , ,Naomi,God...,,,나오미,...... 이건 무슨......,,,直美,……怎麼會……,,,1,32,13,1,0,0,0,0,0,,Translated
961,哲志,サチコは……母親に……母親を淋しがらせないために、,子供を殺して霊界に送っていたのか。, ,Satoshi,So Sachiko's been...killing children...and sending,their souls to her mother...so she won't get lonely?,,사토시,사치코는...... 엄마를...... 엄마가 쓸쓸하지 않게,아이들을 죽여 영계로 보낸 거였어.,,哲志,サチコ她……為了不讓母親……不讓母親寂寞，,才殺害孩子送到靈界去的嗎。,,1,238,17,1,0,0,0,0,0,,Translated
962,哲志,そのうちに心が壊れて、あんな状態に……, , ,Satoshi,"And I guess eventually, it just drove her mad...",,,사토시,"그러는 동안 마음이 부서져서, 저런 상태로......",,,哲志,在那過程中心靈崩壞，變成那樣的狀態……,,,1,239,17,1,0,0,0,0,0,,Translated
963,直美,この母親の霊も……きっと、本心では,サチコの暴走を止めて欲しいと願っているはずだよ。,,Naomi,"It seems like deep down, even her mom wants her to",stop...,,나오미,실은 이 엄마 유령도......,사치코의 폭주를 막아 주길 바라고 있을 거야.,,直美,這個母親的靈魂也……一定，是真心希望,サチコ的暴走能停止的。,,1,33,13,1,0,0,0,0,0,,Translated
964,由香,うん。, , ,Yuka,Uh-huh...,,,유카,응.,,,由香,嗯。,,,1,76,29,1,0,0,0,0,0,,Translated
965,哲志,そうだな。,どうすれば良いのかわからないけど……,サチコの心を解くためには、,Satoshi,"Yeah... I'm not sure exactly what we should do next,",but if we're going to get through to Sachiko...,,사토시,그래야지.,어떻게 하면 좋을지는 모르겠지만......,사치코의 마음을 열기 위해서는,哲志,是啊。,雖然不知道該怎麼做才好……,但要解開サチコ的心結，,1,240,17,1,0,0,0,0,0,,Translated
966,哲志,この学校の校長も、鍵を握っていそうだな。,……別館に確か、校長室があったはずだ。, ,Satoshi,...then it looks like the school principal is the,"key. If I recall, the principal's office is in the",other building...,사토시,"이 학교 교장도, 열쇠를 가지고 있을 것 같아",...... 아마 별관에 교장실이 있었지.,,哲志,這所學校的校長，似乎也是關鍵。,……別館應該有校長室才對。,,1,241,17,1,0,0,0,0,0,,Translated
967,,装置はロックされてしまったのか、,動かすことができません。, ,,The mechanism is locked in place. It won't budge.,,,,장치는 잠금 장치가 걸려 있는 건지,움직일 수가 없습니다.,,,裝置似乎被鎖住了，無法操作。,,,0,0,0,1,0,0,0,0,0,,Translated
968,,扉には鍵がかかっています。, , ,,The door is locked.,,,,문이 잠겨 있습니다.,,,,門上鎖了。,,,0,0,0,1,0,0,0,0,0,,Translated
969,,扉には鍵がかかっています。, , ,,The door is locked.,,,,문이 잠겨 있습니다.,,,,門上鎖了。,,,0,0,0,1,0,0,0,0,0,,Translated
970,,扉には鍵がかかっています。, , ,,The door is locked.,,,,문이 잠겨 있습니다.,,,,門上鎖了。,,,0,0,0,1,0,0,0,0,0,,Translated
971,由香,痛い！, , ,Yuka,Owwie!,,,유카,아야!,,,由香,好痛！,,,1,7,29,1,0,0,0,0,0,,Translated
972,由香,んん～、血が出ちゃった。,……靴どこに脱げちゃったんだろ……, ,Yuka,Nnngh... I'm all bloody...,And...where are my shoes?,,유카,으응~ 피가 나왔어.,...... 신발은 어디 간 거야......,,由香,嗯嗯～、流血了。,……鞋子是掉到哪裡去了呢……,,1,8,29,1,0,0,0,0,0,,Translated
973,サチコ,可愛ィ……クスクスクス, , ,Sachiko,Aren't you just precious!,*giggle*,,사치코,귀엽다...... 쿡쿡쿡,,,サチコ,真可愛……呵呵呵,,,1,102,14,1,0,0,0,0,0,,Translated
974,由香,ひゃっ！？, , ,Yuka,Eeek!!,,,유카,햐악!?,,,由香,嚇！？,,,1,9,29,1,0,0,0,0,0,,Translated
975,サチコ,…………, , ,Sachiko,*snicker*,,,사치코,............,,,サチコ,…………,,,1,103,14,1,0,0,0,0,0,,Translated
976,由香,あっ……あなたは。, , ,Yuka,Wh-Who...are you...?,,,유카,앗...... 너는.,,,由香,啊……你是。,,,1,10,29,1,0,0,0,0,0,,Translated
977,由香,……さっき……助けてくれたの？,怖い人から、逃げられたよ。, ,Yuka,Are you...the one who saved me? When I was running,from the scary man?,,유카,...... 좀 전에...... 구해준 거야?,"무서운 사람한테서, 도망칠 수 있었어.",,由香,……剛才……是你救了我嗎？,讓我逃離了那個可怕的人。,,1,11,29,1,0,0,0,0,0,,Translated
978,サチコ,……プッ、クスクスクスクス, , ,Sachiko,*chortle*,*cackle*,,사치코,"...... 풋, 쿡쿡쿡쿡",,,サチコ,……噗、呵呵呵呵,,,1,104,14,1,0,0,0,0,0,,Translated
979,由香,ん？, , ,Yuka,Hmm?,,,유카,응?,,,由香,嗯？,,,1,12,29,1,0,0,0,0,0,,Translated
980,サチコ,……可愛ィ……無茶苦茶したィ, , ,Sachiko,"You're so cute, I just want to mess you right up...",,,사치코,...... 귀여워 ...... 엉망으로 만들고 싶어,,,サチコ,……真可愛……好想弄得一團亂啊,,,1,105,14,1,0,0,0,0,0,,Translated
981,由香,えっ？, , ,Yuka,Huh?,,,유카,어?,,,由香,咦？,,,1,13,29,1,0,0,0,0,0,,Translated
982,サチコ,私の言ウ事、聞く？, , ,Sachiko,Will you listen to what I have to say?,,,사치코,"내가 하는 말, 들을래?",,,サチコ,你願意聽我的話嗎？,,,1,106,14,1,0,0,0,0,0,,Translated
983,由香,えっと……お姉ちゃんね、あなたのお話なら聞くよ。, , ,Yuka,"Ummm...sure, I guess I can do that.",,,유카,"으음...... 언니, 네 말이라면 들을게.",,,由香,呃……姊姊的話，我會聽的。,,,1,14,29,1,0,0,0,0,0,,Translated
984,由香,幽霊、怖いけど……なんだか、あなたは,怖くない気がするの。, ,Yuka,I'm...afraid of ghosts...but somehow...,you don't seem that scary to me.,,유카,유령은 무섭지만...... 왠지 너는,무섭지 않을 것 같아.,,由香,雖然幽靈很可怕……但不知為何，,我覺得你不那麼可怕。,,1,15,29,1,0,0,0,0,0,,Translated
985,サチコ,ッククククク……, , ,Sachiko,Pfff...HAHAHAHAHAHAHAHAHAHAHA!!,,,사치코,크크크크크......,,,サチコ,庫庫庫庫庫……,,,1,107,14,1,0,0,0,0,0,,Translated
986,サチコ,誰にものを言っている！　この小娘がァ！, , ,Sachiko,W h o   d o   y o u   t h i n k   y o u ' r e,"t a l k i n g   t o ,   l i t t l e   g i r l ? !",,사치코,누구한테 입을 놀리는 거야!  이 계집이!,,,サチコ,你在跟誰說話！　你這個小丫頭！,,,1,108,14,1,0,0,0,0,0,,Translated
987,サチコ,くびり殺してやるぞッ！！！, , ,Sachiko,I ' l l   w r i n g   y o u r   d a m n e d,n e c k   j u s t   t o   w a t c h   y o u,s q u i r m !,사치코,목을 졸라 죽여주마!!!,,,サチコ,我要勒死你！！！,,,1,109,14,1,0,0,0,0,0,,Translated
988,由香,ひっ！？, , ,Yuka,EEP!!,,,유카,힉!?,,,由香,嚇！？,,,1,16,29,1,0,0,0,0,0,,Translated
989,由香,あ……あぁ～……！, , ,Yuka,A-Aaaaahhhh...!,,,유카,아...... 아아......!,,,由香,啊……啊啊……！,,,1,17,29,1,0,0,0,0,0,,Translated
990,サチコ,ゲハハハハハ！,　アハハハハハ！,　　ゲヒヒヒヒヒ！！,Sachiko,HAHAHAHA...HAAAAHAHAHAHAHA...,   HOOOUAHAHAHAHAHA...,       EEEEHEEHEEHEEHEEHEE!!,사치코,게하하하하하!,아하하하하하!,게히히히히히!!,サチコ,嘎哈哈哈哈！,　啊哈哈哈哈！,　　格嘻嘻嘻嘻！！,1,110,14,1,0,0,0,0,0,,Translated
991,あゆみ,ううぅ……先生……先生……, , ,Ayumi,*sob*,Ms. Yui... Ms. Yui...!,,아유미,으으으...... 선생님...... 선생님......,,,あゆみ,嗚嗚……老師……老師……,,,1,229,3,1,0,0,0,0,0,,Translated
992,良樹,篠崎、行くぞ！　来い！, , ,Yoshiki,Shinozaki! Come on! We have to move!,,,요시키,"시노자키, 가자!  이리 와!",,,良樹,篠崎，走了！　過來！,,,1,203,25,1,0,0,0,0,0,,Translated
993,あゆみ,離して！　もうどうでもいい！！, , ,Ayumi,Let go of me! I don't care anymore!,,,아유미,놔줘!  이젠 아무래도 좋아!!,,,あゆみ,放開我！　我已經無所謂了！！,,,1,94,4,1,0,0,0,0,0,,Translated
994,良樹,篠崎っ！, , ,Yoshiki,Shinozaki!!,,,요시키,시노자키!!,,,良樹,篠崎！,,,1,204,25,1,0,0,0,0,0,,Translated
995,良樹,いいか、絶対に無駄にしねぇぞ！　センセーの気持ちを！, , ,Yoshiki,"Listen, you may be willing to let Ms. Yui's","sacrifice go to waste, but I'M NOT!",,요시키,"알겠냐, 절대로 허사로 만들면 안 돼!  선생님의 마음을!",,,良樹,聽好了，絕對不會白費的！　老師的心意！,,,1,205,25,1,0,0,0,0,0,,Translated
996,あゆみ,岸沼くん……, , ,Ayumi,Kishinuma...,,,아유미,키시누마 군......,,,あゆみ,岸沼同學……,,,1,95,4,1,0,0,0,0,0,,Translated
997,良樹,わかるよな？　「強くなれ」って。, , ,Yoshiki,"This is what she meant when she said, 'Be strong,'",dammit!,,요시키,알지?  「강해져」라고.,,,良樹,你懂吧？　「要堅強」這句話。,,,1,206,25,1,0,0,0,0,0,,Translated
998,あゆみ,うう……っ, , ,Ayumi,*sniffle* *hic*,,,아유미,으으......,,,あゆみ,嗚嗚……,,,1,96,4,1,0,0,0,0,0,,Translated
999,良樹,！　……あいつは、, , ,Yoshiki,...!,Who...?,,요시키,!  ...... 저 녀석은,,,良樹,！　……那傢伙是，,,,1,207,25,1,0,0,0,0,0,,Translated
1000,あゆみ,校長だわ。, , ,Ayumi,It's the principal...,,,아유미,교장이야.,,,あゆみ,是校長。,,,1,97,4,1,0,0,0,0,0,,Translated
1001,良樹,（かわった形の焼却炉だな……,　火葬場のやつみたいじゃねぇか……）, ,Yoshiki,(What a strange-looking incinerator. Almost seems,like something you'd see in a crematorium...),,요시키,(별난 소각로군......,꼭 화장장 같은데......),,良樹,（形狀奇怪的焚化爐啊……,簡直像火葬場的那種……）,,1,0,0,1,0,0,0,0,0,,Translated
1002,良樹,なんだ……？,何か、黄色いものを投げ込んでいた……？, ,Yoshiki,What's...that?,Looks like somebody threw something in there,that's...very yellow.,요시키,뭐야......?,뭔가 노란 걸 던지던데......?,,良樹,什麼……？,好像，扔了什麼黃色的東西進去……？,,1,232,25,1,0,0,0,0,0,,Translated
1003,,……炉の奥に、スス焦げたリボンが見えます……。, , ,,"You can see a yellow ribbon a few feet in, covered",in soot.,,,...... 소각로 안에 불에 탄 리본이 보입니다......,,,,……爐子深處，能看到被燻黑的緞帶……。,,,0,0,0,1,0,0,0,0,0,,Translated
1004,あゆみ,……あれだわ。リボン……,（――サチコの服についていたリボン？）　　　　　,……取れるかな？　……んっ,Ayumi,I think it's...the ribbon from...,(...from Sachiko's dress?),But it's...just out of reach... Nnng...,아유미,...... 저거야. 리본......,(사치코 옷에 달려 있던 리본?),...... 잡을 수 있을까?  ...... 으응,あゆみ,……就是那個。緞帶……,（――是サチコ衣服上的緞帶？）,　……拿得到嗎？　……嗯,1,115,4,1,0,0,0,0,0,,Translated
1005,あゆみ,（ぎりぎり、手が……とどかないや）, , ,Ayumi,(Arms...not...quite...long enough...),,,아유미,"(아슬아슬하게, 손이...... 안 닿네)",,,あゆみ,（差一點，手……搆不到）,,,1,0,0,1,0,0,0,0,0,,Translated
1006,あゆみ, ,――！, ,Ayumi,...!,,,아유미,,!!,,あゆみ,――！,,,1,0,0,1,0,0,0,0,0,,Translated
1007,,焼却炉の奥の暗がりに、ひざを折って,体育座りをしているサチコがいます……, ,,"From the darkness within the incinerator, the figure","of a girl can faintly be seen. She's squatting, with",hands around her knees.,,소각로 안에 무릎을 구부리고,웅크려 앉은 사치코가 있습니다......,,,焚化爐深處的黑暗中，,有一個屈膝抱腿坐著的サチコ……,,0,0,0,1,0,0,0,0,0,,Translated
1008,良樹,お、おい……お前……, , ,Yoshiki,Wh-Whoa... It's...,,,요시키,"어, 어이...... 너......",,,良樹,喂、喂……你……,,,1,209,25,1,0,0,0,0,0,,Translated
1009,,……サチコの霊は、炉の奥のほうへ向き直り、,そのまま這い進んで消えました……, ,,"It's Sachiko. Upon meeting your gaze, she spins in","place and begins crawling deeper into the machine,",until she vanishes from sight.,,"...... 사치코의 유령은, 소각로 안쪽으로 돌아",그대로 기어가 사라졌습니다......,,,……サチコ的靈魂，轉向爐子深處，,就這樣爬行著消失了……,,0,0,0,1,0,0,0,0,0,,Translated
1010,良樹,なんだ……狭いけどこの炉、這っていけば,奥に行けるのか。, ,Yoshiki,"What the hell...? It's pretty cramped in there, but","it looks like maybe, with a little effort, you could",crawl down pretty far through this thing...,요시키,뭐야...... 좁지만 여길 기어가면,안쪽으로 갈 수 있는 건가.,,良樹,什麼……雖然狹窄但這個爐子，爬進去的話,能到深處嗎。,,1,210,25,1,0,0,0,0,0,,Translated
1011,良樹,そういえば奥のほうに、小さい灯りが見えるぞ……,部屋でもあるのか？, ,Yoshiki,"Actually, look over there. There's a tiny pinprick",of light. It might be a room or something.,,요시키,그러고 보니 안쪽에 작은 불이 보이는데......,방이라도 있는 건가?,,良樹,這麼說來深處，能看到小小的燈光……,難道是有房間嗎？,,1,211,25,1,0,0,0,0,0,,Translated
1012,良樹,……よし。, , ,Yoshiki,...Good a lead as any...,,,요시키,...... 좋아.,,,良樹,……好。,,,1,212,25,1,0,0,0,0,0,,Translated
1013,あゆみ,待って！　これ焼却炉よ！　,途中で、火でも点いたら……, ,Ayumi,Wait! Are you nuts?! This is an INCINERATOR!,What if somebody lights it up while we're inside?!,,아유미,기다려!  이건 소각로야!,도중에 불이라도 붙었다간......,,あゆみ,等等！　這是焚化爐喔！,要是中途，點火了怎麼辦……,,1,99,4,1,0,0,0,0,0,,Translated
1014,良樹,……だな……。,よし、お前はここで待ってろ。俺だけ行く。, ,Yoshiki,Good point.,"...Okay, you wait here, and I'll go by myself.",,요시키,...... 그렇지......,"좋아, 넌 여기에 있어. 나 혼자 갈게.",,良樹,……也是……。,好，妳在這裡等著。我一個人去。,,1,213,25,1,0,0,0,0,0,,Translated
1015,良樹,よっ……！, , ,Yoshiki,Alley-oop...,,,요시키,영차......!,,,良樹,喲……！,,,1,214,25,1,0,0,0,0,0,,Translated
1016,あゆみ,待って、私も行く。, , ,Ayumi,"Okay, fine! I'll go too!",,,아유미,"잠깐만, 나도 갈래.",,,あゆみ,等等，我也去。,,,1,100,4,1,0,0,0,0,0,,Translated
1017,あゆみ,んっ……！, , ,Ayumi,Nng!!,,,아유미,으으......!,,,あゆみ,嗯……！,,,1,101,4,1,0,0,0,0,0,,Translated
1018,良樹,待ってろって言ったろ……！, , ,Yoshiki,I told you to wait at the top!,,,요시키,기다리라고 했잖아......!,,,良樹,不是叫妳等著嗎……！,,,1,215,25,1,0,0,0,0,0,,Translated
1019,あゆみ,いや！　……私も行く……, , ,Ayumi,No way! I'm coming with you!,,,아유미,싫어!  ...... 나도 갈 거야......,,,あゆみ,不要！　……我也去……,,,1,102,4,1,0,0,0,0,0,,Translated
1020,良樹,ったく……気をつけろよ、,そこらじゅうに埃のかたまりとか、引っ掛かりがある。, ,Yoshiki,"Dammit... Well, be careful in here, okay? There are",some pretty thick clumps of dust and ash that you'll,get yourself caught on if you don't watch out.,요시키,하여간...... 조심해라,여기저기 먼지 덩어리나 튀어나온 게 있으니까.,,良樹,真是的……小心點啊，,到處都有灰塵塊之類的，會卡住。,,1,216,25,1,0,0,0,0,0,,Translated
1021,あゆみ,うん……, , ,Ayumi,Thanks.,,,아유미,응......,,,あゆみ,嗯……,,,1,103,4,1,0,0,0,0,0,,Translated
1022,良樹・あゆみ,はっ……はっ……　はっ……はっ……, , ,Yoshiki & Ayumi,*pant* *pant*,*squirm* *squiggle*,,요시키·아유미,헉...... 헉...... 헉...... 헉......,,,良樹・あゆみ,哈……哈……　哈……哈……,,,1,0,0,1,0,0,0,0,0,,Translated
1023,良樹,（くそ……狭いな……大分来ちまったが,　……まだ半分くらいか）, ,Yoshiki,"(Damn, it's a tight squeeze in here. We've come","pretty far, but it seems like we're still only",about halfway...),요시키,(망할...... 좁다...... 꽤 온 거 같은데,...... 아직 반 정도인가),,良樹,（可惡……真窄啊……雖然已經走了不少,　……大概才一半吧）,,1,219,25,1,0,0,0,0,0,,Translated
1024,良樹,（低い天井のせいで身体を起こせないってのが、,　こんなに不安だとはな……）, ,Yoshiki,(Maybe it's because the ceiling's so low that,"I can't even come close to standing up, but I've",honestly never felt this uneasy before in my life.),요시키,(낮은 천장 탓에 몸을 못 일으키는 게,이렇게 불안할 줄은......),,良樹,（因為天花板太低無法起身，,　竟然會這麼不安……）,,1,220,25,1,0,0,0,0,0,,Translated
1025,良樹,（もし今、出口や入口が塞がれて、この体勢のまま,　動けなくなったら）, ,Yoshiki,"(If the exits all get blocked, I could wind up",stuck in this position forever...),,요시키,"(혹시 지금 출구나 입구가 막혀서, 이 자세 그대로",움직이지 못하게 되면),,良樹,（如果現在出入口被堵住，以這個姿勢,　動不了的話）,,1,221,25,1,0,0,0,0,0,,Translated
1026,良樹,（……。チッ、余計な事考えるな）, , ,Yoshiki,"(...Ahhh, what the hell is wrong with me?!",I shouldn't think about things like that!),,요시키,"(......  쳇, 괜한 생각은 말자)",,,良樹,（……。嘖，別想多餘的事）,,,1,222,25,1,0,0,0,0,0,,Translated
1027,良樹,はぁ……はぁ……（ヒジが……痛ぇな……くそッ）, , ,Yoshiki,*grunt* *groan* *struggle*,"(Man, my elbows are sore as hell...)",,요시키,하아...... 하아......  (무릎이...... 아프다...... 젠장),,,良樹,哈啊……哈啊……（手肘……好痛啊……可惡）,,,1,241,25,1,0,0,0,0,0,,Translated
1028,あゆみ,けほっ！　けほっ……すごい埃とすす……,なるべく、吸い込まないようにしなきゃ……, ,Ayumi,*cough*,Never seen so much dust and ash before.,We can't keep breathing this in...,아유미,콜록!  콜록...... 먼지랑 그을음이 많네......,가능하면 마시지 않도록 해야겠어......,,あゆみ,咳咳！　咳咳……好多灰塵和燻煙……,盡量不要吸進去……,,1,121,4,1,0,0,0,0,0,,Translated
1029,あゆみ,はっ……はっ……うぅぅ, , ,Ayumi,Rnnng... *pant* *pant*,Rrrnnng... *pant* *pant*,Rrrnng... *pant* *pant*,아유미,헉...... 헉...... 으으으,,,あゆみ,哈……哈……嗚嗚,,,1,123,4,1,0,0,0,0,0,,Translated
1030,あゆみ,……痛っ！, , ,Ayumi,Oww!!,,,아유미,...... 아얏!,,,あゆみ,……好痛！,,,1,104,4,1,0,0,0,0,0,,Translated
1031,良樹,！？　……大丈夫か？, , ,Yoshiki,"Hey, you all right?",,,요시키,!?  ...... 괜찮아?,,,良樹,!？　……沒事吧？,,,1,223,25,1,0,0,0,0,0,,Translated
1032,あゆみ,うん……手、刺しちゃっただけ……,針金みたいなの、出てた。, ,Ayumi,Just...pricked my hand a little.,There's some kind of metal wire in here.,,아유미,응...... 손을 찔렸을 뿐이야......,철사 같은 게 나와 있었어.,,あゆみ,嗯……只是手被刺到了……,有鐵絲之類的露出來。,,1,105,4,1,0,0,0,0,0,,Translated
1033,良樹,そうか……, , ,Yoshiki,Good to know.,,,요시키,그래......,,,良樹,是嗎……,,,1,224,25,1,0,0,0,0,0,,Translated
1034,サチコ,こなイで, , ,Sachiko,Turn back.,,,사치코,오지 마,,,サチコ,不要過來,,,1,119,14,1,0,0,0,0,0,,Translated
1035,良樹,――っ！, , ,Yoshiki,...!,,,요시키,윽!,,,良樹,――！,,,1,225,25,1,0,0,0,0,0,,Translated
1036,サチコ,お願イだから、来なイで, , ,Sachiko,Please. Turn back.,,,사치코,"부탁이니까, 오지 마",,,サチコ,拜託了，不要來,,,1,120,14,1,0,0,0,0,0,,Translated
1037,あゆみ,っ！, , ,Ayumi,*gasp*,,,아유미,윽!,,,あゆみ,！,,,1,106,4,1,0,0,0,0,0,,Translated
1038,,進む,ひきかえす,,,Keep going,Turn back,,,진행한다,되돌아간다,,,前進,折返,,0,255,255,255,255,255,255,255,255,,Translated
1039,良樹,やっぱこの先、何かあるな。……行くぞ。, , ,Yoshiki,"Well, that clinches it. There's definitely something",in here! Come on.,,요시키,역시 여긴 뭔가 있군...... 가자.,,,良樹,果然前面有什麼。……走吧。,,,1,226,25,1,0,0,0,0,0,,Translated
1040,あゆみ,う、う……ん……, , ,Ayumi,O...Okay.,,,아유미,"으, 으...... 응......",,,あゆみ,呃、呃……嗯……,,,1,107,4,1,0,0,0,0,0,,Translated
1041,サチコ,来なイで……ッ, , ,Sachiko,Turn back!,,,사치코,오지 마......,,,サチコ,不要來……,,,1,121,14,1,0,0,0,0,0,,Translated
1042,サチコ,来ルな, , ,Sachiko,Stay away!,,,사치코,오지 마,,,サチコ,不准來,,,1,122,14,1,0,0,0,0,0,,Translated
1043,サチコ,ダカラ、来ナイデッテ言ッタノニ。クスクスクスクス, , ,Sachiko,Didn't I tell you to turn back?,*giggle*,,사치코,그래서 오지 말라고 한 건데. 쿡쿡쿡쿡,,,サチコ,明明說了不要來的。呵呵呵呵,,,1,123,14,1,0,0,0,0,0,,Translated
1044,あゆみ,ねぇ、戻ろう？　嫌な予感がする。, , ,Ayumi,Hey... Can we just go back?,I have a really bad feeling about this...,,아유미,"저기, 돌아갈래?  안 좋은 예감이 들어.",,,あゆみ,喂，回去吧？　有不好的預感。,,,1,108,4,1,0,0,0,0,0,,Translated
1045,良樹,ちっ……そうだな……　戻れるか？　ゆっくりでいいぞ。, , ,Yoshiki,Ugh...,"Yeah, okay. You able to turn around?",Just take your time.,요시키,쳇...... 그래...... 돌아갈까?  천천히 가자.,,,良樹,嘖……也是……　能回頭嗎？　慢慢來就好。,,,1,227,25,1,0,0,0,0,0,,Translated
1046,あゆみ,うん……, , ,Ayumi,Uh-huh.,,,아유미,응......,,,あゆみ,嗯……,,,1,109,4,1,0,0,0,0,0,,Translated
1047,,・　・　・　・　・, , ,,...,,,,  ·      ·      ·      ·     ·,,,,・　・　・　・　・,,,0,0,0,1,0,0,0,0,0,,Translated
1048,良樹,やっぱり、ここが怪しいよな……。,行くしか……ねぇか。, ,Yoshiki,"...I dunno, though, I really feel like there's",something fishy going on down there. And I don't,think there's anywhere else we can go...,요시키,"역시, 여기가 수상한데......",갈 수 밖에...... 없겠군.,,良樹,果然這裡很可疑啊……。,只能……去了吧。,,1,228,25,1,0,0,0,0,0,,Translated
1049,あゆみ,……怖いけど……。あなたが行くなら私も行く。, , ,Ayumi,I don't like it...but...if you're that set on,"going through with it, I'll go too.",,아유미,...... 무섭지만...... 네가 간다면 나도 갈래.,,,あゆみ,……雖然很可怕……。如果你要去的話我也去。,,,1,110,4,1,0,0,0,0,0,,Translated
1050,良樹,やっぱこの先、何かあるな。……行くぞ。, , ,Yoshiki,Yeah... There's definitely something in here.,Come on!,,요시키,역시 여긴 뭔가 있군...... 가자.,,,良樹,果然前面有什麼。……走吧。,,,1,226,25,1,0,0,0,0,0,,Translated
1051,あゆみ,う、う……ん……, , ,Ayumi,O...Okay.,,,아유미,"으, 으...... 응......",,,あゆみ,呃、呃……嗯……,,,1,107,4,1,0,0,0,0,0,,Translated
1052,サチコ,来なイで……ッ, , ,Sachiko,Turn back!,,,사치코,오지 마......,,,サチコ,不要來……,,,1,121,14,1,0,0,0,0,0,,Translated
1053,サチコ,来ルな, , ,Sachiko,Stay away!,,,사치코,오지 마,,,サチコ,不准來,,,1,122,14,1,0,0,0,0,0,,Translated
1054,サチコ,ダカラ、来ナイデッテ言ッタノニ。クスクスクスクス, , ,Sachiko,Didn't I tell you to turn back?,*giggle*,,사치코,"진짜, 오지 말라고 했는데. 쿡쿡쿡쿡",,,サチコ,明明說了不要來的。呵呵呵呵,,,1,123,14,1,0,0,0,0,0,,Translated
1055,あゆみ,ううぅ……　先生……先生……, , ,Ayumi,*sob*,Ms. Yui... Ms. Yui...!,,아유미,으으으...... 선생님...... 선생님......,,,あゆみ,嗚嗚……　老師……老師……,,,1,229,3,1,0,0,0,0,0,,Translated
1056,あゆみ,先生……先生……　ごめんなさい……！,ううぅ……, ,Ayumi,Ms. Yui...,Ms. Yui...I'm so sorry...,*sob*,아유미,선생님...... 선생님...... 미안해......!,우우우......,,あゆみ,老師……老師……對不起……！,嗚嗚……,,1,231,3,1,0,0,0,0,0,,Translated
1057,あゆみ,岸沼くん！　なにしてるのよ！　もう……！,返事よこしなさいよ！, ,Ayumi,"Kishinuma, where the hell are you?! What are you",doing?! Why aren't you responding?!,,아유미,키시누마 군!  뭐하고 있어!  정말......!,대답 좀 해!,,あゆみ,岸沼同學！　你在做什麼啊！　真是……！,快回我訊息啊！,,1,232,3,1,0,0,0,0,0,,Translated
1058,あゆみ,……よこしなさいよ……　うううぅぅ……, , ,Ayumi,"Write me back, for God's sake!",*sob*,,아유미,...... 대답 좀 하라고......  우우우우우......,,,あゆみ,……快回我啊……　嗚嗚嗚……,,,1,233,3,1,0,0,0,0,0,,Translated
1059,あゆみ,こっちに来たのなら、さっさと出てきてよ……！,ううう……, ,Ayumi,"If you really did follow me here, then show your",damned face already!,,아유미,"여기 왔으면, 얼른 나오란 말야......!",우우우......,,あゆみ,要是來了這裡就快點出來啊……！,嗚嗚……,,1,234,3,1,0,0,0,0,0,,Translated
1060,あゆみ,――！　岸沼くん！！, , ,Ayumi,Ah! Kishinuma!,,,아유미,!!  키시누마 군!!,,,あゆみ,――！　岸沼同學！！,,,1,235,3,1,0,0,0,0,0,,Translated
1061,あゆみ,も～！　何よ、メール返事くれないから、,心配しちゃったよ！, ,Ayumi,Do you have any idea how worried I've been? If you,"don't respond to my texts, how am I supposed to know",you're all right?!,아유미,"참~!  뭐야, 문자를 안 보내서",걱정했다구!,,あゆみ,真是的～！　什麼嘛，不回我簡訊，,害我擔心死了！,,1,236,3,1,0,0,0,0,0,,Translated
1062,あゆみ,圏外だったの？　電波飛ばなかった？　ねぇ……, , ,Ayumi,Do you have no service or something? Did you run,out of batteries?,,아유미,멀리 있었어?  전파가 안 닿았어?  저기......,,,あゆみ,收不到訊號嗎？　電波傳不過去嗎？　喂……,,,1,237,3,1,0,0,0,0,0,,Translated
1063,あゆみ,――！, , ,Ayumi,...!,,,아유미,!!,,,あゆみ,――！,,,1,238,3,1,0,0,0,0,0,,Translated
1064,あゆみ,ああ……　ああ！！！, , ,Ayumi,Ahh...ahhhh!,,,아유미,아아...... 아아!!!,,,あゆみ,啊啊……　啊啊！！！,,,1,239,3,1,0,0,0,0,0,,Translated
1065,あゆみ,あああぁぁ……　ああああぁぁ……！, , ,Ayumi,Aaaaaaaaahhhh! Aaaaaaaaagggghhh...!,,,아유미,아아아아아...... 아아아아아아......!,,,あゆみ,啊啊啊……　啊啊啊啊……！,,,1,240,3,1,0,0,0,0,0,,Translated
1066,あゆみ,待って……, , ,Ayumi,Stop!,,,아유미,기다려......,,,あゆみ,等等……,,,1,36,4,1,0,0,0,0,0,,Translated
1067,良樹,どうした？, , ,Yoshiki,...What's wrong?,,,요시키,왜 그래?,,,良樹,怎麼了？,,,1,172,25,1,0,0,0,0,0,,Translated
1068,あゆみ,……いる……！, , ,Ayumi,There's something here...,,,아유미,...... 있어......!,,,あゆみ,……有……！,,,1,37,4,1,0,0,0,0,0,,Translated
1069,良樹,あん？, , ,Yoshiki,Huh?,,,요시키,엉?,,,良樹,嗯？,,,1,173,25,1,0,0,0,0,0,,Translated
1070,良樹,よう……本当になんかいるのか？　この先に。, , ,Yoshiki,Hey. Is there really something down this hall?,,,요시키,야...... 정말 뭔가 있는 거야?  요 앞에.,,,良樹,喂……前面真的有什麼嗎？,,,1,177,25,1,0,0,0,0,0,,Translated
1071,あゆみ,いるよ……　気をつけて……！, , ,Ayumi,"There definitely is. Be very, very careful.",,,아유미,있어...... 조심해......!,,,あゆみ,有啊……小心……！,,,1,41,4,1,0,0,0,0,0,,Translated
1072,良樹,っ……, , ,Yoshiki,...,,,요시키,윽......,,,良樹,……,,,1,178,25,1,0,0,0,0,0,,Translated
1073,,高校生の亡骸があります……, , ,,It's the body of a senior high school student.,,,,고등학생의 유해가 있습니다......,,,,有高中生的遺體……,,,0,0,0,1,0,0,0,0,0,,Translated
1074,哲志,落ち着いたか？, , ,Satoshi,You feeling a little better now?,,,사토시,진정 됐어?,,,哲志,冷靜下來了嗎？,,,1,95,17,1,0,0,0,0,0,,Translated
1075,直美,うん……ごめん。, , ,Naomi,I think so. Sorry about that...,,,나오미,응...... 미안.,,,直美,嗯……對不起。,,,1,161,12,1,0,0,0,0,0,,Translated
1076,哲志,篠原の気持ちに応えるためにも、,絶対に出るぞ、こんな学校。, ,Satoshi,"We're going to get out of this school, no matter",what it takes. That's what Seiko would've wanted.,,사토시,시노하라의 마음에 답하기 위해서라도,"꼭 나가자, 이 학교.",,哲志,為了回應篠原的心情，,一定要離開這所學校。,,1,96,17,1,0,0,0,0,0,,Translated
1077,直美,ん……, , ,Naomi,Yeah.,,,나오미,응......,,,直美,嗯……,,,1,162,12,1,0,0,0,0,0,,Translated
1078,哲志,……とにかく、サチコのおまじないの,『逆打ち』の方法はわかったぞ。, ,Satoshi,"At any rate, we know how to get out of here now.",We know how to reverse Sachiko's charm.,,사토시,...... 일단 사치코 주술의,『역타법』은 알아냈어.,,哲志,……總之，知道サチコ詛咒的,『逆打』方法了。,,1,100,17,1,0,0,0,0,0,,Translated
1079,哲志,篠崎たちと合流しよう。, , ,Satoshi,Our first priority at this point should be to,"reconvene with Shinozaki, Yoshiki and --",hopefully -- Ms. Yui.,사토시,시노자키와 합류하자.,,,哲志,和篠崎她們會合吧。,,,1,101,17,1,0,0,0,0,0,,Translated
1080,直美,そうだね。……哲志、おまじないの切れ端は,ちゃんと持ってる？, ,Naomi,"Yeah. You still have your paper doll scrap,","right, Satoshi?",,나오미,"그래야지...... 사토시, 주술 조각은",잘 갖고 있어?,,直美,是啊。……哲志，詛咒的碎片,你好好帶著嗎？,,1,163,12,1,0,0,0,0,0,,Translated
1081,哲志,ああ、……持ってるよ、ほら。, , ,Satoshi,"Yep, got it right...here.",,,사토시,"어...... 갖고 있어, 봐.",,,哲志,嗯，……帶著呢，你看。,,,1,104,17,1,0,0,0,0,0,,Translated
1082,直美,うん、あたしも……, , ,Naomi,"I've got mine, too...",,,나오미,"응, 나도......",,,直美,嗯，我也……,,,1,164,12,1,0,0,0,0,0,,Translated
1083,直美,あれ？, , ,Naomi,...right...,,,나오미,어라?,,,直美,咦？,,,1,165,12,1,0,0,0,0,0,,Translated
1084,直美,え……？　うそ、あれ？　……え？, , ,Naomi,...no...,"No... God, no...",,나오미,"어......?  거짓말, 어라?  ......어?",,,直美,咦……？　騙人，咦？　……咦？,,,1,166,12,1,0,0,0,0,0,,Translated
1085,直美,やだ……学生証がない。挟んでおいたのに……, , ,Naomi,Where did I put it?! My student ID is missing...,and my paper scrap is in it!,,나오미,어머...... 학생증이 없어. 끼워 뒀는데......,,,直美,不要……學生證不見了。明明夾在裡面的……,,,1,167,12,1,0,0,0,0,0,,Translated
1086,哲志,直美、落ち着け。よく探してみろ。, , ,Satoshi,"Calm down, Naomi. We'll find it. We just have to",keep our eyes open.,,사토시,"나오미, 진정해. 잘 찾아봐.",,,哲志,直美，冷靜點。好好找找。,,,1,106,17,1,0,0,0,0,0,,Translated
1087,直美,う、うん、だけど……さっき確かに、, , ,Naomi,"O-Okay, but...I swear, I...I definitely...",,,나오미,"으, 응, 하지만...... 좀 전에 분명",,,直美,呃、嗯，可是……剛才明明，,,,1,168,12,1,0,0,0,0,0,,Translated
1088,直美,サチコさんの切れ端を挟んだ学生証、,スカートのポケットに入れたんだよ。, ,Naomi,...definitely had it in my skirt pocket.,I remember it clearly!,,나오미,사치코씨 조각을 끼운 학생증을,스커트 주머니에 넣었단 말야.,,直美,把夾著サチコ碎片的學生證，,放進了裙子口袋裡啊。,,1,169,12,1,0,0,0,0,0,,Translated
1089,直美,世以子に見せたときに……     ,……ない、ないよ……！, ,Naomi,"I showed it to Seiko and everything, but...",it's gone! It's just...gone!,,나오미,세이코한테 보여줄 때......,"...... 없어, 없다고......!",,直美,給世以子看的時候……　……沒有、不見了……！,,,1,170,12,1,0,0,0,0,0,,Translated
1090,直美,やだ……！, , ,Naomi,The hell is wrong with me?!,,,나오미,싫어......!,,,直美,不要……！,,,1,171,12,1,0,0,0,0,0,,Translated
1091,直美,このままじゃ……あたし、帰れない……, , ,Naomi,If we can't find it...then...I can't go home...,,,나오미,"이대로는...... 나, 못 돌아가......",,,直美,這樣下去……我，回不去了……,,,1,172,12,1,0,0,0,0,0,,Translated
1092,哲志,そう心配するなよ……さっきまで持ってたんだろ。, , ,Satoshi,"There's no need to worry. You had it earlier, right?",,,사토시,너무 걱정하지 마...... 좀 전까지 있었잖아.,,,哲志,別那麼擔心……剛才還拿著的吧。,,,1,107,17,1,0,0,0,0,0,,Translated
1093,哲志,この校舎の中で落としたのなら、,きっと見つかるさ。, ,Satoshi,It must be somewhere in here. I'm sure we'll find it,along the way.,,사토시,이 교사 안에 떨어뜨린 거라면,찾을 수 있을 거야.,,哲志,如果在這棟校舍裡弄丟的，,一定能找到的。,,1,108,17,1,0,0,0,0,0,,Translated
1094,直美,だけど……このままもし、出てこなかったら、, , ,Naomi,But...what if we don't?!,,,나오미,그치만...... 이대로 계속 못 찾으면,,,直美,可是……要是就這樣，找不到的話，,,,1,173,12,1,0,0,0,0,0,,Translated
1095,直美,あたしだけ……あたしだけ……！　うう……, , ,Naomi,Then I'll be left behind...,"Just me, all by myself here...",*whimper*,나오미,나만...... 나만......!  우우......,,,直美,只有我……只有我……！　嗚嗚……,,,1,174,12,1,0,0,0,0,0,,Translated
1096,哲志,直美……大丈夫だ。お前一人、置いてったりしない。, , ,Satoshi,You definitely don't need to worry about that.,I would never leave this place without you.,,사토시,나오미...... 괜찮아. 너 혼자 두고 가지는 않을 거야.,,,哲志,直美……沒事的。我不會丟下妳一個人的。,,,1,109,17,1,0,0,0,0,0,,Translated
1097,直美,……。うううぅぅ, , ,Naomi,*sob*,,,나오미,......  우우우우우,,,直美,……。嗚嗚嗚,,,1,175,12,1,0,0,0,0,0,,Translated
1098,哲志,『逆打ち』は、直美の分の切れ端を見つけてからだ, , ,Satoshi,"The way out can wait. Right now, let's just",concentrate on finding your paper scrap.,,사토시,『역타법』은 나오미의 조각을 찾은 다음이야,,,哲志,『逆打』等找到直美的碎片再說吧。,,,1,121,17,1,0,0,0,0,0,,Translated
1099,直美,ぐすっ、ぐすっ, , ,Naomi,*hic* *sob*,,,나오미,"흑, 흑",,,直美,吸泣、吸泣,,,1,176,12,1,0,0,0,0,0,,Translated
1100,あゆみ,中嶋さーん？, , ,Ayumi,Nakashima...?,,,아유미,나카시마~?,,,あゆみ,中嶋～？,,,1,130,3,1,0,0,0,0,0,,Translated
1101,哲志・直美,――！, , ,Satoshi & Naomi,...!,,,사토시·나오미,!!,,,哲志・直美,――！,,,1,122,17,1,0,0,0,0,0,,Translated
1102,あゆみ,何べん言ったらわかるのかしら？, , ,Ayumi,Didn't you hear what I said to you?,Do I have to spell it out?,,아유미,몇 번을 말해야 알아들으려나?,,,あゆみ,要說幾次你才聽得懂？,,,1,131,3,1,0,0,0,0,0,,Translated
1103,直美,……委員長……, , ,Naomi,Class rep...,,,나오미,...... 반장......,,,直美,……班長……,,,1,196,12,1,0,0,0,0,0,,Translated
1104,あゆみ,……この＊＊＊が……（ボソッ）, , ,Ayumi,*mumble* *mumble*,...Bitch...,,아유미,...... 이 ***가...... (중얼),,,あゆみ,……這個＊＊＊……（嘀咕）,,,1,132,3,1,0,0,0,0,0,,Translated
1105,哲志,篠崎……無事でよかった。結衣先生はいたか？, , ,Satoshi,Shinozaki! Glad to see you're still all right.,Did you find Ms. Yui?,,사토시,시노자키...... 무사해서 다행이야. 유이 선생님은 있었어?,,,哲志,篠崎……妳沒事真是太好了。結衣老師在嗎？,,,1,123,17,1,0,0,0,0,0,,Translated
1106,あゆみ,いなかった……, , ,Ayumi,I did not.,,,아유미,없었어......,,,あゆみ,不在……,,,1,133,3,1,0,0,0,0,0,,Translated
1107,哲志,そうか……　こっちは、森繁が……だめだった。, , ,Satoshi,"That's too bad. We...well, we found Morishige,",but...it was too late.,,사토시,"그래...... 이쪽은, 모리시게가...... 죽었어.",,,哲志,是嗎……　我們這邊，森繁他……死了。,,,1,124,17,1,0,0,0,0,0,,Translated
1108,あゆみ,……, , ,Ayumi,...,,,아유미,......,,,あゆみ,……,,,1,134,3,1,0,0,0,0,0,,Translated
1109,哲志,……！　そうだ、ひとつ、わかった事があるんだ。, , ,Satoshi,"Ah, but...we did learn something!",,,사토시,"......!  맞다, 하나 알아낸 게 있어.",,,哲志,……！　對了，我們知道了一件事。,,,1,125,17,1,0,0,0,0,0,,Translated
1110,あゆみ,聞こえてたよ。逆打ちの方法、,そっちでも見つけたみたいね。, ,Ayumi,So I heard. Seems you two found the way out,as well.,,아유미,들었어. 역타법,그쪽도 찾았나보네.,,あゆみ,我聽到了。逆打的方法，,你們那邊也找到了吧。,,1,135,3,1,0,0,0,0,0,,Translated
1111,直美,…………, , ,Naomi,*hic*,,,나오미,............,,,直美,…………,,,1,197,12,1,0,0,0,0,0,,Translated
1112,あゆみ,なーかーしーまーさーん？, , ,Ayumi,"Hey, Na-ka-shiii-ma?",,,아유미,나~ 카~ 시~ 마~?,,,あゆみ,中～嶋～同～學～？,,,1,136,3,1,0,0,0,0,0,,Translated
1113,直美,！　……な、何よ？　さっきから。, , ,Naomi,What? What is it?! What's your problem?!,,,나오미,"!  ...... 뭐, 뭐야? 좀 전부터.",,,直美,！　……幹、幹嘛？　從剛才開始。,,,1,198,12,1,0,0,0,0,0,,Translated
1114,あゆみ,探しものは、これかしら？, , ,Ayumi,"Perchance, is...THIS what you're looking for?",,,아유미,"혹시 찾는 게, 이거야?",,,あゆみ,你要找的，是這個嗎？,,,1,0,0,1,0,0,0,0,0,,Translated
1115,直美,！　――あ、ああ……！　それ！, , ,Naomi,Ahhh... Ahhh! It's... It's my...!,,,나오미,"!  아, 아아......!  그거!",,,直美,！　――啊、啊啊……！　那個！,,,1,199,12,1,0,0,0,0,0,,Translated
1116,あゆみ,あなたの学生証……,中に、サチコさんの切れ端もほら、入ってる。, ,Ayumi,It is indeed your student ID. The Sachiko paper,"scrap is safe and sound, too. See?",,아유미,네 학생증......,"안에 사치코씨 조각도, 들어 있어.",,あゆみ,妳的學生證……,裡面，也有サチコ的碎片，你看。,,1,138,3,1,0,0,0,0,0,,Translated
1117,哲志,おお……！　篠崎！　ナイスだ！,どこで見つけたんだ？, ,Satoshi,"Shinozaki, you're a lifesaver! Where did you",find it?!,,사토시,오오......!  시노자키!  나이스!,어디에서 찾았어?,,哲志,喔……！　篠崎！　太棒了！,你在哪裡找到的？,,1,126,17,1,0,0,0,0,0,,Translated
1118,あゆみ,チッ, , ,Ayumi,Pfft.,,,아유미,쳇,,,あゆみ,嘖,,,1,139,3,1,0,0,0,0,0,,Translated
1119,哲志,……？, , ,Satoshi,Hmm?,,,사토시,......?,,,哲志,……？,,,1,127,17,1,0,0,0,0,0,,Translated
1120,直美,い……委員長……　それ……ありがとう！, , ,Naomi,Class rep... Thank you...,Thank you so much!,,나오미,바...... 반장......  고...... 고마워!,,,直美,班……班長……　那個……謝謝！,,,1,200,12,1,0,0,0,0,0,,Translated
1121,直美,あたし……それ失くして……,あたしだけ……帰れないって　……ううっ……,それで……,Naomi,I was so worried when I couldn't find it...,I was afraid I'd never be able to go back home...,that I'd be trapped here forever!,나오미,난...... 그걸 잃어 버리고......,나만...... 못 돌아가는 줄...... 우우......,그래서......,直美,我……弄丟那個……,只有我……回不去了　……嗚嗚……,所以……,1,201,12,1,1,0,0,0,0,,Translated
1122,あゆみ,わかるわよー、中嶋さん。, , ,Ayumi,"Oh, I understand completely, Nakashima.",,,아유미,잘 알지~ 나카시마.,,,あゆみ,我懂喔～、中嶋同學。,,,1,140,3,1,0,0,0,0,0,,Translated
1123,あゆみ,これって、この状況では、命――, , ,Ayumi,"Under these circumstances, this is, essentially,",your life...,,아유미,"이건, 이 상황에서, 목숨",,,あゆみ,這個，在這種情況下，就是生命――,,,1,141,3,1,0,0,0,0,0,,Translated
1124,あゆみ,あなたの命、そのものだもんね……, , ,Ayumi,"This tiny, insignificant scrap of paper is your",only real hope of surviving.,,아유미,"네 목숨, 그 자체니까......",,,あゆみ,就是妳的生命本身吧……,,,1,142,3,1,0,0,0,0,0,,Translated
1125,直美,あっ……！, , ,Naomi,Aahh!!,,,나오미,앗......!,,,直美,啊……！,,,1,202,12,1,0,0,0,0,0,,Translated
1126,あゆみ,おっと……落としちゃった。, , ,Ayumi,"Oh, how clumsy of me... I seem to have dropped it.",,,아유미,어이쿠...... 떨어뜨렸네.,,,あゆみ,哎呀……掉下去了。,,,1,143,3,1,0,0,0,0,0,,Translated
1127,直美,あ、あ, , ,Naomi,Ahhh...hhhh...,,,나오미,"아, 아",,,直美,啊、啊,,,1,203,12,1,0,0,0,0,0,,Translated
1128,あゆみ,返して欲しい？　どう？　（ヒラヒラ）, , ,Ayumi,"You want it, don't you?",*wave* *wave*,,아유미,돌려줬으면 좋겠어?  어때?  (흔들흔들),,,あゆみ,想要我還給你嗎？　怎麼樣？（晃來晃去）,,,1,144,3,1,0,0,0,0,0,,Translated
1129,直美,お……お願い……　冗談やめて、返して。, , ,Naomi,Pl-Please! This isn't funny! Just give it back!,,,나오미,"부...... 부탁이야......  농담은 그만하고, 돌려줘.",,,直美,拜……拜託……　別開玩笑了，還給我。,,,1,204,12,1,0,0,0,0,0,,Translated
1130,あゆみ,冗談じゃないわよ！　そんなにコレが大事なら！, , ,Ayumi,FUNNY?! It's not a joke! If this is really that,important to you...,,아유미,농담 아냐!  이게 그렇게 소중하다면!,,,あゆみ,才不是開玩笑呢！　如果這對妳這麼重要的話！,,,1,145,3,1,0,0,0,0,0,,Translated
1131,あゆみ,土下座してでも頼みなさいよ！,なにボーッと突っ立ってんの？！, ,Ayumi,...then you get down on your knees and you BEG for,it! Why the hell are you just standing there staring,"at me like an idiot, anyway?!",아유미,엎드려 빌어!,뭘 멍하니 서 있는 거야?!,,あゆみ,就跪下求我啊！,幹嘛呆呆地站在那裡？！,,1,146,3,1,0,0,0,0,0,,Translated
1132,直美,……っ, , ,Naomi,Wha...?,,,나오미,...... 윽,,,直美,……,,,1,205,12,1,0,0,0,0,0,,Translated
1133,哲志,おい、篠崎……？　どうしたんだ、お前？, , ,Satoshi,Hey...Shinozaki...,What's gotten into you?!,,사토시,"야, 시노자키......? 너 어떻게 된 거야?",,,哲志,喂，篠崎……？　妳怎麼了？,,,1,128,17,1,0,0,0,0,0,,Translated
1134,あゆみ,あれ？　いらないんだ？　ふーーーん。, , ,Ayumi,Not gonna do it? Guess you mustn't want it all that,badly after all. Hmmm...,,아유미,어라?  필요 없나보구나?  흐응~~~,,,あゆみ,咦？　不要了嗎？　呼～～～嗯。,,,1,147,3,1,0,0,0,0,0,,Translated
1135,哲志,お前……, , ,Satoshi,Look...,,,사토시,너......,,,哲志,妳……,,,1,129,17,1,0,0,0,0,0,,Translated
1136,直美,お願い……返して、あたしの……, , ,Naomi,"Please... Please, give it back.",,,나오미,"부탁이야...... 돌려줘, 내......",,,直美,拜託……還給我，我的……,,,1,206,12,1,0,0,0,0,0,,Translated
1137,あゆみ,『おねがいします』－。,『おねがいします、返して下さい』ー。……でしょ？, ,Ayumi,Say it right.,"'Please, I beg of you. Do me the honor of returning",my student ID!',아유미,『부탁합니다』.,"『부탁합니다, 돌려주세요』...... 라고 해야지?",,あゆみ,『拜託您了』。,『拜託您了，請還給我』。……對吧？,,1,148,3,1,0,0,0,0,0,,Translated
1138,直美,……っ, , ,Naomi,...,,,나오미,...... 윽,,,直美,……,,,1,207,12,1,0,0,0,0,0,,Translated
1139,あゆみ,いらないんだ？　じゃ……　　　　　,燃やしちゃお　（カチッ）, ,Ayumi,Guess it's not worth that much to you.,"Maybe I'll just burn it, then. *click*",,아유미,필요 없어?  그럼......,태워야지  (찰칵),,あゆみ,不要了嗎？　那……　　　　　,燒掉吧　（喀嚓）,,1,149,3,1,1,0,0,0,0,,Translated
1140,直美,！！, , ,Naomi,AHH...!!,,,나오미,!!,,,直美,！！,,,1,208,12,1,0,0,0,0,0,,Translated
1141,哲志,篠崎！！, , ,Satoshi,Shinozaki!!,,,사토시,시노자키!!,,,哲志,篠崎！！,,,1,130,17,1,0,0,0,0,0,,Translated
1142,あゆみ,ほ～ら、ほ～ら、燃やしちゃおっかなー,どうしよっかなー, ,Ayumi,Getting closer. Getting closer!,"Do I burn it, or do I spare it?",That is the question...,아유미,자~  자~  어떻게 할까~,태워 버릴까~,,あゆみ,來～、來～、要不要燒掉呢～,該怎麼辦呢～,,1,150,3,1,0,0,0,0,0,,Translated
1143,直美,やめて！　やめ……！　あたしの……駄目！, , ,Naomi,STOP IT! PLEASE!! GIVE IT BACK! GIVE IT BACK!!,,,나오미,그만둬!  그만......!  내...... 안 돼!,,,直美,住手！　住手……！　我的……不行！,,,1,209,12,1,0,0,0,0,0,,Translated
1144,あゆみ,ぷっククク……アッハハハハ！,ほらほら……あっ！あっ　, ,Ayumi,"Hahahahaha...HAHAHAHAHAHA! Flick, whoosh, BYEBYE!",Ahhhhhhhhahahaha...,,아유미,크크크크...... 아하하하하!,자자...... 앗! 앗,,あゆみ,噗呵呵……啊哈哈哈！,來來……啊！啊！,,1,151,3,1,0,0,0,0,0,,Translated
1145,直美,駄目ーっ！　いやーっ！　やめてーーっ！！, , ,Naomi,NOOOO!! PLEASE!! PLEASE STOP!!,,,나오미,안 돼~!  싫어~!  그만둬~~!!,,,直美,不行～！　不要～！　住手～～！！,,,1,210,12,1,0,0,0,0,0,,Translated
1146,直美,あぁーーっ！！　いやああぁぁぁーー！！, , ,Naomi,AAAAAAGGHH!! NOOOOOOOOOOOOOOOOOO!!,,,나오미,아아~~!!  꺄아아아아아~~!!,,,直美,啊啊～～！！　不要啊啊啊啊～～！！,,,1,211,12,1,0,0,0,0,0,,Translated
1147,あゆみ,アッハァ！！　火つィちゃったァァー！, , ,Ayumi,Aaaahahaha! Look at it burn!,,,아유미,앗하!!  불이 붙어 버렸네에에~!,,,あゆみ,啊哈！！　點著了～～！,,,1,152,3,1,0,0,0,0,0,,Translated
1148,あゆみ,燃える……燃える……　中嶋さんの、命！, , ,Ayumi,Nakashima's lifeline is burning...buuurniiing...,,,아유미,타올라라...... 타올라라......  나카시마의 목숨!,,,あゆみ,燒吧……燒吧……　中嶋同學的，生命！,,,1,153,3,1,0,0,0,0,0,,Translated
1149,直美,あああぁぁぁぁ……！！　う……うぁぁぁぁーーっ, , ,Naomi,AaaaaahaaaaAAAAAAAAAGGHH!! AAAAAAAAAHHHHHHHHH!!,,,나오미,아아아아아아아......!!  우...... 우아아아아~~,,,直美,啊啊啊啊……！！　嗚……嗚啊啊啊～～,,,1,212,12,1,0,0,0,0,0,,Translated
1150,あゆみ,ぷぷぷククク……！　燃え尽きちゃいましたッ♪, , ,Ayumi,*cackle*,"...aaaaand, it's gone. Heehee.",,아유미,크크크크크크......!  싹 타 버렸네♪,,,あゆみ,噗噗噗呵呵……！　燒成灰燼了♪,,,1,154,3,1,1,0,0,0,0,,Translated
1151,,（クシャッ）, , ,,*crunch*,,,,(구깃),,,,（揉成一團）,,,0,0,0,1,1,0,0,0,0,,Translated
1152,直美,――っ, , ,Naomi,Hahhh...!,,,나오미,윽,,,直美,――,,,1,213,12,1,0,0,0,0,0,,Translated
1153,あゆみ,ちゃーんと、火は踏んで消しとかないとね！, , ,Ayumi,"Fire safety. Gotta stomp out the embers, you know?",,,아유미,불은 잘~ 밟아 꺼야지!,,,あゆみ,要好好地，用腳踩熄才行呢！,,,1,155,3,1,1,0,0,0,0,,Translated
1154,哲志,篠崎！！　……何て事するんだ！, , ,Satoshi,Shinozaki! What the hell is wrong with you?!,,,사토시,시노자키!!  ...... 무슨 짓이야!,,,哲志,篠崎！！　……妳做什麼！,,,1,131,17,1,0,0,0,0,0,,Translated
1155,あゆみ,持田君は私と『逆打ち』を契って帰るんだからぁ、, , ,Ayumi,"It's simple. Mochida, you and I are going to use",that 'way out' to get home.,,아유미,모치다 군은 나와 함께 『역타법』으로 돌아갈 테니까,,,あゆみ,持田同學要和我一起用『逆打』回去的，,,,1,156,3,1,0,0,0,0,0,,Translated
1156,あゆみ,中嶋さんはどこにでも消えて下さーい。, , ,Ayumi,And Nakashima...you can just go off somewhere and,disappear! Heehee!,,아유미,나카시마는 어디로든 꺼져 주세요~,,,あゆみ,中嶋同學就請消失到哪裡去吧～。,,,1,157,3,1,0,0,0,0,0,,Translated
1157,あゆみ,じゃ、後でね♪　持田君！, , ,Ayumi,"Well...I'll see you later, Mochida!",,,아유미,그럼 이따 봐♪  모치다 군!,,,あゆみ,那，待會見♪　持田同學！,,,1,158,3,1,0,0,0,0,0,,Translated
1158,直美,う……うぅ……ヒック……　ううぅぅぅ……, , ,Naomi,*sob* *hic*,*bawl*,,나오미,우...... 우우...... 흑......  우우우우우......,,,直美,嗚……嗚嗚……吸泣……　嗚嗚嗚……,,,1,214,12,1,0,0,0,0,0,,Translated
1159,哲志,直美、心配するな。俺が一緒にいてやるから……, , ,Satoshi,"Naomi, it's okay. Don't worry. I'm not going",anywhere.,,사토시,"나오미, 걱정 마. 난 함께 있을 테니까......",,,哲志,直美，別擔心。我會陪著妳的……,,,1,132,17,1,0,0,0,0,0,,Translated
1160,直美,うううううぅぅ……, , ,Naomi,*sob*,,,나오미,우우우우우우우......,,,直美,嗚嗚嗚嗚嗚……,,,1,215,12,1,0,0,0,0,0,,Translated
1161,哲志,落ち着いたか？, , ,Satoshi,You feeling a little better now?,,,사토시,진정 됐어?,,,哲志,冷靜下來了嗎？,,,1,95,17,1,0,0,0,0,0,,Translated
1162,直美,うん……ごめん。, , ,Naomi,I think so. Sorry about that...,,,나오미,응...... 미안.,,,直美,嗯……對不起。,,,1,161,12,1,0,0,0,0,0,,Translated
1163,哲志,篠原の気持ちに応えるためにも、,絶対に出るぞ、こんな学校。, ,Satoshi,"We're going to get out of this school, no matter",what it takes. That's what Seiko would've wanted.,,사토시,시노하라의 마음에 답하기 위해서라도,"꼭 나가자, 이 학교.",,哲志,為了回應篠原的心情，,一定要離開這所學校。,,1,96,17,1,0,0,0,0,0,,Translated
1164,直美,ん……, , ,Naomi,Yeah.,,,나오미,응......,,,直美,嗯……,,,1,162,12,1,0,0,0,0,0,,Translated
1165,由香,お兄ちゃん、由香みつけた。, , ,Yuka,"Big brother, I found something!",,,유카,"오빠, 유카 찾았어.",,,由香,哥哥，由香找到了。,,,1,48,29,1,0,0,0,0,0,,Translated
1166,哲志,ん？, , ,Satoshi,Hmm?,,,사토시,응?,,,哲志,嗯？,,,1,97,17,1,0,0,0,0,0,,Translated
1167,由香,これ……, , ,Yuka,Here.,,,유카,이거......,,,由香,這個……,,,1,49,29,1,0,0,0,0,0,,Translated
1168,哲志,テープか……さっきカメラが壊れてしまったから、,もう見れないな。, ,Satoshi,"Another tape, huh...","The camera broke on the last one, though, so I don't",think we can watch it.,사토시,테이프인가...... 좀 전에 카메라가 부서졌으니,이건 못 보겠네.,,哲志,錄影帶嗎……剛才攝影機壞掉了，,已經不能看了。,,1,98,17,1,0,0,0,0,0,,Translated
1169,由香,うん……, , ,Yuka,Oh...,,,유카,응......,,,由香,嗯……,,,1,50,29,1,0,0,0,0,0,,Translated
1170,哲志,一応持っておこう。……よく見つけたな由香。, , ,Satoshi,"But we should still take it with us. Nice find,",Yuka.,,사토시,일단 가지고 가자...... 잘 찾았어 유카.,,,哲志,總之先帶著吧。……真虧妳找到了由香。,,,1,99,17,1,0,0,0,0,0,,Translated
1171,由香,えへへ……, , ,Yuka,Eheheh...,,,유카,에헤헤......,,,由香,嘿嘿……,,,1,51,29,1,0,0,0,0,0,,Translated
1172,,由香からテープを受け取りました。, , ,,Received tape from Yuka.,,,,유카에게서 테이프를 받았습니다.,,,,從由香那裡收到了錄影帶。,,,0,0,0,1,0,0,0,0,0,,Translated
1173,哲志,……とにかく、サチコのおまじないの,『逆打ち』の方法はわかったぞ。, ,Satoshi,"At any rate, we know how to get out of here now.",We know how to reverse Sachiko's charm.,,사토시,...... 어쨌든 사치코 주술의,『역타법』은 알았어.,,哲志,……總之，知道サチコ詛咒的,『逆打』方法了。,,1,100,17,1,0,0,0,0,0,,Translated
1174,哲志,篠崎たちと合流しよう。, , ,Satoshi,Our first priority at this point should be to,"reconvene with Shinozaki, Yoshiki and --",hopefully -- Ms. Yui.,사토시,시노자키 일행과 합류하자.,,,哲志,和篠崎她們會合吧。,,,1,101,17,1,0,0,0,0,0,,Translated
1175,直美,そうだね。……哲志、おまじないの切れ端は,ちゃんと持ってる？, ,Naomi,"Yeah. You still have your paper doll scrap,","right, Satoshi?",,나오미,"그래야지...... 사토시, 주술 조각은",잘 갖고 있어?,,直美,是啊。……哲志，詛咒的碎片,你好好帶著嗎？,,1,163,12,1,0,0,0,0,0,,Translated
1176,哲志,ああ、……持ってるよ、ほら。, , ,Satoshi,"Yep, got it right...here.",,,사토시,"어...... 기다려 봐, 자.",,,哲志,嗯，……帶著呢，你看。,,,1,104,17,1,0,0,0,0,0,,Translated
1177,由香,由香も。, , ,Yuka,"I have mine, too!",,,유카,유카도.,,,由香,由香也有。,,,1,52,29,1,0,0,0,0,0,,Translated
1178,哲志,えらいな……なくすなよ？　――お前は？, , ,Satoshi,"Good job hanging onto it. Don't lose it now, okay?",...How about you?,,사토시,장하네...... 잃어버리면 안 된다?   너는?,,,哲志,真乖……別弄丟了喔？　――妳呢？,,,1,105,17,1,0,0,0,0,0,,Translated
1179,直美,うん、あたしも……, , ,Naomi,"Oh yeah, I've got mine...",,,나오미,"응, 나도......",,,直美,嗯，我也……,,,1,164,12,1,0,0,0,0,0,,Translated
1180,直美,あれ？, , ,Naomi,...right...,,,나오미,어라?,,,直美,咦？,,,1,165,12,1,0,0,0,0,0,,Translated
1181,直美,え……？　うそ、あれ？　……え？, , ,Naomi,...no...,"No... God, no...",,나오미,"어......?  거짓말, 어라?  ......어?",,,直美,咦……？　騙人，咦？　……咦？,,,1,166,12,1,0,0,0,0,0,,Translated
1182,直美,やだ……学生証がない。挟んでおいたのに……, , ,Naomi,Where did I put it?! My student ID is missing...,and my paper scrap is in it!,,나오미,어머...... 학생증이 없어. 끼워 뒀는데......,,,直美,不要……學生證不見了。明明夾在裡面的……,,,1,167,12,1,0,0,0,0,0,,Translated
1183,哲志,直美、落ち着け。よく探してみろ。, , ,Satoshi,"Calm down, Naomi. We'll find it. We just have to",keep our eyes open.,,사토시,"나오미, 진정해. 잘 찾아봐.",,,哲志,直美，冷靜點。好好找找。,,,1,106,17,1,0,0,0,0,0,,Translated
1184,直美,う、うん、だけど……さっき確かに、, , ,Naomi,"O-Okay, but...I swear, I...I definitely...",,,나오미,"으, 응, 하지만...... 좀 전에 분명",,,直美,呃、嗯，可是……剛才明明，,,,1,168,12,1,0,0,0,0,0,,Translated
1185,直美,サチコさんの切れ端を挟んだ学生証、,スカートのポケットに入れたんだよ。, ,Naomi,...definitely had it in my skirt pocket.,I remember it clearly!,,나오미,사치코씨 조각을 끼운 학생증을,스커트 주머니에 넣었단 말야.,,直美,把夾著サチコ碎片的學生證，,放進了裙子口袋裡啊。,,1,169,12,1,0,0,0,0,0,,Translated
1186,直美,世以子に見せたときに……　ない、ないよ……！, , ,Naomi,"I showed it to Seiko and everything, but...",it's gone! It's just...gone!,,나오미,"세이코한테 보여줄 때......  ...... 없어, 없다고......!",,,直美,給世以子看的時候……　……沒有、不見了……！,,,1,170,12,1,0,0,0,0,0,,Translated
1187,直美,やだ……！, , ,Naomi,The hell is wrong with me?!,,,나오미,싫어......!,,,直美,不要……！,,,1,171,12,1,0,0,0,0,0,,Translated
1188,直美,このままじゃ……あたし、帰れない……, , ,Naomi,If we can't find it...then...I can't go home...,,,나오미,"이대로는...... 나, 못 돌아가......",,,直美,這樣下去……我，回不去了……,,,1,172,12,1,0,0,0,0,0,,Translated
1189,哲志,そう心配するなよ……さっきまで持ってたんだろ。, , ,Satoshi,"There's no need to worry. You had it earlier, right?",,,사토시,너무 걱정하지 마...... 좀 전까지 있었잖아.,,,哲志,別那麼擔心……剛才還拿著的吧。,,,1,107,17,1,0,0,0,0,0,,Translated
1190,哲志,この校舎の中で落としたのなら、きっと見つかるさ。, , ,Satoshi,It must be somewhere in here. I'm sure we'll find it,along the way.,,사토시,"이 교사 안에 떨어뜨린 거라면, 찾을 수 있을 거야.",,,哲志,如果在這棟校舍裡弄丟的，一定能找到的。,,,1,108,17,1,0,0,0,0,0,,Translated
1191,直美,だけど……このままもし、出てこなかったら、, , ,Naomi,But...what if we don't?!,,,나오미,그치만...... 이대로 계속 못 찾으면,,,直美,可是……要是就這樣，找不到的話，,,,1,173,12,1,0,0,0,0,0,,Translated
1192,直美,あたしだけ……あたしだけ……！　うう……, , ,Naomi,Then I'll be left behind...,"Just me, all by myself here...",*whimper*,나오미,나만...... 나만......!  우우......,,,直美,只有我……只有我……！　嗚嗚……,,,1,174,12,1,0,0,0,0,0,,Translated
1193,哲志,直美……大丈夫だ。お前一人、置いてったりしない。, , ,Satoshi,You definitely don't need to worry about that.,I would never leave this place without you.,,사토시,나오미...... 괜찮아. 너 혼자 두고 가지는 않을 거야.,,,哲志,直美……沒事的。我不會丟下妳一個人的。,,,1,109,17,1,0,0,0,0,0,,Translated
1194,直美,……。うううぅぅ, , ,Naomi,*sob*,,,나오미,......  우우우우우,,,直美,……。嗚嗚嗚,,,1,175,12,1,0,0,0,0,0,,Translated
1195,哲志,見つかるまで、最後まで一緒にいるから。, , ,Satoshi,I'll be with you until the bitter end.,We're going to find it.,,사토시,"찾아낼 때까지, 마지막까지 함께 있을 테니까.",,,哲志,我會陪妳到最後，直到找到為止。,,,1,110,17,1,0,0,0,0,0,,Translated
1196,直美,ぐすっ、ぐすっ, , ,Naomi,*hic* *sob*,,,나오미,"흑, 흑",,,直美,吸泣、吸泣,,,1,176,12,1,0,0,0,0,0,,Translated
1197,由香,……。ゆ、由香も。, , ,Yuka,...I... I will too!,,,유카,"...... 유, 유카도.",,,由香,……。由、由香也是。,,,1,53,29,1,0,0,0,0,0,,Translated
1198,直美,……っ, , ,Naomi,Eh...?,,,나오미,...... 윽,,,直美,……,,,1,177,12,1,0,0,0,0,0,,Translated
1199,由香,お兄ちゃんと一緒に、直美お姉ちゃんと……, , ,Yuka,I'll stay with big brother...and with you.,,,유카,"오빠랑 함께, 나오미 언니랑......",,,由香,和哥哥一起，和直美姊姊……,,,1,54,29,1,0,0,0,0,0,,Translated
1200,由香,お姉ちゃんと、残……ん, , ,Yuka,Even if I have to stay here fore--... umm...,,,유카,"언니랑, 남...... 으",,,由香,和姊姊，留……嗯,,,1,55,29,1,0,0,0,0,0,,Translated
1201,直美,ごめんね、あたしほんと駄目だね……,悪いほうにばっかり考えちゃって。, ,Naomi,"Sorry, sorry. God, I'm hopeless...",Why does my mind always go to the worst case,scenario?,나오미,"미안해, 난 정말 틀렸구나......",나쁜 쪽으로만 생각하고.,,直美,對不起，我真是沒用……,總是往壞處想。,,1,178,12,1,0,0,0,0,0,,Translated
1202,直美,あたしはいいから、駄目だったら、,由香ちゃんは哲志と一緒に帰るんだよ？, ,Naomi,You don't need to worry about me. If it comes down,"to it, you should leave here...with Satoshi.",,나오미,"난 됐으니까, 안 되겠다 싶으면",유카는 사토시와 함께 돌아가야 한다?,,直美,不用管我了，如果不行了，,由香就跟哲志一起回去吧？,,1,179,12,1,0,0,0,0,0,,Translated
1203,由香,……いや！, , ,Yuka,No!,,,유카,...... 싫어!,,,由香,……不要！,,,1,56,29,1,0,0,0,0,0,,Translated
1204,直美,……ふふっ。じゃ、探して来るよ、あたし。,学生証。, ,Naomi,"Mm... Okay then, I'm going to go find my student ID.","It's my problem, after all.",,나오미,"...... 후훗. 그럼 나, 찾아올게.",학생증.,,直美,……呵呵。那，我去找找看。,學生證。,,1,180,12,1,0,0,0,0,0,,Translated
1205,哲志,直美、待て。一緒に探しに行こう。, , ,Satoshi,Naomi. Stop.,We're going to find it together.,,사토시,"나오미, 기다려. 같이 가자.",,,哲志,直美，等等。一起去吧。,,,1,111,17,1,0,0,0,0,0,,Translated
1206,良樹,マジかよ…………, , ,Yoshiki,You serious?,,,요시키,정말이냐......,,,良樹,真的假的…………,,,1,146,25,1,0,0,0,0,0,,Translated
1207,哲志,森繁も……あの様子だと、助かっていないと……思う。, , ,Satoshi,"Well, there was no body, but Morishige...was beyond","saving at that point, I think.",,사토시,"모리시게도...... 그 모습을 보면, 살지 못했을...... 거야.",,,哲志,森繁也……看那個樣子，應該是救不了了……,,,1,156,17,1,0,0,0,0,0,,Translated
1208,あゆみ,……どうしてよ……！, , ,Ayumi,But why...?!,,,아유미,...... 어째서......!,,,あゆみ,……為什麼……！,,,1,179,3,1,0,0,0,0,0,,Translated
1209,あゆみ,みんな簡単に死んじゃわないでよ！, , ,Ayumi,I wish everyone would stop dying so easily!,,,아유미,다들 그렇게 쉽게 죽어 버리는 거야!,,,あゆみ,大家不要那麼輕易就死掉啊！,,,1,180,3,1,0,0,0,0,0,,Translated
1210,あゆみ,う……うう……う……, , ,Ayumi,*hic* *sob*,,,아유미,우...... 우우...... 우......,,,あゆみ,嗚……嗚嗚……嗚……,,,1,181,3,1,0,0,0,0,0,,Translated
1211,直美,委員長……, , ,Naomi,Class rep...,,,나오미,반장......,,,直美,班長……,,,1,234,12,1,0,0,0,0,0,,Translated
1212,良樹,……あとの希望は、結衣センセーか……, , ,Yoshiki,"Guess the only one left is Ms. Yui, then...",,,요시키,"...... 남은 희망은, 유이 선생님인가......",,,良樹,……剩下的希望，就只有結衣老師了……,,,1,147,25,1,0,0,0,0,0,,Translated
1213,あゆみ,“あとは”とか言わないで！, , ,Ayumi,"God, how can you be so matter-of-fact about it?!",,,아유미,“남은” 이라고 하지 마!,,,あゆみ,不要說什麼「剩下的」！,,,1,182,3,1,0,0,0,0,0,,Translated
1214,良樹,！　わ、……悪ぃ……, , ,Yoshiki,"Ah! Uh, umm...sorry...",,,요시키,!  미...... 미안......,,,良樹,！　抱、……抱歉……,,,1,148,25,1,0,0,0,0,0,,Translated
1215,哲志,死んで行ったみんなも……きっと俺たちにまで,此処で死んで欲しくないに決まってる。, ,Satoshi,I think it goes without saying that none of our,friends who died here would want us to join them.,,사토시,먼저 간 애들도...... 분명 우리까지,여기에서 죽길 원하지 않을 거야.,,哲志,死去的大家……一定也不希望我們,也死在這裡。,,1,157,17,1,0,0,0,0,0,,Translated
1216,哲志,繋ぐんだ、みんなの「脱出したい」って意思を,……命のバトンを！, ,Satoshi,"We all want to get out of here, so let's just cling",to that desire and keep moving forward.,,사토시,"잇는 거야, 우리의 「탈출하고 싶다」는 마음을",...... 생명의 바통을!,,哲志,要延續下去，大家「想逃出去」的心意,……生命的接力棒！,,1,158,17,1,0,0,0,0,0,,Translated
1217,哲志,『逆打ち』の方法はわかったんだし、,こんな状況だけど希望は見えてきた。, ,Satoshi,We know the way out. So even with things a little,"bleaker now, there's still that hope for us.",,사토시,『역타법』도 알았고,이런 상황이지만 희망도 보이기 시작했어.,,哲志,既然知道了『逆打』的方法，,雖然是這種情況但已經看到希望了。,,1,159,17,1,0,0,0,0,0,,Translated
1218,哲志,もう少しだ！　結衣先生を見つけて、ここから出るぞ。, , ,Satoshi,We're almost there!,"All we have to do is find Ms. Yui, and then we can",finally escape this living hell!,사토시,"이제 조금이야!  유이 선생님을 찾아서, 여기에서 나가자.",,,哲志,就差一點了！　找到結衣老師，離開這裡。,,,1,160,17,1,0,0,0,0,0,,Translated
1219,良樹,おう。, , ,Yoshiki,Sounds good!,,,요시키,그래.,,,良樹,喔！,,,1,149,25,1,1,0,0,0,0,,Translated
1220,由香,うん！, , ,Yuka,Yeah!,,,유카,응!,,,由香,嗯！,,,1,62,29,1,1,0,0,0,0,,Translated
1221,直美,ええ。, , ,Naomi,Yeah...,,,나오미,응.,,,直美,嗯。,,,1,235,12,1,1,0,0,0,0,,Translated
1222,あゆみ,！　そうだ、中嶋さん。　これ……, , ,Ayumi,"Oh, I almost forgot! Nakashima, I have something",of yours.,,아유미,"!  맞다, 나카시마.  이거......",,,あゆみ,！　對了，中嶋同學。　這個……,,,1,183,3,1,0,0,0,0,0,,Translated
1223,直美,！……　私の学生証！, , ,Naomi,Ah! My student ID!,,,나오미,! ......  내 학생증!,,,直美,！……　我的學生證！,,,1,236,12,1,0,0,0,0,0,,Translated
1224,あゆみ,それと、これ。, , ,Ayumi,"And this, too.",,,아유미,그리고 이거.,,,あゆみ,還有這個。,,,1,184,3,1,0,0,0,0,0,,Translated
1225,,哲志たちに「赤子の像」を渡しました。, , ,,Handed over the [Baby Statue].,,,,사토시에게 「갓난아기 상」을 건네주었습니다.,,,,把「嬰兒像」交給了哲志他們。,,,0,0,0,1,0,0,0,0,0,,Translated
1226,あゆみ,ごめんね、逆打ちの方法を知ったのなら……,不安だったでしょう？, ,Ayumi,Sorry I didn't get the ID back to you sooner. You,"must have been freaking out about it, if you knew",the way out...,아유미,"미안해, 역타법을 알고 있었을 텐데......",불안했지?,,あゆみ,對不起，如果知道了逆打的方法……,一定很不安吧？,,1,185,3,1,0,0,0,0,0,,Translated
1227,直美,うん……うん……, , ,Naomi,Believe me... I was...,,,나오미,응...... 응......,,,直美,嗯……嗯……,,,1,237,12,1,0,0,0,0,0,,Translated
1228,あゆみ,切れ端、もう失くさないでね。, , ,Ayumi,"Well, then don't go losing that scrap again, okay?",,,아유미,"이젠 조각, 잃어버리면 안 돼.",,,あゆみ,碎片，別再弄丟了喔。,,,1,186,3,1,0,0,0,0,0,,Translated
1229,直美,ありがとう！　すごく嬉しい……！, , ,Naomi,Thank you so much! You have no idea what a relief,it is to have this back!,,나오미,고마워!  정말 기뻐......!,,,直美,謝謝！　真的好高興……！,,,1,238,12,1,0,0,0,0,0,,Translated
1230,哲志,篠崎……！　助かったよ！,よく見つけてくれていたな！, ,Satoshi,Shinozaki... Nice job finding that! I can't even,tell you how much of a load off our minds it is!,,사토시,시노자키......!  정말 살았어!,그걸 찾아냈구나!,,哲志,篠崎……！　幫了大忙了！,妳一直都在幫我們保管著啊！,,1,161,17,1,0,0,0,0,0,,Translated
1231,あゆみ,どういたしまして。, , ,Ayumi,No problem at all.,,,아유미,아니 뭘.,,,あゆみ,不客氣。,,,1,187,3,1,0,0,0,0,0,,Translated
1232,あゆみ,そう、でもね、これをみて……, , ,Ayumi,"Oh, but check this out.",,,아유미,"아, 그런데 말야, 이걸 봐......",,,あゆみ,對了，不過呢，看看這個……,,,1,188,3,1,0,0,0,0,0,,Translated
1233,あゆみ,さっき、七星さんと……会った後、,見直してみたら……血のしみが取れてたの。, ,Ayumi,I took another look at these pages after we had our,"little talk with Naho, and all the blood stains have",vanished. You can read every word clear as day now.,아유미,좀 전에 나호 씨와...... 만난 후,다시 보니까...... 핏자국이 사라졌어.,,あゆみ,剛才，和七星小姐……見過面之後，,重新看了一遍……血跡不見了。,,1,189,3,1,0,0,0,0,0,,Translated
1234,七星,“先生……ごめんなさい。,　私の読みが甘過ぎました。”, ,Naho,"Kibiki, I'm so sorry...","My readings were far too broad, and my",interpretations of them overly naive.,나호,“선생님...... 죄송합니다.,제가 너무 물렀습니다.”,,七星,「老師……對不起。,我的解讀太膚淺了。」,,1,200,9,1,0,0,0,0,0,,Translated
1235,七星,“此処は、今までに看破して来たような簡単な,　霊磁場ではありませんでした。”, ,Naho,This place is not the simple plane of spirits I'd,previously surmised it to be.,,나호,“여긴 여태껏 간파해 온 간단한,영자장이 아니었습니다.”,,七星,「這裡，並非至今為止所看破的那種,簡單的靈磁場。」,,1,201,9,1,0,0,0,0,0,,Translated
1236,七星,“一刻も早くここから脱出しないと、,　本当に危険です。”, ,Naho,"If we don't get out of here a.s.a.p., we'll be in",real danger.,,나호,“한시라도 빨리 여기에서 탈출하지 않으면,정말 위험합니다.”,,七星,「不盡快離開這裡的話，,真的很危險。」,,1,202,9,1,0,0,0,0,0,,Translated
1237,七星,“『逆打ち』で簡単に戻れると思ったのに、,　惨殺された幼い魂が磁場に複雑に絡まっていて、”, ,Naho,I thought we'd be able to get back easily through,"the 'way out' strategy I detailed, but these child",spirits are bound here in a very particular manner.,나호,“『역타법』으로 쉽게 돌아갈 수 있을 줄 알았는데,참살당한 어린 혼이 자장에 복잡하게 얽혀 있어서”,,七星,「本以為用『逆打』就能簡單回去，,但被慘殺的幼小靈魂複雜地纏繞在磁場上，」,,1,203,9,1,0,0,0,0,0,,Translated
1238,七星,“このままでは使えません。”, , ,Naho,It won't be quite so simple to achieve.,,,나호,“이대로는 사용할 수 없습니다.”,,,七星,「這樣下去無法使用。」,,,1,204,9,1,0,0,0,0,0,,Translated
1239,七星,“逆打ちを使うには、まずこの子達の怨念を,　何とか浄霊して包囲している霊磁場のゲートを,　ほどかなければ……”,Naho,Doing so will mean appeasing the malicious spirits,that dwell here to unlock the gate that cuts through,"the planar void, back to the world we know.",나호,"“역타법을 사용하려면, 우선 이 아이들의 원념을",어떻게든 정령하여 그들을 포위하고 있는 영자장 게이트를,풀어내야 합니다......”,七星,「要使用逆打，首先要設法淨靈這些孩子們的怨念，,解開包圍著的靈磁場的門才行……」,,1,205,9,1,0,0,0,0,0,,Translated
1240,七星,“このままの状態で使うと、逆に危険です。,　なにが起こるかわかりません。”, ,Naho,Using this technique before fulfilling this,condition could be unimaginably dangerous.,There's no telling what might happen.,나호,"“이 상태에서 사용했다간, 오히려 위험합니다.",무슨 일이 일어날지 알 수 없습니다.”,,七星,「在這種狀態下使用的話，反而危險。,不知道會發生什麼事。」,,1,206,9,1,0,0,0,0,0,,Translated
1241,哲志,……これは……, , ,Satoshi,Does that mean...?,,,사토시,...... 이건......,,,哲志,……這是……,,,1,162,17,1,0,0,0,0,0,,Translated
1242,あゆみ,うん、この天神小学校の周囲を、ゆきちゃん達,子供の霊が霊磁場を作って包んでいる……, ,Ayumi,Yeah. This 'planar void' that separates Heavenly,Host from the real world was created by Yuki and,the others...and it's totally surrounding us.,아유미,"응, 이 텐진초등학교 주위를, 유키를 포함한",어린 유령들이 영자장을 만들어 감싸고 있어......,,あゆみ,嗯，由紀她們小孩的靈魂,包圍著天神小學校周圍形成靈磁場……,,1,190,3,1,0,0,0,0,0,,Translated
1243,あゆみ,だから、このまま逆打ちを行っても、,霊磁場が邪魔をして帰れないって事。, ,Ayumi,So if we did this reverse Sachiko charm thing right,"now, we still wouldn't be able to get back. It would",block our way.,아유미,그래서 이대로 역타법을 써도,영자장에 막혀 돌아갈 수 없다는 말이지.,,あゆみ,所以就算現在進行逆打，,靈磁場也會阻礙而回不去。,,1,191,3,1,0,0,0,0,0,,Translated
1244,哲志,やはり、サチコの懺悔を引き出して、,子供の霊を成仏させなきゃならないのか。, ,Satoshi,So we really do have to get Sachiko to repent and,appease the other child spirits in order to get,home...,사토시,"역시, 사치코의 참회를 이끌어내서",어린 유령들을 성불시키는 수밖에 없는 건가.,,哲志,果然，必須引出サチコ的懺悔，,讓小孩的靈魂成佛才行嗎。,,1,163,17,1,0,0,0,0,0,,Translated
1245,あゆみ,（こくっ）……頑張ろう、もう少しだよ。, , ,Ayumi,Okay...,"...Let's give it our best shot. We're almost there,",right?,아유미,"(끄덕) ...... 힘내자, 이제 조금 남았어.",,,あゆみ,（點頭）……加油吧，就差一點了。,,,1,192,3,1,0,0,0,0,0,,Translated
1246,あゆみ,……頑張ろう、もう少しだよ。, , ,Ayumi,Okay...,"...Let's give it our best shot. We're almost there,",right?,아유미,"...... 힘내자, 이제 조금 남았어.",,,あゆみ,……加油吧，就差一點了。,,,1,192,3,1,0,0,0,0,0,,Translated
1247,,！, , ,,...!,,,,!,,,,！,,,0,0,0,1,0,0,0,0,0,,Translated
1248,,７回目の鐘が鳴った。, , ,,The bell tolls for a seventh time.,The whole school begins to shudder in sync with,its vibrato.,,7번째 종이 울렸다.,,,,第七次鐘聲響了。,,,0,0,0,1,0,0,0,0,0,,Translated
1249,,６回目の鐘が鳴った。, , ,,Number six. The air is beginning to feel thicker,now...,,,6번째 종이 울렸다.,,,,第六次鐘聲響了。,,,0,0,0,1,0,0,0,0,0,,Translated
1250,,５回目の鐘が鳴った。, , ,,A fifth toll...,,,,5번째 종이 울렸다.,,,,第五次鐘聲響了。,,,0,0,0,1,0,0,0,0,0,,Translated
1251,,４回目の鐘が鳴った。, , ,,A fourth toll...,,,,4번째 종이 울렸다.,,,,第四次鐘聲響了。,,,0,0,0,1,0,0,0,0,0,,Translated
1252,,３回目の鐘が鳴った。, , ,,A third toll...,,,,3번째 종이 울렸다.,,,,第三次鐘聲響了。,,,0,0,0,1,0,0,0,0,0,,Translated
1253,,２回目の鐘が鳴った。, , ,,The bell tolls again.,,,,2번째 종이 울렸다.,,,,第二次鐘聲響了。,,,0,0,0,1,0,0,0,0,0,,Translated
1254,,１回目の鐘が鳴った。, , ,,"Somewhere in the distance, a bell tolls.",It sounds like the hour tone of a grandfather clock.,,,1번째 종이 울렸다.,,,,第一次鐘聲響了。,,,0,0,0,1,0,0,0,0,0,,Translated
1255,直美,哲志……大丈夫？, , ,Naomi,Satoshi...,Are you all right?,,나오미,사토시...... 괜찮아?,,,直美,哲志……沒事吧？,,,1,243,12,1,0,0,0,0,0,,Translated
1256,哲志,由香……由香……怖かったろう……痛かったろう……, , ,Satoshi,Yuka... She...was probably scared out of her mind...,and in a lot of pain...,,사토시,유카...... 유카......  무서웠지...... 아팠지......,,,哲志,由香……由香……一定很害怕吧……一定很痛吧……,,,1,171,17,1,0,0,0,0,0,,Translated
1257,哲志,俺が……俺がついててやれなかったばっかりに……っ, , ,Satoshi,And I...I wasn't there for her. She was all alone...,,,사토시,내가...... 내가 곁에 있었다면......,,,哲志,我……都是我沒能陪在她身邊……,,,1,172,17,1,0,0,0,0,0,,Translated
1258,直美,責めないで……　哲志のせいじゃない。, , ,Naomi,"Don't blame yourself. It's not your fault, Satoshi.",,,나오미,자신을 책망하지 마......  사토시 탓이 아냐.,,,直美,別自責了……　不是哲志的錯。,,,1,244,12,1,0,0,0,0,0,,Translated
1259,世以子,な～おみッ♪, , ,Seiko,Naaaaoooomi?,,,세이코,나~ 오미♪,,,世以子,直～美♪,,,1,59,20,1,0,0,0,0,0,,Translated
1260,直美,……あなたのせいじゃ……ない。, , ,Naomi,It's...not your fault...,,,나오미,...... 네 탓이...... 아냐.,,,直美,……不是你的錯……,,,1,245,12,1,0,0,0,0,0,,Translated
1261,直美,…………, , ,Naomi,...,,,나오미,............,,,直美,…………,,,1,246,12,1,0,0,0,0,0,,Translated
1262,哲志,じゃぁ……誰のせいなんだ。……教えてくれ、直美。, , ,Satoshi,"So...whose fault is it, then? Whose fault is it,",Naomi?!,,사토시,"그럼...... 누구 탓인데...... 가르쳐줘, 나오미.",,,哲志,那……是誰的錯。……告訴我啊，直美。,,,1,173,17,1,0,0,0,0,0,,Translated
1263,直美,え……？, , ,Naomi,Huh?,,,나오미,어......?,,,直美,咦……？,,,1,247,12,1,0,0,0,0,0,,Translated
1264,哲志,畜生っ……畜生っ、畜生っ！, , ,Satoshi,"Dammit... Dammit, dammit, DAMMIT!!",,,사토시,"젠장...... 젠장, 젠장!",,,哲志,可惡……可惡、可惡！,,,1,174,17,1,0,0,0,0,0,,Translated
1265,哲志,出て来いよ！！　……誰か、俺達を見て,あざ笑っているんだろ！！, ,Satoshi,"Show yourself, whoever the fuck you are!",You must be getting a really good laugh out of,watching us suffer!,사토시,나와!!  ...... 누군가 우릴 보고,비웃고 있는 거지!!,,哲志,給我出來！！　……是誰，在看著我們,嘲笑我們吧！！,,1,175,17,1,0,0,0,0,0,,Translated
1266,直美,哲志ッ……！　う……うぅっ……, , ,Naomi,Satoshi... *sob*,,,나오미,사토시......!  우...... 우우......,,,直美,哲志……！　嗚……嗚嗚……,,,1,248,12,1,0,0,0,0,0,,Translated
1267,哲志,―っ！, , ,Satoshi,Ah...!,,,사토시,윽!,,,哲志,―！,,,1,176,17,1,0,0,0,0,0,,Translated
1268,直美,どうしたの？, , ,Naomi,What is it?,,,나오미,왜 그래?,,,直美,怎麼了？,,,1,249,12,1,0,0,0,0,0,,Translated
1269,哲志,今……窓越しに、見えた渡り廊下に……赤い服が, , ,Satoshi,"I just happened to glance out the window, at the",covered walkway between the two buildings...and,I saw a red dress.,사토시,방금...... 창 너머로 보이는 바깥 복도에...... 빨간 옷이,,,哲志,剛才……透過窗戶看到的走廊上……有紅色衣服，,,,1,177,17,1,0,0,0,0,0,,Translated
1270,直美,えっ？, , ,Naomi,What?!,,,나오미,뭐?,,,直美,咦？,,,1,250,12,1,0,0,0,0,0,,Translated
1271,哲志,畜生っ！　あの……怨霊め！　思い知らせてやる。, , ,Satoshi,Goddamn piece of shit little girl...,I'm going to make her pay for what she's done!,,사토시,젠장!  저...... 원령 자식! 혼내주마.,,,哲志,可惡！　那個……怨靈！　我要讓妳好看。,,,1,178,17,1,0,0,0,0,0,,Translated
1272,哲志,生きてる人間を、ナメるなよ！, , ,Satoshi,You have no right to mess with the living!,,,사토시,살아있는 인간을 얕보지 마!,,,哲志,別小看活人！,,,1,179,17,1,0,0,0,0,0,,Translated
1273,直美,哲志ぃ！　待って！！, , ,Naomi,Satoshi! Wait!!,,,나오미,사토시이!  기다려!!,,,直美,哲志！　等等！！,,,1,251,12,1,0,0,0,0,0,,Translated
1274,哲志,待て！　サチコ！, , ,Satoshi,"Hold it right there, Sachiko!",,,사토시,기다려!  사치코!,,,哲志,站住！　サチコ！,,,1,180,17,1,0,0,0,0,0,,Translated
1275,哲志,待て！　怨霊！, , ,Satoshi,Goddamned ghost girl!,,,사토시,기다려! 원령!,,,哲志,站住！　怨靈！,,,1,181,17,1,0,0,0,0,0,,Translated
1276,,　今日の精神崩壊クラッシュミタルを,　永久の心に振り分けて緑と赤で塗った。,　押入　絶対反対！,,Today's Spiritbreaker Crushmital was divided into,"two souls: one painted red, and one painted green.",CLOSET TRESPASSERS WILL BE EXPELLED.,,오늘의 정신 붕괴 크래쉬미탈을,영원한 마음에 나누어 녹색과 빨강으로 칠했다.,밀치기 절대 반대!,,　將今天的精神崩潰粉碎者，,分配給永恆之心，塗上綠色和紅色。,　推入　絕對反對！,0,0,0,1,0,0,0,0,0,,Translated
1277,,大きな棚の中に、狂ったような文字で殴り書かれた,画用紙がうやうやしく飾ってあります……, ,,Scraps of drawing paper are hung from the shelves,with a surprising degree of care considering the,"sloppy, heavy-handed lettering that adorns them:",,"큰 수납장 안에, 미친 듯이 휘갈겨 쓴 글자가 적힌",도화지가 정연하게 장식되어 있습니다......,,,大型櫃子裡，,裝飾著用瘋狂般的文字塗鴉的圖畫紙……,,0,0,0,1,0,0,0,0,0,,Translated
1278,,本の黒から　天へのびる,天からおりた　お前たちは,やまたのおろち　に食いこやぶされろ,,"You who have ascended to heaven from the blackness,","then descended once more, will be torn to shreds and","devoured by the dragon, Yamata no Orochi.",,책의 글씨로부터 하늘로 올라,하늘에서 내린 너희들은,야마타노오로치에게 잡아 먹혀라,,從書的黑　延伸至天,從天而降的　你們,將被八岐大蛇　吞噬撕裂,0,0,0,1,0,0,0,0,0,,Translated
1279,,棚の中に雀の死体が整然と並べてあります……, , ,,A carefully organized array of dead sparrows line,the shelves.,,,수납장 안에 참새 사체가 가지런히 늘어서 있습니다......,,,,櫃子裡整齊地排列著麻雀的屍體……,,,0,0,0,1,0,0,0,0,0,,Translated
1280,,このま　お　らせな　よ, , ,,'Don'   ou dar  thi k you  e wo .', ,,,이대   끝   수    어,,,,別　這　樣　以　為　你　能　逃　掉,,,0,0,0,1,0,0,0,0,0,,Translated
1281,,大きな棚の中に、狂ったような文字で殴り書かれた,画用紙がうやうやしく飾ってあります……, ,,Scraps of drawing paper are hung from the shelves,with a surprising degree of care considering the,"sloppy, heavy-handed lettering that adorns them:",,"큰 수납장 안에, 미친 듯이 휘갈겨 쓴 글자가 적힌",도화지가 정연하게 장식되어 있습니다......,,,大型櫃子裡，,裝飾著用瘋狂般的文字塗鴉的圖畫紙……,,0,0,0,1,0,0,0,0,0,,Translated
1282,,イマワ　ノ　キワニ,オレハヤサシイ　アナタハ,オンナ　イイコ　カワイイ,,ON THE VERGE OF DEATH,I AM YOU ARE KINDLY,GIRL GOOD GIRL PRETTY GIRL,,죽기 직전,나는 상냥해  너는,여자  착한 아이  귀여워,,瀕　死　之　際,我　是　溫柔的　你　是,女孩　好孩子　好可愛,0,0,0,1,0,0,0,0,0,,Translated
1283,,大きな棚の中に、狂ったような文字で殴り書かれた,画用紙がうやうやしく飾ってあります……, ,,Scraps of drawing paper are hung from the shelves,with a surprising degree of care considering the,"sloppy, heavy-handed lettering that adorns them:",,"큰 수납장 안에, 미친 듯이 휘갈겨 쓴 글자가 적힌",도화지가 정연하게 장식되어 있습니다......,,,大型櫃子裡，,裝飾著用瘋狂般的文字塗鴉的圖畫紙……,,0,0,0,1,0,0,0,0,0,,Translated
1284,,ぜん部で１８３人モの,人をころしました　押入反対,お前をみているぞ　さあ,,183 killed.,Defy closet intruders.,You are being watched.,,전부 183명이나 되는,사람을 죽였습니다  밀치기 반대,널 보고 있어  자아,,總共殺了１８３人,反對推入,我在看著你　來吧,0,0,0,1,0,0,0,0,0,,Translated
1285,,　わたし見るのはやめろ！,　　　見るな、しゃ　べるな,　　　不当による　　押入だと,,Need to stop watching!,Do not look. Do not spe ak .,Closet? Not good.,,  날 보는 건 그만둬!,"      보지 마,  말  하지 마",      부당한      밀치기는,,　別再看我！,　　　不准看、不　准　說,　　　因不正當　　推入的話,0,0,0,1,0,0,0,0,0,,Translated
1286,,　処罰されます。,　,　,,I will be punished.,,,,  처벌받습니다.,,,,　會被處罰。,　,,0,0,0,1,0,0,0,0,0,,Translated
1287,サチコ,……く……ッ、　……、　グッ……, , ,Sachiko,*groan*,*whimper*,,사치코,"...... 크...... 윽,  ......  그윽......",,,サチコ,……可……、　……、　呃……,,,1,118,14,1,0,0,0,0,0,,Translated
1288,あゆみ,（うううぅッ……！）, , ,Ayumi,(Ullggh...),,,아유미,(으으으윽......!),,,あゆみ,（嗚嗚……！）,,,1,0,0,1,0,0,0,0,0,,Translated
1289,校長,……見たんだね？, , ,Principal,"You saw, didn't you?",,,교장,...... 봤지?,,,校長,……你看到了吧？,,,1,237,20,1,0,0,0,0,0,,Translated
1290,あゆみ,ううううぅ……ッ！, , ,Ayumi,Nnnnnnnggghhh... Ghaaaaaaahhhh...,,,아유미,으으으으으......!,,,あゆみ,嗚嗚嗚嗚……！,,,1,23,4,1,0,0,0,0,0,,Translated
1291,良樹,……ッくはッ！, , ,Yoshiki,Ghh...ghaaaAAAAAHH!!,,,요시키,...... 쿠학!,,,良樹,……呃哈！,,,1,160,25,1,1,0,0,0,0,,Translated
1292,良樹,篠崎！　逃げるぞ！　来い！, , ,Yoshiki,Shinozaki! We're getting out of here! Come on!,,,요시키,시노자키!  도망치자!  이리 와!,,,良樹,篠崎！　快逃！　過來！,,,1,161,25,1,0,0,0,0,0,,Translated
1293,あゆみ,岸沼くん！, , ,Ayumi,Kishinuma...!,,,아유미,키시누마 군!,,,あゆみ,岸沼同學！,,,1,24,4,1,0,0,0,0,0,,Translated
1294,あゆみ,ハァ、ハァ……,やってやった！やってやった！, ,Ayumi,*pant* *pant*,*giggle* I did it! I actually did it!,,아유미,"하아, 하아......",했다! 해냈어!,,あゆみ,哈啊、哈啊……,做到了！做到了！,,1,159,3,1,0,0,0,0,0,,Translated
1295,あゆみ,中嶋さんに酷い事しちゃった！, , ,Ayumi,I finally put Nakashima in her place!,,,아유미,나카시마에게 심한 짓을 했어!,,,あゆみ,我對中嶋同學做了很過分的事！,,,1,160,3,1,0,0,0,0,0,,Translated
1296,あゆみ,……っっ、ッ気持ちィィーーーッ！, , ,Ayumi,Ahhhhh... Feels soooo good...,,,아유미,"...... 으으, 기분 좋아~~~!",,,あゆみ,……、感覺好～～～～！,,,1,161,3,1,0,0,0,0,0,,Translated
1297,あゆみ,あいつには、一度ガツンとやってやらなきゃ,いけなかったのよ！,……,Ayumi,Just wish I'd've been able to give her a good,ass-kicking while I was at it! Heheh...,,아유미,저 녀석은 한번 따끔하게,혼내줘야 했어!,......,あゆみ,那傢伙，非得狠狠教訓她一頓,不可！,……,1,162,3,1,0,0,0,0,0,,Translated
1298,あゆみ,あの情けない悲鳴！　思い出したら笑っちゃうわ！, , ,Ayumi,"Oh my God, that scream...that scream of utter",helplessness! Thinking about it just makes me,so giddy!,아유미,그 한심한 비명!  다시 생각하니 웃음이 다 나오네!,,,あゆみ,那沒出息的尖叫！　想起來就覺得好笑！,,,1,163,3,1,0,0,0,0,0,,Translated
1299,あゆみ,アッハハハハ！, , ,Ayumi,AHAHAHAHAHA!!,,,아유미,아하하하하!,,,あゆみ,啊哈哈哈！,,,1,164,3,1,0,0,0,0,0,,Translated
1300,あゆみ,うぷっ……　ん゛っ！げぽっ！, , ,Ayumi,*cough* *hack* *retch*,,,아유미,우욱...... 윽! 콜록!,,,あゆみ,嘔……　嗯！咳！,,,1,0,0,1,0,0,0,0,0,,Translated
1301,あゆみ,げほっ……けほっ, , ,Ayumi,*cough* *cough*,,,아유미,콜록...... 콜록,,,あゆみ,咳咳……咳咳,,,1,166,3,1,0,0,0,0,0,,Translated
1302,あゆみ,――ハァ、ハァ、ハァ……, , ,Ayumi,*pant* *pant* *pant*,,,아유미,"하아, 하아, 하아......",,,あゆみ,――哈啊、哈啊、哈啊……,,,1,167,3,1,0,0,0,0,0,,Translated
1303,あゆみ,――ふんッ, , ,Ayumi,Hmph!,,,아유미,흐응,,,あゆみ,――哼,,,1,168,3,1,0,0,0,0,0,,Translated
1304,あゆみ,中嶋なんてどうでもいいけど……,結衣先生は捜さなきゃ。, ,Ayumi,"Don't give a crap what happens to Nakashima, but",I do still have to find Ms. Yui...,,아유미,나카시마는 아무래도 좋지만......,유이 선생님은 찾아야 해.,,あゆみ,中嶋怎麼樣都好……,但必須找結衣老師。,,1,169,3,1,0,0,0,0,0,,Translated
1305,あゆみ,もう少し、回ってみよう。, , ,Ayumi,Guess I should look around a bit more.,,,아유미,좀 더 돌아보자.,,,あゆみ,再稍微，繞一下看看吧。,,,1,170,3,1,0,0,0,0,0,,Translated
1306,良樹,サチコだよな？, , ,Yoshiki,"That's Sachiko, isn't it?",,,요시키,사치코지?,,,良樹,是サチコ吧？,,,1,158,25,1,0,0,0,0,0,,Translated
1307,あゆみ,うん……！, , ,Ayumi,Uh-huh...,,,아유미,응......!,,,あゆみ,嗯……！,,,1,19,4,1,0,0,0,0,0,,Translated
1308,良樹,くそっ……とにかく上に逃げるか……っ、……うっ？, , ,Yoshiki,Damn...,"Come on, let's try going up!",...Glgh!,요시키,"젠장...... 일단 위로 도망칠까...... 으,  ...... 윽?",,,良樹,可惡……總之先往上逃吧……、……呃？,,,1,0,0,1,0,0,0,0,0,,Translated
1309,あゆみ,（！　身体が動かない……！,　声も……出ない……金縛りだ……！）, ,Ayumi,(...! I can't move...and I can't speak...,It's like I'm...completely paralyzed...),,아유미,(!  몸이 안 움직여......!,목소리도...... 안 나와...... 가위에 눌렸어......!),,あゆみ,（！　身體動不了……！,聲音也……發不出……被鬼壓床了……！）,,1,20,4,1,0,0,0,0,0,,Translated
1310,あゆみ,――っ！, , ,Ayumi,...Gghhh...,,,아유미,윽!,,,あゆみ,――！,,,1,21,4,1,0,0,0,0,0,,Translated
1311,あゆみ, ,（――？　……この子……なにか雰囲気が）, ,Ayumi,"(Something seems...different about her, though...)",,,아유미,,(??  ...... 저 애...... 뭔가 분위기가),,あゆみ,（――？　……這個孩子……感覺不太一樣）,,,1,0,0,1,0,0,0,0,0,,Translated
1312,＊,待て！　待ちなさい！, , ,*,Wait! Stop!,,,＊,기다려!  기다리라고!,,,＊,站住！　等一下！,,,1,226,20,1,0,0,0,0,0,,Translated
1313,＊,いけません！　離して下さい！, , ,*,No! Get away from me!,,,＊,안 돼요!  놔주세요!,,,＊,不行！　放開我！,,,1,92,26,1,1,0,0,0,0,,Translated
1314,校長,待たんかァーーーーッ！, , ,Principal,I said STOP!!,,,교장,기다리라니까~~~~!,,,校長,給我站住～～～～！,,,1,227,20,1,1,0,0,0,0,,Translated
1315,校長,…………あ、　しの……篠崎君、, , ,Principal,...Ahhhh... Sh-Shinozaki...,,,교장,"............ 아,  시노...... 시노자키 군",,,校長,…………啊、　篠……篠崎同學，,,,1,228,20,1,0,0,0,0,0,,Translated
1316,校長,あ……すみません篠崎君、押すつもりは……, , ,Principal,"Aagh... Shinozaki, I'm sorry... I didn't mean",to push you...,,교장,"아...... 미안합니다 시노자키 군, 밀칠 생각은......",,,校長,啊……對不起篠崎同學，我不是故意要推妳的……,,,1,229,20,1,0,0,0,0,0,,Translated
1317,校長,立って……立って下さい。, , ,Principal,Come on... Stand up!,,,교장,일어...... 일어나세요.,,,校長,站起來……請站起來。,,,1,230,20,1,0,0,0,0,0,,Translated
1318,校長,あ……あぁ……　ああ！　……ああぁ……, , ,Principal,Aaah...ahhhhhh...aaaahhhhhhh...aaaAAAAAHHHHH...,,,교장,아...... 아아......  아아!  ...... 아아아......,,,校長,啊……啊啊……　啊啊！　……啊啊……,,,1,231,20,1,0,0,0,0,0,,Translated
1319,サチコ,お母さん……, , ,Sachiko,Mommy...?,,,사치코,엄마......,,,サチコ,媽媽……,,,1,111,14,1,0,0,0,0,0,,Translated
1320,校長,やぁ……サチコ君。, , ,Principal,"Oh, hello...Sachiko...",,,교장,아...... 사치코 군.,,,校長,哎呀……サチコ同學。,,,1,232,20,1,0,0,0,0,0,,Translated
1321,校長,……見たんだね？, , ,Principal,"You saw, didn't you?",,,교장,...... 봤지?,,,校長,……你看到了吧？,,,1,233,20,1,0,0,0,0,0,,Translated
1322,あゆみ,…………！, （体……動いてよ……ッ！！）, ,Ayumi,"(Come on... Move, dammit...)",,,아유미,............!,(몸아...... 움직여라......!!),,あゆみ,…………！ （身體……動啊……！！）,,,1,0,0,1,0,0,0,0,0,,Translated
1323,あゆみ,くっ！　……ッ逃げなさい！, , ,Ayumi,...Ggghhhaaaaahh... Get away! Quickly!,,,아유미,윽! ...... 도망쳐!,,,あゆみ,可惡！　……快逃！,,,1,22,4,1,1,0,0,0,0,,Translated
1324,サチコ,はっ、はっ、はっ、はっ……！, , ,Sachiko,*pant* *pant* *pant* *pant* *pant*,,,사치코,"헉, 헉, 헉, 헉......!",,,サチコ,哈、哈、哈、哈……！,,,1,112,14,1,1,1,1,0,0,,Translated
1325,サチコ,ッハッ、はっ、はっ、はっ！, , ,Sachiko,*pant* *wheeze* *whimper* *pant* *pant*,,,사치코,"하악, 헉, 헉, 헉!",,,サチコ,哈、哈、哈、哈！,,,1,113,14,1,1,1,1,0,0,,Translated
1326,校長,はッ、はッ！……ッ、はッ、はッ！, , ,Principal,*wheeze* *wheeze*,,,교장,"헉, 헉! ...... 윽, 헉, 헉!",,,校長,哈、哈！……、哈、哈！,,,1,234,20,1,1,1,1,0,0,,Translated
1327,サチコ,ハァ、ハァ、ハァ、ハァ……！, , ,Sachiko,*frightened breathing*,,,사치코,"하아, 하아, 하아, 하아......!",,,サチコ,哈啊、哈啊、哈啊、哈啊……！,,,1,114,14,1,1,0,0,0,0,,Translated
1328,繭,繁兄ィ、待って～, , ,Mayu,"Shig, bro! Wait up!",,,마유,"시게 오빠아, 기다려~",,,繭,繁哥、等等～,,,1,41,8,1,0,0,0,0,0,,Translated
1329,繭,あれ、そっち？　今日部活はどうするの？, , ,Mayu,Huh? What's wrong? Not going to club today?,,,마유,"어라, 그쪽?  오늘 부활동은 어쨌어?",,,繭,咦，那邊？　今天社團活動怎麼辦？,,,1,42,8,1,0,0,0,0,0,,Translated
1330,森繁,……どうしたものだろうな。, , ,Morishige,Hmm... That's a good question. What IS wrong?,,,모리시게,...... 글쎄다.,,,森繁,……該怎麼辦呢。,,,1,164,8,1,0,0,0,0,0,,Translated
1331,繭,今日は主役選抜のオーディションがある日でしょ？, , ,Mayu,"They're holding auditions for the lead, y'know!",,,마유,오늘은 주역 선발 오디션이 있는 날이잖아?,,,繭,今天是主角選拔的試鏡日吧？,,,1,43,8,1,0,0,0,0,0,,Translated
1332,森繁,ああ……だけど、……俺はやっぱりやめておくよ。, , ,Morishige,"Oh, I know. But...I just don't think I'm cut out",for the role.,,모리시게,어...... 하지만...... 역시 난 됐어.,,,森繁,嗯……但是，……我還是算了。,,,1,167,8,1,0,0,0,0,0,,Translated
1333,繭,どうして？　私知ってるよ。, , ,Mayu,"How come? I mean, I've seen how much you want it.",,,마유,왜?  나 알고 있어.,,,繭,為什麼？　我知道喔。,,,1,44,8,1,0,0,0,0,0,,Translated
1334,繭,繁兄ィがひと月前から台本（ホン）読み込んで、, , ,Mayu,You've been poring over that script for the last,month!,,마유,시게 오빠 저번 달부터 대본을 읽으며,,,繭,繁哥從一個月前就在熟讀劇本了，,,,1,45,8,1,0,0,0,0,0,,Translated
1335,繭,……体育準備室で練習してたの。, , ,Mayu,Not to mention practicing lines in the gym equipment,room...,,마유,...... 체육 준비실에서 연습한 거.,,,繭,……在體育準備室練習了。,,,1,46,8,1,0,0,0,0,0,,Translated
1336,森繁,み、見てたのか？　何だよ、声かけろよ。, , ,Morishige,Y-You saw that?! How...embarrassing...,"Next time, you should say something!",,모리시게,"봐, 봤어?  뭐야, 말 좀 걸지.",,,森繁,你、你看到了？　什麼嘛，出個聲啊。,,,1,166,8,1,0,0,0,0,0,,Translated
1337,繭,シンケンだったもの、私……ちょっと嬉しくて。, , ,Mayu,But you were so into it! I was actually just kinda,happy to see you in your element like that.,,마유,"진지해 보였거든,  난...... 그게 기뻐서.",,,繭,因為你很認真嘛，我……有點開心。,,,1,47,8,1,0,0,0,0,0,,Translated
1338,森繁,……はぁッ。,……だけど、俺はやっぱりやめておくよ。, ,Morishige,"*sigh* Well, either way, I'm giving up on that",particular goal.,,모리시게,...... 하아.,...... 하지만 난 역시 그만둘래.,,森繁,……哈啊。,……但我還是算了。,,1,167,8,1,0,0,0,0,0,,Translated
1339,繭,どうしてよ～、あんなに頑張ってたのに。, , ,Mayu,But why?! After all that study and practice...,,,마유,어째서~ 그렇게 열심히 했는데.,,,繭,為什麼啊～明明那麼努力的。,,,1,48,8,1,0,0,0,0,0,,Translated
1340,森繁,演技の優劣よりも、皆馴れ合いで投票するに,決まっているからさ。, ,Morishige,Everyone knows the parts in our productions are,"chosen based on popularity, not on acting talent.",,모리시게,"연기의 우열보다, 친목으로 정해질 게",뻔하니까.,,森繁,因為比起演技優劣，大家肯定都是靠交情投票的。,,,1,168,8,1,0,0,0,0,0,,Translated
1341,森繁,……繭、お前は真っ直ぐな人間だから……きっと、, , ,Morishige,"Mayu... You're an upright, idealistic individual...",,,모리시게,"...... 마유, 넌 솔직한 사람이니까...... 분명",,,森繁,……繭，妳是正直的人……一定，,,,1,169,8,1,0,0,0,0,0,,Translated
1342,森繁,意気地のない奴と思うかも知れないが、, , ,Morishige,...so you're probably going to think I'm a bit of,a spineless coward for this...,,모리시게,기개가 없는 녀석이라고 생각할지도 모르지만,,,森繁,可能會覺得我是個沒骨氣的傢伙，,,,1,170,8,1,0,0,0,0,0,,Translated
1343,森繁,こういうオーディションは、実力だけで決まる,世界じゃないんだよ。, ,Morishige,...but I refuse to attend an audition when I know it,won't make a bit of difference.,,모리시게,이런 오디션은 실력만으로,정해지는 게 아냐.,,森繁,但這種試鏡，不是光靠實力就能決定一切的世界。,,,1,171,8,1,0,0,0,0,0,,Translated
1344,繭,……。（ぷうっ）, , ,Mayu,Awww...,,,마유,...... (뿌우),,,繭,……。（嘟嘴）,,,1,49,8,2,0,0,0,0,0,,Translated
1345,森繁,嫌いなんだ。行きたくもないコンパとか行って、,愛想笑いするの。, ,Morishige,I truly hate it. I always make an effort to attend,social events and put on a pleasant front...,,모리시게,싫어. 가고 싶지도 않은 모임에 나가서,억지로 웃는 거.,,森繁,我討厭啊。去不想去的聯誼，陪笑臉。,,,1,172,8,1,0,0,0,0,0,,Translated
1346,森繁,まぁ……要は皆に好かれていない俺に、,原因がある訳だけれど。, ,Morishige,"...but...well, I guess it all comes down to the fact",that I'm simply not well-liked.,,모리시게,뭐...... 결국 모두에게 환영받지 못하는 나에게,원인이 있는 거지만.,,森繁,總之……原因在於不被大家喜歡的我。,,,1,173,8,1,0,0,0,0,0,,Translated
1347,繭,……私、好きだよ、, , ,Mayu,But...I like you!,,,마유,"...... 난, 좋아.",,,繭,……我喜歡喔，,,,1,50,8,1,0,0,0,0,0,,Translated
1348,繭,繁兄ぃの、演技。, , ,Mayu,"You're a good actor, Shig.",,,마유,시게 오빠의 연기.,,,繭,繁哥的演技。,,,1,51,8,1,0,0,0,0,0,,Translated
1349,繭,キラキラして……ピカピカで……楽しそうで。, , ,Mayu,You shine in the spotlight. Really shine!,"And you look like you're enjoying it, too!",,마유,반짝반짝...... 빛나고...... 즐거워 보여서.,,,繭,閃閃發亮……亮晶晶的……看起來很開心。,,,1,52,8,1,0,0,0,0,0,,Translated
1350,繭,だけど、嫌ならやめとこ。, , ,Mayu,"...But if you hate it that much, then yeah...it's",really not worth it.,,마유,"그치만, 싫으면 됐어.",,,繭,但是，討厭的話就算了吧。,,,1,53,8,1,0,0,0,0,0,,Translated
1351,繭,無理に出演（で）る事ないもん。, , ,Mayu,"I mean, if you have to force yourself, then you're","not having any fun at all, right? And what's the",point in that?,마유,무리해서 나갈 필요는 없으니까.,,,繭,沒有必要勉強出演。,,,1,54,8,1,0,0,0,0,0,,Translated
1352,繭,私だけは見たもの、繁兄ィのラスコーリニコフ。, , ,Mayu,"Besides, at least I got to see it.",Shig's secret Raskolnikov!,,마유,"난 봤는걸, 시게 오빠의 라스콜리니코프.",,,繭,至少我看到了，繁哥的拉斯柯尼科夫。,,,1,55,8,1,0,0,0,0,0,,Translated
1353,森繁,…………, , ,Morishige,Ah...!,,,모리시게,............,,,森繁,…………,,,1,174,8,1,0,0,0,0,0,,Translated
1354,繭,じゃ、帰ろ。……あ、そうだ！,クレープ屋さんに寄ってこう★, ,Mayu,Come on. We'll head out together.,"Oh, but how about we stop at the crepe stand on",our way home? Doesn't that sound yummy?!,마유,"그럼, 가자...... 아, 맞다!",크레이프 가게 들렸다 가자★,,繭,那，回去吧。……啊，對了！,去可麗餅店吧★,,1,56,8,1,0,0,0,0,0,,Translated
1355,繭,チョコバナナのねぇ、美味しそうなのが,新しく出たみたいなの♪　ふふッ！, ,Mayu,"Chocolate bananas, man!","They apparently have a new one on the menu, and",I'm just itching to try it out! Heheh!,마유,맛있어 보이는 초코바나나 맛이,새로 나왔거든♪ 후훗!,,繭,巧克力香蕉的，,好像出了新口味看起來很好吃♪　呵呵！,,1,57,8,1,0,0,0,0,0,,Translated
1356,,　でこぼこにへこんだやかん, , ,,"It's an old, beat-up kettle.",,,,울퉁불퉁 찌그러진 주전자,,,,　凹凸不平的水壺,,,0,0,0,1,0,0,0,0,0,,Translated
1357,,　流しの棚が開いています。,　中には特に、何も入っていないようです。, ,,"The cabinet below the sink is ajar, but there",doesn't seem to be anything inside.,,,싱크대 선반이 열려 있습니다.,안에는 아무것도 들어 있지 않은 모양입니다.,,,　水槽下的櫃子打開著。,　裡面似乎沒有放什麼東西。,,0,0,0,1,0,0,0,0,0,,Translated
1358,,　カレンダーは、1975年11月18日まで,　×が付けられています……, ,,"Every date up through November 18th, 1975 is marked",off with an X.,,,달력은 1975년 11월 18일까지,×가 쳐져 있습니다......,,,　日曆直到1975年11月18日,　都畫上了×……,,0,0,0,1,0,0,0,0,0,,Translated
1359,,　棚の中にノートが置いてあります……, , ,,There's a notebook inside the cabinet.,,,,수납장 안에 노트가 놓여 있습니다......,,,,　櫃子裡放著筆記本……,,,0,0,0,1,0,0,0,0,0,,Translated
1360,,　用務員日誌：“監禁ツアー中止のお知らせ”, , ,Custodian's Log,'[Notice] Confinement Tour has been canceled., ,,,수위 일지 : “감금 투어 중지 알림”,,,,　校工日誌：「監禁之旅中止通知」,,,0,0,0,1,0,0,0,0,0,,Translated
1361,,“安全性が確保できなかっ＊ため中止致します,　既に監禁＊れた皆様にはお詫び致します,　皆様のご健勝をお祈りしております　用務員”,Custodian's Log,'The safety of the confined stud_nts could not be,guaranteed. Apologies to those who have alrea_y been,confined. I pray for your continued good health.',,“안전성이 확보되지 않* 중지합니다,이미 감금* 여러분에게 사과 드립니다,여러분의 건투를 빌겠습니다  수위”,,「因為無法確保安全＊所以中止,　對已經被監禁＊的各位致歉,　祝願各位健康　校工」,0,0,0,1,0,0,0,0,0,,Translated
1362,,,,,,,,,,,,,,,,,-1,0,0,1,0,0,0,0,0,,Translated
1363,,古いストーブがあります。,火は点きそうにありません。, ,,It's an old space heater that's seen better days.,,,,낡은 난로가 있습니다.,불은 붙지 않을 것 같습니다.,,,有舊爐子。似乎點不著火。,,,0,0,0,1,0,0,0,0,0,,Translated
1364,哲志,赤いワンピースの女の子……か。, , ,Satoshi,The girl in the red dress...huh...,,,사토시,빨간 원피스를 입은 소녀...... 라.,,,哲志,穿紅色連衣裙的女孩……嗎。,,,1,196,16,1,0,0,0,0,0,,Translated
1365,直美,私……見たかも。その子の霊。, , ,Naomi,"I think I may have seen her. Her ghost, anyway.",,,나오미,나...... 본 것 같아. 그 유령.,,,直美,我……可能看過。那個孩子的靈魂。,,,1,55,12,1,0,0,0,0,0,,Translated
1366,直美,世以子と一緒にいたとき……　暗い教室で、, , ,Naomi,When I was with Seiko...in one of the dark,classrooms...,,나오미,세이코랑 같이 있었을 때...... 어두운 교실에,,,直美,和世以子在一起的時候……在昏暗的教室裡，,,,1,56,12,1,0,0,0,0,0,,Translated
1367,直美,しゃがんで、じっと……　こっちを見てた。, , ,Naomi,"She was crouched down on the ground, and...",staring right at us...,,나오미,"웅크리고, 가만히...... 우릴 보고 있었어.",,,直美,蹲著，一動不動……　看著我們這邊。,,,1,57,12,1,0,0,0,0,0,,Translated
1368,哲志,……俺も、暗い廊下の影から見られていた……, , ,Satoshi,"I saw her too, in the shadows when Yuka and I were",walking through the hall earlier.,,사토시,...... 나도 어두운 복도 그림자에서 보고 있더라고......,,,哲志,……我也在昏暗走廊的影子裡被注視著……,,,1,197,16,1,0,0,0,0,0,,Translated
1369,直美,……なんか……あたし達を、見張っているみたい……, , ,Naomi,It's like she's keeping an eye on us...,,,나오미,...... 왠지...... 우릴 지켜보고 있는 것 같아......,,,直美,……總覺得……像是在監視我們……,,,1,58,12,1,0,0,0,0,0,,Translated
1370,哲志,保健室にあった古い新聞記事にも、,誘拐殺害事件の被害者の, ,Satoshi,We also found an old newspaper article in the,"nurse's office, about the Heavenly Host kidnapping",and murder case.,사토시,보건실에 있던 예전 신문 기사에도,유괴 살해 사건 피해자,,哲志,保健室裡的舊報紙上，,也有綁架殺害事件的受害者,,1,198,16,1,0,0,0,0,0,,Translated
1371,哲志,顔写真が載っていたが……,その中に、あの子もいたんだ。, ,Satoshi,There were photos of the four victims...and she was,one of them.,,사토시,얼굴 사진이 나와 있었는데......,거기에 그 애도 있었어.,,哲志,雖然有臉部照片……,其中也有那個孩子。,,1,199,16,1,0,0,0,0,0,,Translated
1372,哲志,……あの女の子の霊がサチコなのは、,間違いないと思う。, ,Satoshi,There's no doubt in my mind. That ghost girl we've,both seen is definitely Sachiko.,,사토시,...... 그 소녀 유령이 사치코인 건,틀림없을 거야.,,哲志,……那個女孩的靈魂是サチコ，,我想不會錯的。,,1,200,16,1,0,0,0,0,0,,Translated
1373,直美,だけど、こっちの記事の中では、,殺されずに生きていたって……, ,Naomi,But how is that possible? According to what we just,"saw, Sachiko wasn't killed. She survived...",,나오미,그런데 이 기사에는,죽지 않고 살아남았다고......,,直美,但是，這篇報導裡，,她沒有被殺而是活著……,,1,59,12,1,0,0,0,0,0,,Translated
1374,直美,この事件から生還したのなら、, , ,Naomi,And if that's the case...,,,나오미,이 사건에서 살아남았다면,,,直美,如果她是從這個事件中生還的話，,,,1,60,12,1,0,0,0,0,0,,Translated
1375,直美,成長して大人になっているはずだよね,……あたし達より、ずっと。, ,Naomi,...shouldn't she have grown up into a proper adult,"by now? She'd have to look older than us, at the",very least...,나오미,커서 어른이 되어야 하는데,"...... 우리보다, 훨씬.",,直美,應該已經長大成人了吧,……至少比我們大得多。,,1,61,12,1,0,0,0,0,0,,Translated
1376,直美,他の霊達と一緒に、子供の姿のまま、,幽霊になっているのは……, ,Naomi,"Staying behind in a place like this, in child form,",with the other victims...,,나오미,다른 유령들과 함께,어릴 때 모습 그대로인 건......,,直美,和其他靈魂一起，保持著孩子的模樣，,變成幽靈……,,1,62,12,1,0,0,0,0,0,,Translated
1377,直美,なんか……変じゃない？, , ,Naomi,"...just...doesn't make a whole lot of sense,",does it?,,나오미,뭔가...... 이상하지 않아?,,,直美,總覺得……很奇怪不是嗎？,,,1,63,12,1,0,0,0,0,0,,Translated
1378,哲志,ああ。……そこが辻褄の合わないところだが……, , ,Satoshi,"Yeah. That part bothers me, too.",,,사토시,그렇지...... 뭔가 앞뒤가 안 맞는데......,,,哲志,嗯。……那裡確實對不上……,,,1,201,16,1,0,0,0,0,0,,Translated
1379,哲志,恐らく、この事件の直後に何らかの要因で、, , ,Satoshi,"I'm guessing that shortly after the incident,",through some unrelated accident or something...,,사토시,아마 이 사건 직후에 어떠한 원인으로,,,哲志,恐怕，這個事件之後不久，因為某種原因，,,,1,202,16,1,0,0,0,0,0,,Translated
1380,哲志,やはり命を落としたんだろうな……, , ,Satoshi,...Sachiko lost her life as well.,,,사토시,목숨을 잃은 거겠지......,,,哲志,還是死去了吧……,,,1,203,16,1,0,0,0,0,0,,Translated
1381,哲志,サチコの霊に会えば……,このルポ記事じゃないが、もっと色々と, ,Satoshi,"If we can somehow meet up with her spirit, maybe",we can learn more about what happened.,,사토시,사치코의 영혼과 만나면......,이 르포 기사만큼은 아니지만,,哲志,如果遇到サチコ的靈魂……,雖然不是這篇報導，但能知道更多,,1,204,16,1,0,0,0,0,0,,Translated
1382,哲志,当時の事が解るかもな。, , ,Satoshi,"More than what was reported, at the very least.",,,사토시,당시 상황을 좀 더 자세히 알 수 있을 거야.,,,哲志,當時的事也說不定。,,,1,205,16,1,0,0,0,0,0,,Translated
1383,哲志,呪いだか何だか知らないが……,此処からみんなで出るために、, ,Satoshi,If it's the key to getting everybody out of here,safely...,,사토시,저주인지 뭔지는 모르겠지만......,다 함께 여기에서 나가기 위해,,哲志,雖然不知道是詛咒還是什麼……,但為了大家一起離開這裡，,,1,206,16,1,0,0,0,0,0,,Translated
1384,哲志,……この学校を出し抜く鍵が、,見つかるかも知れない。, ,Satoshi,"...I'll take my chances with this school's curse,",or whatever the hell it is.,,사토시,...... 이 학교를 빠져나갈 수 있는 열쇠가,있을지도 몰라.,,哲志,……也許能找到，,擺脫這所學校的關鍵。,,1,207,16,1,0,0,0,0,0,,Translated
1385,哲志,由香を見つけたら捜してみるか、あの子の霊も。, , ,Satoshi,"Once we find Yuka, what say we look for Sachiko",as well?,,사토시,"유카를 만나면 찾아볼까, 그 아이들 유령도.",,,哲志,找到由香之後也來找找那個孩子的靈魂吧。,,,1,208,16,1,0,0,0,0,0,,Translated
1386,直美,うん……心配。あれから全然、由香ちゃんの声が,聞こえないもの……, ,Naomi,Okay.,...Though I am worried. I haven't heard Yuka's voice,at all since before you found me.,나오미,응...... 걱정이야. 그 이래 유카 목소리가,전혀 안 들리는걸......,,直美,嗯……擔心。從那之後完全聽不到由香的聲音了……,,,1,64,12,1,0,0,0,0,0,,Translated
1387,哲志,ああ。なんとか別館に行かないと。, , ,Satoshi,Yeah. We need to find some means of getting back to,the other building...,,사토시,그래. 일단 별관에 가봐야겠어.,,,哲志,嗯。總之得想辦法去別館才行。,,,1,209,16,1,0,0,0,0,0,,Translated
1388,直美,！, , ,Naomi,Eep!,,,나오미,!,,,直美,！,,,1,65,12,1,0,0,0,0,0,,Translated
1389,哲志,う……っ、何だ、さっきまでの揺れと違う。, , ,Satoshi,Ulgh... What the hell?! This one feels completely,different from any of the others!,,사토시,"윽...... 뭐야, 지금까지의 진동과 달라.",,,哲志,嗚……、什麼，和剛才的搖晃不一樣。,,,1,210,16,1,0,0,0,0,0,,Translated
1390,直美,お、大きいよこれ……！　やだッ！, , ,Naomi,"Oh, God! It's a big one!!",,,나오미,"이, 이건 큰데......!  꺄악!",,,直美,這、這次很大啊……！　不要！,,,1,66,12,1,0,0,0,0,0,,Translated
1391,直美,校舎……　壊れちゃ……ッ……きゃぁ！, , ,Naomi,The school can't possibly...aaaagh!!,,,나오미,교사......  무너지......  읏...... 꺄아!,,,直美,校舍……　要壞掉……　……呀！,,,1,67,12,1,0,0,0,0,0,,Translated
1392,哲志,直美！　大丈夫か！？　つかまってろ、俺に！, , ,Satoshi,Naomi! Are you all right?! Hang on to me!,,,사토시,나오미!  괜찮아!?  날 꽉 붙잡아!,,,哲志,直美！　沒事吧！？　抓住我！,,,1,211,16,1,0,0,0,0,0,,Translated
1393,直美,う、うん！……, , ,Naomi,O-Okay!,,,나오미,"으, 응! ......",,,直美,呃、嗯！……,,,1,68,12,1,0,0,0,0,0,,Translated
1394,哲志,離すなよ。, , ,Satoshi,Don't let go.,,,사토시,놓지 마.,,,哲志,別放手。,,,1,212,16,1,0,0,0,0,0,,Translated
1395,直美,……（コクッ）, , ,Naomi,I won't!,,,나오미,...... (끄덕),,,直美,……（點頭）,,,1,69,12,1,0,0,0,0,0,,Translated
1396,哲志,何だ……なかなか収まらないな。, , ,Satoshi,Dammit... It just keeps going!,,,사토시,뭐야...... 좀처럼 잠잠해지지를 않네.,,,哲志,什麼……一直不停啊。,,,1,213,16,1,0,0,0,0,0,,Translated
1397,哲志,直美！！　ぐッ……！, , ,Satoshi,Naomi...!,GLGH!!,,사토시,나오미!!  으윽......!,,,哲志,直美！！　呃……！,,,1,0,0,1,0,0,0,0,1,,Translated
1398,直美,（！……天井の梁が）　……哲志！, , ,Naomi,(Ahh! It's a ceiling beam!),Satoshi...!,,나오미,(!  ...... 천장의 대들보가)    ...... 사토시!,,,直美,（！……天花板的橫樑）　……哲志！,,,1,70,12,1,0,0,0,0,0,,Translated
1399,直美,（―血！）,……哲志、哲志！　大丈……大丈夫！？, ,Naomi,(He's bleeding!),Satoshi? Satoshi?! Speak to me! Are you okay?!,,나오미,(피!),"...... 사토시, 사토시!  괜찮...... 괜찮아!?",,直美,（―血！）,……哲志、哲志！　沒事……沒事吧！？,,1,71,12,1,0,0,0,0,0,,Translated
1400,哲志,…………, , ,Satoshi,Urk...,,,사토시,............,,,哲志,…………,,,1,215,16,1,0,0,0,0,0,,Translated
1401,直美,やだ……哲志ーっ！, , ,Naomi,No... Satoshi!!,,,나오미,어머...... 사토시~!,,,直美,不要……哲志～！,,,1,72,12,1,0,0,0,0,0,,Translated
1402,哲志,……由…香……　ハッ…！, , ,Satoshi,Yu...ka... *urk*,,,사토시,...... 유... 카...... 핫...!,,,哲志,……由…香……　哈…！,,,1,225,16,1,0,0,0,0,0,,Translated
1403,哲志,夢か……　！　痛てっ……痛てて。, , ,Satoshi,Guess that was...just a dream...,URK!! Owww...,,사토시,꿈인가......  !  아얏...... 아야야.,,,哲志,是夢嗎……　！　好痛……好痛好痛。,,,1,226,16,1,0,0,0,0,0,,Translated
1404,哲志,何だ、頭が……　ズキズキするぞ。, , ,Satoshi,"Oolgh, my head...is throbbing...",,,사토시,"뭐야, 머리가...... 지끈거려.",,,哲志,什麼，頭……　陣陣作痛。,,,1,227,16,1,0,0,0,0,0,,Translated
1405,哲志,真っ暗だ……どうなったんだ一体？,大きな地震があって……, ,Satoshi,"It's pitch black, too...",What...happened? I remember there was a big,earthquake...,사토시,새까매...... 대체 어떻게 된 거야?,큰 지진이 있었고......,,哲志,一片漆黑……到底怎麼了？,有很大的地震……,,1,228,16,1,0,0,0,0,0,,Translated
1406,哲志,（ムニュッ）,ん？　何だ……手の下に何かある……, ,Satoshi,Hmm? What's this...?,There's something...in my hand...,,사토시,(뭉클),응?  뭐지...... 손 아래에 뭔가 있어......,,哲志,（軟軟的）,嗯？　什麼……手下面有什麼……,,1,229,16,3,0,0,0,0,0,,Translated
1407,哲志,（柔らかい……　何かの……肉……？！）,何だ……これは……！, ,Satoshi,(It's really tender...like some kind of...meat?!),What the hell am I...?!,,사토시,(부드러운데......  무슨...... 고기......?!),뭐야...... 이건......!,,哲志,（好柔軟……　像是……肉……？！）,什麼……這是……！,,1,230,16,1,0,0,0,0,0,,Translated
1408,直美,ん……, , ,Naomi,Rrrng...,,,나오미,응......,,,直美,嗯……,,,1,73,12,1,0,0,0,0,0,,Translated
1409,直美,んん……, , ,Naomi,Nnnnnnggg...,,,나오미,으응......,,,直美,嗯嗯……,,,1,74,12,1,0,0,0,0,0,,Translated
1410,哲志,……っ！？, , ,Satoshi,...?!,,,사토시,......!?,,,哲志,……！？,,,1,231,16,1,0,0,0,0,0,,Translated
1411,哲志,うわぁっ！, , ,Satoshi,UWAAGH!!,,,사토시,우와악!,,,哲志,哇啊！,,,1,232,16,1,0,0,0,0,0,,Translated
1412,哲志,……っ, , ,Satoshi,Ahh...uhh...I...,,,사토시,...... 읏,,,哲志,……,,,1,233,16,1,0,0,0,0,0,,Translated
1413,直美,……っ……　……哲志, , ,Naomi,Unnngggh... Satoshi...?,,,나오미,...... 읏...... 사토시,,,直美,……　……哲志,,,1,75,12,1,0,0,0,0,0,,Translated
1414,哲志,直美、すまない違うんだ。い……今のは、, , ,Satoshi,"Naomi! I'm so sorry! Please, don't misunderstand!",I didn't mean it!,,사토시,"나오미, 미안 방금 그건",,,哲志,直美對不起不是的。剛、剛才那是，,,,1,234,16,1,0,0,0,0,0,,Translated
1415,直美,哲志……　頭、大丈夫？, , ,Naomi,Satoshi... Is your head...okay...?,,,나오미,"사토시...... 머리, 괜찮아?",,,直美,哲志……　頭，沒事吧？,,,1,76,12,1,0,0,0,0,0,,Translated
1416,哲志,え……っ, , ,Satoshi,...Eh?,,,사토시,어......?,,,哲志,咦……,,,1,235,16,1,0,0,0,0,0,,Translated
1417,直美,さっき、梁が頭に落ちてきて……血が……, , ,Naomi,A beam fell on your head during the quake...and it,started bleeding...,,나오미,좀 전에 대들보가 머리로 떨어져서...... 피가......,,,直美,剛才，橫樑掉下來砸到你的頭……血……,,,1,77,12,1,0,0,0,0,0,,Translated
1418,直美,顔赤いけど……辛そうだね。,ありがと、庇ってくれて。, ,Naomi,Your face is...really red. I guess it must hurt...,Thank you...for shielding me.,,나오미,얼굴이 빨간데...... 힘들어 보이네.,"고마워, 감싸줘서.",,直美,臉雖然很紅……但看起來很痛。,謝謝你，保護了我。,,1,78,12,1,0,0,0,0,0,,Translated
1419,哲志,い、いやぁ、平気だ。,その……　血も、止まってるみたいだ。, ,Satoshi,"Uh, th-think nothing of it. And I'm fine! I'm not","bleeding anymore, at least...",,사토시,"아, 아니, 괜찮아.","그게...... 피도, 멈춘 것 같아.",,哲志,不、不客氣。,那個……　血，好像也止住了。,,1,236,16,1,0,0,0,0,0,,Translated
1420,直美,……そう……？, , ,Naomi,...You're not?,,,나오미,...... 그래......?,,,直美,……是嗎……？,,,1,79,12,1,0,0,0,0,0,,Translated
1421,哲志,――っ？, , ,Satoshi,...?,,,사토시,윽?,,,哲志,――？,,,1,237,16,1,0,0,0,0,0,,Translated
1422,田久地,凄い！　凄い！　何なんですかこれは！,何処なんですか此処は！, ,Taguchi,"Wow, this is incredible! What is this place?",Where are we?!,,타구치,굉장해! 굉장해! 이건 뭔가요!?,여긴 어딘가요!?,,田久地,好厲害！　好厲害！　這是什麼啊！,這裡是哪裡啊！,,1,159,20,1,0,0,0,0,0,,Translated
1423,鬼碑忌,落ち着くんだ！,……落ち着いて、しっかり撮ってくれ。, ,Kibiki,"Deep breaths, Taguchi. Stay calm, keep a steady hand",and don't stop filming.,,키비키,진정하게!,"...... 진정하고, 잘 찍게나.",,鬼碑忌,冷靜點！,……冷靜下來，好好拍攝。,,1,93,6,1,0,0,0,0,0,,Translated
1424,鬼碑忌,此処で目にしたものは、ひとつ残らず,記録するんだ！, ,Kibiki,I want every last detail captured on video.,Don't miss even a single speck on the wall!,,키비키,"여기에 있는 건, 남김 없이 모조리",기록하는 거야!,,鬼碑忌,在這裡看到的東西，一個不留,都要記錄下來！,,1,94,6,1,0,0,0,0,0,,Translated
1425,田久地,はい！　　　　　　　, , ,Taguchi,"Yes, sir!",,,타구치,네!,,,田久地,是！　　　　　　　,,,1,160,20,1,0,0,0,0,0,,Translated
1426,鬼碑忌,いいぞ……成功だ。絶対にこれで獲れる！, , ,Kibiki,Amazing... I can't believe it worked. This is sure,to get me the recognition I deserve!,,키비키,좋아...... 성공이군. 이걸로 따낼 수 있어!,,,鬼碑忌,好……成功了。絕對能靠這個獲獎！,,,1,95,6,1,0,0,0,0,0,,Translated
1427,鬼碑忌,これで……この映像で！,世のオカルトジャンルがひっくり返るぞ！, ,Kibiki,"With this footage...with this film, the occult genre",will be completely reborn!,,키비키,이걸로...... 이 영상으로!,세상의 오컬트 장르가 뒤집어질 거야!,,鬼碑忌,用這個……用這個影像！,世界的超自然領域將會翻轉！,,1,96,6,1,0,0,0,0,0,,Translated
1428,鬼碑忌,よし、早速ここで,【猟奇実話ルポ】第３回を書き始めよう。, ,Kibiki,All right. Let's get started. I think it's about,time I begin penning our third 'Strange But True',article.,키비키,"좋아, 당장 여기에서",【엽기 실화 르포】 제3회를 시작하도록 하지.,,鬼碑忌,好，立刻在這裡,開始寫【獵奇實錄報導】第三回。,,1,97,6,1,0,0,0,0,0,,Translated
1429,鬼碑忌,肌で体感している生のワードが、今なら書ける！,……よし！, ,Kibiki,Experiencing this place in the flesh should prove,a sufficient enough muse to get the words flowing.,,키비키,지금이라면 피부로 직접 느낀 생생한 글을 쓸 수 있어!,...... 좋아!,,鬼碑忌,親身體驗到的真實詞彙，現在就能寫！,……好！,,1,98,6,1,0,0,0,0,0,,Translated
1430,哲志,これは……この校舎の映像だな。, , ,Satoshi,"They're...in this school building, aren't they...",,,사토시,이건...... 이 교사 영상이지.,,,哲志,這是……這棟校舍的影像吧。,,,1,238,16,1,0,0,0,0,0,,Translated
1431,直美,……さっき哲志が入れたテープだよね、これ？, , ,Naomi,"This is that tape you put in earlier, right?",,,나오미,...... 좀 전에 사토시가 넣은 테이프지? 이거.,,,直美,……這是剛才哲志放進去的錄影帶吧？,,,1,80,12,1,0,0,0,0,0,,Translated
1432,哲志,ああ……カメラは、電源が,入らなかったはずだけど……, ,Satoshi,"Yeah... The camera didn't seem to work before,","though. No power, no batteries...",,사토시,"어...... 카메라는, 전원이",안 켜지는데......,,哲志,嗯……攝影機，本來應該,打不開電源才對……,,1,239,16,1,0,0,0,0,0,,Translated
1433,直美,このテープの持ち主が撮影したのかな……取材？, , ,Naomi,Looks like research footage taken by whoever it,was that brought it here.,,나오미,이 테이프의 주인이 촬영한 건가...... 취재?,,,直美,是這捲錄影帶的主人拍攝的嗎……採訪？,,,1,81,12,1,0,0,0,0,0,,Translated
1434,田久地,すごい……なんだこれ……,いたる所に落書きがある, ,Taguchi,"Man, this place is unbelievable. Everywhere you","look, there's something written down...",,타구치,굉장해...... 뭐야 이건......,곳곳에 낙서가 있어,,田久地,好厲害……這是什麼……,到處都有塗鴉,,1,161,20,1,0,0,0,0,0,,Translated
1435,田久地,“……死……ニ……タクナイ……？”,　おおっ……！　凄い……！, ,Taguchi,'I don't...want...to die'?,"Wooow, crazy stuff!",,타구치,“...... 죽...... 고...... 싶지 않아......?”,오옷......!  굉장해......!,,田久地,「……死……不……想……？」,　喔……！　好厲害……！,,1,162,20,1,0,0,0,0,0,,Translated
1436,鬼碑忌,気をつけるんだ、この学校については,まだデータが少ない。, ,Kibiki,Just be careful. We don't have a lot of data on this,place yet.,,키비키,"조심하게, 이 학교에 대한",데이터가 아직 부족해.,,鬼碑忌,要小心，關於這所學校,數據還很少。,,1,99,6,1,0,0,0,0,0,,Translated
1437,鬼碑忌,何が起こるか分らないぞ。,あまり触れない方がいい。, ,Kibiki,We have no idea what might happen here. It's best,not to touch anything.,,키비키,무슨 일이 일어날지 알 수가 없어.,별로 건드리지 않는 게 좋을 거야.,,鬼碑忌,不知道會發生什麼事。,最好不要亂碰。,,1,100,6,1,0,0,0,0,0,,Translated
1438,田久地,いやいや！　こんなオイシい画、,撮らなくてどうすんスか？, ,Taguchi,"Ehh, you're no fun! With such deliciously dark","scenery all around us, I have to at least take","in our surroundings, you know?",타구치,아니 아니!  이런 좋은 걸,안 찍으면 어쩌나요?,,田久地,不不！　這麼好的畫面,不拍怎麼行？,,1,163,20,1,0,0,0,0,0,,Translated
1439,鬼碑忌,ああ……　・　・　・　・　・, , ,Kibiki,I suppose you do...,,,키비키,아아..................,,,鬼碑忌,嗯………………,,,1,101,6,1,0,0,0,0,0,,Translated
1440,田久地,フゥー凄いな……　だけど先生、いいんですか？, , ,Taguchi,"Hooooo boy, do I ever! I just can't get enough!","...You think it was the right thing to do, though?",,타구치,"후우~ 굉장한걸......  그런데 선생님, 괜찮은가요?",,,田久地,呼～好厲害啊……　但是老師，沒關係嗎？,,,1,164,20,1,0,0,0,0,0,,Translated
1441,田久地,あの子……七星ちゃん置いて来ちゃって。, , ,Taguchi,Coming here without her? Without Naho?,,,타구치,그 애...... 나호를 두고 왔는데.,,,田久地,把那孩子……七星丟下不管了。,,,1,165,20,1,0,0,0,0,0,,Translated
1442,田久地,きっと怒りますよ、自分だけノケものにされたって。, , ,Taguchi,"She ain't gonna be too pleased! She'll be all like,",'Why do you guys always do the fun stuff without,me?!',타구치,"분명 화낼걸요, 자기만 따돌렸다고.",,,田久地,她一定會生氣的，說自己被排擠了。,,,1,166,20,1,0,0,0,0,0,,Translated
1443,鬼碑忌,……はは、そうだな。……だが、, , ,Kibiki,Heh... That sounds about right.,,,키비키,"...... 하하, 그렇겠지...... 하지만",,,鬼碑忌,……哈哈，說得也是。……但是，,,,1,102,6,1,0,0,0,0,0,,Translated
1444,鬼碑忌,今回は事情が違う。あの子を危険な目には、,遭わせられないよ。, ,Kibiki,But this is different from our previous excursions.,I can't justify putting her in danger like this.,,키비키,이번엔 사정이 달라. 그 애를,위험에 빠뜨릴 수는 없어.,,鬼碑忌,這次情況不同。不能讓她,置身於危險之中。,,1,103,6,1,0,0,0,0,0,,Translated
1445,田久地,まッ　そりゃそうですけどねー, , ,Taguchi,"Ehh, very true, but she's sure not gonna see it that",way.,,타구치,"뭐, 그건 그렇지만 말이죠~",,,田久地,話是這麼說沒錯啦～,,,1,167,20,1,0,0,0,0,0,,Translated
1446,田久地,本物……ですか？, , ,Taguchi,Is that...the real deal?,,,타구치,진짜...... 인가요?,,,田久地,是真的……嗎？,,,1,168,20,1,0,0,0,0,0,,Translated
1447,鬼碑忌,――の、ようだ……, , ,Kibiki,It...looks that way...,,,키비키,"그런 것, 같네......",,,鬼碑忌,――看起來是……,,,1,104,6,1,0,0,0,0,0,,Translated
1448,田久地,死体……死体！　う……ううう！,先生！　ヤバイですよ！　帰りましょう！, ,Taguchi,A dead body... An actual dead body!,"This is bad... Really, really bad. We gotta get",out of here!,타구치,사체...... 사체!  으...... 으으으!,선생님!  위험해요!  돌아가죠!,,田久地,屍體……屍體！　嗚……嗚嗚！,老師！　糟了！　我們回去吧！,,1,169,20,1,0,0,0,0,0,,Translated
1449,田久地,この娘の制服……新しいですよ！,僕らの時代の子ですよ！, ,Taguchi,Look at her uniform. It's from our era! It's...new!,,,타구치,이 애 교복...... 새 거예요!,우리 시대 아이라고요!,,田久地,這女孩的制服……是新的！,是我們這個時代的孩子！,,1,170,20,1,0,0,0,0,0,,Translated
1450,田久地,きっと全国で行方不明になっている子の何人かは, , ,Taguchi,I'm sure this place accounts for a whole bunch of,missing children reports...,,타구치,분명 전국에서 행방불명된 아이들 중 몇 명은,,,田久地,全國失蹤的那些孩子中一定有幾個,,,1,171,20,1,0,0,0,0,0,,Translated
1451,田久地,此処で朽ち果てているんですよ！,……ああ！　なんて所に来ちゃったんだ。, ,Taguchi,"And here they are, just rotting away!","Aaaahhh, what kind of hell have we stumbled into?!",,타구치,여기에서 죽은 거예요!,...... 아아!  어쩌다 이런 데 온 건지.,,田久地,是在這裡腐朽的啊！,……啊啊！　怎麼會來到這種地方。,,1,172,20,1,0,0,0,0,0,,Translated
1452,鬼碑忌,そうだな……　これ以上は危険か。, , ,Kibiki,You're right. We're in danger here.,,,키비키,그렇군......  더 이상 있는 건 위험해.,,,鬼碑忌,是啊……　再待下去太危險了。,,,1,105,6,1,0,0,0,0,0,,Translated
1453,田久地,早く！『逆打（さかう）ち』の方法を教えて下さい！, , ,Taguchi,"Glad we're in agreement. Now, you said you know a","way out, right?!",,타구치,어서! 『역타법』을 알려주세요!,,,田久地,快點！　請告訴我『逆打』的方法！,,,1,173,20,1,0,0,0,0,0,,Translated
1454,哲志,（……逆打ち……？）, , ,Satoshi,(...A way out...?),,,사토시,(...... 역타법......?),,,哲志,（……逆打……？）,,,1,240,16,1,0,0,0,0,0,,Translated
1455,鬼碑忌,ああ。教えていなかったっけな。方法は……, , ,Kibiki,"Ah yes, the way out. I forgot, I never did go over",that with you. It's--,,키비키,아아. 알려주지 않았었군. 방법은......,,,鬼碑忌,嗯。沒告訴過你嗎。方法是……,,,1,0,0,1,0,0,0,20,0,,Translated
1456,田久地,ヒィィィィッ！, , ,Taguchi,--AAAAAGHH!!,,,타구치,히이이이익!,,,田久地,咿～～～～！,,,1,0,0,1,0,0,0,6,0,,Translated
1457,鬼碑忌,どうした！？, , ,Kibiki,What's wrong?!,,,키비키,무슨 일인가!?,,,鬼碑忌,怎麼了！？,,,1,0,0,1,0,0,0,0,0,,Translated
1458,田久地,声が……声が聞こえるんです！,子供の声……子供の声が……, ,Taguchi,I heard a voice...a child's voice! Children's,voices!,,타구치,목소리가...... 목소리가 들려요!,어린아이 목소리...... 어린아이 목소리가......,,田久地,有聲音……聽到了聲音！,小孩的聲音……小孩的聲音……,,1,175,20,1,0,0,0,0,0,,Translated
1459,鬼碑忌,本当か……！？,　・　・　・　・　・, ,Kibiki,Seriously?!,,,키비키,정말인가......!?,      ·      ·      ·      ·      ·,,鬼碑忌,真的嗎……！？　・　・　・　・　・,,,1,107,6,1,0,0,0,0,0,,Translated
1460,田久地,ほら！　ほら聞こえる。,何ですかこれ！, ,Taguchi,Listen! Listen!! Can't you hear them?! Where the,hell are they coming from?!,,타구치,봐요! 들리죠.,뭔가요 이건!,,田久地,你看！　你聽到了吧。,這是什麼啊！,,1,176,20,1,0,0,0,0,0,,Translated
1461,鬼碑忌,落ち着くんだ！　いいか、私には聞こえない。, , ,Kibiki,"Calm down. I'm listening, but I don't hear anything.",,,키비키,"진정하게!  알겠나, 나에겐 들리지 않아.",,,鬼碑忌,冷靜點！　聽好了，我什麼都沒聽到。,,,1,108,6,1,0,0,0,0,0,,Translated
1462,鬼碑忌,子供の声とは何人だ？　男児か？　女児か？, , ,Kibiki,How many voices are there? Are they boys? Girls?,,,키비키,아이 목소리는 몇 명인가?  남자아이인가?  여자아이인가?,,,鬼碑忌,小孩的聲音有幾個人？　是男孩？　女孩？,,,1,109,6,1,0,0,0,0,0,,Translated
1463,田久地,あああああ……, , ,Taguchi,Aaaaaaa-aaaaaa-aaaaaaaaaahhhhhh...,,,타구치,아아아아아......,,,田久地,啊啊啊啊……,,,1,177,20,1,0,0,0,0,0,,Translated
1464,田久地,――生！　鬼碑忌先生！　今何か……！,今何かいましたよ！, ,Taguchi,Mr. Kibiki! Mr. Kibiki!,"There was something there...right there, just a few",seconds ago!,타구치,――생님!  키비키 선생님!  방금 뭔가......!,방금 뭔가 있었어요!,,田久地,――老師！　鬼碑忌老師！　剛才有什麼……！,剛才有什麼東西在那裡！,,1,178,20,1,0,0,0,0,0,,Translated
1465,鬼碑忌,何処だね！, , ,Kibiki,Where?!,,,키비키,어딘가!,,,鬼碑忌,在哪裡！,,,1,110,6,1,0,0,0,0,0,,Translated
1466,田久地,こっちです！　こっち！, , ,Taguchi,There! Right over there!,,,타구치,여기에요! 여기!,,,田久地,在這裡！　這裡！,,,1,179,20,1,1,0,0,0,0,,Translated
1467,田久地,！, , ,Taguchi,Ahh...!,,,타구치,!,,,田久地,！,,,1,180,20,1,0,0,0,0,0,,Translated
1468,田久地,君！　待て……待ってくれ！, , ,Taguchi,"Hey, you! Wait! Stop!",,,타구치,거기 너!  기다...... 기다려!,,,田久地,喂！　等等……等等我！,,,1,0,0,1,0,0,0,21,0,,Translated
1469,田久地,待っ……, , ,Taguchi,Hold u--,,,타구치,기......,,,田久地,等……,,,1,0,0,1,0,0,0,6,0,,Translated
1470,田久地,ぐッ, , ,Taguchi,--ULGH!!,,,타구치,윽,,,田久地,呃,,,1,0,0,1,0,0,0,0,0,,Translated
1471,鬼碑忌,……大丈夫か！, , ,Kibiki,Are you all right?!,,,키비키,...... 괜찮나!,,,鬼碑忌,……沒事吧！,,,1,111,6,1,0,0,0,0,0,,Translated
1472,田久地,っグ……すみません。何か踏んで……　,カメラ、無事ですか？, ,Taguchi,Oof... I'm really sorry. I stepped on something,and...the camera! Is it all right?!,,타구치,윽...... 죄송합니다.,뭔가 밟아서...... 카메라는 괜찮은가요?,,田久地,……對不起。踩到了什麼……　,攝影機，沒事吧？,,1,184,20,1,0,0,0,0,0,,Translated
1473,鬼碑忌,ああ, , ,Kibiki,Seems to be.,,,키비키,그래,,,鬼碑忌,嗯,,,1,112,6,1,0,0,0,0,0,,Translated
1474,田久地,ッ！？　……ウアアアアアーーーッ！！,ウアアアアアーーーッ！！, ,Taguchi,...?,UUWAAAAAAAAGGGGHH!!,AAAAAAAAAAAAGGGGGGGGHHHHHHHHH!!,타구치,윽!?  ...... 우아아아아악~~~!!,우아아아아악~~~!!,,田久地,！？　……嗚啊啊啊啊～～！！,嗚啊啊啊啊～～！！,,1,185,20,1,0,0,0,0,0,,Translated
1475,鬼碑忌,……！？, , ,Kibiki,...?!,,,키비키,......!?,,,鬼碑忌,……！？,,,1,113,6,1,0,0,0,0,0,,Translated
1476,田久地,アアアアアアーーーーッッ！！, , ,Taguchi,AAAAAAHAAAHAAAAAAAAAAAAGGGHHH!!,,,타구치,아아아아아악~~~~!!,,,田久地,啊啊啊啊啊啊～～！！,,,1,186,20,1,1,0,0,0,0,,Translated
1477,鬼碑忌,田久地君！　何処へ行くんだ！, , ,Kibiki,Taguchi! Where are you going?!,,,키비키,타구치 군!  어디 가는 건가!,,,鬼碑忌,田久地君！　你要去哪裡！,,,1,114,6,1,0,0,0,0,0,,Translated
1478,鬼碑忌,――！　テープがもうない。,替えのテープは……, ,Kibiki,"...Dammit, the tape's almost full. Where'd he put",our blanks?!,,키비키,!!  테이프가 없어.,다음 테이프는......,,鬼碑忌,――！　錄影帶沒了。,備用錄影帶……,,1,115,6,1,0,0,0,0,0,,Translated
1479,哲志,……終わりか？, , ,Satoshi,Guess that's the end.,,,사토시,...... 끝인가?,,,哲志,……結束了嗎？,,,1,241,16,1,0,0,0,0,0,,Translated
1480,直美,何だろう、『逆打ち』って。, , ,Naomi,I wonder what this 'way out' might be...,,,나오미,"뭐지, 『역타법』은.",,,直美,『逆打』，是什麼呢。,,,1,82,12,1,0,0,0,0,0,,Translated
1481,哲志,帰る為の方法、と言っていたな。,肝心な所がなかったけど……, ,Satoshi,"Just what it sounds like, I imagine. Unfortunately,",the recording was a bit lacking in details...,,사토시,"돌아가기 위한 방법, 이라고 했었지.",중요한 부분이 없었는데......,,哲志,說是回去的方法。,雖然關鍵的部分沒有……,,1,242,16,1,0,0,0,0,0,,Translated
1482,直美,続き、あるかも！　由香ちゃん見つけたら、,テープも探してみよう？, ,Naomi,"The reporter was looking for blank tapes, though,",so there's probably a followup. After we rejoin,"with Yuka, let's make finding that a priority.",나오미,이 다음도 있을 거야!  유카를 찾으면,테이프도 찾아볼래?,,直美,也許有續集！　找到由香之後，,也找找錄影帶吧？,,1,83,12,1,0,0,0,0,0,,Translated
1483,哲志,ああ、……だな。よし、別館へ行く方法を探そう。, , ,Satoshi,Yeah... Sounds like a plan to me.,"All right! For now, let's just see about getting",to that second building...,사토시,"그래...... 야겠지.  좋아, 별관으로 갈 방법을 찾아보자.",,,哲志,嗯，……也是。好，找去別館的方法吧。,,,1,243,16,1,0,0,0,0,0,,Translated
1484,哲志,駄目だ、このカメラ……,ＴＶにくっついて離れない。, ,Satoshi,Uuurgh...,Guess we leave the camera. It's pretty much stuck,to the TV.,사토시,"틀렸어, 이 카메라......",TV에 붙어서 안 떨어져.,,哲志,不行，這台攝影機……,黏在電視上拿不下來。,,1,0,0,1,0,0,0,0,0,,Translated
1485,直美,そう……持ち歩けたら、テープすぐ観られるのにね。, , ,Naomi,"Not exactly ideal, since it means we'll have to come",back here to watch the next tape...,,나오미,그래...... 가지고 다니면 테이프를 바로 볼 수 있을 텐데.,,,直美,是嗎……要是能帶著走，就能馬上看了呢。,,,1,84,12,1,0,0,0,0,0,,Translated
1486,哲志,（あのふすまから、何かにおうな・・・・。）, , ,Satoshi,(Something in that closet really reeks...),,,사토시,"( 저 장지문에서, 무슨 냄새가 나는데......)",,,哲志,（那個紙門裡，傳來什麼味道……）,,,1,0,0,1,0,0,0,0,0,,Translated
1487,,カメラはＴＶにくっついていて、取れそうにありません。, , ,,"There's a camcorder stuck to the top of the TV, but","try as you might, you can't seem to remove it.",,,카메라는 TV에 붙어서 떨어지지 않습니다.,,,,攝影機黏在電視上，似乎拿不下來。,,,0,0,0,1,0,0,0,0,0,,Translated
1488,哲志,由香、さっきのテープ、貸してくれるか？, , ,Satoshi,"Yuka, can I have that tape you found?",,,사토시,"유카, 좀 전에 그 테이프, 좀 줘 볼래?",,,哲志,由香，剛才的錄影帶，能借我嗎？,,,1,53,17,1,0,0,0,0,0,,Translated
1489,由香,うん……, , ,Yuka,Okay.,,,유카,응......,,,由香,嗯……,,,1,30,29,1,0,0,0,0,0,,Translated
1490,哲志,よし……入れてみるぞ……, , ,Satoshi,All right... Here goes nothing.,,,사토시,좋아...... 넣어보자......,,,哲志,好……試試看……,,,1,54,17,1,0,0,0,0,0,,Translated
1491,鬼碑忌,ハァ……ハァ……ハァ……,ハァ……ハァ……ハァ……, ,Kibiki,*broken breathing*,,,키비키,하아...... 하아...... 하아......,하아...... 하아...... 하아......,,鬼碑忌,哈啊……哈啊……哈啊……,哈啊……哈啊……哈啊……,,1,155,6,1,0,0,0,0,0,,Translated
1492,鬼碑忌,ひとりになってはいけない。,ひとりになってはいけない。, ,Kibiki,I shouldn't be alone...,I shouldn't be alone...,,키비키,혼자 있어서는 안 된다.,혼자 있어서는 안 된다.,,鬼碑忌,不能一個人獨處。,不能一個人獨處。,,1,156,6,1,0,0,0,0,0,,Translated
1493,鬼碑忌,死んではいけない。　絶望してはいけない。, , ,Kibiki,I can't just die...,I can't lose hope...,,키비키,죽어서는 안 된다.  절망해서는 안 된다.,,,鬼碑忌,不能死。　不能絕望。,,,1,157,6,1,0,0,0,0,0,,Translated
1494,鬼碑忌,これを見ているあなたに、, , ,Kibiki,If anyone's watching this tape...,,,키비키,이걸 보고 있는 당신에게,,,鬼碑忌,給正在看這個的你，,,,1,158,6,1,0,0,0,0,0,,Translated
1495,鬼碑忌,ここから脱出する、『逆打ち』の方法を残しておく。, , ,Kibiki,"...there's a way out, and I'm going to tell you what",it is right now.,,키비키,여기에서 탈출할 『역타법』을 남겨 둔다.,,,鬼碑忌,留下從這裡逃脫的『逆打』方法。,,,1,159,6,1,0,0,0,0,0,,Translated
1496,鬼碑忌,【サチコのまじない】を正順法同様に、,人数にサチコを加え（＋１）た回数唱え,ちぎった型代の切れ端同士をくっつけるのだ。,Kibiki,You need to perform the Sachiko ritual correctly.,"Say the line one time for each person, then one more","for Sachiko, and put all your paper scraps together.",키비키,【사치코의 주술】을 정순법대로,사람수에 사치코를 더한(+1) 횟수만큼 말하고,찢었던 조각을 맞대는 것이다.,鬼碑忌,【サチコ的詛咒】和正順法一樣，,唸誦人數加上サチコ（＋１）的次數，,然後把撕下的紙片碎片拼在一起。,1,160,6,1,0,0,0,0,0,,Translated
1497,,,,,,,,,,,,,,,,,-1,160,6,1,0,0,0,0,0,,Translated
1498,鬼碑忌,……っ, , ,Kibiki,...!,,,키비키,...... 윽,,,鬼碑忌,……,,,1,161,6,1,0,0,0,0,0,,Translated
1499,鬼碑忌,……しなければよかった……, , ,Kibiki,I wish I'd never done it...,,,키비키,...... 하지 말았어야 했어......,,,鬼碑忌,……不該做的……,,,1,162,6,1,0,0,0,0,0,,Translated
1500,鬼碑忌,来なければよかった……, , ,Kibiki,I wish I'd never come here...,,,키비키,오지 말았어야 했어......,,,鬼碑忌,不該來的……,,,1,163,6,1,0,0,0,0,0,,Translated
1501,鬼碑忌,……君があんなことに……, , ,Kibiki,...How could you... How could you...?!,,,키비키,...... 네가 그렇게......,,,鬼碑忌,……妳竟然變成那樣……,,,1,164,6,1,0,0,0,0,0,,Translated
1502,七星,ゼンゼ……, , ,Naho,K i b i k i . . .,,,나호,선생님......,,,七星,老　師……,,,1,131,9,1,0,0,0,0,0,,Translated
1503,七星,＊＊＊＊エエェェェェ＊＊＊ェェェエェ！！, , ,Naho,K I I I B I I I K I I I ! ! !,,,나호,* * * * 니이이이이임 * * * 니이이이임!!,,,七星,＊＊＊＊老老老老＊＊＊老老老！！,,,1,0,0,1,0,0,0,13,0,,Translated
1504,鬼碑忌,！　……ううううぅぅぅぅ……！, , ,Kibiki,Uuuulllggghh...,,,키비키,!  ...... 으으으으으으으으......!,,,鬼碑忌,！　……嗚嗚嗚嗚嗚……！,,,1,0,0,1,0,0,0,0,1,,Translated
1505,七星,＊＊＊＊＊ェェェェェェェーーーッ！, , ,Naho,K I I I I B I I I I K I I I I ! ! ! !,,,나호,* * * * * 이이이이이이임~~~!,,,七星,＊＊＊＊＊老老老老老老～～～！,,,1,0,0,1,0,0,0,9,0,,Translated
1506,鬼碑忌,ひッ！　ヒィィィィィッ！, , ,Kibiki,No... NOOOO!!,,,키비키,힉!  히이이이이익!,,,鬼碑忌,嚇！　咿～～～～！,,,1,0,0,1,0,0,0,0,1,,Translated
1507,七星,センセ……ェ……センセ……ェェェ, , ,Naho,K i b i k i . . .,    K i . . . b i . . . k i . . .,,나호,선생...... 님...... 선생...... 니임,,,七星,老　師……　老……師……老老,,,1,0,0,1,0,0,0,24,0,,Translated
1508,鬼碑忌,！！,アアッ！　ウアアァ！　七星く！,アアアアァァァァーーー！！！,Kibiki,"AAAAAAGGGH!! NAHO, DON'T!! NO!!",NOOO!! NOOOOOOOOOOOOOOGGGGHHHHH--!!,,키비키,!!,아악! 우아아아! 나호 구!,아아아아아아아아~~~!!!,鬼碑忌,！！,啊啊！　嗚啊啊！　七星！,啊啊啊啊啊啊～～！！！,1,0,0,1,0,0,0,21,0,,Translated
1509,由香,きゃっ！, , ,Yuka,Eep!,,,유카,꺅!,,,由香,呀！,,,1,0,0,1,0,0,0,0,0,,Translated
1510,哲志,由香！　大丈夫か？, , ,Satoshi,Yuka! Are you all right?!,,,사토시,유카! 괜찮아?,,,哲志,由香！　沒事吧？,,,1,55,17,1,0,0,0,0,0,,Translated
1511,由香,うん……大丈夫。　当たらなかったよ。, , ,Yuka,Yeah... I'm okay.,...It missed me.,,유카,응...... 괜찮아. 안 맞았어.,,,由香,嗯……沒事。　沒有打到。,,,1,32,29,1,0,0,0,0,0,,Translated
1512,哲志,ふぅ、そうか。, , ,Satoshi,Whew... Glad to hear it.,,,사토시,"후우, 그래.",,,哲志,呼、是嗎。,,,1,56,17,1,0,0,0,0,0,,Translated
1513,直美,ねぇ哲志、いまの映像……, , ,Naomi,Umm... Satoshi?,Wasn't that footage...?,,나오미,"저기 사토시, 방금 그 영상......",,,直美,喂哲志，剛才的影像……,,,1,135,12,1,0,0,0,0,0,,Translated
1514,哲志,ああ……　この部屋で撮られたものだな。, , ,Satoshi,Yeah. It was definitely taken in this room.,,,사토시,그래......  이 방에서 찍은 거야.,,,哲志,嗯……　是在這個房間拍攝的。,,,1,57,17,1,0,0,0,0,0,,Translated
1515,,カメラはＴＶにくっついていて、取れそうにありません。, , ,,"There's a camcorder stuck to the top of the TV, but","try as you might, you can't seem to remove it.",,,카메라는 TV에 붙어서 떨어지지 않습니다.,,,,攝影機黏在電視上，似乎拿不下來。,,,0,0,0,1,0,0,0,0,0,,Translated
1516,哲志,ん……なんだ、これ？, , ,Satoshi,Hmm? What's this?,,,사토시,"음...... 뭐지, 이건?",,,哲志,嗯……什麼，這個？,,,1,167,17,1,0,0,0,0,0,,Translated
1517,,……押入れの七星と鬼碑忌の死体の上に、,いつの間にか茶色の封筒が乗せられています。, ,,A brown envelope is resting prominently atop the,bodies of Naho and Kibiki. It definitely wasn't,there before.,,...... 벽장 안에 있는 나호와 키비키의 사체 위에,언제 뒀는지 모를 갈색 봉투가 놓여 있습니다.,,,……壁櫥裡七星的屍體和鬼碑忌的屍體上，,不知何時放著一個棕色信封。,,0,0,0,1,0,0,0,0,0,,Translated
1518,哲志,（暗くてよく見えないな……,　部屋の外に出て、見てみよう）, ,Satoshi,(Too dark to see what's in it here. Let's step,outside and take a look.),,사토시,(어두워서 잘 안 보이는데......,밖에 나가서 봐야겠다),,哲志,（太暗看不清楚……,到房間外面看看吧）,,1,0,0,1,0,0,0,0,0,,Translated
1519,哲志,っ……中に、写真が入っている……？, , ,Satoshi,It's...a photograph.,,,사토시,어...... 안에 사진이 들어 있네......?,,,哲志,……裡面，有照片……？,,,1,168,17,1,0,0,0,0,0,,Translated
1520,直美・哲志,――！,！　……うわっ……！, ,Naomi & Satoshi,Ahh...!,,,나오미·사토시,!!,!  ...... 우왓......!,,直美・哲志,――！,！　……哇……！,,1,0,0,1,0,0,0,10,0,,Translated
1521,哲志,うわあああぁぁぁぁ！！！, , ,Satoshi,UWAAAAAAAAAGGGHHH!!,,,사토시,우와아아아아아아아!!!,,,哲志,哇啊啊啊啊啊啊！！！,,,1,0,0,1,0,0,0,0,0,,Translated
1522,直美,うそ……うそでしょ……, , ,Naomi,"No... No, it can't be...",,,나오미,거짓말...... 거짓말이지......,,,直美,騙人……騙人的吧……,,,1,242,12,1,0,0,0,0,0,,Translated
1523,,……封筒には、変わり果てた由香を写した、,写真が入っていました……, ,,The photograph in the envelope clearly depicts Yuka.,And she doesn't look well.,,,...... 봉투에는 아주 변해 버린 유카를 찍은,사진이 들어 있습니다......,,,……信封裡，放著一張拍下了面目全非的由香的照片……,,,0,0,0,1,0,0,0,0,0,,Translated
1524,哲志,うわあぁぁぁぁ！　……うそだ！……うそだ！！, , ,Satoshi,AAAAAAAAAAAAAAAAAAAAGGGGGGHHHHH!!,"No... No, please...",,사토시,우와아아아아아!  ...... 거짓말! ...... 거짓말이야!!,,,哲志,哇啊啊啊啊啊！　……騙人！……騙人！！,,,1,170,17,1,0,0,0,0,0,,Translated
1525,直美,きゃっ……！, , ,Naomi,Eek...!,,,나오미,꺅......!,,,直美,呀……！,,,1,136,12,1,0,0,0,0,0,,Translated
1526,哲志,うッ……！　この臭いか、最初に感じた異臭はっ, , ,Satoshi,"Ullgh... God, that smell...",Sad that I recognize it...,,사토시,"윽......!  이 냄새가, 처음에 느낀 그 냄새였나",,,哲志,嗚……！　這個臭味，一開始聞到的異臭是,,,1,58,17,1,0,0,0,0,0,,Translated
1527,哲志,白骨死体だ……　服装から、さっきの映像の,鬼碑忌って人と……, ,Satoshi,"It's the smell of decay. Based on the clothes,",I think we just found Mr. Kibiki...,,사토시,"백골 사체다...... 복장을 보면, 조금 전 영상에 나온",키비키란 사람과......,,哲志,是白骨屍體……　從服裝來看，是剛才影像中的,那個叫鬼碑忌的人……,,1,59,17,1,0,0,0,0,0,,Translated
1528,直美,女の子の制服は、私がさっき会った,幽霊の女の子のだよ……, ,Naomi,And the girl with him is wearing the same uniform,as that spirit I saw...,,나오미,"교복을 입은 여자는, 내가 좀 전에 만났던",유령 소녀야......,,直美,穿女生制服的是，我剛才遇到的,幽靈女孩……,,1,137,12,1,0,0,0,0,0,,Translated
1529,哲志,俺も職員室で話した女子だ……,篠崎が言ってた、七星って子かも知れないな。, ,Satoshi,"I spoke with her too, in the staff room. I guess",these are the remains of that girl Shinozaki was,"telling us about... Naho, was it?",사토시,나도 교무실에서 얘길 나눴던 여자야......,시노자키가 말했던 나호란 애일지도 몰라.,,哲志,我也在職員室和她說過話……,可能是篠崎說過的，叫七星的孩子吧。,,1,60,17,1,0,0,0,0,0,,Translated
1530,直美,…………, , ,Naomi,...,,,나오미,............,,,直美,…………,,,1,138,12,1,0,0,0,0,0,,Translated
1531,哲志,どうした？, , ,Satoshi,What's wrong?,,,사토시,왜 그래?,,,哲志,怎麼了？,,,1,61,17,1,0,0,0,0,0,,Translated
1532,直美,哲志……　奥に……押入れの奥に、何かない？, , ,Naomi,Satoshi... Is there...anything farther in?,"Like, in the back of the closet?",,나오미,"사토시...... 안에...... 벽장 안에, 뭔가 없어?",,,直美,哲志……　裡面……壁櫥裡面，有沒有什麼？,,,1,139,12,1,0,0,0,0,0,,Translated
1533,哲志,？, , ,Satoshi,Hmm?,,,사토시,?,,,哲志,？,,,1,62,17,1,0,0,0,0,0,,Translated
1534,哲志,何もないぞ……？, , ,Satoshi,...I don't see anything...,,,사토시,아무것도 없는데......?,,,哲志,什麼都沒有……？,,,1,63,17,1,0,0,0,0,0,,Translated
1535,直美,もっと奥のほう、よく見て。,……壁に、隙間がない？, ,Naomi,"No, all the way in the back corner. Look closely.","Isn't there, like...a gap in the wall?",,나오미,저 안쪽을 잘 봐.,"...... 벽에, 틈 없어?",,直美,再裡面一點，仔細看。,……牆壁上，有沒有縫隙？,,1,140,12,1,0,0,0,0,0,,Translated
1536,哲志,？, , ,Satoshi,Hmmmm...?,,,사토시,?,,,哲志,？,,,1,64,17,1,0,0,0,0,0,,Translated
1537,哲志,！　あるぞ。奥に、もう一個部屋がある。, , ,Satoshi,Ah! There is! Holy crap... There's a whole other,room back here!,,사토시,"!  있어. 안에, 방이 하나 더 있어.",,,哲志,！　有。裡面，還有一個房間。,,,1,65,17,1,0,0,0,0,0,,Translated
1538,直美,……, , ,Naomi,...,,,나오미,......,,,直美,……,,,1,141,12,1,0,0,0,0,0,,Translated
1539,哲志,お前、何で知ってるんだ？, , ,Satoshi,How...could you possibly have known about that?,,,사토시,"너, 어떻게 안 거야?",,,哲志,妳怎麼會知道的？,,,1,66,17,1,0,0,0,0,0,,Translated
1540,直美,私もわかんない……　ただ、そんな気がしたの。, , ,Naomi,I'm honestly not sure myself. I just...,had a feeling.,,나오미,"나도 몰라...... 그냥, 그럴 거 같았어.",,,直美,我自己也不知道……　只是，有那種感覺。,,,1,142,12,1,0,0,0,0,0,,Translated
1541,由香,……？, , ,Yuka,...?,,,유카,......?,,,由香,……？,,,1,33,29,1,0,0,0,0,0,,Translated
1542,哲志,……とにかく、調べてみるか。大丈夫か？　由香。, , ,Satoshi,"Either way, we should take a closer look.","Are you okay to keep going, Yuka?",,사토시,...... 어쨌든 찾아보자. 괜찮아? 유카.,,,哲志,……總之，調查看看吧。沒事吧？　由香。,,,1,67,17,1,0,0,0,0,0,,Translated
1543,由香,う、うん……, , ,Yuka,Y-Yeah...,,,유카,"으, 응......",,,由香,呃、嗯……,,,1,34,29,1,0,0,0,0,0,,Translated
1544,哲志,二人の白骨死体があるから……,踏まないように気をつけろよ。, ,Satoshi,Watch out for the two bodies.,Try not to...step on them...,,사토시,백골 사체가 둘 있으니까......,밟지 않도록 조심해.,,哲志,因為有兩具白骨屍體……,小心不要踩到。,,1,68,17,1,0,0,0,0,0,,Translated
1545,直美,ええ……, , ,Naomi,I'll try.,,,나오미,응......,,,直美,嗯……,,,1,143,12,1,0,0,0,0,0,,Translated
1546,由香,真っ暗……, , ,Yuka,It's so dark...,,,유카,새까매......,,,由香,一片漆黑……,,,1,35,29,1,0,0,0,0,0,,Translated
1547,直美,大丈夫？　手、繋いでてあげるよ。, , ,Naomi,"You all right? Here, take my hand.",,,나오미,괜찮아? 손 잡아줄게.,,,直美,沒事吧？　我牽著妳的手。,,,1,144,12,1,0,0,0,0,0,,Translated
1548,由香,うん。,……直美お姉ちゃん、優しい。, ,Yuka,Okay.,"Thank you, Naomi. You're very kind.",,유카,응.,"...... 나오미 언니, 상냥하다.",,由香,嗯。,……直美姊姊，好溫柔。,,1,36,29,1,0,0,0,0,0,,Translated
1549,直美,ふふっ, , ,Naomi,Heehee...,,,나오미,후훗,,,直美,呵呵,,,1,145,12,1,0,0,0,0,0,,Translated
1550,あゆみ,いやああああああぁ殺さないで！,殺さないで！　きゃああぁぁぁ！！！, ,Ayumi,"NOOOOOOO!! PLEASE, DON'T KILL ME!!","DON'T KILL ME, PLEASE!! NOOOOOOOOOOOO!!",,아유미,꺄아아아아아아아아 죽이지 마!,죽이지 마!  꺄아아아아아!!!,,あゆみ,不要啊啊啊啊啊不要殺我！,不要殺我！　呀啊啊啊啊！！！,,1,62,2,1,0,0,0,0,0,,Translated
1551,良樹,篠崎！　篠崎しっかりしろ。, , ,Yoshiki,"Shinozaki! Shinozaki, snap out of it!",,,요시키,시노자키!  시노자키 정신 차려.,,,良樹,篠崎！　篠崎醒醒。,,,1,199,24,1,0,0,0,0,0,,Translated
1552,あゆみ,あああああ！, , ,Ayumi,AAAAaaahh...Aaaaa-aaaaaggghhh!!,,,아유미,아아아아아!,,,あゆみ,啊啊啊啊！,,,1,0,0,1,0,0,0,10,0,,Translated
1553,良樹,って！, , ,Yoshiki,RLGGH!!,,,요시키,아!,,,良樹,啊！,,,1,200,24,1,0,0,0,0,0,,Translated
1554,あゆみ,ハァッ！ ハァッ！ ハァッ！ ハァッ！,ッゲホッ, ,Ayumi,*gasp* *pant* *wheeze* *cough*,,,아유미,하악! 하악! 하악! 하악!,쿨럭,,あゆみ,哈啊！ 哈啊！ 哈啊！ 哈啊！,咳噗,,1,64,2,1,0,0,0,0,0,,Translated
1555,あゆみ,ゼー、ハァー　ゼー、ハァー　ごふっ, , ,Ayumi,*wheeze* *wheeze* *sputter* *cough*,,,아유미,히익~ 하아~ 히익~ 하악~ 쿨럭,,,あゆみ,嘶～、哈啊～　嘶～、哈啊～　咳,,,1,65,2,1,0,0,0,0,0,,Translated
1556,良樹,篠崎……！　大丈夫か？, , ,Yoshiki,Shinozaki... *urk* ...Are you all right?,,,요시키,시노자키......!  괜찮아?,,,良樹,篠崎……！　沒事吧？,,,1,201,24,1,0,0,0,0,0,,Translated
1557,あゆみ,フぅッ、フぅッ、フぅッ……,う……ううぅぅ……！, ,Ayumi,*pant* *pant* *gulp* *sob*,,,아유미,"학, 학, 학......",으...... 으으으으......!,,あゆみ,呼、呼、呼……,嗚……嗚嗚嗚……！,,1,66,2,1,0,0,0,0,0,,Translated
1558,あゆみ,ひうああああああー、あああぁぁあぁーっ……！, , ,Ayumi,Waaaaaaaaaaaaaaahhh...,Aaaaaaaaaaaaaaaggggghhh...,,아유미,으아아아아아아~  아아아아아아아~ ......!,,,あゆみ,嗚啊啊啊啊啊～、啊啊啊啊啊～……！,,,1,67,2,1,0,0,0,0,0,,Translated
1559,あゆみ,あああぁぁあぁーーっ……、ああああぁぁぁぁーっ！, , ,Ayumi,AAAAAAAAAAAAAAAAaaaaaaaaaaaaaaaagggghhh...,AAAAAAAAAAAAAAAAAAAAAAAAAGGGGHH...,AaaaaaAAAAAAAAAAAAAAAaaaaaggghhhh...,아유미,아아아아아아아~~ ......  아아아아아아아아~!,,,あゆみ,啊啊啊啊啊～～……、啊啊啊啊啊啊～～！,,,1,68,2,1,0,0,0,0,0,,Translated
1560,良樹,よ、よし……よし……　あ～……,よし篠崎、大丈夫だ、よし……, ,Yoshiki,"Uh, it's okay... Everything's okay...okay?","Come on, Shinozaki. Everything's fine. You're safe.",,요시키,"조, 좋아...... 좋아...... 아~ ......","됐어 시노자키, 괜찮아, 좋아......",,良樹,好、好……　啊～……,好了篠崎，沒事了，好……,,1,202,24,1,0,0,0,0,0,,Translated
1561,あゆみ,ううぅぅぅ……。, , ,Ayumi,*sob* *sniffle*,*SNOOOOORK*,,아유미,으으으으으......,,,あゆみ,嗚嗚嗚……。,,,1,69,2,1,0,0,0,0,0,,Translated
1562,良樹,うあぁ！, , ,Yoshiki,What the?!,,,요시키,우아아!,,,良樹,哇啊！,,,1,203,24,1,0,0,0,0,0,,Translated
1563,あゆみ,……うううぅぅ……　グスン、グスン, , ,Ayumi,*pant* *pant* *gulp*,,,아유미,"...... 으으으으으...... 훌쩍, 훌쩍",,,あゆみ,……嗚嗚嗚……　吸泣、吸泣,,,1,70,2,1,0,0,0,0,0,,Translated
1564,雪,……いまのが、あのときの出来事です。, , ,Yuki,That's what happened to me.,,,유키,"...... 방금 그것이, 그때 일어났던 사건입니다.",,,雪,……剛才的，就是那時候發生的事。,,,1,127,22,1,0,0,0,0,0,,Translated
1565,あゆみ,…………（ヒクっ、ヒクっ）, , ,Ayumi,*hic* *whimper* *hic*,,,아유미,"............ (흑, 흑)",,,あゆみ,…………（吸泣、吸泣）,,,1,71,2,1,0,0,0,0,0,,Translated
1566,良樹,何の事だ？　……何か見たのか？, , ,Yoshiki,What...was it like? What did you see?,,,요시키,뭐야?  ...... 뭘 본 건데?,,,良樹,什麼事？　……看到了什麼嗎？,,,1,204,24,1,0,0,0,0,0,,Translated
1567,あゆみ,この子達を……殺した、,……っン犯人が、ッわかった。, ,Ayumi,I saw...the true identity...of the... *gulp*,...the murderer...,,아유미,이 애들을...... 죽인,"...... 범인을, 알았어.",,あゆみ,殺了這些孩子的……,……兇手，我知道了。,,1,72,2,1,0,0,0,0,0,,Translated
1568,良樹,？, , ,Yoshiki,Huh...?,,,요시키,?,,,良樹,？,,,1,205,24,1,0,0,0,0,0,,Translated
1569,あゆみ,……グスッ。この文化人形の声じゃ,届かないわけだわ……, ,Ayumi,That's why the damned doll...wasn't enough...,,,아유미,...... 흑. 이 문화인형의 목소리가,닿지 않은 게 당연했어......,,あゆみ,……吸。這個文化人偶的聲音,傳達不到也是當然的……,,1,73,2,1,0,0,0,0,0,,Translated
1570,あゆみ,犯人の、懺悔……, , ,Ayumi,Repentance from...the killer...,,,아유미,"범인의, 참회......",,,あゆみ,兇手的，懺悔……,,,1,74,2,1,0,0,0,0,0,,Translated
1571,あゆみ,……ッ　人違いだったんだもの！, , ,Ayumi,We had the wrong person!,,,아유미,......  다른 사람이었다고!,,,あゆみ,……　是認錯人了！,,,1,75,2,1,0,0,0,0,0,,Translated
1572,良樹,お前……まさか、, , ,Yoshiki,"Wait, are you telling me...",,,요시키,너...... 설마,,,良樹,妳……難道，,,,1,206,24,1,0,0,0,0,0,,Translated
1573,良樹,殺害……現場でも、見せられたのか？, , ,Yoshiki,"...you were actually there? Like, you saw the scene",of the murders?!,,요시키,살해...... 현장이라도 본 거야?,,,良樹,連殺害……現場，都看到了嗎？,,,1,207,24,1,0,0,0,0,0,,Translated
1574,あゆみ,……そうよ！　……今わたし、その子と同化して,……縛られて、殺されてきた。, ,Ayumi,That's exactly what I'm saying.,...I was...seeing everything...through Yuki's eyes.,I was bound...and then...I was killed...,아유미,"...... 그래!  ...... 방금 난, 그 아이와 동화해서","...... 묶이고, 죽임을 당했어.",,あゆみ,……是啊！　……剛才我和那個孩子同化了,……被綁住，被殺了。,,1,76,2,1,0,0,0,0,0,,Translated
1575,良樹,！！　……この……ッ！, , ,Yoshiki,...!,"Goddammit, you little piece of--",,요시키,!!  ...... 이게......!,,,良樹,！！　……這……！,,,1,208,24,1,0,0,0,0,0,,Translated
1576,あゆみ,その子は悪くない！,知りたいと望んだのは私だし……, ,Ayumi,It's not her fault! I'm the one who wanted to,know...,,아유미,그 앤 잘못 없어!,알고 싶어한 건 바로 나니까......,,あゆみ,那個孩子沒有錯！,想知道的是我……,,1,77,2,1,0,0,0,0,0,,Translated
1577,あゆみ,殺害犯は女の子よ。鈴本さんが持っていた, , ,Ayumi,The murderer was a little girl. You remember the,newspaper article Suzumoto showed us?,,아유미,살해범은 소녀야. 스즈모토가 가지고 있던,,,あゆみ,殺人犯是女孩。鈴本同學拿著的那個,,,1,78,2,1,0,0,0,0,0,,Translated
1578,あゆみ,古い新聞記事にも……顔の写真と名前が載ってた、, , ,Ayumi,Her photo was in it. Along with her name.,,,아유미,옛 신문 기사에도...... 얼굴과 이름이 나와 있었던,,,あゆみ,舊報紙上……也有臉部照片和名字，,,,1,79,2,1,0,0,0,0,0,,Translated
1579,あゆみ,赤い服の女の子……篠崎サチコ。,被害者みたいに写ってるけど……, ,Ayumi,It's the girl in the red dress... Sachiko Shinozaki.,"She was listed as one of the victims, but believe","me, she's no victim!",아유미,빨간 옷을 입은 소녀...... 시노자키 사치코.,피해자처럼 찍혀 있지만......,,あゆみ,穿紅衣服的女孩……篠崎サチコ。,雖然看起來像是被害者……,,1,80,2,1,0,0,0,0,0,,Translated
1580,雪,…………, , ,Yuki,...,,,유키,............,,,雪,…………,,,1,128,22,1,0,0,0,0,0,,Translated
1581,良樹,はぁ……？, , ,Yoshiki,...Wha...?,,,요시키,뭐어......?,,,良樹,哈啊……？,,,1,209,24,1,0,0,0,0,0,,Translated
1582,良樹,……いやいや、……無理だろ、子供にそんな……, , ,Yoshiki,"Heh... No, that can't be right. That's impossible!",For a little girl to do something like...that...,,요시키,"...... 아니 아니,  ...... 그건 무리지, 애가 어떻게......",,,良樹,……不不，……那不可能吧，小孩子怎麼會……,,,1,210,24,1,0,0,0,0,0,,Translated
1583,良樹,同じ位の歳の子供をさらって来て、,監禁して……なんてよ。, ,Yoshiki,How could she abduct other children her own age?,"And keep them prisoner, no less!",,요시키,비슷한 나이의 아이들을 납치해서,감금하고...... 그러냐고.,,良樹,去綁架同齡的孩子，,監禁起來……什麼的。,,1,211,24,1,0,0,0,0,0,,Translated
1584,良樹,ハンマー持った、あの化け物なら……, , ,Yoshiki,I could believe it if it were that monster with the,hammer...,,요시키,"망치를 든, 그 괴물이라면......",,,良樹,如果是拿著槌子的那個怪物……,,,1,212,24,1,0,0,0,0,0,,Translated
1585,良樹,子供くらいさらったり、縛ったりも,出来るんだろうけどよ……, ,Yoshiki,He seems fully capable of kidnapping and tying up,little kids any day of the week...,,요시키,어린애 정도는 납치하고 묶을 수,있겠지만......,,良樹,也許能綁架或捆綁小孩,沒錯啦……,,1,213,24,1,0,0,0,0,0,,Translated
1586,あゆみ,……あいつは、只の協力者よ。, , ,Ayumi,He was...just an accomplice.,,,아유미,...... 그 자식은 단순한 협력자야.,,,あゆみ,……那傢伙，只是個共犯。,,,1,81,2,1,0,0,0,0,0,,Translated
1587,あゆみ,サチコにこの子達が殺されている時、, , ,Ayumi,When these children were killed by Sachiko...,,,아유미,이 아이들이 사치코에게 죽임을 당하고 있을 때,,,あゆみ,這些孩子被サチコ殺害的時候，,,,1,82,2,1,0,0,0,0,0,,Translated
1588,あゆみ,あいつは部屋の隅で震えていたわ。, , ,Ayumi,...the man with the hammer was in the corner of the,"room, quaking in fear.",,아유미,그 자식은 방구석에서 떨고 있었어.,,,あゆみ,那傢伙在房間角落發抖。,,,1,83,2,1,0,0,0,0,0,,Translated
1589,良樹,っ……マジ、かよ……, , ,Yoshiki,...You...can't be serious...,,,요시키,"윽...... 진짜, 냐......",,,良樹,……真、真的嗎……,,,1,214,24,1,0,0,0,0,0,,Translated
1590,あゆみ,何を理由に協力していたのかは、,わからないけれど……, ,Ayumi,I have no idea why he would've helped Sachiko in,"the first place, though...",,아유미,무슨 이유로 협력했는지는,모르지만......,,あゆみ,雖然不知道他是以什麼理由協助的……,,,1,84,2,1,0,0,0,0,0,,Translated
1591,あゆみ,伝えなきゃ！　持田君に……！　……先生に！, , ,Ayumi,"We have to tell the others! Mochida, and Ms. Yui...",,,아유미,전해야 해!  모치다 군에게......!  ...... 선생님에게!,,,あゆみ,必須告訴大家！　告訴持田同學……！　……告訴老師！,,,1,85,2,1,0,0,0,0,0,,Translated
1592,良樹,……ああ……, , ,Yoshiki,"Y-Yeah, I guess...",,,요시키,...... 그래......,,,良樹,……嗯……,,,1,215,24,1,0,0,0,0,0,,Translated
1593,あゆみ,あの空間にいた、七星さんですら真実に,届いていなかった。, ,Ayumi,"Even Naho wasn't able to find out the whole truth,",and she's been in there longer than any of us!,,아유미,"그 공간에 있던, 나호 씨조차 진실에",다가가지 못했어.,,あゆみ,身處那個空間的七星小姐，,也沒能觸及真相。,,1,86,2,1,0,0,0,0,0,,Translated
1594,あゆみ,早くみんなに知らせないと、,本当の事を知る前に殺されちゃう。, ,Ayumi,"If we don't hurry up and tell them, they'll be dead",before they ever find out!,,아유미,어서 모두에게 알리지 않으면,진실을 알기도 전에 죽을 거야.,,あゆみ,不快點告訴大家的話，,他們會在知道真相之前就被殺死。,,1,87,2,1,0,0,0,0,0,,Translated
1595,あゆみ,もし無防備に、サチコに接触でもしたら危険だわ！, , ,Ayumi,"If Sachiko catches them unaware, it could all be",over!,,아유미,혹시 무방비하게 사치코에게 접촉하기라도 했다간 위험해!,,,あゆみ,如果毫無防備地接觸到サチコ就危險了！,,,1,88,2,1,0,0,0,0,0,,Translated
1596,あゆみ,戻らなきゃ！　ゆきちゃん、お願い！, , ,Ayumi,"We have to go back! Yuki, please!",,,아유미,"돌아가야 해!  유키, 부탁해!",,,あゆみ,必須回去！　由紀，拜託！,,,1,89,2,1,0,0,0,0,0,,Translated
1597,あゆみ,もう一度あの場所へ……　連れて行って！, , ,Ayumi,Take us back into the closed spaces!,,,아유미,다시 한 번 그곳으로...... 데려가 줘!,,,あゆみ,再帶我去一次那個地方……！,,,1,90,2,1,0,0,0,0,0,,Translated
1598,あゆみ,あなたも……他の子達もみんな！,必ず成仏させてあげるから！, ,Ayumi,"We'll find a way to exorcise you, and all the other",spirits trapped in Heavenly Host! I swear!,,아유미,너도...... 다른 애들도 모두!,꼭 성불시켜줄 테니까!,,あゆみ,妳也是……其他孩子也是！,我一定會讓你們成佛的！,,1,91,2,1,0,0,0,0,0,,Translated
1599,雪,でも……　おすすめは、しません。, , ,Yuki,I...wouldn't recommend that.,,,유키,하지만...... 추천하지 않습니다.,,,雪,但是……我不推薦。,,,1,129,22,1,0,0,0,0,0,,Translated
1600,雪,あなた達や……　ほかのひと達の働きかけで、, , ,Yuki,"As a result of your interference, as well as the",interference of your friends...,,유키,당신들과...... 다른 사람들의 행동으로 인해,,,雪,由於你們和……,其他人的行動，,,1,130,22,1,0,0,0,0,0,,Translated
1601,雪,……今あの空間は、大きく乱れはじめています。, , ,Yuki,...those spaces are in a state of critical flux,right now.,,유키,...... 지금 그 공간은 크게 흔들리기 시작했습니다.,,,雪,……現在那個空間，開始產生很大的混亂。,,,1,131,22,1,0,0,0,0,0,,Translated
1602,雪,今度戻ったら、もし理性が残っていたとしても、,わたしの力ではもう……, ,Yuki,If I were to take you back...even if I kept this,clarity of mind the whole time...,,유키,지금 돌아가면 이성이 남아있다고 해도,제 힘으로는......,,雪,這次回去的話，就算還保有理智，,以我的力量也已經……,,1,132,22,1,0,0,0,0,0,,Translated
1603,雪,あなた達をもういちど、ここへ……,連れもどす事は出来ないと思います。, ,Yuki,...I doubt I'd ever be able to bring you home again.,,,유키,"다시는 당신들을, 여기로......",데려오지 못할 겁니다.,,雪,我想我無法再把你們帶回這裡了。,,,1,133,22,1,0,0,0,0,0,,Translated
1604,良樹,……っ, , ,Yoshiki,...!,,,요시키,...... 윽,,,良樹,……,,,1,216,24,1,0,0,0,0,0,,Translated
1605,あゆみ,だけど……　このまま放っておいたら、,……みんな、死んじゃうんでしょ。, ,Ayumi,But...if we don't go back...everyone's going to die!,,,아유미,하지만...... 이대로 가만 있다간,...... 다들 죽을 거 아냐.,,あゆみ,但是……如果就這樣放著不管，,……大家，都會死吧。,,1,92,2,1,0,0,0,0,0,,Translated
1606,雪,…………, , ,Yuki,...,,,유키,............,,,雪,…………,,,1,134,22,1,0,0,0,0,0,,Translated
1607,あゆみ,岸沼君。, , ,Ayumi,Kishinuma...,,,아유미,키시누마 군.,,,あゆみ,岸沼同學。,,,1,93,2,1,0,0,0,0,0,,Translated
1608,あゆみ,……行こう？　みんなを……助けに！, , ,Ayumi,Let's go. Please? For our friends...,,,아유미,...... 가자.  모두를...... 구하러!,,,あゆみ,……走吧？　去……救大家！,,,1,94,2,1,0,0,0,0,0,,Translated
1609,あゆみ,ね？　持田君を……, , ,Ayumi,Come on... For Mochida...,,,아유미,응?  모치다 군을......,,,あゆみ,好嗎？　去救持田同學……,,,1,95,2,1,0,0,0,0,0,,Translated
1610,,わかった,冗談じゃない,,,All right. We'll go back.,You outta your mind?!,,,알았어,말도 안 돼,,,知道了,開什麼玩笑,,0,255,255,255,255,255,255,255,255,,Translated
1611,良樹,（……チッ！　わかったよ、俺だって）, , ,Yoshiki,"(Fine, dammit. We'll go back. After all...)",,,요시키,"(...... 쳇!  알고 있어, 나도)",,,良樹,（……嘖！　我知道了，我也）,,,1,217,24,1,0,0,0,0,0,,Translated
1612,良樹,（……俺だって……数少ない親友（ツレ）、,　失うのは嫌だからな）, ,Yoshiki,(...I don't have a lot of real friends. I'd hate to,lose the ones I do...),,요시키,(...... 나도...... 얼마 없는 친구를,잃는 건 싫으니까),,良樹,（……我也是……不想失去,為數不多的摯友）,,1,218,24,1,0,0,0,0,0,,Translated
1613,あゆみ,何？　なにか言った？, , ,Ayumi,What's that? What are you mumbling about?,,,아유미,뭐?  뭐라고 했어?,,,あゆみ,什麼？　說了什麼嗎？,,,1,96,2,1,0,0,0,0,0,,Translated
1614,良樹,ベツに。何も！, , ,Yoshiki,Nothing. Nothing at all!,,,요시키,별로. 아무것도!,,,良樹,沒有。什麼都沒有！,,,1,219,24,1,0,0,0,0,0,,Translated
1615,良樹,（もういっぺんだけ……美樹には、,　会っときたかったけど）, ,Yoshiki,"(I was hoping I could go see Miki just once more,",but I guess I'll have to put that aside...),,요시키,(한 번만 더...... 미키를,보고 싶었는데),,良樹,（本來想……再見美紀一面的）,,,1,220,24,1,0,0,0,0,0,,Translated
1616,良樹,……いや……　俺は もうごめんだ。, , ,Yoshiki,"No... I'm sorry, but no.",,,요시키,...... 아니......  난 더는 사양이야.,,,良樹,……不……　我已經受夠了。,,,1,234,24,1,0,0,0,0,0,,Translated
1617,良樹,あんな所、二度と行きたくねェ！, , ,Yoshiki,I don't want to set one foot in that hellhole ever,again!,,요시키,"그런 곳, 두 번 다시 가고 싶지 않아!",,,良樹,那種地方我再也不去了！,,,1,235,24,1,0,0,0,0,0,,Translated
1618,良樹,もっかい戻るとか正気の沙汰じゃねーよ！,今度こそ本当に死ぬかも知れないんだぞ！, ,Yoshiki,And you shouldn't either! We'd have to be out of,our fucking minds to go back there! We'd die for,sure!,요시키,또 가겠다니 너 제정신이냐!,이번엔 진짜 죽을지도 모른다고!,,良樹,再回去一次簡直是瘋了！,這次說不定真的會死啊！,,1,236,24,1,0,0,0,0,0,,Translated
1619,あゆみ,……どうして……？, , ,Ayumi,...Why...?,,,아유미,...... 어째서......?,,,あゆみ,……為什麼……？,,,1,112,2,1,0,0,0,0,0,,Translated
1620,あゆみ,……どうして、いつもそうなのよ！, , ,Ayumi,Why do you always have to be like that?!,,,아유미,...... 왜 언제나 그런 식이야!,,,あゆみ,……為什麼你總是這樣！,,,1,113,2,1,0,0,0,0,0,,Translated
1621,あゆみ,私はあなたのそういう所が嫌いなのよ！, , ,Ayumi,That's what I hate about you!,,,아유미,난 네 그런 점이 진짜 싫어!,,,あゆみ,我最討厭你這一點！,,,1,114,2,1,0,0,0,0,0,,Translated
1622,あゆみ,いつだって他人に無関心で！,自分の主張だけには強情で！, ,Ayumi,You don't give a shit about anyone's feelings but,your own! And you're so stubborn once you've set,your mind on something!,아유미,언제나 타인에게 무관심하고!,자기 주장만 강하고!,,あゆみ,總是對別人漠不關心！,只有自己的主張特別固執！,,1,115,2,1,0,0,0,0,0,,Translated
1623,あゆみ,自分さえ助かればそれでいいの！？, , ,Ayumi,Are you honestly saying you're fine as long as YOU,get through this alive?!,,아유미,자기만 편하면 그만이야!?,,,あゆみ,只要自己得救就好了嗎！？,,,1,116,2,1,0,0,0,0,0,,Translated
1624,良樹,奇麗事言ってる場合か！？　死ぬんだぞ！,死にたくねぇだろ！！, ,Yoshiki,"Oh, don't you dare try to psychoanalyze me!",WE'LL DIE. AND I DON'T WANT TO DIE.,That clear enough for you?!,요시키,지금 그런 말 할 때야!? 죽는다고!,죽긴 싫을 거 아냐!!,,良樹,現在是說漂亮話的時候嗎！？　會死的！,你也不想死吧！！,,1,237,24,1,0,0,0,0,0,,Translated
1625,あゆみ,もういいよ！　訊いた私が間違ってた！,一人で行く！, ,Ayumi,Fine! Do whatever the hell you want! It was stupid,of me to even bother asking you. I'll go by myself!,,아유미,그만 됐어!  물어본 내가 바보지!,혼자 갈 거야!,,あゆみ,算了！　問你的我才是笨蛋！,我自己去！,,1,117,2,1,0,0,0,0,0,,Translated
1626,あゆみ,信じらんない、友達を助けたいと思わないの？！, , ,Ayumi,I can't believe you... Do you really not care,about rescuing your friends?!,,아유미,"믿을 수가 없어,  친구를 구하고 싶다는 생각은 없는 거야?!",,,あゆみ,不敢相信，你不想救朋友嗎？！,,,1,118,2,1,0,0,0,0,0,,Translated
1627,良樹,……ッ, , ,Yoshiki,...!,,,요시키,...... 윽,,,良樹,……,,,1,238,24,1,0,0,0,0,0,,Translated
1628,あゆみ,薄情者！　自己中！　不良！,みんながどうなっても……, ,Ayumi,You're a delinquent! A coward! A fucking pussy!,"Everyone's going to die, and you don't even care!",,아유미,매정한 자식!  이기주의자!  불량배!,애들은 어떻게 되든......,,あゆみ,薄情！　自私！　不良少年！,大家會變成怎樣都……,,1,119,2,1,1,0,0,0,0,,Translated
1629,良樹,お前はみんなじゃなくて、,哲志を助けたいだけなんだろ！, ,Yoshiki,You don't care about 'everyone' either...,The only person you care about is Satoshi!!,,요시키,넌 애들이 아니라,사토시를 구하고 싶은 거잖아!,,良樹,妳也不是為了大家，,只是想救哲志而已吧！,,1,239,24,1,0,0,0,0,0,,Translated
1630,あゆみ,……！, , ,Ayumi,Ah...!,,,아유미,......!,,,あゆみ,……！,,,1,120,2,1,0,0,0,0,0,,Translated
1631,良樹,いい加減にしろよ、限界だよ。, , ,Yoshiki,You can drop the act. It's gotten pretty,fucking old!,,요시키,"적당히 좀 해라, 이젠 한계야.",,,良樹,適可而止吧，已經到極限了。,,,1,240,24,1,0,0,0,0,0,,Translated
1632,良樹,持田持田、持田持田！, , ,Yoshiki,"Always Mochida this, Mochida that...",,,요시키,"모치다 모치다, 모치다 모치다!",,,良樹,持田持田、持田持田！,,,1,241,24,1,0,0,0,0,0,,Translated
1633,良樹,いいよ別に！　誰を好きになろうがよ！, , ,Yoshiki,"Well, I hope you two are happy together in",eternal damnation!,,요시키,이젠 됐어!  누굴 좋아하든!,,,良樹,隨便你！　要喜歡誰都行！,,,1,242,24,1,0,0,0,0,0,,Translated
1634,良樹,だけど……読めよ、空気。少しはよ。, , ,Yoshiki,But before you go...at least try to read the writing,on the fucking wall!,,요시키,"하지만...... 조금은, 읽으란 말야. 분위기를.",,,良樹,但是……讀一下氣氛啊。稍微。,,,1,243,24,1,0,0,0,0,0,,Translated
1635,あゆみ,……意味、わかんない。, , ,Ayumi,...I...have no idea what you're talking about...,,,아유미,...... 무슨 말인지 모르겠어.,,,あゆみ,……我不懂你的意思。,,,1,121,2,1,0,0,0,0,0,,Translated
1636,良樹,お前の事が好きだっつってんだよ！, , ,Yoshiki,"I'm telling you I LOVE YOU, GODDAMMIT!!",,,요시키,널 좋아한다는 말이야!,,,良樹,我說我喜歡妳啊！,,,1,244,24,1,0,0,0,0,0,,Translated
1637,あゆみ,っ………, , ,Ayumi,What...?,,,아유미,윽.........,,,あゆみ,………,,,1,122,2,1,0,0,0,0,0,,Translated
1638,良樹,お前は、いつもそうだった。, , ,Yoshiki,You're so...oblivious!,,,요시키,넌 언제나 그랬어.,,,良樹,妳一直都是那樣。,,,1,245,24,1,0,0,0,0,0,,Translated
1639,良樹,いつでも、あいつの事ばかり見てた！,俺の気も……知らずに……！, ,Yoshiki,"You've been watching Satoshi so closely, you never",even noticed...how much I care about you...,,요시키,언제나 그 녀석만 보고 있고!,내 마음도...... 모르고......!,,良樹,總是一直看著那傢伙！,連我的心意……都不知道……！,,1,246,24,1,0,0,0,0,0,,Translated
1640,良樹,今度の事だって、異常な状況だけど……,あいつから離れて一緒にいれて、, ,Yoshiki,"I mean, this has been a weird situation and all...","but when we got separated from him, and you and I",wound up alone together...,요시키,"이번 일도, 이상한 상황이었지만......",그 녀석과 떨어져 너와 함께 있어서,,良樹,這次的事，雖然是異常狀況……,但能離開那傢伙和妳在一起，,,1,247,24,1,0,0,0,0,0,,Translated
1641,良樹,……嬉しかったんだよ。, , ,Yoshiki,...ugh...I have to admit...it made me kinda happy.,,,요시키,...... 기뻤어.,,,良樹,……我很開心。,,,1,248,24,1,0,0,0,0,0,,Translated
1642,良樹,少しは俺の方を見てくれるだろうと思って……,それでもお前は、, ,Yoshiki,I thought maybe it would be a good chance to catch,"your eye, and draw it away from his...",,요시키,조금은 날 봐주지 않을까 하고......,그런데도 넌,,良樹,本來以為妳會稍微看向我這邊……,但妳還是，,,1,249,24,1,0,0,0,0,0,,Translated
1643,良樹,……ずっとあいつの事ばかり考えてた！, , ,Yoshiki,"...but the whole time, all you could think about",was him!,,요시키,...... 줄곧 그 녀석만 생각했어!,,,良樹,……一直都只想著那傢伙！,,,1,250,24,1,0,0,0,0,0,,Translated
1644,良樹,……横にいるのが俺じゃなくて、,哲志だったらと思っていた！, ,Yoshiki,You probably kept wishing it was Satoshi by your,side instead of me!,,요시키,...... 옆에 있는 사람이 내가 아니라,사토시였으면 하고 생각했어!,,良樹,……妳一定希望身邊的不是我，,而是哲志吧！,,1,251,24,1,0,0,0,0,0,,Translated
1645,良樹,ふざけんなよ……　俺は……お前が……,お前の事が……, ,Yoshiki,"Well, Satoshi's not here. I am. So LOOK AT ME,",DAMMIT. From the bottom of my heart...I...,,요시키,장난은 그만 치고......  난...... 네가......,네가......,,良樹,別開玩笑了……　我……對妳……,對妳……,,1,252,24,1,0,0,0,0,0,,Translated
1646,あゆみ,……やめてよ！, , ,Ayumi,Stop it!,,,아유미,...... 그만!,,,あゆみ,……別說了！,,,1,123,2,1,0,0,0,0,0,,Translated
1647,あゆみ,やめてよ……　なんでそんな事言うの？, , ,Ayumi,"Just...stop it, please...",How could you think any of that is true?!,,아유미,그만해......  왜 그런 말을 하는 거야?,,,あゆみ,別說了……　為什麼要說那種話？,,,1,124,2,1,0,0,0,0,0,,Translated
1648,あゆみ,私が心配しているのは、,持田君一人じゃないわよ……！, ,Ayumi,Mochida's NOT the only one I'm worried about!,,,아유미,내가 걱정하는 건,모치다 군 한 명이 아냐......!,,あゆみ,我擔心的，不只持田同學一個人啊……！,,,1,125,2,1,0,0,0,0,0,,Translated
1649,あゆみ,……みんなで文句を言いながら、,文化祭の片付けをして……, ,Ayumi,"Remember just a few short hours ago, when everyone","was cleaning up after the culture festival, and",complaining about it the whole time?,아유미,...... 모두 불평을 하면서,문화제 정리를 하고......,,あゆみ,……大家一邊抱怨，,一邊在收拾文化祭……,,1,126,2,1,0,0,0,0,0,,Translated
1650,あゆみ,楽しかったじゃない……, , ,Ayumi,Isn't that a precious memory to you?,,,아유미,즐거웠잖아......,,,あゆみ,不是很開心嗎……,,,1,127,2,1,0,0,0,0,0,,Translated
1651,あゆみ,これからもみんなで、色んな事して,遊びたいから……！, ,Ayumi,I want us to have experiences like that again.,There's still so much I want to share with all,of you...,아유미,앞으로도 모두 함께 이것저것 하면서,놀고 싶으니까......!,,あゆみ,今後我也想和大家,一起做各種各樣的事一起玩……！,,1,128,2,1,0,0,0,0,0,,Translated
1652,あゆみ,それが、出来なくなるのが嫌だから,行くんじゃない！, ,Ayumi,"THAT'S why I'm going back! Because if I don't, we",can never be together again...and the thought of,that absolutely mortifies me!,아유미,그걸 할 수 없게 되는 게 싫어서,가는 거잖아!,,あゆみ,我就是因為不想失去這些，,才要去的啊！,,1,129,2,1,0,0,0,0,0,,Translated
1653,あゆみ,お願い、私だけでもいいからあそこへ戻して！,早くしなきゃ……, ,Ayumi,"So please, Yuki! Take me back! I don't care if","I have to go it alone...just please, hurry, before",it's too late!,아유미,"부탁이야, 나 혼자만이라도 좋으니까 거기로 보내줘!",얼른 안 가면......,,あゆみ,拜託，就算只有我也好請帶我回到那裡！,不快點的話……,,1,130,2,1,0,0,0,0,0,,Translated
1654,雪,……いいのですか？, , ,Yuki,You're certain?,,,유키,...... 괜찮으신가요?,,,雪,……這樣好嗎？,,,1,147,22,1,0,0,0,0,0,,Translated
1655,あゆみ,ええ……お願い。, , ,Ayumi,Yes. Please.,,,아유미,응...... 부탁해.,,,あゆみ,嗯……拜託。,,,1,131,2,1,0,0,0,0,0,,Translated
1656,雪,……わかりました。, , ,Yuki,As you wish.,,,유키,...... 알겠습니다.,,,雪,……我明白了。,,,1,148,22,1,0,0,0,0,0,,Translated
1657,あゆみ,……言っとくけどね、岸沼君……！, , ,Ayumi,"Just for the record, Kishinuma...",,,아유미,"...... 말해 두겠는데, 키시누마 군......!",,,あゆみ,……我先說清楚喔，岸沼同學……！,,,1,132,2,1,0,0,0,0,0,,Translated
1658,あゆみ,……私だって、怖いんだからね！, , ,Ayumi,...I'm absolutely terrified of this...,but I'm still doing it!,,아유미,"...... 나도, 가는 게 무서워!",,,あゆみ,……我也，很害怕啊！,,,1,133,2,1,0,0,0,0,0,,Translated
1659,良樹,……くそッ、勝手にしろ。帰ってやるよ。, , ,Yoshiki,Goddammit... Do whatever the hell you want.,I'm going home.,,요시키,"...... 젠장, 맘대로 해라. 나도 가줄게.",,,良樹,……可惡，隨便妳。我也回去。,,,1,253,24,1,0,0,0,0,0,,Translated
1660,,転校するすずめちゃんに花束をおくろう,賛同者は下に名前を書くこと。一人300円, ,,We're collecting to buy a bouquet of flowers for our,"dear friend Suzume, who will be leaving us for a new",school after the festival. 300 yen per person.,,전학 가는 스즈메에게 꽃다발을 보내자.,참가할 사람은 아래에 이름을 적을 것. 한 명당 300엔,,,為轉學的小雀獻上花束吧,贊同者請在下方寫上名字。一人300圓,,0,134,2,1,0,0,0,0,0,,Translated
1661,良樹,みんな……　いなくなっちまいやがった。, , ,Yoshiki,They're... They're all gone now...,,,요시키,다들...... 사라졌어.,,,良樹,大家……都消失了。,,,1,254,24,1,0,0,0,0,0,,Translated
1662,良樹,いいじゃねぇかよ。１年の時に、戻るだけだ。, , ,Yoshiki,"Ehh, what does it even matter? It'll just be like my",tenth grade year all over again.,,요시키,좋잖아. 1학년 때로 돌아가는 것뿐이야.,,,良樹,也沒什麼不好。只是回到一年級的時候而已。,,,1,255,24,1,0,0,0,0,0,,Translated
1663,良樹,一人でやって来たあの時に……ただ戻るだけだ。, , ,Yoshiki,I can go back to being a lone wolf. No biggie.,,,요시키,혼자 해오던 그때로...... 돌아갈 뿐이야.,,,良樹,回到一個人走來的那個時候……只是回去而已。,,,1,0,25,1,0,0,0,0,0,,Translated
1664,良樹,俺は元々、一人だったんだからよ。, , ,Yoshiki,"I'm pretty much used to it, honestly.",,,요시키,"난 원래, 혼자였으니까.",,,良樹,我本來就是一個人啊。,,,1,1,25,1,0,0,0,0,0,,Translated
1665,哲志,お？　良樹。何やってんだ？, , ,Satoshi,"Oh, hey Yoshiki. What are you up to?",,,사토시,오?  요시키. 너 뭐해?,,,哲志,喔？　良樹。你在做什麼？,,,1,216,16,1,0,0,0,0,0,,Translated
1666,良樹,……っさ……哲志。, , ,Yoshiki,Sa...Satoshi...?!,,,요시키,...... 사...... 사토시.,,,良樹,……さ……哲志。,,,1,2,25,1,0,0,0,0,0,,Translated
1667,哲志,はは。なんだよその顔、ちゃんとメシ食ってるか？, , ,Satoshi,Heheh... What kind of face is that?,You been skipping meals again or something?!,,사토시,"하하. 뭐야 그 얼굴은, 밥은 먹고 다니냐?",,,哲志,哈哈。那是什麼表情，有好好吃飯嗎？,,,1,217,16,1,0,0,0,0,0,,Translated
1668,良樹,…………, , ,Yoshiki,...,,,요시키,............,,,良樹,…………,,,1,3,25,1,0,0,0,0,0,,Translated
1669,繭,岸沼くん、遅刻～♪, , ,Mayu,"Kishinuma, you're laaate!",,,마유,"키시누마 군, 지각~♪",,,繭,岸沼同學，遲到～♪,,,1,63,8,1,0,0,0,0,0,,Translated
1670,繭,うふふふふ♪　今日も元気でてるねー, , ,Mayu,"*giggle* But you seem in good spirits again today,",at least!,,마유,우후후후후♪ 오늘도 힘이 넘치네~,,,繭,呵呵呵呵♪　今天也很有精神呢～,,,1,64,8,1,0,0,0,0,0,,Translated
1671,良樹,鈴本……！, , ,Yoshiki,Suzumoto...!,,,요시키,스즈모토......!,,,良樹,鈴本……！,,,1,4,25,1,0,0,0,0,0,,Translated
1672,良樹,お前はみんなじゃなくて、,哲志を助けたいだけなんだろ！, ,Yoshiki,'You don't care about 'everyone' either...,The only person you care about is Satoshi!!',,요시키,넌 애들이 아니라,사토시를 구하고 싶은 거잖아!,,良樹,妳也不是為了大家，,只是想救哲志而已吧！,,1,5,25,1,0,0,0,0,0,,Translated
1673,良樹,……ナニ言ってんのか、訳わかんねーよ……オレ。, , ,Yoshiki,What the hell was I thinking? Why would I have,said that to her?!,,요시키,"...... 무슨 말을 하는 건지, 모르겠어...... 난.",,,良樹,……不知道自己在說什麼……我。,,,1,6,25,1,0,0,0,0,0,,Translated
1674,良樹,……そうじゃねーだろ……, , ,Yoshiki,That wasn't it at all...,,,요시키,...... 그게 아니잖아......,,,良樹,……不是那樣吧……,,,1,7,25,1,0,0,0,0,0,,Translated
1675,良樹,そっちじゃねーだろ……　言いたかった事は。, , ,Yoshiki,It's not even remotely what I wanted to say...,,,요시키,하고 싶은 말은...... 그게 아니었잖아.,,,良樹,不是那個吧……我想說的是。,,,1,8,25,1,0,0,0,0,0,,Translated
1676,良樹,アイツを護りたかったのに……, , ,Yoshiki,I just...wanted to protect her!,,,요시키,그 녀석을 지키고 싶었는데......,,,良樹,明明是想保護她的……,,,1,9,25,1,0,0,0,0,0,,Translated
1677,良樹,う……, , ,Yoshiki,Nng...,,,요시키,으......,,,良樹,嗚……,,,1,10,25,1,0,0,0,0,0,,Translated
1678,良樹,うっ……く……うぅ……, , ,Yoshiki,Rrrnng...kkh...,,,요시키,윽...... 크...... 으으......,,,良樹,嗚……可……嗚嗚……,,,1,11,25,1,0,0,0,0,0,,Translated
1679,良樹,なんだよ……　もう会えないのかよ……！, , ,Yoshiki,What in the fuck is wrong with me?! *hic*,I'll probably never see her again...,,요시키,뭐야......  다시는 못 만나는 거냐고......!,,,良樹,搞什麼啊……再也見不到了嗎……！,,,1,12,25,1,0,0,0,0,0,,Translated
1680,良樹,ふざけんなよ！　取り消させろよ！！, , ,Yoshiki,I take it back! I take it all back!,"Please, God, let me take it back!",,요시키,집어치워!  취소하란 말야!!,,,良樹,開什麼玩笑！　給我收回！！,,,1,13,25,1,0,0,0,0,0,,Translated
1681,あゆみ,……これをやるとね、, , ,Ayumi,'It's a charm that I found on the internet.', ,,아유미,이걸 하면,,,あゆみ,……做這個的話呢，,,,1,135,2,1,0,0,0,0,0,,Translated
1682,あゆみ,その場にいたみんなが、ずっと離れずに, , ,Ayumi,"'If we do it right, then all of us will be together",forever!',,아유미,"그 자리에 있는 모두가, 줄곧 떨어지지 않고",,,あゆみ,在場的所有人，都會永遠不分離，,,,1,136,2,1,0,0,0,0,0,,Translated
1683,あゆみ,いつまでも友達でいられるんだって。, , ,Ayumi,"'...Or we'll always be friends, anyway. That's the",gist of it.',,아유미,언제까지나 친구로 있게 된대.,,,あゆみ,可以永遠當朋友。,,,1,137,2,1,0,0,0,0,0,,Translated
1684,良樹,うっ……ぐ……　うぅ……ッ, , ,Yoshiki,*sob*,,,요시키,윽...... 으......  으으...... 윽,,,良樹,嗚……唔……　嗚嗚……,,,1,14,25,1,0,0,0,0,0,,Translated
1685,良樹,で……出てきてくれぇ！　幽霊！, , ,Yoshiki,...Goddammit...,Show yourself!,"Get out here, ghost girl!",요시키,나...... 나와줘!  유령!,,,良樹,出……出來吧！　幽靈！,,,1,15,25,1,0,0,0,0,0,,Translated
1686,良樹,……く……う……　……頼むー！, , ,Yoshiki,Rrrgh...,...Please...,...I'M BEGGING YOU!!,요시키,...... 크...... 으......  ...... 부탁이야~!,,,良樹,……可……嗚……　……拜託～！,,,1,16,25,1,0,0,0,0,0,,Translated
1687,良樹,どこまでカッコ悪ィんだよ俺……　ううッ, , ,Yoshiki,How could I be such an asshole...,,,요시키,난 얼마나 꼴사나운 거냐...... 으으,,,良樹,我到底有多遜啊……　嗚嗚,,,1,17,25,1,0,0,0,0,0,,Translated
1688,良樹,頼むーッ……　いやだ、失いたくない！, , ,Yoshiki,Please!!,I don't... I don't want to lose them!!,,요시키,"부탁이야~  ......  싫어, 잃고 싶지 않아!",,,良樹,拜託～……　不要，我不想失去！,,,1,18,25,1,0,0,0,0,0,,Translated
1689,良樹,篠崎も……哲志も……　先生も……みんな！, , ,Yoshiki,Shinozaki... Satoshi... Ms. Yui... everybody!,,,요시키,시노자키도...... 사토시도...... 선생님도...... 다들!,,,良樹,篠崎也……哲志也……　老師也……大家！,,,1,19,25,1,0,0,0,0,0,,Translated
1690,良樹,ううぅ……, , ,Yoshiki,*hic* *sob*,,,요시키,으으으......,,,良樹,嗚嗚……,,,1,20,25,1,0,0,0,0,0,,Translated
1691,良樹,……すまん、俺も連れてってくれ……, , ,Yoshiki,"Sorry...but please...take me, too.",,,요시키,"...... 미안, 나도 데려가......",,,良樹,……抱歉，也帶上我吧……,,,1,21,25,1,0,0,0,0,0,,Translated
1692,良樹,また、逃げる所だった。, , ,Yoshiki,"I was about to run from this, the way I always do.",,,요시키,또 도망칠 뻔했어.,,,良樹,我又差點逃走了。,,,1,22,25,1,0,0,0,0,0,,Translated
1693,良樹,俺は、あいつらに出会えたおかげで、,生まれ変われたんだ。, ,Yoshiki,But...when I first started hanging out with those,"losers, I felt like I was...reborn...",,요시키,난 그 녀석들과 만난 덕분에,다시 태어났어.,,良樹,我，因為遇到了他們，,獲得了重生。,,1,23,25,1,0,0,0,0,0,,Translated
1694,良樹,頼む！, , ,Yoshiki,So please!,,,요시키,부탁이야!,,,良樹,拜託！,,,1,24,25,1,0,0,0,0,0,,Translated
1695,良樹,……怖がりの篠崎が頑張ってんだ……,負けてられるかよ！, ,Yoshiki,"Shinozaki is scared of everything, but even she's",giving this her best shot. And I'm not about to,let her upstage me!,요시키,...... 그 겁쟁이 시노자키가 열심히 했다고......,그런데 가만히 지고 있겠냐!,,良樹,……膽小的篠崎都在努力……,我怎麼能認輸！,,1,25,25,1,0,0,0,0,0,,Translated
1696,良樹,必ずサチコの懺悔を引っ張り出して、,お前らを成仏させてやる！, ,Yoshiki,"I swear, we're going to wrench that repentance from","Sachiko with our bare hands if we have to, and put",all the rest of you at peace once and for all.,요시키,반드시 사치코의 참회를 끌어내서,너희들을 성불시켜 주마!,,良樹,我一定會引出サチコ的懺悔，,讓你們成佛！,,1,26,25,1,0,0,0,0,0,,Translated
1697,雪,……グスッ, , ,Yuki,*sniffle*,,,유키,...... 쿠쿡,,,雪,……吸泣,,,1,149,22,1,0,0,0,0,0,,Translated
1698,,転校するすずめちゃんに花束をおくろう,賛同者は下に名前を書くこと。一人300円, ,,We're collecting to buy a bouquet of flowers for our,"dear friend Suzume, who will be leaving us for a new",school after the festival. 300 yen per person.,,전학 가는 스즈메에게 꽃다발을 보내자.,참가할 사람은 아래에 이름을 적을 것.,,,為轉學的小雀獻上花束吧,贊同者請在下方寫上名字。一人300圓,,0,0,0,1,0,0,0,0,0,,Translated
1699,良樹,・・・・・・, , ,Yoshiki,...,,,요시키,   ·      ·      ·      ·      ·      ·,,,良樹,・・・・・・,,,1,0,0,1,0,0,0,0,0,,Translated
1700,由香,ここに隠しておこう……, , ,Yuka,Maybe I can hide them under here...,,,유카,여기에 숨겨 두자......,,,由香,藏在這裡吧……,,,1,247,28,1,0,0,0,0,0,,Translated
1701,由香,うう……スースーしてやだなぁ。, , ,Yuka,Oooogh... I can feel the air on my...nnnnggh...,...It feels so weird...,,유카,으으...... 바람이 통해서 싫어.,,,由香,嗚嗚……會通風好討厭。,,,1,248,28,1,0,0,0,0,0,,Translated
1702,由香,でも濡れたままはいてたら気持ち悪いし……, , ,Yuka,But I can't wear them wet like that... It's gross!,,,유카,그치만 축축한 건 싫고......,,,由香,但是濕著穿也很不舒服……,,,1,249,28,1,0,0,0,0,0,,Translated
1703,由香,ぐすん……, , ,Yuka,*whine*,,,유카,훌쩍......,,,由香,吸泣……,,,1,250,28,1,0,0,0,0,0,,Translated
1704,由香,きゃっ！, , ,Yuka,EEK!!,,,유카,꺅!,,,由香,呀！,,,1,251,28,1,0,0,0,0,0,,Translated
1705,由香,うう……さっきから地震ばっかり。,学校、壊れちゃわないかな……, ,Yuka,Ungh... It's been nothing but earthquakes since,we got here... I hope the school doesn't fall,apart...,유카,우우...... 좀 전부터 지진만 나고.,"학교, 무너지지는 않겠지......",,由香,嗚嗚……剛才開始就一直地震。,學校，不會壞掉吧……,,1,252,28,1,0,0,0,0,0,,Translated
1706,由香,お兄ちゃん……おにいちゃーん！, , ,Yuka,Big brother!,...Biiiig brooootheeeer!!,,유카,오빠...... 오빠아!,,,由香,哥哥……哥哥～！,,,1,253,28,1,0,0,0,0,0,,Translated
1707,由香,……ううう～、ぐすん、ぐすん。, , ,Yuka,*sob* *hic* *sob*,,,유카,"...... 우우우~ 훌쩍, 훌쩍.",,,由香,……嗚嗚嗚～、吸泣、吸泣。,,,1,254,28,1,0,0,0,0,0,,Translated
1708,,扉はピタリと張り付いており、開きそうにありません。, , ,,The door is affixed to the wall like a model.,It can't be opened.,,,문은 단단히 고정되어 열릴 것 같지 않습니다.,,,,門牢牢貼合著，似乎打不開。,,,0,0,0,1,0,0,0,0,0,,Translated
1709,,扉はピタリと張り付いており、開きそうにありません。, , ,,The door is affixed to the wall like a model.,It can't be opened.,,,문은 단단히 고정되어 열릴 것 같지 않습니다.,,,,門牢牢貼合著，似乎打不開。,,,0,0,0,1,0,0,0,0,0,,Translated
1710,,扉はピタリと張り付いており、開きそうにありません。, , ,,The door is affixed to the wall like a model.,It can't be opened.,,,문은 단단히 고정되어 열릴 것 같지 않습니다.,,,,門牢牢貼合著，似乎打不開。,,,0,0,0,1,0,0,0,0,0,,Translated
1711,,手洗いは破壊されていて、使用できそうにありません。, , ,,"The basin has been destroyed, making the entire",fixture unusable.,,,화장실은 파괴되어 사용할 수 없습니다.,,,,洗手台被破壞了，似乎無法使用。,,,0,0,0,1,0,0,0,0,0,,Translated
1712,,黄色に淡く色付いたショーツが,ハンカチのように丁寧に折りたたまれて,隠されています……,,"A pair of underwear has been stashed away here,",folded neatly like a handkerchief. It's become,"slightly discolored, sporting a yellowish tinge.",,엷게 노란색이 배인 팬티가,손수건처럼 잘 접혀,숨겨져 있습니다.,,微微泛黃的內褲,像手帕一樣整齊折疊著,被藏了起來……,0,0,0,1,0,0,0,0,0,,Translated
1713,,鏡が割れていて危険です。, , ,,"The mirror has completely shattered, littering the",area with glass. You'd best be careful where you,touch.,,거울이 깨져서 위험합니다.,,,,鏡子破了很危險。,,,0,0,0,1,0,0,0,0,0,,Translated
1714,,３つとも、手は洗えそうにありません……, , ,,"None of the three sinks are usable, each one being",broken well beyond repair.,,,"세 개 모두, 손을 씻을 수 없을 것 같습니다......",,,,三個洗手台都無法洗手……,,,0,0,0,1,0,0,0,0,0,,Translated
1715,,吐き出された吐瀉物が、乾いてほろほろに崩れ,剥がれ落ちています……, ,,It's full of dried-up vomit and excreta that's,hardened into a sort of bubbly crumble over time.,,,게워진 토사물이 말라 벗겨져,훌훌 떨어지고 있습니다......,,,吐出的嘔吐物，乾燥後碎成片狀,剝落下來……,,0,0,0,1,0,0,0,0,0,,Translated
1716,直美,哲志……, , ,Naomi,Satoshi...,,,나오미,사토시......,,,直美,哲志……,,,1,148,12,1,0,0,0,0,0,,Translated
1717,哲志,これは……女子トイレか？,なんで、こんな所と繋がってるんだ。, ,Satoshi,Is this...the girls' room?,Why would there be a ladder leading to the girls',bathroom?!,사토시,이건...... 여자 화장실인가?,왜 이런 곳과 이어져 있는 거지.,,哲志,這是……女廁所嗎？,為什麼會和這種地方連著。,,1,85,17,1,0,0,0,0,0,,Translated
1718,直美,……よりにもよって、どうしてここなの……, , ,Naomi,Of all the places it could've been...,why did it have to be here?!,,나오미,...... 하필이면 왜 여기야......,,,直美,……偏偏是這裡，為什麼……,,,1,149,12,1,0,0,0,0,0,,Translated
1719,哲志,……ここは……。（篠原が死んだ場所だ）, , ,Satoshi,That's right...,(This is where Shinohara died...),,사토시,...... 여긴......  (시노하라가 죽은 곳이다),,,哲志,……這裡是……。（篠原死去的地方）,,,1,86,17,1,0,0,0,0,0,,Translated
1720,直美,やだ、もうやだ……！, , ,Naomi,I can't take this anymore... I just can't!,,,나오미,"싫어, 더는 싫어......!",,,直美,不要，已經夠了……！,,,1,150,12,1,0,0,0,0,0,,Translated
1721,直美,世以子が……世以子が怒ってるんだ。, , ,Naomi,Seiko... Seiko's angry with me...,,,나오미,세이코가...... 세이코가 화났어.,,,直美,世以子……世以子在生氣。,,,1,151,12,1,0,0,0,0,0,,Translated
1722,直美,やっぱり私が！　私のせいで！,世以子は死んだんだよ！, ,Naomi,It was my fault!,It's my fault she's dead!,,나오미,역시 내가!  나 때문에!,세이코가 죽은 거야!,,直美,果然是我！　是我的錯！,世以子才會死！,,1,152,12,1,0,0,0,0,0,,Translated
1723,哲志,直美。違う。……違うよ。, , ,Satoshi,"Naomi! No... No, you're wrong.",,,사토시,나오미. 아냐...... 아니야.,,,哲志,直美。不是的。……不是的。,,,1,87,17,1,0,0,0,0,0,,Translated
1724,哲志,お前のせいでも、自殺でもない。, , ,Satoshi,"It wasn't your fault, and it wasn't a suicide.",,,사토시,"네 탓도, 자살도 아냐.",,,哲志,不是妳的錯，也不是自殺。,,,1,88,17,1,0,0,0,0,0,,Translated
1725,直美,どうして違うって言い切れるの？,あの時の私の言葉、聞いてないから哲志は……！, ,Naomi,"How can you possibly say that?! You weren't there,",Satoshi! You didn't hear the things I said to her!,,나오미,어떻게 그렇게 단언하는데?,그때 내 말을 못 들어서 그러는......!,,直美,你為什麼能這麼肯定？,因為哲志沒聽到我那時說的話……！,,1,153,12,1,0,0,0,0,0,,Translated
1726,直美,……それ……　世以子の携帯……, , ,Naomi,"Wait, is this...Seiko's cell phone...?",,,나오미,...... 그건......  세이코의 휴대전화......,,,直美,……那是……　世以子的手機……,,,1,154,12,1,0,0,0,0,0,,Translated
1727,哲志,死んでしまう直前まで、あいつはお前の事、,心配してたんだよ。, ,Satoshi,"Just before she died, she was really worried about",you.,,사토시,"죽기 직전까지, 그 녀석은 널",걱정하고 있었어.,,哲志,直到臨死之前，她都在擔心妳。,,,1,89,17,1,0,0,0,0,0,,Translated
1728,哲志,送信されていないけど、, , ,Satoshi,She never actually sent it...,,,사토시,송신은 되지 않았지만,,,哲志,雖然沒有發送出去，,,,1,90,17,1,0,0,0,0,0,,Translated
1729,哲志,お前宛てに、メールを書いてたんだアイツ。,……読んでみな。, ,Satoshi,...but she dropped this while she was writing a text,message...and I think you should read it.,,사토시,네 앞으로 문자를 썼어.,...... 읽어 봐.,,哲志,但她在寫給妳的郵件。……看看吧。,,,1,91,17,1,0,0,0,0,0,,Translated
1730,直美,……, , ,Naomi,...,,,나오미,......,,,直美,……,,,1,155,12,1,0,0,0,0,0,,Translated
1731,直美,…………, , ,Naomi,......,,,나오미,............,,,直美,…………,,,1,156,12,1,0,0,0,0,0,,Translated
1732,,宛先：★直美★,件名：仲直りしょ, ,,Recipient: Naomi,Subject:   No hard feelings,,,수신인 : ★나오미★,건명 : 화해하자,,,收件人：★直美★,標題：和好吧,,0,0,0,1,0,0,0,0,0,,Translated
1733,,汚久しぶりですッ(´゜∀゜`),さっきわごめンなさあい(；ω;), ,,So how the hell are ya babe!! ^_^,sorry about earlier - sadface!,,,진짜 오랜만이네,좀 전엔 미안했어,,,好久不見！(´゜∀゜`),剛才對不起(；ω;),,0,0,0,1,0,0,0,0,0,,Translated
1734,,ぁやまるからゆるしテッ, , ,,i apologized though,so you have to forgive me now!,,,사과할 테니 용서해 줘,,,,我道歉了所以原諒我吧,,,0,0,0,1,0,0,0,0,0,,Translated
1735,,でないと又、私のステキなエロ写メ,送ッちゃう(つд∩), ,,if you dont ill email you a bea-utiful crotch shot,---so watch out ;),,,안 받아주면 내 멋진 에로 사진,보내 버린다 ,,,不然的話我又要,發我精彩的情色照片囉(つд∩),,0,0,0,1,0,0,0,0,0,,Translated
1736,,手ぉ繋いで一緒にデるゾ、,(艸`-ω-;)こんなくッさぃ学校, ,,lets get the hell out of this dump together,hand in hand :3,,,서로 손잡고 함께 나가자,이런 냄새나는 학교,,,手牽手一起離開吧,(艸`-ω-;)這間臭學校,,0,0,0,1,0,0,0,0,0,,Translated
1737,,ぁえるまで頑張ろ、,愛しいM田クンに↑↑, ,,until we meet again....,youd better get it on with your darling mochi,---or else!,,다시 만날 때까지 힘내자,사랑하는 모치다 군에게,,,在重逢之前加油吧,給親愛的M田同學↑↑,,0,0,0,1,0,0,0,0,0,,Translated
1738,, とりあえず１階の,玄関前で落ち合おうよ。, ,,anyway,ill be waiting for you by the entranceway,,,일단 1층,현관 앞에서 보자.,,,總之一樓的玄關前碰面吧。,,,0,0,0,1,0,0,0,0,0,,Translated
1739,,仲直りのキッｓ, , ,,we can kiss & make up,xxxooo,ooh la la,,화해의 키스,,,,和好的親ｓ,,,0,0,0,1,0,0,0,0,0,,Translated
1740,直美,……世以子。, , ,Naomi,...Seiko...,,,나오미,...... 세이코.,,,直美,……世以子。,,,1,157,12,1,0,0,0,0,0,,Translated
1741,直美,世以子！　……世以子ぉ！　うううううう, , ,Naomi,Seiko...,SEEEIKOOO!!,*sob*,나오미,세이코! ...... 세이코오! 우우우우우우,,,直美,世以子！　……世以子！　嗚嗚嗚嗚嗚,,,1,158,12,1,0,0,0,0,0,,Translated
1742,直美,っ世以子……！, , ,Naomi,Seiko...,,,나오미,세이코......!,,,直美,世以子……！,,,1,159,12,1,0,0,0,0,0,,Translated
1743,哲志,……気持ちが落ち着くまではと思って、,直美には見せずにいたんだ……, ,Satoshi,I was planning to wait until a little more time,had passed before showing this to you...,,사토시,...... 마음이 진정될 때까지 기다리려고,보여주지 않고 있었어......,,哲志,……本來想等妳心情平復一點，,才沒拿給直美看的……,,1,92,17,1,0,0,0,0,0,,Translated
1744,哲志,すまない。, , ,Satoshi,I'm sorry.,,,사토시,미안해.,,,哲志,對不起。,,,1,93,17,1,0,0,0,0,0,,Translated
1745,直美,うううう～、ううううう～～, , ,Naomi,*sob*,,,나오미,우우우우~  우우우우우~~,,,直美,嗚嗚嗚～、嗚嗚嗚嗚～～,,,1,160,12,1,0,0,0,0,0,,Translated
1746,由香,直美お姉ちゃん……？, , ,Yuka,Naomi...?,,,유카,나오미 언니......?,,,由香,直美姊姊……？,,,1,47,29,1,0,0,0,0,0,,Translated
1747,哲志,…………, , ,Satoshi,...,,,사토시,............,,,哲志,…………,,,1,94,17,1,0,0,0,0,0,,Translated
1748,,扉がすこし傾いています。　　,……やはり開きそうにありません。, ,,"The door is slightly bowed, yet still seems",stubbornly sturdy in spite of this. It can't,be opened.,,어깨가 조금 기울어져 있습니다.,...... 역시 열리지 않습니다.,,,門稍微傾斜了。　　,……果然還是打不開。,,0,0,0,1,0,0,0,0,0,,Translated
1749,校長,……おいで。, , ,Principal,*pant* *gasp* *wheeze*,...C'mere...,,교장,...... 이리 오렴.,,,校長,……過來。,,,1,235,20,1,0,0,0,0,0,,Translated
1750,サチコ,キャーーーーッ！, , ,Sachiko,AAAAAAAAAAAAAGGGGGGGGGGGGGGHHHHH!!,,,사치코,꺄~~~~!,,,サチコ,呀～～～～！,,,1,115,14,1,0,0,0,0,0,,Translated
1751,校長,見てしまったんだね……, , ,Principal,"You saw everything, didn't you?",,,교장,보고 말았구나......,,,校長,你看到了吧……,,,1,236,20,1,0,0,0,0,0,,Translated
1752,サチコ,んっ、……キャー！, , ,Sachiko,Ungh...AAAAAAAAAAAAAAGGGGHHHHHH!!,,,사치코,윽...... 꺄~!,,,サチコ,嗯、……呀～！,,,1,116,14,1,0,0,0,0,0,,Translated
1753,サチコ,ぐッ……　キュ……ッ　クフッ, , ,Sachiko,Gllgh...grgh...urk...glghhlk...,,,사치코,윽...... 끄으......  쿠훅,,,サチコ,呃……　咕……　咳呼,,,1,117,14,1,0,0,0,0,0,,Translated
1754,由香,おに～ぃちゃん♪　（はむっ）, , ,Yuka,Big brooootheer!,*nom*,,유카,오빠~♪  (덥석),,,由香,哥～哥♪　（咬）,,,1,255,28,1,0,0,0,0,0,,Translated
1755,由香,（……ぶぅぅぅぅぅーッ）, , ,Yuka,*mmnmmppphhhh*,,,유카,(...... 푸우우우우우~),,,由香,（……噗～～～～～）,,,1,0,29,1,0,0,0,0,0,,Translated
1756,哲志,うおぁ、熱っちぃー！, , ,Satoshi,Ack! That's hot!,,,사토시,"우오오, 뜨거~!",,,哲志,哇啊，好燙！,,,1,218,16,1,0,0,0,0,0,,Translated
1757,哲志,……由香ぁ！　……お前なぁ、,そのヒトの肩に口押し付けて、, ,Satoshi,Yuka! Honestly! Who bites their sibling on the,shoulder?!,,사토시,...... 유카!  ...... 너,어깨에 입 대고,,哲志,……由香！　……妳啊，,把嘴巴貼在別人肩膀上，,,1,219,16,1,0,0,0,0,0,,Translated
1758,哲志,熱風吐き出すのやめろ（怒）！, , ,Satoshi,And why are you blowing air on me?!,,,사토시,뜨거운 바람 불지 마!  (화남),,,哲志,不要吹熱氣（怒）！,,,1,220,16,1,0,0,0,0,0,,Translated
1759,由香,ケラケラケラ！, , ,Yuka,*giggle*,,,유카,깔깔깔!,,,由香,喀喀喀！,,,1,1,29,1,0,0,0,0,0,,Translated
1760,由香,ぷぅ～♪　ぷぅ～♪　ケラケラケラ, , ,Yuka,Whoosh! Whoosh! Heeheehee...,,,유카,푸우~♪  푸우~♪  깔깔깔,,,由香,呼～♪　呼～♪　喀喀喀,,,1,2,29,1,0,0,0,0,0,,Translated
1761,由香,お兄ちゃん、ごはん。, , ,Yuka,"Big brother, it's time for dinner!",,,유카,"오빠, 밥.",,,由香,哥哥，吃飯了。,,,1,3,29,1,0,0,0,0,0,,Translated
1762,哲志,ん、あ……そか。わかった、サンキュ。, , ,Satoshi,"Oh, is it that late already? I'll be right down.",Thanks!,,사토시,"응, 아...... 그래. 알았어, 땡큐.",,,哲志,嗯、啊……是嗎。知道了，謝啦。,,,1,221,16,1,0,0,0,0,0,,Translated
1763,哲志,てか、フツーに呼びに来てくれ。, , ,Satoshi,"But next time, how about TELLING me, rather",than...doing whatever it is you just did?,,사토시,좀 평범하게 불러라.,,,哲志,話說，普通地來叫我就好。,,,1,222,16,1,0,0,0,0,0,,Translated
1764,由香,イヤ！, , ,Yuka,No can do!,,,유카,싫어!,,,由香,不要！,,,1,4,29,1,0,0,0,0,0,,Translated
1765,由香,えっ、えっ、えっ、えっ……, , ,Yuka,"Enh, enh, enh, enh, enh!",,,유카,"어디, 어디......",,,由香,咦、咦、咦、咦……,,,1,5,29,1,1,0,0,0,0,,Translated
1766,由香,（お母さ～ん、お兄ちゃんねぇ、……） , , ,Yuka,Moooom! Big brother's on his way!,,,유카,(엄마~  오빠가 말야......),,,由香,（媽～咪、哥哥他啊……） ,,,1,6,29,1,0,0,0,0,0,,Translated
1767,哲志,……やれやれ。, , ,Satoshi,Heh... What a goofball.,,,사토시,...... 이런 이런.,,,哲志,……真是的。,,,1,223,16,1,0,0,0,0,0,,Translated
1768,哲志,また自分の部屋の扉、開けっ放しじゃないか……, , ,Satoshi,"She left her door open again, too...",,,사토시,"또 자기 방문, 열어 놨잖아......",,,哲志,又沒關自己房間的門……,,,1,224,16,1,0,0,0,0,0,,Translated
1769,,・　・　・　・　・　・, , ,,...,,,,  ·      ·      ·      ·     ·      ·,,,,・　・　・　・　・　・,,,0,0,0,1,0,0,0,0,0,,Translated
1770,哲志,（……？　眠っていたのか……？,　……ここは……俺の部屋だ……）, ,Satoshi,(Was I...asleep? This is my room...),,,사토시,(......?  잠들었나......?,...... 여긴...... 내 방이다......),,哲志,（……？　我在睡覺嗎……？,　……這裡……是我的房間……）,,1,0,0,1,0,0,0,0,0,,Translated
1771,哲志,（……みんなが死んだ……あの学校から、,　帰って来た記憶がない……）, ,Satoshi,(...but I don't remember escaping from that school,where everybody died...),,사토시,(...... 모두 죽어 버린...... 그 학교에서,돌아온 기억이 없어......),,哲志,（……大家都死了……從那所學校，,　沒有回來的記憶……）,,1,0,0,1,0,0,0,0,0,,Translated
1772,哲志,（……なのに……忘れてしまいたい、,　篠原の死に顔や森繁の声は……,　はっきりと頭に残っている……　くッ！）,Satoshi,"(I was definitely there, though. I wish I could","forget Shinohara's lifeless face, and Morishige's",panicked voice... There's no way it was a dream!),사토시,(...... 그런데...... 잊고 싶은,시노하라의 죽은 얼굴과 모리시게의 목소리는......,선명하게 머리에 남아 있어......  큭!),哲志,（……明明如此……想要忘記的，,　篠原的死相和森繁的聲音……,　卻清晰地留在腦海裡……　可惡！）,1,0,0,1,0,0,0,0,0,,Translated
1773,由香,お兄ちゃん！　おはよッ！, , ,Yuka,"Good morning, big brother!",,,유카,오빠!  좋은 아침!,,,由香,哥哥！　早安！,,,1,121,29,1,0,0,0,0,0,,Translated
1774,哲志,ぐッ……！　由香……お、おはよう。,……何だ？　元気だな……　　　,（由香は一緒に帰って来れたんだっけ……）,Satoshi,Urk! ...Yuka... Good morning.,What's up? You seem...awfully peppy.,(Did she make it back with me...?),사토시,"윽......!  유카...... 조, 좋은 아침.",...... 뭐야? 기운이 넘치네......,(유카는 함께 돌아왔던가......),哲志,呃……！　由香……早、早安。,……什麼啊？　真有精神……,　　（由香也一起回來了嗎……）,1,152,18,1,0,0,0,0,0,,Translated
1775,由香,ごはん！ごはん！　お兄ちゃん来ないと、,みんな食べられないんだから～, ,Yuka,"Breakfast! Breakfast, silly! If you don't come down,",none of us can start eating!,,유카,밥! 밥!  오빠가 안 오면,다들 못 먹는단 말야~,,由香,吃飯！吃飯！　哥哥不來的話，,大家都不能吃啊～,,1,122,29,1,0,0,0,0,0,,Translated
1776,哲志,ああ……だけど、俺は……　　　,今朝はいいや。, ,Satoshi,"Ahh, okay.",...Actually...I think I'll skip breakfast this,morning.,사토시,"그래...... 하지만, 난......",오늘은 됐어.,,哲志,嗯……但是，我……　　　,今天早上算了。,,1,153,18,1,0,0,0,0,0,,Translated
1777,由香,どうして？, , ,Yuka,Whyyy?,,,유카,왜?,,,由香,為什麼？,,,1,123,29,1,0,0,0,0,0,,Translated
1778,哲志,食べる気がしないんだ……さすがに。, , ,Satoshi,I'm...not especially hungry.,I'm sure you can understand.,,사토시,먹을 생각이 없어서......,,,哲志,我沒有食慾……畢竟經歷了那些。,,,1,154,18,1,0,0,0,0,0,,Translated
1779,由香,あ～、もう～。だめなんだよ？　朝食べないと。, , ,Yuka,That's no excuse! Breakfast is the most important,"meal of the day, you know!",,유카,아~ 정말~ 아침은 거르면 안 된다구?,,,由香,啊～、真是的～。不行喔？　不吃早餐的話。,,,1,124,29,1,0,0,0,0,0,,Translated
1780,哲志,……わかるだろ？　お前だって！,……昨日、あんな事があったんだ……！, ,Satoshi,"Look, just leave me alone, okay?! You were there",too. You saw...what happened yesterday...,,사토시,...... 알잖아? 너도!,"...... 어제, 그런 일이 있었는데......!",,哲志,……妳懂吧？　妳也是！,……昨天，發生了那種事啊……！,,1,155,18,1,0,0,0,0,0,,Translated
1781,由香,？　お兄ちゃん、泣いてるの？,……怖い夢見たの？, ,Yuka,"Hmm? Big brother, are you...crying?",Did you have a scary dream?,,유카,"?  오빠, 울어?",...... 무서운 꿈을 꾼 거야?,,由香,？　哥哥，你在哭嗎？,……做了可怕的夢嗎？,,1,125,29,1,0,0,0,0,0,,Translated
1782,哲志,……由香、お前……, , ,Satoshi,...Yuka... Didn't you...?,,,사토시,"...... 유카, 너......",,,哲志,……由香，妳……,,,1,156,18,1,0,0,0,0,0,,Translated
1783,世以子,もっちだく～ん。, , ,Seiko,Moochidaaah?,,,세이코,모치다 구운~,,,世以子,持田～～。,,,1,69,20,1,0,0,0,0,0,,Translated
1784,哲志,篠原！……, , ,Satoshi,Shinohara...!,,,사토시,시노하라! ......,,,哲志,篠原！……,,,1,157,18,1,0,0,0,0,0,,Translated
1785,世以子,なんか元気ないねぇ。大丈夫？, , ,Seiko,You look pretty down! You okay?,,,세이코,왠지 기운이 없네. 괜찮아?,,,世以子,看起來沒什麼精神呢。沒事吧？,,,1,70,20,1,0,0,0,0,0,,Translated
1786,哲志,あ……いや……　あぁ……？, , ,Satoshi,I...uhh... Yeah...,,,사토시,아...... 아니......  어어......?,,,哲志,啊……不……　嗯嗯……？,,,1,158,18,1,0,0,0,0,0,,Translated
1787,世以子,今日のお店番の順番だけどね……,私がペアーの組み合わせ、,気、利かせておいたからね。,Seiko,I bet I know what it is... Your heart's just all,aflutter because we got paired together for tending,shop today! Am I right?!,세이코,오늘 가게 보는 순서 말인데......,너희 둘만 있을 수 있게,내가 잘 짜놨어.,世以子,今天是顧攤的順序……,我幫你們配對，,我可是費了心思喔。,1,71,20,1,0,0,0,0,0,,Translated
1788,哲志,うぇ……何だ、それ？, , ,Satoshi,Huh? ...What are you talking about?,,,사토시,"어...... 뭐야, 그건?",,,哲志,呃……什麼啊？,,,1,159,18,1,0,0,0,0,0,,Translated
1789,世以子,んふふふふ、ヘンタイ。, , ,Seiko,Mmmmmhmhmhmhm... Pervert.,,,세이코,"응후후후후, 변태.",,,世以子,嗯呵呵呵呵，變態。,,,1,72,20,1,0,0,0,0,0,,Translated
1790,哲志,はぁ？, , ,Satoshi,Wha...?,,,사토시,뭐어?,,,哲志,啥？,,,1,160,18,1,0,0,0,0,0,,Translated
1791,世以子,んふふふふ、エッチ。, , ,Seiko,Aaaahahahahaha... Lusty boy!,,,세이코,"응후후후후, 색골.",,,世以子,嗯呵呵呵呵，色狼。,,,1,73,20,1,0,0,0,0,0,,Translated
1792,哲志,俺は……夢を見ているのか？,いや、見ていたのか？, ,Satoshi,Am I...dreaming now? Or was everything else,just a dream...?,,사토시,난...... 꿈을 꾸는 건가?,"아니, 꿨던 건가?",,哲志,我……是在做夢嗎？,還是，之前都是在做夢？,,1,161,18,1,0,0,0,0,0,,Translated
1793,直美,おっはよー！みんな！,おしるこ屋のお椀ってこれ位で足りる？, ,Naomi,"Morning, everybody! Brought some bowls for the soup.",Think this'll be enough?,,나오미,다들 안녕~!,"단팥죽 그릇, 이 정도면 될까?",,直美,大家早安！,紅豆湯的碗這些夠嗎？,,1,157,13,1,0,0,0,0,0,,Translated
1794,繭,おはよう！, , ,Mayu,Mornin'!,,,마유,안녕!,,,繭,早安！,,,1,65,8,1,0,0,0,0,0,,Translated
1795,あゆみ,あ、おはよー！,うん、それぐらいあれば大丈夫！, ,Ayumi,"Ah, good morning. Yeah, that looks like plenty!",,,아유미,"아, 안녕~!","응, 그 정도면 충분해!",,あゆみ,啊，早安！,嗯，這些應該夠了！,,1,192,4,1,0,0,0,0,0,,Translated
1796,世以子,いや～～んッ、直美おっはよ～～～ん, , ,Seiko,"Oooooooh! Top o' the mornin', you sexy beast!",,,세이코,"이야~~앙, 나오미 안뇽~~~",,,世以子,哎呀～～直美早～～～安,,,1,74,20,1,0,0,0,0,0,,Translated
1797,哲志,は……ははっ……　　　　,何だよ、やっぱり……　　　　,悪い夢だったんだ……,Satoshi,Ha...haha...,I guess it really was...just a nightmare...,,사토시,하...... 하핫......,"뭐야, 역시......",악몽이었구나......,哲志,哈……哈哈……　　　　,什麼嘛，果然……　　　　,是一場惡夢啊……,1,162,18,1,0,0,0,0,0,,Translated
1798,直美,うあぁ！　ちょっと世以子！,お尻揉まないでよー！, ,Naomi,"ACK!! Seiko, how many times have I told you?!",Stop grabbing my ass!,,나오미,우아아!  잠깐 세이코!,엉덩이 만지지 마~!,,直美,哇啊！　等等世以子！,不要揉我屁股～！,,1,158,13,1,0,0,0,0,0,,Translated
1799,世以子,ンーーッフッフッフ！,手の塞がった直美さんを見て、わちしが放って,おくとでもお思いかぃ？,Seiko,Hoohoo! But when I see you all serious and focused,"like that, how can I resist?",,세이코,으응~~ 훗훗후!,내가 손을 쓸 수 없는 나오미 양을,가만히 둘 줄 알았어?,世以子,嗯～～呵呵呵！,看到雙手沒空的直美小姐，,你覺得我會放過你嗎？,1,0,0,1,0,0,0,42,0,,Translated
1800,直美,あ、あ、あ……いやっ……！　ひゃぁッ！, , ,Naomi,Ehh...ahh...AHHH!! Stop!!,,,나오미,"아, 아, 아...... 싫어......!  햐앗!",,,直美,啊、啊、啊……不要……！　呀！,,,1,0,0,1,0,0,0,0,0,,Translated
1801,哲志,―！, , ,Satoshi,...!,,,사토시,!!,,,哲志,―！,,,1,163,18,1,0,0,0,0,0,,Translated
1802,直美,こらーーーー！, , ,Naomi,CUT IT OUT!! Geez...,,,나오미,요게~~~~!,,,直美,住手～～～～！,,,1,160,13,1,0,0,0,0,0,,Translated
1803,繭,あはははは。, , ,Mayu,*giggle*,,,마유,아하하하하.,,,繭,啊哈哈。,,,1,66,8,1,0,0,0,0,0,,Translated
1804,あゆみ,あー！　駄目よ、お椀は綺麗にしないとー, , ,Ayumi,"Ahh! Come on, now. We need to get these bowls",cleaned.,,아유미,"아~!  안 돼, 그릇은 깨끗하게 써야지~",,,あゆみ,啊～！　不行喔，碗要洗乾淨～,,,1,194,4,1,0,0,0,0,0,,Translated
1805,哲志,……待て……今の場面、……見覚えがあるぞ……, , ,Satoshi,Wait...,This is like...deja vu...,,사토시,...... 잠깐...... 방금 그 장면...... 본 기억이 있어......,,,哲志,……等等……剛才的場景……好像見過……,,,1,164,18,1,0,0,0,0,0,,Translated
1806,哲志,これは……！【同じ】じゃないか！, , ,Satoshi,In fact...this is exactly how it was!,,,사토시,이건......! 【똑같은】 꿈이잖아!,,,哲志,這是……！【一樣】的啊！,,,1,165,18,1,0,0,0,0,0,,Translated
1807,哲志,『夢』と……天神小学校へ飛ばされた……,あの『夢』と……！, ,Satoshi,It's...the same as my dream...,the dream where we all got sent to Heavenly Host...,,사토시,『꿈』과...... 텐진초등학교에 날려온......,그 『꿈』......!,,哲志,和『夢』裡……被傳送到天神小學校的……,那個『夢』……！,,1,166,18,1,0,0,0,0,0,,Translated
1808,哲志,あれは……夢じゃなかった……？,まさか……【同じ日】が、始まるのか？！, ,Satoshi,"Was it...real, after all? Is the whole day just...",restarting?!,,사토시,그건...... 꿈이 아니었나......?,설마...... 【같은 날】이 시작되는 건가?!,,哲志,那是……不是夢……？,難道……【同一天】，要開始了嗎？！,,1,167,18,1,0,0,0,0,0,,Translated
1809,哲志,――止めないと！, , ,Satoshi,I have to put a stop to it!,,,사토시,막아야 해!,,,哲志,――必須阻止！,,,1,168,18,1,0,0,0,0,0,,Translated
1810,良樹,あん？　ナニ言ってんだよ。天神小学校だ？, , ,Yoshiki,"Ehh? What are you going on about, now?",Heavenly Host Elementary School?!,,요시키,엉? 무슨 말이야. 텐진초등학교?,,,良樹,嗯？　你在說什麼啊。天神小學校？,,,1,38,26,1,0,0,0,0,0,,Translated
1811,あゆみ,おぉ、持田君、よく知ってるね……,そのネタの怪談、持ってきたよッ♪, ,Ayumi,"Oooh, I'm surprised you've heard of that, Mochida.",I was actually planning on telling you guys a ghost,story about that place later tonight!,아유미,"오오, 모치다 군, 잘 알고 있네......",오늘은 그 괴담을 준비해 왔어♪,,あゆみ,喔，持田同學知道得真清楚……,那個題材的怪談，我帶來了喔♪,,1,195,4,1,0,0,0,0,0,,Translated
1812,直美,哲志～、お店さぼってて、,夢でも見たんじゃないの～？, ,Naomi,Satoooshi...? Don't tell me you've been slacking,in your duties and daydreaming about some haunted,"school, now...",나오미,사토시~  가게도 안 보고,꿈이라도 꾼 거 아냐~?,,直美,哲志～，偷懶顧攤，,是不是做夢了啊～？,,1,161,13,1,0,0,0,0,0,,Translated
1813,世以子,あるある（笑）、にひひひ, , ,Seiko,"Awwww, bus-ted! Heeheehee...",,,세이코,"그럴 수도 있지 (웃음), 니히히히",,,世以子,有可能喔（笑）、嘻嘻嘻,,,1,76,20,1,0,0,0,0,0,,Translated
1814,繭,繁兄ぃもさぼってたけどね～♪, , ,Mayu,"Not like he's the only one who's been slacking,",though...Shig!,,마유,시게 오빠도 놀았지만~♪,,,繭,繁哥也在偷懶喔～♪,,,1,67,8,1,0,0,0,0,0,,Translated
1815,森繁,俺は、違うよ。演劇部の台本を、コピー取りに,行っていたんだ。, ,Morishige,I haven't been slacking. I simply needed to go make,copies of the script for drama club.,,모리시게,난 아냐. 연극부 대본을,복사하러 간 거야.,,森繁,我沒有喔。我是去影印戲劇部的劇本了。,,,1,213,8,1,0,0,0,0,0,,Translated
1816,良樹,いや森繁よぅ、それサボってるって言わね？, , ,Yoshiki,"I dunno, Morishige, that sounds like an excuse",to me...,,요시키,"아니 모리시게, 그걸 놀았다고 하는 거 아냐?",,,良樹,不森繁啊，那不就是偷懶嗎？,,,1,39,26,1,0,0,0,0,0,,Translated
1817,結衣,ホラホラ、持田君。……君の番でしょう？,お店の番、して来なさい？, ,Ms. Shishido,"Come on, then, come on. It's your turn, right",Mochida? Your post awaits...,,유이,"자자, 모치다 군...... 네 차례잖니?",가게를 보고 오렴.,,結衣,來來，持田同學。……輪到你了吧？,去顧攤吧？,,1,205,27,1,0,0,0,0,0,,Translated
1818,,【七星の手記】5／5, , ,,[Naho's Notes],5／5,,,【나호의 수기】 5/5,,,,【七星的筆記】5／5,,,0,0,0,1,0,0,0,0,0,,Translated
1819,,手記は白紙になっています……, , ,,(The pages are all blank.),,,,수기는 백지입니다......,,,,筆記是空白的……,,,0,0,0,1,0,0,0,0,0,,Translated
1820,あゆみ,……この紙。, , ,Ayumi,"Nng, these papers...",,,아유미,...... 이 종이.,,,あゆみ,……這張紙。,,,1,30,3,1,0,0,0,0,0,,Translated
1821,あゆみ,見ているだけで、頭が痛くなってくる。, , ,Ayumi,Just looking at them makes my head throb...,,,아유미,보고만 있어도 머리가 아파 와.,,,あゆみ,只是看著就覺得頭痛。,,,1,31,3,1,0,0,0,0,0,,Translated
1822,あゆみ,凄い思念がこもっている感じ……, , ,Ayumi,It's like they're somehow filled with emotion...,like Naho's feelings have been projected onto them.,,아유미,굉장한 사념이 깃들어 있어......,,,あゆみ,感覺充滿了強烈的思念……,,,1,32,3,1,0,0,0,0,0,,Translated
1823,七星,“センセイの匂いがする。,　段々近くなってきた。,　もうすぐ会える。”,Naho,I can smell him. I'm getting closer.,"Soon, I'll be with him again...",,나호,“선생님 냄새가 나.,점점 가까워져.,이제 곧 만날 수 있어.”,七星,「聞到老師的味道了。,越來越近了。,很快就能見面了。」,1,125,9,1,0,0,0,0,0,,Translated
1824,あゆみ,（白紙に……字が浮かんできている……？）, , ,Ayumi,(The letters are just...appearing on these blank,sheets of paper! It's like they're being written,"right now, in front of my eyes...)",아유미,(백지에...... 글씨가 보여......?),,,あゆみ,（空白紙上……浮現出字來了……？）,,,1,0,0,1,0,0,0,0,0,,Translated
1825,七星,“意識が朦朧としてきた。,　手、黒くなってきた。,　けど、大丈夫。”,Naho,My consciousness is fading. My hands are jet black.,But I'm all right.,,나호,“의식이 몽롱해진다.,"손이, 검게 변했어.","하지만, 괜찮아.”",七星,「意識開始模糊了。,手，變黑了。,但是，沒事的。」,1,126,9,1,0,0,0,0,0,,Translated
1826,七星,“もうすぐ会えるね。”, , ,Naho,"I'll be with him again soon, after all...",,,나호,“이제 곧 만날 수 있겠네.”,,,七星,「很快就能見面了呢。」,,,1,127,9,1,0,0,0,0,0,,Translated
1827,,【七星の手記】6／5, , ,,[Naho's Notes],6／5,,,【나호의 수기】 6/5,,,,【七星的筆記】6／5,,,0,0,0,1,0,0,0,0,0,,Translated
1828,七星,“センセイ、みつけた。　　　　　,　あのへやに、にげた。　まて。”, ,Naho,"I found you, Kibiki.",I found the room you ran to.,Wait for me.,나호,"“선생님, 찾았다.","저 방으로, 도망쳤다.  기다려.”",,七星,「老師，找到了。　　　　　,　逃到那個房間了。　等著。」,,1,128,9,1,1,0,0,0,0,,Translated
1829,,【七星の手記】7／5, , ,,[Naho's Notes],7／5,,,【나호의 수기】 7/5,,,,【七星的筆記】7／5,,,0,0,0,1,0,0,0,8,0,,Translated
1830,七星,“会いたかった。　だきしめてあげる。”, , ,Naho,I missed you.,I'm going to hug you now.,,나호,“보고 싶었어.  안아 줄게.”,,,七星,「好想你。　讓我抱抱你。」,,,1,129,9,1,1,0,0,0,0,,Translated
1831,,【七星の手記】＃／5, , ,,[Naho's Notes],#／5,,,【나호의 수기】 #/5,,,,【七星的筆記】＃／5,,,0,0,0,1,0,0,0,8,0,,Translated
1832,七星,“わたしのからだは　もうまっくろ”, , ,Naho,Everything has gone dark.,My body is a black mist.,,나호,“내 몸은  이제 새까매”,,,七星,「我的身體　已經全黑了」,,,1,130,9,1,0,0,0,0,0,,Translated
1833,あゆみ,……なにこれ……？, , ,Ayumi,What the hell...?!,,,아유미,...... 뭐야 이거......?,,,あゆみ,……這是什麼……？,,,1,91,3,1,0,0,0,0,0,,Translated
1834,あゆみ,七星……さん……, , ,Ayumi,Naho...,,,아유미,나호...... 씨......,,,あゆみ,七星……小姐……,,,1,33,3,1,0,0,0,0,0,,Translated
1835,哲志,うっ……真っ暗だ……！, , ,Satoshi,Agh... Everything's gone dark!,,,사토시,윽...... 새까매......!,,,哲志,嗚……一片漆黑……！,,,1,102,18,1,0,0,0,0,0,,Translated
1836,あゆみ,間に合わなかったの……！？, , ,Ayumi,Did we miss our chance?!,,,아유미,늦은 거야......!?,,,あゆみ,沒趕上嗎……！？,,,1,181,4,1,0,0,0,0,0,,Translated
1837,直美,そんな……, , ,Naomi,No...!,,,나오미,그럴 수가......,,,直美,怎麼會……,,,1,99,13,1,0,0,0,0,0,,Translated
1838,雪,みなさん……, , ,Yuki,My friends...,,,유키,여러분......,,,雪,各位……,,,1,178,22,1,0,0,0,0,0,,Translated
1839,あゆみ,雪ちゃん……！, , ,Ayumi,Yuki!,,,아유미,유키......!,,,あゆみ,由紀……！,,,1,182,4,1,0,0,0,0,0,,Translated
1840,雪,……ックククククク、アハハハハハハハハ, , ,Yuki,*giggle*,*cackle*,,유키,"...... 크크크크크크, 아하하하하하하하",,,雪,……庫庫庫庫庫、啊啊哈哈哈哈哈哈,,,1,179,22,1,0,0,0,0,0,,Translated
1841,雪,天神小学校へようこそ……！, , ,Yuki,Welcome to Heavenly Host Elementary School...,,,유키,텐진초등학교에 잘 오셨습니다......!,,,雪,歡迎來到天神小學校……！,,,1,180,22,1,0,0,0,0,0,,Translated
1842,雪,ごめんなさい……本当に……,だけど、がんばってください！, ,Yuki,I'm sorry. I really am...,But I wish you the best of luck.,,유키,정말...... 죄송합니다......,하지만 힘을 내세요!,,雪,對不起……真的……,但是，請加油！,,1,135,22,1,0,0,0,0,0,,Translated
1843,雪,これは今、哲志さん達に必要なものです。,どこかで、渡してあげてください。, ,Yuki,This is something I think Satoshi and the others may,"need. If you find them, please give it to them for",me.,유키,"이건 지금, 사토시 씨에게 필요할 겁니다.",나중에 전해 주세요.,,雪,這是現在哲志他們需要的東西。,請在什麼地方轉交給他們。,,1,136,22,1,0,0,0,0,0,,Translated
1844,,大理石の彫像　を受け取りました。, , ,,Acquired [Marble Statue].,,,,대리석 조각상을 얻었습니다.,,,,取得了大理石雕像。,,,0,0,0,1,0,0,0,0,0,,Translated
1845,良樹,ん……だったら、お前が渡してやってくれよ。, , ,Yoshiki,Uhh... Why don't you give it to them yourself?,,,요시키,음...... 그럼 네가 전해 줘.,,,良樹,嗯……那妳自己交給他們不就好了。,,,1,221,24,1,0,0,0,0,0,,Translated
1846,雪,哲志さん達の周りには、今……,あの子がつきまとっていて、近付けないのです。, ,Yuki,Because...she's following them around the school,right now. I can't get close enough.,,유키,"사토시 씨 주위에는, 지금......",그 아이가 붙어 있어서 다가갈 수가 없습니다.,,雪,因為現在……那個孩子纏在哲志他們身邊，,我無法靠近。,,1,137,22,1,0,0,0,0,0,,Translated
1847,雪,もうひとつ、赤い像もあって……,それも、見つけたら渡してあげてください。, ,Yuki,"There's another statue like it, though. A red one.","If you find it, make sure he gets that one, too.",,유키,빨간 조각상이 하나 더 있는데......,그것도 찾게 되면 건네 주세요.,,雪,還有一個紅色的雕像……,如果找到了，也請轉交給他們。,,1,138,22,1,0,0,0,0,0,,Translated
1848,あゆみ,わかった。, , ,Ayumi,Understood.,,,아유미,알았어.,,,あゆみ,知道了。,,,1,97,2,1,0,0,0,0,0,,Translated
1849,雪,……, , ,Yuki,...,,,유키,......,,,雪,……,,,1,139,22,1,0,0,0,0,0,,Translated
1850,雪,身体を取り戻してもらった、,わたしたち３人は……もう、準備は出来ています。, ,Yuki,The three of us are prepared for the challenges,"ahead, now that our tongues have been restored.",,유키,몸을 되찾은,저희 셋은...... 이미 준비를 끝냈습니다.,,雪,取回了身體的，,我們三人……已經，準備好了。,,1,140,22,1,0,0,0,0,0,,Translated
1851,雪,そのせいで、多重空間のバランスが壊れています、,気を付けてください。, ,Yuki,"But due to our momentary awakening, the balance of","these closed spaces has begun to collapse. Be very,",very careful.,유키,그 때문에 다중 공간의 밸런스가 무너진 상태입니다.,조심하세요.,,雪,因此，多重空間的平衡被破壞了，,請小心。,,1,141,22,1,0,0,0,0,0,,Translated
1852,雪,あと、足りなかった『犯人の懺悔』を引き出すには, , ,Yuki,"Also, remember, in order for Sachiko to feel","remorse, you must appeal to her humanity.",,유키,그리고 부족한 『범인의 참회』를 이끌어 내려면,,,雪,還有，要引出欠缺的『兇手的懺悔』，,,,1,142,22,1,0,0,0,0,0,,Translated
1853,雪,犯人のあの子を、浄化させてあげるしかありません。, , ,Yuki,You must purify her soul. It's the only way.,,,유키,범인인 그 아이를 정화시키는 수밖에 없습니다.,,,雪,只能淨化身為兇手的那個孩子。,,,1,143,22,1,0,0,0,0,0,,Translated
1854,雪,わたしはもう……　心が侵され始めました。, , ,Yuki,My mind...has already come under attack.,,,유키,저는 이미...... 마음을 침식당하기 시작했습니다.,,,雪,我已經……開始被侵蝕心智了。,,,1,144,22,1,0,0,0,0,0,,Translated
1855,雪,次にわたしを見たら、, , ,Yuki,So the next time you see me...,,,유키,다음에 절 보면,,,雪,下次看到我的時候，,,,1,145,22,1,0,0,0,0,0,,Translated
1856,雪,逃げ……, , ,Yuki,...run...,,,유키,도망......,,,雪,快逃……,,,1,146,22,1,0,0,0,0,1,,Translated
1857,あゆみ,……意識が消えた……, , ,Ayumi,She's gone...,,,아유미,...... 의식이 사라졌어......,,,あゆみ,……意識消失了……,,,1,98,2,1,0,0,0,0,0,,Translated
1858,良樹,とにかく、哲志達と結衣センセーを捜すか……, , ,Yoshiki,"Yeah. For now, let's just focus on finding Satoshi,",Ms. Yui and the others.,,요시키,일단 사토시와 유이 선생님을 찾아볼까......,,,良樹,總之，先找哲志他們和結衣老師吧……,,,1,222,24,1,0,0,0,0,0,,Translated
1859,良樹,けど、センセーと鈴本、森繁以外は,姿も見えなかったしな……, ,Yoshiki,"Though aside from Ms. Yui, the only other people",we've seen so far are Suzumoto and Morishige...,,요시키,"그런데 선생님과 스즈모토, 모리시게 말고는",본 적도 없는데......,,良樹,但是，除了老師和鈴本、森繁以外,都沒看到人影……,,1,223,24,1,0,0,0,0,0,,Translated
1860,良樹,隅々まで校舎の中を見たと思うけど……,マジでいるのか？　あいつら。, ,Yoshiki,And we explored pretty much everywhere.,You sure the others are even here?!,,요시키,이 교사 안은 구석구석 다 봤을 텐데......,진짜 있는 거야?  그 녀석들.,,良樹,我以為已經看遍了校舍的每個角落……,他們真的在嗎？　那些傢伙。,,1,224,24,1,0,0,0,0,0,,Translated
1861,あゆみ,考えるしかないわね……　そう……多重空間。, , ,Ayumi,Well...think about it. Remember?,The closed spaces?,,아유미,생각해 보는 수밖에 없겠어......  그래...... 다중공간.,,,あゆみ,只能想一下了……　對……多重空間。,,,1,99,2,1,0,0,0,0,0,,Translated
1862,あゆみ,最初の教室で、結衣先生と一緒の時に見た人魂が,言ってたでしょ？, ,Ayumi,That first ghost we saw told us all about them when,we got here with Ms. Yui.,,아유미,처음 교실에서 유이 선생님이랑 있었을 때 본 도깨비불이,말했었지?,,あゆみ,最初在教室裡，和結衣老師在一起時看到的鬼火,不是說了嗎？,,1,100,2,1,0,0,0,0,0,,Translated
1863,あゆみ,出会えなかったみんなは、きっと飛ばされた次元が,違っていたのよ。, ,Ayumi,"Basically, anyone we can't find is probably in",another version of this school.,,아유미,다른 애들은 분명,다른 차원에 있던 거야.,,あゆみ,沒能見到的大家，一定是被傳送到了,不同的次元。,,1,101,2,1,0,0,0,0,0,,Translated
1864,あゆみ,だから、同じ校舎にいても会えなかった。, , ,Ayumi,Which is why we never ran into them.,,,아유미,그래서 같은 교사에 있지만 만나지 못한 거지.,,,あゆみ,所以就算在同一棟校舍裡也見不到。,,,1,102,2,1,0,0,0,0,0,,Translated
1865,良樹,…………, , ,Yoshiki,...,,,요시키,............,,,良樹,…………,,,1,225,24,1,0,0,0,0,0,,Translated
1866,あゆみ,わかってなかったの？, , ,Ayumi,Is there something you failed to understand?,,,아유미,몰랐어?,,,あゆみ,你不知道嗎？,,,1,103,2,1,0,0,0,0,0,,Translated
1867,良樹,あ？　あ、いや　……おう。, , ,Yoshiki,"Huh? Uh, no, I...yeeah...",,,요시키,"어?  아, 아니  ...... 응.",,,良樹,啊？　啊，不　……嗯。,,,1,226,24,1,0,0,0,0,0,,Translated
1868,良樹,て、待てよ。じゃぁ……どうやって,犯人のこと伝えんだよ、会えもしないやつらに。, ,Yoshiki,"But, wait a minute, if that's the case, how the hell",are we supposed to tell them about the murderer?!,"I mean, if we can't even find them...",요시키,"어, 잠깐만. 그럼...... 어떻게","범인을 알려 주란 말야, 만나지도 못하는데.",,良樹,等等。那……要怎麼,告訴見不到的人關於兇手的事啊。,,1,227,24,1,0,0,0,0,0,,Translated
1869,あゆみ,ゆきちゃんが今言ってたじゃない。,多重空間が壊れてるって。, ,Ayumi,Yuki just told us how! She said the closed spaces,have started breaking down.,,아유미,방금 유키가 말했잖아.,다중 공간이 무너졌다고.,,あゆみ,剛才由紀不是說了嗎。多重空間正在崩壞。,,,1,104,2,1,0,0,0,0,0,,Translated
1870,あゆみ,もしかしたら、別次元同士の関り合い方が、,変わってるかも知れない。, ,Ayumi,That might mean...SHOULD mean that the connections,"between the dimensions are changing, too!",,아유미,혹시나 차원 간의 관련성이,바뀐 걸지도 몰라.,,あゆみ,也許，不同次元之間的關聯方式,正在改變。,,1,105,2,1,0,0,0,0,0,,Translated
1871,あゆみ,もう一度捜してみよう、先生を……みんなを！, , ,Ayumi,"So come on, let's try searching for them again!","Ms. Yui, and everyone else!",,아유미,"다시 한번 찾아보자, 선생님과...... 모두를!",,,あゆみ,再找一次吧，老師……和大家！,,,1,106,2,1,0,0,0,0,0,,Translated
1872,良樹,ああ、わかった。, , ,Yoshiki,Okay! Got it!,,,요시키,"그래, 알았어.",,,良樹,嗯，知道了。,,,1,228,24,1,0,0,0,0,0,,Translated
1873,あゆみ,ほんとにわかったの？, , ,Ayumi,...For real?,,,아유미,진짜 이해한 거야?,,,あゆみ,真的明白了嗎？,,,1,107,2,1,0,0,0,0,0,,Translated
1874,良樹,わかったって　……でもよ。, , ,Yoshiki,"When I say I got it, I got it! ...Although...",,,요시키,알고 있다니까...... 그런데,,,良樹,明白了就是……不過。,,,1,229,24,1,0,0,0,0,0,,Translated
1875,良樹,あの子供達の霊じゃないってんなら……,無関係の人間を何人もこの空間に呼び寄せて, ,Yoshiki,...if it's not those child spirits summoning hordes,of innocent people to this school and trapping them,here until they die...,요시키,그 유령 애들이 아니라면......,관계도 없는 사람을 이 공간에 몇 명이나 불러들여서,,良樹,……如果不是那些小孩的靈魂的話……,把無關的人們叫到這個空間來，,,1,230,24,1,0,0,0,0,0,,Translated
1876,良樹,閉じ込めている存在は、何者なんだろうな……？, , ,Yoshiki,"...then you kinda have to ask yourself, who IS",responsible...you know?,,요시키,"가두고 있는 존재는, 대체 누구야......?",,,良樹,關起來的存在，到底是誰呢……？,,,1,231,24,1,0,0,0,0,0,,Translated
1877,あゆみ,……うん……, , ,Ayumi,Hmmm...,,,아유미,...... 음......,,,あゆみ,……嗯……,,,1,108,2,1,0,0,0,0,0,,Translated
1878,あゆみ,！　あれ？　メール！, , ,Ayumi,What the... I got a text?!,,,아유미,!  어라?  문자!,,,あゆみ,！　咦？　簡訊！,,,1,138,2,1,0,0,0,0,0,,Translated
1879,あゆみ,ずっと圏外……　あれ、まだ圏外なのに、, , ,Ayumi,But...I've had no service this whole time...,"...Actually, I still have no service!",,아유미,"계속 불통......  어라, 아직 불통인데",,,あゆみ,一直收不到訊號……　咦，明明還是收不到訊號，,,,1,139,2,1,0,0,0,0,0,,Translated
1880,良樹,篠崎、どこだ、今行く　俺も来た。, , ,Yoshiki,"Shinozaki, where are you?",I'm here too. Let's meet up.,,요시키,"시노자키, 어디야, 지금 갈게.  나도 왔어.",,,良樹,篠崎，在哪裡，我現在過去　我也來了。,,,1,27,25,1,0,0,0,0,0,,Translated
1881,あゆみ,……岸沼君！　来てくれたのね！, , ,Ayumi,Kishinuma! You came through after all!,,,아유미,...... 키시누마 군!  와 줬구나!,,,あゆみ,……岸沼同學！　你來了啊！,,,1,140,2,1,0,0,0,0,0,,Translated
1882,あゆみ,返事しとこ……！, , ,Ayumi,Let's see if he gets my reply...,,,아유미,답신 보내야지......!,,,あゆみ,回個訊息吧……！,,,1,141,2,1,0,0,0,0,0,,Translated
1883,,「メッセージを送信しました」, , ,,[Message Sent],,,,「메시지를 보냈습니다」,,,,「已發送訊息」,,,0,0,0,1,0,0,0,0,0,,Translated
1884,,「メールを受信しました」, , ,,[Message Received],,,,「문자를 받았습니다」,,,,「已收到郵件」,,,0,0,0,1,0,0,0,0,0,,Translated
1885,良樹,お前一人じゃ、心配だからな。, , ,Yoshiki,I'm worried about you being all by yourself.,,,요시키,너 혼자 두면 걱정되니까.,,,良樹,因為擔心妳一個人。,,,1,28,25,1,0,0,0,0,0,,Translated
1886,あゆみ,……もう！, , ,Ayumi,Heh. Jerk.,,,아유미,...... 정말!,,,あゆみ,……真是！,,,1,142,2,1,0,0,0,0,0,,Translated
1887,あゆみ,ありがとう……本当は、すっごく、心細かったんだ。, , ,Ayumi,I...appreciate...it.,I was...starting...to feel...kind of...overwhelmed.,,아유미,"고마워...... 실은, 너무 불안했어.",,,あゆみ,謝謝……其實，我非常，不安。,,,1,143,2,1,0,0,0,0,0,,Translated
1888,あゆみ,はやく、来てよ　……っと送信♪, , ,Ayumi,Come...quickly.,"Aaand, send.",,아유미,"얼른, 와 줘...... 송신♪",,,あゆみ,快點，來吧……　發送♪,,,1,144,2,1,0,0,0,0,0,,Translated
1889,あゆみ,ふう、ちょっと安心。, , ,Ayumi,*sigh*,I do feel a little better now.,,아유미,"후우, 조금 안심.",,,あゆみ,呼，稍微安心了一點。,,,1,145,2,1,0,0,0,0,0,,Translated
1890,あゆみ,……岸沼くんのメールに返事したの、,初めてかも（笑）, ,Ayumi,"Actually, that was probably the first time I've ever",responded to a text message from Kishinuma. Heh.,,아유미,...... 키시누마 군 문자에 답신 보낸 거,처음일지도 (웃음),,あゆみ,……回岸沼同學簡訊，,也許是第一次（笑）,,1,146,2,1,0,0,0,0,0,,Translated
1891,あゆみ,こないなぁ……, , ,Ayumi,"...But he's not coming, is he...",,,아유미,안 오네......,,,あゆみ,不來啊……,,,1,147,2,1,0,0,0,0,0,,Translated
1892,あゆみ,もう一度、メール出してみよう。, , ,Ayumi,Maybe I should try texting him again...,,,아유미,한 번 더 보내 보자.,,,あゆみ,再發一次簡訊吧。,,,1,148,2,1,0,0,0,0,0,,Translated
1893,あゆみ,何してるの、今、どこ？　……送信。, , ,Ayumi,What are you...doing?,Where...are you?,Send.,아유미,"뭐해, 지금 어디야?  ...... 송신.",,,あゆみ,在做什麼，現在在哪？　……發送。,,,1,149,2,1,0,0,0,0,0,,Translated
1894,あゆみ,本当に圏外なんだよ、きっと……, , ,Ayumi,Phone probably just realized it's supposed to have,"no service here, that's all.",,아유미,"불통일 거야, 틀림없이......",,,あゆみ,一定是真的收不到訊號吧……,,,1,151,2,1,0,0,0,0,0,,Translated
1895,あゆみ,どこかにいるのなら、きっと合流できるよね……, , ,Ayumi,"But if he's in this school, I'm sure I'll run",into him eventually.,,아유미,"어딘가에 있다면, 분명 만날 수 있겠지......",,,あゆみ,如果他在哪裡的話，一定能會合的吧……,,,1,152,2,1,0,0,0,0,0,,Translated
1896,,　大日本帝国秘密諜報基地,　押入　絶対反対！, ,,Entry into the Empire of Japan's secret intelligence,base is strictly forbidden.,EXPULSION TO ALL TRESPASSERS!,,구 일본 비밀첩보기지,밀치기 절대 반대!,,,　大日本帝國秘密諜報基地,　推入　絕對反對！,,0,0,0,1,0,0,0,0,0,,Translated
1897,,理科室の鍵　を使いますか？, , ,,Use the [Lab Key]?,,,,과학실 열쇠를 사용하겠습니까?,,,,要使用理科室的鑰匙嗎？,,,0,0,0,1,0,0,0,0,0,,Translated
1898,,はい,いいえ,,,Yes,No,,,네,아니오,,,是,否,,0,255,255,255,255,255,255,255,255,,Translated
1899,,　棚は空っぽです……, , ,,It's completely empty.,,,,수납장이 텅 비었습니다......,,,,　櫃子是空的……,,,0,0,0,1,0,0,0,0,0,,Translated
1900,,　実験前にてをあらおう,　解剖の仕方は前に教えたとおり, ,,Wash hands thoroughly before all experiments,and dissect in accordance with previously-taught,procedures.,,실험하기 전에 손을 씻자,해부 방식은 전에 가르쳐준 대로,,,　實驗前請洗手,　解剖方法按之前所教,,0,0,0,1,0,0,0,0,0,,Translated
1901,良樹,なんだ……これ？　人の形してっけど……,まさか……, ,Yoshiki,What...is this thing?,It looks like a really big dude with a sheet over,"his head, but...it couldn't be, could it...?",요시키,뭐야...... 이거?  사람 모양인데......,설마......,,良樹,什麼……這是？　雖然是人形……,難道……,,1,57,25,1,0,0,0,0,0,,Translated
1902,あゆみ,……やめて……！, , ,Ayumi,Don't even joke about that!,,,아유미,...... 그만......!,,,あゆみ,……不要……！,,,1,38,3,1,0,0,0,0,0,,Translated
1903,良樹,布、めくってみる。, , ,Yoshiki,Maybe I should...take a look under the sheet...,,,요시키,"천, 들춰 볼게.",,,良樹,掀開布看看。,,,1,58,25,1,0,0,0,0,0,,Translated
1904,あゆみ,やめてって！, , ,Ayumi,Don't you dare!,,,아유미,하지 말라니까!,,,あゆみ,叫你別這樣！,,,1,39,3,1,0,0,0,0,0,,Translated
1905,良樹,下から覗くだけだって……,あいつらの誰かでないって、安心したいだろ。, ,Yoshiki,Just a quick peek from below. You'll feel better,"knowing it's not who we're thinking it is, won't",you?,요시키,아래로 엿보기만 할 건데......,애들 중 누군가가 아니길 바라는 거지.,,良樹,只是從下面偷看一下而已……,確認不是我們認識的人，才會安心吧。,,1,59,25,1,0,0,0,0,0,,Translated
1906,あゆみ,……っ, , ,Ayumi,*gasp*,,,아유미,...... 윽,,,あゆみ,……,,,1,40,3,1,0,0,0,0,0,,Translated
1907,良樹,……っ！！, , ,Yoshiki,*gasp*,,,요시키,...... 윽!!,,,良樹,……！！,,,1,60,25,1,0,0,0,0,0,,Translated
1908,あゆみ,……なに！？, , ,Ayumi,What is it?!,,,아유미,...... 뭐야!?,,,あゆみ,……什麼！？,,,1,41,3,1,0,0,0,0,0,,Translated
1909,良樹,脅かしやがる……どこにでもある、人体模型だよ。, , ,Yoshiki,Scared the crap out of myself for nothing.,...It's just an anatomical model. Exactly the sort,of thing you'd expect to find in a science lab.,요시키,놀래키고 있어...... 어디에든 있는 인체 모형이야.,,,良樹,嚇我一跳……到處都有的，人體模型而已。,,,1,61,25,1,0,0,0,0,0,,Translated
1910,あゆみ,……はぁ……はぁ……　げほっ、,…………けほっ……, ,Ayumi,*pant* *pant*,*cough* *cough*,,아유미,...... 하아...... 하아......  콜록,............ 콜록......,,あゆみ,……哈啊……哈啊……　咳,…………咳咳……,,1,42,3,1,0,0,0,0,0,,Translated
1911,良樹,！　……っ、悪ぃ。調子に乗った。, , ,Yoshiki,"Ah, s-sorry...",Guess I let my curiosity get the best of me.,,요시키,"!  ...... 으, 미안.  너무 놀렸어.",,,良樹,！　……、抱歉。得意忘形了。,,,1,62,25,1,0,0,0,0,0,,Translated
1912,あゆみ,お願いだから、意味なく驚かしたりは絶対やめて。, , ,Ayumi,"It's fine, just please, don't do anything scary","from here on out unless it's absolutely necessary,",okay?,아유미,"부탁이니까, 아무 의미도 없이 놀래키지 말아줘.",,,あゆみ,拜託，絕對不要毫無意義地嚇人。,,,1,43,3,1,0,0,0,0,0,,Translated
1913,良樹,お、おう……, , ,Yoshiki,N-No problem.,,,요시키,"어, 알았어......",,,良樹,喔、喔……,,,1,63,25,1,0,0,0,0,0,,Translated
1914,,布を被せた人体模型です。,今にも動き出しそうで不気味な感じがします。, ,,It's an anatomical model of the human body covered,"with a large, white sheet. It seems almost alive,",as if it could start walking around at any moment.,,천을 뒤집어쓴 인체모형입니다.,당장이라도 움직일 것 같아 무서운 감이 듭니다.,,,蓋著布的人體模型。,感覺隨時會動起來，令人毛骨悚然。,,0,0,0,1,0,0,0,0,0,,Translated
1915,,【七星の手記】4／5, , ,,[Naho's Notes],4／5,,,【나호의 수기】 4/5,,,,【七星的筆記】4／5,,,0,0,0,1,0,0,0,0,0,,Translated
1916,七星,“先生……ごめんなさい。,　私の読みが甘過ぎました。”, ,Naho,"Kibiki, I'm so sorry...","My readings were far too broad, and my",interpretations of them overly naive.,나호,“선생님...... 죄송합니다.,제가 너무 물렀습니다.”,,七星,「老師……對不起。,我的解讀太膚淺了。」,,1,114,9,1,0,0,0,0,0,,Translated
1917,七星,“此処は、今までに看破して来たような、,　簡単な霊磁場ではありませんでした。”, ,Naho,This place is not the simple plane of spirits I'd,previously surmised it to be.,,나호,“여긴 여태껏 간파해 온 간단한,영자장이 아니었습니다.”,,七星,「這裡，並非至今為止所看破的那種,簡單的靈磁場。」,,1,115,9,1,0,0,0,0,0,,Translated
1918,七星,“一刻も早くここから脱出しないと、,　本当に危険です。”, ,Naho,"If we don't get out of here a.s.a.p., we'll be in",real danger.,,나호,“한시라도 빨리 여기에서 탈출하지 않으면,정말 위험합니다.”,,七星,「不盡快離開這裡的話，,真的很危險。」,,1,116,9,1,0,0,0,0,0,,Translated
1919,七星,“『逆打ち』で＊＊に＊＊＊＊＊っ＊＊に、,　＊殺され＊＊＊*が＊＊＊複＊＊＊＊＊て＊て”, ,Naho,I th***** **** *e **** ** ge* b*** ea**** *******,"*** 'way out' str***** * **ta****, *** ***** chil*",****its *** bou** ***e in a v*** parti***ar ******.,나호,“『역타법』으로 ** **갈 * ** 줄 ***데,참살당* * *이 *** 복*** *혀 **서”,,七星,「用『逆打』來＊＊＊＊＊＊＊，,　＊殺＊＊＊＊＊複雜＊＊＊＊＊」,,1,117,9,1,0,0,0,0,0,,Translated
1920,七星,“＊＊＊*で＊＊＊＊*ん”, , ,Naho,I* ***** be qu*** ** **mp** ** ac*****.,,,나호,“***는 *** * ***다.”,,,七星,「＊＊＊不＊＊＊＊」,,,1,118,9,1,0,0,0,0,0,,Translated
1921,七星,“逆打ち＊＊＊＊＊、,　＊＊＊＊＊＊の怨＊＊＊＊か＊＊して、＊＊＊＊い,　霊磁＊＊＊ートを＊＊＊な＊＊＊……”,Naho,Doing so will me** ********* *** *alici*** **iri**,that dw*** **** ** ***ock *** *ate that cu** *******,"**e plan** ****, **** t* *** ***** ** **ow.",나호,"“**** *****, ** * ***의 원**",**게든 ***여 *** **** ** 영자* *이트를,***야 ***......”,七星,「用逆打＊＊＊＊＊，,　＊＊＊＊＊＊的怨＊＊＊＊＊來解＊＊＊＊,　靈磁＊＊＊必須＊＊＊……」,1,119,9,1,0,0,0,0,0,,Translated
1922,七星,“このままの＊＊＊＊＊＊、＊＊＊＊です。,　なに＊＊＊＊＊わ＊＊＊せん。”, ,Naho,***** **** **chniq** ******* ********** ***s,********* *ould be unima******y dange****.,******* ** tel***g **** mi*** ******.,나호,"“이 상태에서 *****, *** **합니다.",무슨 ** **** 알 * **니다.”,,七星,「在這種狀態下＊＊＊＊＊＊、＊＊＊＊。,　不知道＊＊＊＊＊會＊＊。」,,1,120,9,1,0,0,0,0,0,,Translated
1923,七星,“引き続き、＊査を進めます。,　どうか、どうか、ご無事で。”, ,Naho,I intend to continue my inve****ation until a more,"reliable method is found. Until then, please, PLEASE",be safe...,나호,“계속해서 *사를 진행하겠습니다.,"부디, 부디, 무사하길 빌겠습니다.”",,七星,「繼續進行調＊。,　請務必，務必，平安無事。」,,1,121,9,1,0,0,0,0,0,,Translated
1924,七星,“先生……会いたい。”, , ,Naho,"I want to see you again, Kibiki.",,,나호,“선생님...... 보고 싶어.”,,,七星,「老師……好想你。」,,,1,122,9,1,0,0,0,0,0,,Translated
1925,七星,“……あいたいよう。”, , ,Naho,More than anything.,,,나호,“...... 보고 싶어.”,,,七星,「……好想見你。」,,,1,123,9,1,0,0,0,0,0,,Translated
1926,七星,“……頭、撫でて欲しいよう。”, , ,Naho,I want to feel you stroke my hair...,,,나호,“...... 머리를 쓰다듬어 줬으면 좋겠어.”,,,七星,「……好想讓你摸我的頭。」,,,1,124,9,1,0,0,0,0,0,,Translated
1927,あゆみ,……血の染みが酷くて、読めないや……, , ,Ayumi,"There's so much blood on these pages, they're hard",to read...,,아유미,...... 핏자국이 많아서 못 읽겠네......,,,あゆみ,……血跡太嚴重了，無法閱讀……,,,1,29,3,1,0,0,0,0,0,,Translated
1928,良樹,……？　おい。, , ,Yoshiki,...?,H-Hey...,,요시키,......?  야.,,,良樹,……？　喂。,,,1,64,25,1,0,0,0,0,0,,Translated
1929,あゆみ,ん？, , ,Ayumi,Hmm?,,,아유미,응?,,,あゆみ,嗯？,,,1,44,3,1,0,0,0,0,0,,Translated
1930,良樹,あれ……あの人体模型、, , ,Yoshiki,That...anatomical model...,,,요시키,저거...... 저 인체모형,,,良樹,那個……那個​人體模型，,,,1,65,25,1,0,0,0,0,0,,Translated
1931,良樹,さっき、あんなとこに立ってたか？, , ,Yoshiki,Was it standing there when we came in?,,,요시키,"좀 전에, 저기 서 있었던가?",,,良樹,剛才，是站在那種地方的嗎？,,,1,66,25,1,0,0,0,0,0,,Translated
1932,あゆみ,……！　もうっ！, , ,Ayumi,"Oh, shut up!",,,아유미,......!  정말!,,,あゆみ,……！　真是！,,,1,0,0,1,0,0,0,9,0,,Translated
1933,良樹,って！　なんだよ！？, , ,Yoshiki,Hehh? What's your problem?!,,,요시키,어!  뭐야!?,,,良樹,喂！　幹嘛啊！？,,,1,0,0,1,0,0,0,0,0,,Translated
1934,あゆみ,やめてって……やめてって……,言ってるのに……っ！, ,Ayumi,How many times do I have to tell you... *hic*,Don't joke around like that! God!,,아유미,그러지 말라고...... 하지 말라고......,말했는데...... 윽!,,あゆみ,不要……不要……,明明說了……！,,1,46,3,1,0,0,0,0,0,,Translated
1935,あゆみ,なんでそうやって、怖がらせるの……？,私……いじめて楽しいの！？, ,Ayumi,Why do you insist on scaring me at every turn?!,Do you get a good laugh out of it?!,,아유미,"왜 그렇게, 겁을 주는 거야......?",나를...... 놀리면 재밌어!?,,あゆみ,為什麼要那樣嚇我……？,欺負我很有趣嗎！？,,1,47,3,1,0,0,0,0,0,,Translated
1936,良樹,いや……そうじゃねぇって篠崎！　まじで……, , ,Yoshiki,"What?! I'm not trying to scare you, Shinozaki!",I seriously think--,,요시키,아니...... 그게 아냐 시노자키!  진짜로......,,,良樹,不……不是那樣的篠崎！　真的……,,,1,0,0,1,0,0,0,19,0,,Translated
1937,あゆみ,知らない……！　もういや！　嫌い……！, , ,Ayumi,Don't even say it. Don't even think it!,I hate you!,,아유미,몰라......!  이젠 싫어!  싫어......!,,,あゆみ,我不知道……！　已經夠了！　討厭……！,,,1,0,0,1,0,0,0,0,0,,Translated
1938,良樹,篠崎……, , ,Yoshiki,Sh-Shinozaki...,,,요시키,시노자키......,,,良樹,篠崎……,,,1,68,25,1,0,0,0,0,0,,Translated
1939,あゆみ,嫌い……！, , ,Ayumi,I hate you!!,,,아유미,싫어......!,,,あゆみ,討厭……！,,,1,48,3,1,0,0,0,0,0,,Translated
1940,良樹,――！！, , ,Yoshiki,...!,,,요시키,!!,,,良樹,――！！,,,1,69,25,1,0,0,0,0,0,,Translated
1941,人体模型,＃％＆）＠！, , ,Anatomical Model,#%&$@!,,,인체모형,＃％＆）＠！,,,人體模型,＃％＆）＠！,,,1,48,7,1,0,0,0,0,0,,Translated
1942,良樹,くッ！, , ,Yoshiki,Ghh!,,,요시키,큭!,,,良樹,可惡！,,,1,70,25,1,0,0,0,0,0,,Translated
1943,良樹,（……こいつ……篠崎の首を掴もうとしやがった）, , ,Yoshiki,(The damned thing...just tried to grab Shinozaki's,neck!),,요시키,(...... 이 자식...... 시노자키 목을 붙잡으려고 했어),,,良樹,（……這傢伙……想抓住篠崎的脖子）,,,1,71,25,1,0,0,0,0,0,,Translated
1944,あゆみ,……えっ？……えっ？, , ,Ayumi,What...?,...What?!,,아유미,...... 어? ...... 어?,,,あゆみ,……咦？……咦？,,,1,49,3,1,0,0,0,0,0,,Translated
1945,良樹,逃げろ！　捕まったら殺されるぞ！, , ,Yoshiki,Run! It's trying to kill us!,,,요시키,도망쳐! 붙잡히면 죽을 거야!,,,良樹,快逃！　被抓到的話會被殺的！,,,1,72,25,1,0,0,0,0,0,,Translated
1946,,白衣に丸眼鏡をかけた、白骨化死体が椅子に座っています。, , ,,"There's a skeleton sitting in the chair, wearing",white scrubs and a pair of glasses with circular,lenses.,,백의에 둥근 안경을 걸친 백골 사체가 앉아 있습니다.,,,,穿著白袍戴著圓框眼鏡的白骨屍體坐在椅子上。,,,0,0,0,1,0,0,0,0,0,,Translated
1947,,　棚は空っぽです……, , ,,It's completely empty.,,,,수납장이 텅 비었습니다......,,,,　櫃子是空的……,,,0,0,0,1,0,0,0,0,0,,Translated
1948,,理科室の鍵　を取りました。, , ,,Acquired [Lab Key].,,,,과학실 열쇠를 얻었습니다.,,,,取得了理科室的鑰匙。,,,0,0,0,1,0,0,0,0,0,,Translated
1949,由香,いやァ！, , ,Yuka,Nooo!!,,,유카,꺄아아!,,,由香,不要！,,,1,129,29,1,0,0,0,0,0,,Translated
1950,由香,おにいちゃあぁん……！,うううぅ～、うううぅぅ～～～っ, ,Yuka,Big broootheeer!!,*hic* Waaaaaaaaaaaahhh!!,,유카,오빠아아......!,우우우우~  우우우우우~~~,,由香,哥哥～～！,嗚嗚嗚～、嗚嗚嗚嗚～～～,,1,130,29,1,0,0,0,0,0,,Translated
1951,刻命,……さて由香ちゃん。, , ,Kizami,"Now then, Yuka...",,,키자미,...... 자 유카.,,,刻命,……那麼由香。,,,1,50,7,1,0,0,0,0,0,,Translated
1952,刻命,君は殺すよ。どうあれ、それは決定している。, , ,Kizami,"I'm going to kill you. Like it or not, it's going",to happen.,,키자미,넌 죽을 거야. 일단 그건 결정된 거야.,,,刻命,我會殺掉妳。無論如何，這是已經決定的事。,,,1,51,7,1,0,0,0,0,0,,Translated
1953,由香,ううっ、ふぅっ……　ううっ……！, , ,Yuka,Ahhh...aaaaaaggghh...aaaagh...aaaaaagggghhh...,,,유카,"으윽, 흐윽......  으윽......!",,,由香,嗚嗚、呼嗚……　嗚嗚……！,,,1,131,29,1,0,0,0,0,0,,Translated
1954,刻命,平和な学生生活から一転して非日常……   ,気付けば命の際（きわ）……    ,フフッ、信じられないかい？,Kizami,Quite an unexpected change from the doldrums of,"junior high, no? The realization that your existence",will soon come to an end... Ha! Can you believe it?,키자미,평화로운 학생 생활이 돌연 비일상으로......,정신을 차려 보니 생사의 갈림길......,"후훗, 믿기지 않지?",刻命,從和平的學生生活一變為非日常……　,回過神來已在生死邊緣……　,呵呵，不敢相信吧？,1,52,7,1,0,0,0,0,0,,Translated
1955,由香,ううっ……ふうっ……, , ,Yuka,*sob* *whimper*,,,유카,으윽...... 흐윽......,,,由香,嗚嗚……呼嗚……,,,1,132,29,1,0,0,0,0,0,,Translated
1956,刻命,『まさか今日自分が死ぬなんて！』, , ,Kizami,"When you woke up this morning, did you say to","yourself, I'm going to die today?",,키자미,『설마 오늘 내가 죽는다고!』,,,刻命,『沒想到今天自己會死！』,,,1,53,7,1,0,0,0,0,0,,Translated
1957,刻命,……事故で運悪く命を落とす人達は、,朝、目が覚めて、ベッドから出て顔を洗って、, ,Kizami,People who die in traffic accidents don't ever know,"what's coming. They wake up, get out of bed, wash",their faces...,키자미,...... 운 나쁘게 사고로 목숨을 잃는 사람들은,"아침에 눈을 뜨고, 침대에서 일어나 세수를 하고",,刻命,……因事故不幸喪生的人們，,早上醒來，下床洗臉，,,1,54,7,1,0,0,0,0,0,,Translated
1958,刻命,その時には、夢にも思っていないことだろう。, , ,Kizami,"And all the while, the thought that they're going",to die that day never even enters their minds.,,키자미,그땐 꿈에도 생각치 못했겠지.,,,刻命,那時候，他們做夢也想不到吧。,,,1,55,7,1,0,0,0,0,0,,Translated
1959,刻命,大丈夫、それと似たようなものさ。, , ,Kizami,"Well, take heart! This situation isn't all that","different, when you think about it.",,키자미,"괜찮아, 그거랑 비슷한 거야.",,,刻命,沒事的，和那個差不多。,,,1,56,7,1,0,0,0,0,0,,Translated
1960,刻命,死は、非日常なんかじゃないんだ。,常にいつも、人の生活のそばに寄り添っている。, ,Kizami,Death is not an unexpected occurrence. It's not,random chance. Death is always lurking in the,"shadows, every minute of every day.",키자미,죽음은 비일상이 아냐.,"항상, 언제나 생활 곁에 존재하지.",,刻命,死亡並不是非日常。,它總是，一直，伴隨在人們的生活身邊。,,1,57,7,1,0,0,0,0,0,,Translated
1961,由香,うううぅぅぅ……, , ,Yuka,Ooouuuaaaaaaagggghhhh...,,,유카,우우우우우우......,,,由香,嗚嗚嗚嗚……,,,1,133,29,1,0,0,0,0,0,,Translated
1962,刻命,それを忘れるから、死の際に驚く羽目になる。,愚の骨頂だ。, ,Kizami,It's because people forget that...that death takes,them by surprise. It's the very height of folly!,,키자미,그걸 잊었기 때문에 죽을 때 놀라게 되는 거야.,어리석은 일이지.,,刻命,正是因為忘記了這一點，才會在臨死時感到驚訝。,愚蠢至極。,,1,58,7,1,0,0,0,0,0,,Translated
1963,刻命,だが……それが妙味。, , ,Kizami,However...therein lies the appeal.,,,키자미,하지만...... 그것이 묘미.,,,刻命,但是……那正是其妙趣所在。,,,1,59,7,1,0,0,0,0,0,,Translated
1964,刻命,由香ちゃん……僕はね。今まで、沢山見て、,触れてきたんだ……, ,Kizami,"You see, Yuka... I've witnessed a great many in my",life. I've touched them...felt them...,,키자미,유카...... 난 말야. 지금까지 잔뜩 보고,느껴 왔어......,,刻命,由香……我呢。至今為止，看過很多，,觸碰過很多……,,1,60,7,1,0,0,0,0,0,,Translated
1965,刻命,色んな生き物の、『命の終わる瞬間』を……, , ,Kizami,"The final moments of life, from a wide variety of",living beings...,,키자미,여러 생물의 『생명이 끝나는 순간』을......,,,刻命,各種生物的『生命終結的瞬間』……,,,1,61,7,1,0,0,0,0,0,,Translated
1966,刻命,それぞれが最後まで生きようと、,決してあきらめずに, ,Kizami,And every one of them always struggled to live,"till the bitter end, never giving up the fight.",,키자미,모두 끝까지 살아남으려고,결코 포기하지 않고,,刻命,每一種生物都為了活到最後，,絕不放棄,,1,62,7,1,1,0,0,0,0,,Translated
1967,刻命,命の閃きを燃やし尽くして、消えていった。, , ,Kizami,But I've watched those final sparks of life burn,down to nothing. I've seen them go out.,,키자미,"생명을 불태우며, 죽어갔지.",,,刻命,燃盡生命的閃光，然後消逝。,,,1,63,7,1,0,0,0,0,0,,Translated
1968,刻命,生きる、という……とても美しい輝きを,そこに見たんだ。, ,Kizami,"And it's in that last, desperate moment that",the fire of one's life shines most beautifully.,,키자미,"산다, 는...... 정말 아름다운 반짝임을",볼 수 있었어.,,刻命,我從中看到了，名為「活著」的……,非常美麗的光芒。,,1,64,7,1,0,0,0,0,0,,Translated
1969,刻命,だけど、人間はね。, , ,Kizami,"Humans, you see...",,,키자미,하지만 사람은 말야.,,,刻命,但是，人類呢。,,,1,65,7,1,0,0,0,0,0,,Translated
1970,刻命,こんなにも色んな事を考え、,他者にそれを伝える事の出来る、,大きな脳というものを持ちながら,Kizami,...have brains that allow them to consider various,"possibilities, and communicate those possibilities",with other humans.,키자미,이렇게나 여러 생각을 하고,다른 사람에게 그것을 전할 수 있는,커다란 뇌를 가지고 있는데도,刻命,擁有能夠思考這麼多事情，,並將其傳達給他人的，,大腦，,1,66,7,1,0,0,0,0,0,,Translated
1971,刻命,命とは……死について……,それを、深く想像しようとしない。, ,Kizami,But they rarely ever use their brains to truly,explore the concepts of life and death.,,키자미,생명과...... 죽음에 대해......,깊게 상상하려고 하지 않아.,,刻命,卻不去深刻地想像生命……與死亡……。,,,1,67,7,1,0,0,0,0,0,,Translated
1972,刻命,生きる意味を考え、自分を律し、,人生から無駄を排除する……　,そんな事にはまったく無関心で、,Kizami,They forgo ruminating on the meaning of life and the,"laws of the universe, instead opting to use their",cognitive abilities for pointless wastes of time.,키자미,"살아있는 의미를 생각하고, 자신을 조절하고",인생에서 낭비를 배제하는......,그런 것에는 전혀 무관심하고,刻命,思考活著的意義，約束自己，,從人生中排除浪費……　,對這些事完全漠不關心，,1,68,7,1,0,0,0,0,0,,Translated
1973,刻命,自分の価値を築く事から目をそむけ、,日々怠惰をむさぼり……, ,Kizami,They stop focusing their energy on giving some,semblance of purpose to their pitiful existences...,and simply indulge themselves in earthly pleasures.,키자미,자신의 가치를 구축하는 것으로부터 눈을 돌리고,매일 나태에 빠지고......,,刻命,逃避建立自身價值，,每天沉溺於怠惰……,,1,69,7,1,0,0,0,0,0,,Translated
1974,刻命,あまつさえ、愚かにも自分から死のうとさえする。, , ,Kizami,Some are even foolish enough to kill themselves!,,,키자미,"게다가, 어리석게도 몸소 죽으려 들지.",,,刻命,甚至愚蠢到試圖自己去死。,,,1,70,7,1,0,0,0,0,0,,Translated
1975,刻命,意味のわからない連中ばかりだ。, , ,Kizami,It's like everyone in this world is a gibbering,idiot...,,키자미,의미가 없는 녀석들 천지야.,,,刻命,盡是些無法理解的傢伙。,,,1,71,7,1,0,0,0,0,0,,Translated
1976,刻命,僕はね、興味があるんだ。, , ,Kizami,But you see...I'm fascinated by it.,,,키자미,"난 말야, 흥미가 있어.",,,刻命,我啊，對這個很感興趣。,,,1,72,7,1,0,0,0,0,0,,Translated
1977,刻命,人が命の終わりを意識したとき……,自分のその身に死が降りかかったとき、, ,Kizami,When a person becomes aware of his or her own,"impending demise...or better yet, is in the",process of dying...,키자미,사람이 생명의 끝을 의식했을 때......,자신의 몸에 죽음이 닥쳤을 때......,,刻命,當人意識到生命的終結時……,當死亡降臨在自己身上時，,,1,73,7,1,0,0,0,0,0,,Translated
1978,刻命,どんな命の爆発を見せるのか……,それが、ただ見たい。, ,Kizami,...what sort of fireworks will that last spark of,life become? Quite simply...the answer to that is,what I crave!,키자미,어떤 생명의 폭발을 보여줄지......,"그저, 그걸 보고 싶어.",,刻命,會展現出怎樣的生命爆發呢……,我只是，想看那個。,,1,74,7,1,0,0,0,0,0,,Translated
1979,刻命,黒崎は……　とても美しかった。, , ,Kizami,Kurosaki's death...was absolutely exquisite.,,,키자미,쿠로사키는......  정말 아름다웠어.,,,刻命,黒崎……　非常美麗。,,,1,75,7,1,0,0,0,0,0,,Translated
1980,刻命,あいつは、僕のことを理解してくれていたの,かもしれない。,あんなに激しい爆発を見せてくれるなんて……,Kizami,"I believe he may even have understood me, in the","end. He must have, to have shown me such a breath-",taking display.,키자미,그 녀석은 자기 자신을,이해하고 있었던 걸지도 몰라.,그렇게 격한 폭발을 보여주다니......,刻命,那傢伙，也許是理解我的吧。,竟然展現出那麼激烈的爆發……,,1,76,7,1,0,0,0,0,0,,Translated
1981,刻命,あはははっ、はっはっはっははは……！, , ,Kizami,Ahahahahahahahahaha...HAHAHAHAHAHA!,,,키자미,"아하하핫, 핫핫핫하하하......!",,,刻命,啊哈哈哈、哈哈哈……！,,,1,77,7,1,0,0,0,0,0,,Translated
1982,刻命,由香ちゃん、君は……　僕の妹だ。, , ,Kizami,Yuka. You're...my little sister.,,,키자미,"유카, 넌...... 내 여동생이야.",,,刻命,由香，妳是……　我的妹妹。,,,1,78,7,1,0,0,0,0,0,,Translated
1983,刻命,無反応を装って、僕を困らせたりしないだろう？, , ,Kizami,You wouldn't be so unsisterly as to feign no,"reaction, I trust!",,키자미,"무반응을 가장하고, 날 곤란하게 만들지는 않을 거지?",,,刻命,妳不會裝作沒有反應，讓我為難吧？,,,1,79,7,1,0,0,0,0,0,,Translated
1984,刻命,……しっかり見せてくれるね？　,断末魔の死のダンスを……, ,Kizami,"After what I'm about to do to you, you WILL show","me the dance of death I so desire, will you not?",,키자미,...... 제대로 보여줘야 해?,단말마의 죽음의 댄스를......,,刻命,……會讓我看清楚的吧？　,臨終的死亡之舞……,,1,80,7,1,0,0,0,0,0,,Translated
1985,刻命,痛かったら、悲鳴をあげていいからね？, , ,Kizami,"If it's agonizing, you're welcome to scream bloody",murder!,,키자미,아프면 비명을 질러도 되니까,,,刻命,如果痛的話，可以尖叫喔？,,,1,81,7,1,0,0,0,0,0,,Translated
1986,刻命,恥ずかしい事じゃないんだよ？, , ,Kizami,No need to hold back on my account!,,,키자미,부끄러워 할 거 없단다.,,,刻命,不是什麼可恥的事喔？,,,1,82,7,1,0,0,0,0,0,,Translated
1987,由香,うううぅーーー！,おにいちゃあぁぁーーん！, ,Yuka,...Aaaaaaa...aaaaAAAAAAAAAAAGGGGGGHHH!!,BIIIIIIG BROOOOOTHEEEEER!!,,유카,우우우우~~~!,오빠아아아아~~!,,由香,嗚嗚嗚～～～！,哥哥～～～～！,,1,0,0,1,0,0,0,0,0,,Translated
1988,刻命,ヒハハハハ、それだ、それでいい！,もっとだ！, ,Kizami,Huahahahahahahaha... That's it! That's perfect!,GIVE ME MORE!,,키자미,"히하하하하, 그래, 그거야!",더!,,刻命,嘻哈哈哈、就是這樣、這樣就好！,再多一點！,,1,83,7,1,0,0,0,0,0,,Translated
1989,由香,いやああぁぁ～！, , ,Yuka,NOOOOOOOOOOOOO!!,NOOOOOOOOOOOOOOOOOOO!!,,유카,꺄아아아아~!,,,由香,不要啊啊～～！,,,1,135,29,1,0,0,0,0,0,,Translated
1990,刻命,ハハハハハハハ！, , ,Kizami,Huahahahahahahahahaha...HAHAHAHAHAHAHAHA!!,,,키자미,하하하하하하하!,,,刻命,哈哈哈哈哈哈！,,,1,0,0,1,0,0,0,0,0,,Translated
1991,由香,やあぁ～だぁぁ～！, , ,Yuka,NOOOOOO!! STOP!!,,,유카,싫어어어~~!,,,由香,不要～～！,,,1,136,29,1,0,0,0,0,0,,Translated
1992,由香,ううっ、ふぅっ……　ううっ……！ , , ,Yuka,Aaaaaaagggghhh...,,,유카,"으윽, 흐윽......  으윽......!",,,由香,嗚嗚、呼嗚……　嗚嗚……！ ,,,1,137,29,1,0,0,0,0,0,,Translated
1993,刻命,いいぞ、もっと輝け！,綺麗だよ、綺麗だよ……！, ,Kizami,"Good, good... Keep on shining for me!",You're beautiful! You're stunning!,,키자미,"좋아, 더욱 더 빛나라!","아름다워, 아름다워......!",,刻命,好，再多閃耀一點！,很美喔、很美喔……！,,1,85,7,1,0,0,0,0,0,,Translated
1994,由香,はっ……はっ……！, , ,Yuka,*gasp* *wheeze*,,,유카,헉...... 헉......!,,,由香,哈……哈……！,,,1,138,29,1,0,0,0,0,0,,Translated
1995,刻命,ハァ……ハァ……, , ,Kizami,*pant* *pant*,,,키자미,하아...... 하아......,,,刻命,哈啊……哈啊……,,,1,86,7,1,0,0,0,0,0,,Translated
1996,刻命,……。　由香ちゃん、君の好きな食べ物や飲み物……,本やＴＶを想像してごらん？, ,Kizami,"Try this, Yuka. Think about your favorite food and",your favorite drink...your favorite books and TV,shows...,키자미,"......  유카, 네가 좋아하는 음식......","책, TV를 상상해 보렴.",,刻命,……。　由香，試著想像你喜歡的食物和飲料……,書和電視？,,1,87,7,1,0,0,0,0,0,,Translated
1997,由香,はぁ……はぁ……, , ,Yuka,*gasp* *pant* *wheeze*,,,유카,하아...... 하아......,,,由香,哈啊……哈啊……,,,1,139,29,1,0,0,0,0,0,,Translated
1998,刻命,……どんな気分だい？, , ,Kizami,How does it make you feel?,,,키자미,...... 기분이 어때?,,,刻命,……感覺如何？,,,1,88,7,1,0,0,0,0,0,,Translated
1999,刻命,それら全てを、,……君はもう二度と楽しむ事が出来ない。, ,Kizami,How does it feel to know...that you'll never,experience any of them ever again?,,키자미,그 모든 것을,...... 넌 두 번 다시 못 즐기게 되는 거야.,,刻命,你已經再也無法享受它們了。,,,1,89,7,1,0,0,0,0,0,,Translated
2000,刻命,死んで全てが終わるんだ。全部ストップだ。,終わりだ。, ,Kizami,"Once you die, that's it. Everything stops.",Everything ends.,,키자미,죽으면 모든 게 끝나. 전부 멈추지.,끝이야.,,刻命,死了就一切都結束了。全部停止。,結束了。,,1,90,7,1,0,0,0,0,0,,Translated
2001,刻命,お前はもう終わるんだ。, , ,Kizami,These are your final moments.,,,키자미,넌 이제 곧 끝날 거야.,,,刻命,你馬上就要結束了。,,,1,91,7,1,0,0,0,0,0,,Translated
2002,刻命,死……！っ死ぬんだよ……！, , ,Kizami,Death is upon you. Heh...haha...,You're going to die!,,키자미,죽음......! 죽는 거야......!,,,刻命,死……！你要死了……！,,,1,92,7,1,0,0,0,0,0,,Translated
2003,由香,……いぁ……ァァー　っあぁぁぁぁーー, , ,Yuka,NO!! NOOOO!! NOOOOOOOOOOOOOOO!!,,,유카,...... 싫어...... 아아~  아아아아아~~,,,由香,……不要……啊啊　啊啊啊啊～～,,,1,140,29,1,0,0,0,0,0,,Translated
2004,刻命,フククッ　……イクよ？,　……『ショー・ターイム』ッッ！！♪, ,Kizami,Huahahahahahahaha... Shall we begin?,It's...showtime...,,키자미,크크큭......  간다?,...... 『쇼 타임』!!♪,,刻命,呵呵　……要去了喔？,　……『開・始・了』！！♪,,1,93,7,1,0,0,0,0,0,,Translated
2005,刻命,ぐゥあッ！, , ,Kizami,GLGH!!,,,키자미,그악!,,,刻命,呃啊！,,,1,0,0,1,0,0,0,6,0,,Translated
2006,由香,はぁ、はぁ……　……っ？, , ,Yuka,*pant* *pant* *wheeze*,,,유카,"하아, 하아......  ......?",,,由香,哈啊、哈啊……　……？,,,1,141,29,1,0,0,0,0,0,,Translated
2007,ヨシカズ,ウ……ウウゥ, , ,Yoshikazu,Ooouu-uuaaaaggh...,,,요시카즈,우...... 우우우,,,ヨシカズ,嗚……嗚嗚,,,1,178,26,1,0,0,0,0,0,,Translated
2008,由香,助けてくれるの？, , ,Yuka,Are you...here to save me...?,,,유카,구해준 거야?,,,由香,你是來救我的嗎？,,,1,142,29,1,0,0,0,0,0,,Translated
2009,ヨシカズ,ウ……ウ, , ,Yoshikazu,Oogh...ooouagh...,,,요시카즈,우...... 우,,,ヨシカズ,嗚……嗚,,,1,179,26,1,0,0,0,0,0,,Translated
2010,由香,あ……あの……　ありがとう。, , ,Yuka,Uhh...ummm...,Th-Thanks...,,유카,저...... 저기......  고마워.,,,由香,啊……那個……　謝謝。,,,1,143,29,1,0,0,0,0,0,,Translated
2011,ヨシカズ,ウ！ ……ウウゥゥゥゥ……！, , ,Yoshikazu,Ouagh! Ouuuuaaaaaaggghh!!,,,요시카즈,우!  ...... 우우우우우우......!,,,ヨシカズ,嗚！ ……嗚嗚嗚嗚……！,,,1,180,26,1,0,0,0,0,0,,Translated
2012,由香,……？, , ,Yuka,...?,,,유카,......?,,,由香,……？,,,1,144,29,1,0,0,0,0,0,,Translated
2013,ヨシカズ,ウゥ……ゥゥ…　ウオォォゥォアァァアアア！！, , ,Yoshikazu,Ouuuaaa...aaaaggg...ggghhhhaaAAAAAAAAAAAHHH!!,,,요시카즈,우우...... 우우...  우오오오우아아아아아아!!,,,ヨシカズ,嗚嗚……嗚嗚…　嗚喔喔喔啊啊啊啊！！,,,1,181,26,1,0,0,0,0,0,,Translated
2014,良樹,放せコラッ！　てめェ！, , ,Yoshiki,"Let her go, you bastard!",,,요시키,이 자식!  놔!,,,良樹,放開她！　你這傢伙！,,,1,74,25,1,0,0,0,0,0,,Translated
2015,人体模型,＆％（＃＄ッ！, , ,Anatomical Model,&%@#$^!,,,인체모형,＆％（＃＄！,,,人體模型,＆％（＃＄！,,,1,48,7,1,1,0,0,0,0,,Translated
2016,良樹,ぐァッ！, , ,Yoshiki,Glgh!!,,,요시키,구억!,,,良樹,呃啊！,,,1,75,25,1,0,0,0,0,0,,Translated
2017,あゆみ,けっほ！　けほっ！　んぐッ, , ,Ayumi,*cough* *hack*,,,아유미,콜록!  콜록!  으윽,,,あゆみ,咳咳！　咳咳！　嗯,,,1,51,3,1,0,0,0,0,0,,Translated
2018,あゆみ,！　いや！　あああぁぁー！, , ,Ayumi,Gh-glgh... Noooooo! NOOOOOOOO!!,,,아유미,!  싫어!  아아아아아~!,,,あゆみ,！　不要！　啊啊啊～！,,,1,52,3,1,0,0,0,0,0,,Translated
2019,良樹,っ、篠崎！, , ,Yoshiki,Shinozaki!!,,,요시키,"윽, 시노자키!",,,良樹,、篠崎！,,,1,76,25,1,0,0,0,0,0,,Translated
2020,良樹,この！, , ,Yoshiki,Goddammned...,,,요시키,이게!,,,良樹,你這！,,,1,77,25,1,0,0,0,0,0,,Translated
2021,良樹,ぐッ……！, , ,Yoshiki,Grgh...!,,,요시키,윽......!,,,良樹,呃……！,,,1,78,25,1,0,0,0,0,0,,Translated
2022,良樹,くそッ！　どけよ、てめェ！, , ,Yoshiki,"Move, you asshole!",,,요시키,"젠장!  비켜, 이 자식!",,,良樹,可惡！　滾開，你這傢伙！,,,1,79,25,1,0,0,0,0,0,,Translated
2023,良樹,ぐァッ, , ,Yoshiki,Gaggh!,,,요시키,그억,,,良樹,呃啊,,,1,80,25,1,0,0,0,0,0,,Translated
2024,良樹,うあああァー！, , ,Yoshiki,Rrrrrrrrgg...,,,요시키,우아아아아~!,,,良樹,嗚啊啊啊～！,,,1,81,25,1,0,0,0,0,0,,Translated
2025,良樹,っぐ！, , ,Yoshiki,URGH!!,,,요시키,으!,,,良樹,呃！,,,1,82,25,1,0,0,0,0,0,,Translated
2026,あゆみ,やめて！, , ,Ayumi,STOP IT!!,,,아유미,그만둬!,,,あゆみ,住手！,,,1,53,3,1,0,0,0,0,0,,Translated
2027,良樹,…………, , ,Yoshiki,*pant* *wheeze* *cough*,,,요시키,............,,,良樹,…………,,,1,83,25,1,0,0,0,0,0,,Translated
2028,あゆみ,やめてよ！　もういい……もういいから……逃げて。, , ,Ayumi,"Stop it, please! Just leave me! Run! Get out",of here!,,아유미,그만둬!  이제 됐어...... 됐으니까...... 도망쳐.,,,あゆみ,住手！　夠了……夠了……快逃。,,,1,54,3,1,0,0,0,0,0,,Translated
2029,良樹,篠崎……っ心配……するな。, , ,Yoshiki,Shinozaki...,Don't...worry...,,요시키,시노자키...... 걱정...... 하지 마.,,,良樹,篠崎……別……擔心。,,,1,84,25,1,0,0,0,0,0,,Translated
2030,良樹,助けてやるから。, , ,Yoshiki,I'm going to save you.,,,요시키,구해줄 테니까.,,,良樹,我會救妳的。,,,1,85,25,1,0,0,0,0,0,,Translated
2031,あゆみ,あなたが死んじゃうじゃない！,血が……血が！　一杯出てる！, ,Ayumi,You're just going to die! Look at you!,"You're bleeding, badly!",,아유미,네가 죽어 버리잖아!,피가...... 피가!  잔뜩 나왔어!,,あゆみ,你會死的！,血……血！　流了好多！,,1,55,3,1,0,0,0,0,0,,Translated
2032,あゆみ,委員長命令よ！　もうやめて！, , ,Ayumi,This is an order from your class rep! Leave me!!,,,아유미,반장의 명령이야!  그만해!,,,あゆみ,這是班長命令！　住手！,,,1,56,3,1,0,0,0,0,0,,Translated
2033,良樹,っせぇ！　ごちゃごちゃ言うな！, , ,Yoshiki,"Oh, just shut it! Don't give me that crap!",,,요시키,시끄러!  쫑알대지 마!,,,良樹,吵死了！　別囉嗦！,,,1,86,25,1,0,0,0,0,0,,Translated
2034,良樹,哲志じゃない。, , ,Yoshiki,I'm not Satoshi...,,,요시키,사토시가 아냐.,,,良樹,我不是哲志。,,,1,87,25,1,0,0,0,0,0,,Translated
2035,良樹,お前は！　俺が護るんだ！, , ,Yoshiki,But...I'm going to protect you anyway!,,,요시키,넌!  내가 지킬 거라고!,,,良樹,妳！　由我來保護！,,,1,88,25,1,0,0,0,0,0,,Translated
2036,あゆみ,……！, , ,Ayumi,...,,,아유미,......!,,,あゆみ,……！,,,1,57,3,1,0,0,0,0,0,,Translated
2037,良樹,（くそ……さすがにこのままじゃ、,　俺がくたばっちまうな……何か、ないか……！）, ,Yoshiki,"(Damn... If this keeps up, I'm a goner.",There's gotta be some way...),,요시키,(젠장...... 이대로 가면,"내가 죽게 생겼네...... 무슨 수가, 없을까......!)",,良樹,（可惡……這樣下去，,　我會死的……有沒有什麼辦法……！）,,1,89,25,1,0,0,0,0,0,,Translated
2038,良樹,（ガスバーナー！）　これだ！, , ,Yoshiki,(The gas burner...),That's it!,,요시키,(가스 버너!)    이거다!,,,良樹,（瓦斯噴槍！）　這個！,,,1,96,25,1,0,0,0,0,0,,Translated
2039,良樹,くらえッ！, , ,Yoshiki,Eat THIS!!,,,요시키,먹어라!,,,良樹,吃我這招！,,,1,0,0,1,0,0,0,6,0,,Translated
2040,人体模型,……！！, , ,Anatomical Model,...!,,,인체모형,......!!,,,人體模型,……！！,,,1,0,0,1,0,0,0,6,0,,Translated
2041,良樹,……けぇっ！, , ,Yoshiki,Geeehhh!!,,,요시키,...... 케엑!,,,良樹,……咳！,,,1,0,0,1,0,0,0,0,1,,Translated
2042,良樹,ハァッ、ハァッ、ハァッ、ハァッ！, , ,Yoshiki,*pant* *pant*,*pant* *pant* *pant*,,요시키,"허억, 허억, 허억, 허억!",,,良樹,哈啊、哈啊、哈啊、哈啊！,,,1,99,25,1,0,0,0,0,0,,Translated
2043,あゆみ,ばか！　……ばか！, , ,Ayumi,You jerk...,You dumbass!,,아유미,바보!  ...... 바보!,,,あゆみ,笨蛋！　……笨蛋！,,,1,63,3,1,0,0,0,0,0,,Translated
2044,良樹,篠崎……　よかったな、無事で。, , ,Yoshiki,Shinozaki... Heheh...,Glad to see you're still in one piece.,,요시키,"시노자키......  다행이다, 무사해서.",,,良樹,篠崎……　太好了，妳沒事。,,,1,100,25,1,0,0,0,0,0,,Translated
2045,あゆみ,ばか！……ばか！　嫌い！, , ,Ayumi,You...stupid... Ugh! I hate you so much!,,,아유미,바보! ...... 바보!  싫어!,,,あゆみ,笨蛋！……笨蛋！　討厭！,,,1,64,3,1,0,0,0,0,0,,Translated
2046,良樹,ッハハハハ。, , ,Yoshiki,Ha...hahahahaha...,,,요시키,으하하하하.,,,良樹,哈哈哈。,,,1,101,25,1,0,0,0,0,0,,Translated
2047,あゆみ,うううぅぅぅーっ　うううぅぅぅーーっ, , ,Ayumi,*sob* *bawl*,,,아유미,우우우우우~  우우우우우우~~,,,あゆみ,嗚嗚嗚嗚～　嗚嗚嗚嗚～～,,,1,65,3,1,0,0,0,0,0,,Translated
2048,良樹,元気な泣き声だな。その調子なら大丈夫だな。, , ,Yoshiki,Sounds like a happy cry to me.,Guess that means you're okay.,,요시키,잘도 우네. 그 모습을 보니 문제없겠군.,,,良樹,哭得真有精神。看這樣子應該沒事了。,,,1,102,25,1,0,0,0,0,0,,Translated
2049,あゆみ,死なないで！, , ,Ayumi,Don't die!,,,아유미,죽지 마!,,,あゆみ,不要死！,,,1,66,3,1,0,0,0,0,0,,Translated
2050,あゆみ,絶対死なないで！, , ,Ayumi,"Don't die, dammit!",,,아유미,절대로 죽지 마!,,,あゆみ,絕對不要死！,,,1,67,3,1,0,0,0,0,0,,Translated
2051,良樹,わかったよ。篠崎、泣くな。笑ってくれ。, , ,Yoshiki,"All right, all right already! Just stop crying,",Shinozaki. I want to see you smile.,,요시키,"알았어.  시노자키, 울지 마. 웃어.",,,良樹,我知道了。篠崎，不要哭。笑一個。,,,1,103,25,1,0,0,0,0,0,,Translated
2052,良樹,笑ってるお前の顔が一番好きなんだよ、俺。, , ,Yoshiki,I love your smiling face most of all.,,,요시키,"네 웃는 얼굴이 제일 좋아, 나는.",,,良樹,我最喜歡妳笑的樣子了。,,,1,104,25,1,0,0,0,0,0,,Translated
2053,あゆみ,……！　……ううううぅ, , ,Ayumi,... *sob*,,,아유미,......!  ...... 우우우우우,,,あゆみ,……！　……嗚嗚嗚,,,1,68,3,1,0,0,0,0,0,,Translated
2054,良樹,ッハハハハハ……, , ,Yoshiki,Heh...hahaha...hahaha...,,,요시키,으하하하하하하......,,,良樹,哈哈哈……,,,1,105,25,1,0,0,0,0,0,,Translated
2055,良樹,！　……ぐっ……！？,あああぁぁぁぁっ！, ,Yoshiki,Glgh...gaaaa...aaaaAAAAAAAAAAAAAAGGGGHHHH!!,,,요시키,!  ...... 윽......!?,아아아아아아악!,,良樹,！　……呃……！？,啊啊啊啊啊！,,1,0,0,1,0,0,0,20,0,,Translated
2056,あゆみ,！？　……いや！, , ,Ayumi,Ah! No...!,,,아유미,!?  ...... 싫어!,,,あゆみ,!？　……不要！,,,1,0,0,1,0,0,0,12,0,,Translated
2057,良樹,あああぁぁ……しの……崎……！,逃げろ！！逃げろォォっ！！, ,Yoshiki,AAAAAAGGGGHHH!!,Sh-Shino...zaki...,Run! RUN!!,요시키,아아아아아...... 시노...... 자키......!,도망쳐!! 도망쳐어어!!,,良樹,啊啊啊……篠……崎……！,快逃！！快逃啊啊！！,,1,0,0,1,0,0,0,20,0,,Translated
2058,あゆみ,いや！　いや！　いやああぁぁぁ！！, , ,Ayumi,No... Noo! NOOOOOOOOOOOOO!!,,,아유미,싫어!  싫어!  싫어어어어어!!,,,あゆみ,不要！　不要！　不要啊啊啊啊！！,,,1,0,0,1,0,0,0,6,1,,Translated
2059,哲志,……っ、何だここは？　凄い臭いだぞ。, , ,Satoshi,"Oolgh, where are we?! It smells awful in here!",,,사토시,...... 뭐야 여긴?  냄새가 심한데.,,,哲志,……、這裡是哪裡？　好臭啊。,,,1,69,17,1,0,0,0,0,0,,Translated
2060,哲志,うッ……, , ,Satoshi,...!,,,사토시,윽......,,,哲志,嗚……,,,1,70,17,1,0,0,0,0,0,,Translated
2061,直美,これって……, , ,Naomi,Is this...?,,,나오미,이건......,,,直美,這是……,,,1,146,12,1,0,0,0,0,0,,Translated
2062,由香,トイレ？, , ,Yuka,...a bathroom...?,,,유카,화장실?,,,由香,廁所？,,,1,37,29,1,0,0,0,0,0,,Translated
2063,直美,……梯子……, , ,Naomi,There's a ladder...,,,나오미,...... 사다리......,,,直美,……梯子……,,,1,147,12,1,0,0,0,0,0,,Translated
2064,哲志,どこに出るんだろうな……？, , ,Satoshi,"Where does it lead, though?",,,사토시,어디로 이어진 거지......?,,,哲志,會通向哪裡呢……？,,,1,71,17,1,0,0,0,0,0,,Translated
2065,哲志,おい！　直美？, , ,Satoshi,Wait! Naomi!,,,사토시,야! 나오미?,,,哲志,喂！　直美？,,,1,72,17,1,0,0,0,0,0,,Translated
2066,由香,お姉ちゃん！, , ,Yuka,Naomi!,,,유카,언니!,,,由香,姊姊！,,,1,38,29,1,0,0,0,0,0,,Translated
2067,哲志,いっぺんに使うと壊れそうだな……。,由香、直美が登りきったらお前先に登りな。, ,Satoshi,Seems pretty flimsy. I don't think it would hold,"all of us. Yuka, once Naomi's up, you go next,",all right?,사토시,다 같이 올라가면 망가지겠는걸......,"유카, 나오미 다음에 네가 올라가라.",,哲志,如果大家一起用的話好像會壞掉……。,由香，直美爬上去之後妳先爬。,,1,73,17,1,0,0,0,0,0,,Translated
2068,由香,うん……！　あ、ええと……, , ,Yuka,Okay!,"...Ah, wait...umm...",,유카,"응......!  아, 저기......",,,由香,嗯……！　啊、呃……,,,1,39,29,1,0,0,0,0,0,,Translated
2069,哲志,ん？, , ,Satoshi,Hmm?,,,사토시,응?,,,哲志,嗯？,,,1,74,17,1,0,0,0,0,0,,Translated
2070,由香,由香、最後がいい。, , ,Yuka,I'll...go last.,,,유카,"유카, 마지막이 좋아.",,,由香,由香想最後一個。,,,1,40,29,1,0,0,0,0,0,,Translated
2071,哲志,？　……ああ……, , ,Satoshi,...?,"Ahh, I get it...",,사토시,?  ...... 아아......,,,哲志,？　……啊啊……,,,1,75,17,1,0,0,0,0,0,,Translated
2072,哲志,でも、大丈夫か？　俺が登りきるまで、,一人でここにいても。, ,Satoshi,"But, will you be all right here by yourself until",I finish climbing up?,,사토시,"그런데, 괜찮겠어?  내가 올라가기 전에",여기 혼자 있어도.,,哲志,但是，沒事吧？　在我爬上去之前，,妳一個人在這裡。,,1,76,17,1,0,0,0,0,0,,Translated
2073,由香,（ぶるっ……）ん、うん、平気……, , ,Yuka,Uhh... Uh-huh... I-I'll be okay.,,,유카,"(덜덜......)  으, 응, 괜찮아......",,,由香,（抖……）嗯、嗯，沒事的……,,,1,41,29,1,0,0,0,0,0,,Translated
2074,,自分が先に登る,由香を先に登らせる,,,Go first,Send Yuka ahead,,,내가 먼저 올라간다,유카가 먼저 올라가게 한다,,,自己先爬,讓由香先爬,,0,255,255,255,255,255,255,255,255,,Translated
2075,哲志,よし、じゃぁ俺も急いで登るから、,声をかけたらお前も, ,Satoshi,"All right, I'll head up first, and call down to you",when I'm off the ladder.,,사토시,"좋아, 그럼 금방 올라갈 테니까",부르면 빨리,,哲志,好，那我也快點爬上去，,叫妳的時候妳也,,1,77,17,1,0,0,0,0,0,,Translated
2076,哲志,すぐに登ってくるんだぞ。, , ,Satoshi,"Then you come up right away, okay?",,,사토시,올라와야 한다.,,,哲志,要馬上爬上來喔。,,,1,78,17,1,0,0,0,0,0,,Translated
2077,由香,うん。, , ,Yuka,Okay.,,,유카,응.,,,由香,嗯。,,,1,42,29,1,0,0,0,0,0,,Translated
2078,由香,イヤ！, , ,Yuka,NO!,,,유카,싫어!,,,由香,不要！,,,1,43,29,1,0,0,0,0,0,,Translated
2079,哲志,お前ひとり残してて、何かが急に襲って来たら,どうするんだ？, ,Satoshi,"Look, what if something suddenly attacks you while",you're down here all by yourself?,,사토시,"너 혼자 있다가, 누군가가 갑자기 덮쳐 오면",어쩌려고?,,哲志,把妳一個人留在這裡，要是突然有什麼襲擊妳,該怎麼辦？,,1,79,17,1,0,0,0,0,0,,Translated
2080,哲志,お前のパンツなんかいつも見てるんだから平気だって。, , ,Satoshi,I've seen your underwear plenty of times before.,There's no reason for you to get all bashful about,it.,사토시,네 팬티 같은 건 언제나 보고 있으니까 괜찮아.,,,哲志,妳的內褲我平常就看慣了，沒關係的。,,,1,80,17,1,0,0,0,0,0,,Translated
2081,由香,今日はヤなの！, , ,Yuka,There is today!!,,,유카,오늘은 싫어!,,,由香,今天不要！,,,1,44,29,1,0,0,0,0,0,,Translated
2082,哲志,仕方ないなぁ……じゃぁ上で声をかけたら、, , ,Satoshi,"*sigh* Fine, have it your way.",I'll call down when I reach the top.,,사토시,별수 없지...... 그럼 위에서 부르면,,,哲志,真拿妳沒辦法……那我在上面叫妳的時候，,,,1,81,17,1,0,0,0,0,0,,Translated
2083,哲志,お前もすぐに登ってくるんだぞ。, , ,Satoshi,"And when I do, you're to come right up after me,",you understand?,,사토시,곧장 올라와야 한다.,,,哲志,妳也要馬上爬上來喔。,,,1,82,17,1,0,0,0,0,0,,Translated
2084,由香,うん。, , ,Yuka,Uh-huh.,,,유카,응.,,,由香,嗯。,,,1,45,29,1,0,0,0,0,0,,Translated
2085,哲志,由香、いいぞー！　登ってくるんだー！, , ,Satoshi,"Yuka, I'm at the top! Come on up!",,,사토시,"유카, 됐어~! 올라와~!",,,哲志,由香，好了～！　快爬上來～！,,,1,83,17,1,0,0,0,0,0,,Translated
2086,由香,うーん！, , ,Yuka,Okay!,,,유카,응~!,,,由香,嗯～！,,,1,46,29,1,0,0,0,0,0,,Translated
2087,哲志,直美？　どこだ？, , ,Satoshi,Naomi...?,Where'd you go?,,사토시,나오미? 어디야?,,,哲志,直美？　在哪裡？,,,1,84,17,1,0,0,0,0,0,,Translated
2088,,　比較的状態の良い本が並んでいます……,　, ,,"All things considered, these books are in remarkably",good condition.,,,비교적 상태가 좋은 책이 진열되어 있습니다......,,,,　陳列著狀態比較良好的書籍……,,,0,0,0,1,0,0,0,0,0,,Translated
2089,,　本棚の奥には、誰もいないようです。, , ,,There is no one on the other side of the bookshelf.,,,,책장 안에는 아무도 없는 모양입니다.,,,,　書架深處，似乎沒有人。,,,0,0,0,1,0,0,0,0,0,,Translated
2090,,　新聞記事のスクラップや様々な専門書や学術書等、,　たくさんの蔵書が並んでいます……, ,,There are a wide variety of books on the shelf --,everything from technical manuals to science theses,to scrapbooks full of newspaper clippings.,,"신문 기사 스크랩과 온갖 전문 서적, 학술책 등",여러 장서가 진열되어 있습니다......,,,　陳列著報紙剪報、各種專業書籍和學術書籍等，,大量的藏書……,,0,0,0,1,0,0,0,0,0,,Translated
2091,,　すべての本は、比較的状態は良いようです。, , ,,"All things considered, these books are in remarkably",good condition.,,,모든 책은 비교적 상태가 좋은 편입니다.,,,,　所有的書，狀態似乎都比較良好。,,,0,0,0,1,0,0,0,0,0,,Translated
2092,,椅子の上に黒い水溜まりがあります……,暗いので血なのかヘドロなのか、判別がつきません。, ,,There's a puddle of black liquid on the chair.,"In this darkness, it's impossible to tell if","it's blood, chemical ooze, or...something else.",,의자 위에 검은 물웅덩이가 있습니다......,어두워서 피인지 진흙탕인지 판별하기 어렵습니다.,,,椅子上有一灘黑色積水……,太暗了無法判斷是血還是污泥。,,0,0,0,1,0,0,0,0,0,,Translated
2093,あゆみ,七星さん。, , ,Ayumi,Naho...,,,아유미,나호 씨.,,,あゆみ,七星小姐。,,,1,92,3,1,0,0,0,0,0,,Translated
2094,七星,……あら……ごきげんよう。　篠崎あゆみさん。, , ,Naho,"Well, if it isn't Ayumi Shinozaki.",How are you holding up?,,나호,...... 어머...... 안녕하세요. 시노자키 아유미 양.,,,七星,……哎呀……你好。　篠崎あゆみ小姐。,,,1,143,9,1,0,0,0,0,0,,Translated
2095,あゆみ,七星さん、私の調べた情報を提供します。, , ,Ayumi,Naho. I'd like to share with you some information,I've gathered.,,아유미,"나호 씨, 제가 조사한 정보를 제공할게요.",,,あゆみ,七星小姐，我提供我調查到的情報。,,,1,93,3,1,0,0,0,0,0,,Translated
2096,七星,……興味あります。伺いましょう？, , ,Naho,You have my attention. What did you find?,,,나호,...... 흥미가 생기는군요. 들어볼까요?,,,七星,……有興趣。說來聽聽？,,,1,144,9,1,0,0,0,0,0,,Translated
2097,七星,サチコがあの事件の犯人……？,それは知りませんでした。, ,Naho,So Sachiko was the perpetrator? I had no idea...,,,나호,사치코가 그 사건의 범인......?,그건 몰랐습니다.,,七星,サチコ是那個事件的兇手……？這倒是不知道。,,,1,145,9,1,0,0,0,0,0,,Translated
2098,七星,なるほど……　有益な情報をありがとう。, , ,Naho,Very interesting indeed. Thank you for providing,me with this valuable data.,,나호,과연...... 유익한 정보 고마워요.,,,七星,原來如此……　謝謝你提供寶貴的情報。,,,1,146,9,1,0,0,0,0,0,,Translated
2099,七星,ですが、あなたの辿り着いたその答えでは、,半分です。, ,Naho,"However, you've only solved half the mystery.",,,나호,하지만 당신이 다다른 그 답은,반절이에요.,,七星,但是，你所得出的那個答案，只有一半。,,,1,147,9,1,0,0,0,0,0,,Translated
2100,七星,サチコが何者かという謎に、たどり着いていない。, , ,Naho,"You have yet to determine who, exactly, Sachiko is.",,,나호,"사치코가 누구인가 하는 의문에, 다다르지 못했어요.",,,七星,還沒有查明サチコ究竟是什麼人。,,,1,148,9,1,0,0,0,0,0,,Translated
2101,七星,この学校の真相には、まだ先がある……, , ,Naho,There's still a lot of ground left to cover before,we've learned all there is to know about this,school...,나호,"이 학교의 진상은, 아직 더 남아 있습니다......",,,七星,這所學校的真相，還有更深的一層……,,,1,149,9,1,0,0,0,0,0,,Translated
2102,良樹,……, , ,Yoshiki,...,,,요시키,......,,,良樹,……,,,1,109,25,1,0,0,0,0,0,,Translated
2103,七星,――私は、ある人を捜さねばならないのです。,忙しいので、それでは。, ,Naho,"At any rate, there's someone I need to find.",If you'll please excuse me...,,나호,저는 어떤 사람을 찾아야 합니다.,"서둘러야 해서, 이만.",,七星,――我必須去找一個人。,我很忙，那就這樣。,,1,150,9,1,0,0,0,0,0,,Translated
2104,あゆみ,まだ、話は終わっていません。, , ,Ayumi,I'm not done talking to you yet.,,,아유미,"아직, 얘기 안 끝났어요.",,,あゆみ,我還沒說完。,,,1,94,3,1,0,0,0,0,0,,Translated
2105,七星,……もうアナタには、キョウミありませんので。, , ,Naho,But I've lost interest in what you have to say.,,,나호,...... 당신에게 더는 관심이 없어서,,,七星,……我已經對你沒興趣了。,,,1,151,9,1,0,0,0,0,0,,Translated
2106,七星,職員室にいたあの男子……,ふふっ…兄妹であれ、クラスメイトであれ, ,Naho,"Who was that boy in the staff room, I wonder?","*giggle* Was he a classmate of yours? A brother,",perhaps?,나호,교무실에 있던 그 남자......,후훗... 남매든 친구든,,七星,職員室裡的那個男生……,呵呵…無論是兄妹還是同學，,,1,152,9,1,0,0,0,0,0,,Translated
2107,七星,愛のつながりで必死に動いている。, , ,Naho,There's a bond of love between you. It's what keeps,you going.,,나호,사랑으로 얽혀 필사적으로 움직이고 있어요.,,,七星,都在為了愛的牽絆而拼命行動呢。,,,1,153,9,1,0,0,0,0,0,,Translated
2108,七星,ああいう人たちの営みを、もっと見ていたいのです。, , ,Naho,I would enjoy it so if more people like that came,around for me to watch. It's...quite entertaining.,,나호,"저 사람들의 행위를, 좀 더 보고 싶어요.",,,七星,我想再多看看那樣的人們的活動。,,,1,154,9,1,0,0,0,0,0,,Translated
2109,七星,……ふうぅッ、ぞくぞくぞく……,フフッ♪……　んんっ……, ,Naho,*giggle* *giggle*,,,나호,"...... 후우우, 오싹 오싹......",후훗♪...... 으응......,,七星,……呼～～、好興奮……,呵呵♪……　嗯……,,1,0,0,1,0,0,0,0,0,,Translated
2110,あゆみ,七星さん、幻滅しました。, , ,Ayumi,Naho...,I'm disappointed in you.,,아유미,"나호 씨, 환멸스러워요.",,,あゆみ,七星小姐，我對你幻滅了。,,,1,95,3,1,0,0,0,0,0,,Translated
2111,七星,……, , ,Naho,...?,,,나호,......,,,七星,……,,,1,156,9,1,0,0,0,0,0,,Translated
2112,七星,あら……どうしてかしら？,私に、好意を持って頂けていたのでは？, ,Naho,"Hmm? Now, why would that be? Weren't you a veritable",fangirl of mine?,,나호,어머...... 어째서죠?,저에게 호의를 가지고 계신 거 아니었나요?,,七星,哎呀……為什麼呢？　你不是對我抱有好感嗎？,,,1,157,9,1,0,0,0,0,0,,Translated
2113,あゆみ,っ、……これ！, , ,Ayumi,It's because of...THIS!,,,아유미,윽...... 이건!,,,あゆみ,、……這個！,,,1,96,3,1,0,0,0,0,0,,Translated
2114,七星,――！, , ,Naho,Ah...!,,,나호,!!,,,七星,――！,,,1,158,9,1,0,0,0,0,0,,Translated
2115,あゆみ,『死逢わせのサチコさん』って何！？, , ,Ayumi,What is this 'Sachiko in the Everafter' crap?!,,,아유미,『죽음을 부르는 사치코씨』는 뭐야!?,,,あゆみ,『死逢サチコ小姐』是什麼！？,,,1,97,3,1,0,0,0,0,0,,Translated
2116,あゆみ,篠崎家の廃屋って何よ！？, , ,Ayumi,And what are the ruins of the Shinozaki estate?!,,,아유미,시노자키가의 폐가는 뭐냐고!?,,,あゆみ,篠崎家的廢墟又是什麼！？,,,1,98,3,1,0,0,0,0,0,,Translated
2117,,【七星の手記】3／5, , ,,[Naho's Notes],3／5,,,【나호의 수기】 3/5,,,,【七星的筆記】3／5,,,0,0,0,1,0,0,0,0,0,,Translated
2118,,“篠崎サチコのお呪い,　『正順法』・『逆（さか）打ち法』メモ”, ,,Herein I will detail the proper observance of,"Sachiko Shinozaki's charm, as well as a means",of reversing its effects and returning home.,,“시노자키 사치코의 주술,『정순법』·『역타법』 메모”,,,「篠崎サチコ的詛咒，　『正順法』・『逆打法』筆記」,,,0,0,0,1,0,0,0,0,0,,Translated
2119,あゆみ,――！（きた！）, , ,Ayumi,...!,(Paydirt!),,아유미,!!  (이거다!),,,あゆみ,――！（來了！）,,,1,28,3,1,0,0,0,0,0,,Translated
2120,七星,“【死逢わせのサチコさん】『正順法』”, , ,Naho,'Sachiko in the Everafter',-- Procedure for Proper Observance --,,나호,“【죽음을 부르는 사치코씨】 『정순법』”,,,七星,「【死逢サチコ小姐】『正順法』」,,,1,160,9,1,0,0,0,0,0,,Translated
2121,七星,“スペルトリガー「サチコさんお願いします」を、”, , ,Naho,"The spell trigger is the phrase,","'Sachiko, we beg of you.'",,나호,“스펠 트리거 「사치코씨 부탁합니다」를”,,,七星,「咒語觸發詞「サチコ小姐拜託了」，」,,,1,161,9,1,0,0,0,0,0,,Translated
2122,七星,“参加人数にサチコの一人分を加えた回数唱え、,　専用の型代を引きちぎる。”, ,Naho,"It must be chanted once for each participant, then","one additional time for Sachiko. Following this,",the proxy doll is to be torn apart.,나호,“참가 인원수에 사치코 한 사람 분을 더한 횟수만큼 말하고,전용 인형을 당겨 찢는다.”,,七星,「唸誦參加人數加上サチコ一人份的次數，,並撕開專用的人偶。」,,1,162,9,1,0,0,0,0,0,,Translated
2123,七星,“（型代は篠崎家廃屋から、サルベージした,　オリジナルでなくても、”, ,Naho,(Should the proxy doll recovered from the ruins of,the old Shinozaki estate be unavailable...,,나호,“(인형은 시노자키가 폐가에서 나온,오리지널 말고”,,七星,「（人偶若非從篠崎家廢墟中,回收的原物，,,1,163,9,1,0,0,0,0,0,,Translated
2124,七星,“デジタルを介した複製品でも効用はあるようだ）”, , ,Naho,...a printed facsimile will suffice for the purposes,of this ritual.),,나호,“디지털화한 복제품도 효력이 있는 모양이다)”,,,七星,「經由數位複製品似乎也有效用）」,,,1,164,9,1,0,0,0,0,0,,Translated
2125,七星,“成功すると霊は素通りし、特に何もおきないが、”, , ,Naho,"If everything is performed as indicated, the spirit","will pass by harmlessly, and nothing of note should",occur.,나호,"“성공하면 영혼은 지나가고, 아무 일도 일어나지 않지만”",,,七星,「成功的話靈魂會直接通過，不會發生任何事，」,,,1,165,9,1,0,0,0,0,0,,Translated
2126,七星,“失敗すると、霊媒素質のある者に,　サチコの霊が降り、”, ,Naho,"If any part of this ritual is performed incorrectly,","however, then Sachiko herself will descend upon any",viable spirit medium in the vicinity...,나호,“실패하면 영매 소질이 있는 자에게,사치코의 영혼이 내리고”,,七星,「失敗的話，サチコ的靈魂會降臨在,具有靈媒體質的人身上，」,,1,166,9,1,0,0,0,0,0,,Translated
2127,七星,“その場にいた者全員が呪いに侵され、,　そのまま霊場に連れて行かれる。”, ,Naho,...and all present will be afflicted with her curse,and spirited away to the sacred ground.,,나호,“그 자리에 있던 자 전원이 저주에 걸려,그대로 영자장으로 끌려가게 된다.”,,七星,「在場的所有人都會被詛咒侵蝕，,就那樣被帶到靈場去。」,,1,167,9,1,0,0,0,0,0,,Translated
2128,七星,“『逆打ち法』、サチコの霊を怒らせた場合の対処法,　正順法をそのまま逆に行なえば可能。”, ,Naho,-- Procedure for Reversal --,"If you've angered Sachiko, you may atone by redoing",the ritual properly...but in reverse.,나호,"“『역타법』, 사치코의 영혼을 화나게 만든 경우의 대처법",정순법을 거꾸로 행하면 가능.”,,七星,「『逆打法』、觸怒サチコ靈魂時的應對方法,只要將正順法反過來執行即可。」,,1,168,9,1,0,0,0,0,0,,Translated
2129,七星,“具体的には……”, , ,Naho,"First, produce your remnant of the proxy doll...",,,나호,“구체적으로는......”,,,七星,「具體來說就是……」，,,,1,169,9,1,0,0,0,0,0,,Translated
2130,あゆみ,しかもあなたは、ワザと失敗するように,あの呪いの方法をブログに書いてる！, ,Ayumi,You intentionally put the wrong directions on your,blog! You wanted the ritual to fail!,,아유미,"게다가 당신은, 일부러 실패하도록",저주 방법을 블로그에 올렸어!,,あゆみ,而且你，故意把那個詛咒的方法,寫在部落格上讓人失敗！,,1,100,3,1,0,0,0,0,0,,Translated
2131,あゆみ,センセイの為でしょう、あなたの愛する、, , ,Ayumi,Did you do it for him?! Your 'beloved'?!,,,아유미,"선생님을 위해서겠지, 당신이 사랑하는",,,あゆみ,是為了老師吧，你所愛的，,,,1,101,3,1,0,0,0,0,0,,Translated
2132,あゆみ,鬼碑忌センセイの作品の為……,犠牲者は、サンプルは多いほうがいいから！, ,Ayumi,"Your mentor, Mr. Kibiki?",Were you trying to make sure he had a large sample,size to study for his article?!,아유미,키비키 선생님의 작품을 위해......,"희생자는, 샘플은 많으면 많을수록 좋으니까!",,あゆみ,鬼碑忌老師的作品……,犧牲者，樣本是越多越好！,,1,102,3,1,0,0,0,0,0,,Translated
2133,七星,ぷっ、あははは、あははは、あははは♪, , ,Naho,Hahahaha! Ahahahaha! Ahahahahahaha!,,,나호,"풋, 아하하하, 아하하하, 아하하하♪",,,七星,噗、啊哈哈、啊哈哈、啊哈哈♪,,,1,0,0,1,0,0,0,0,0,,Translated
2134,あゆみ,何がおかしいの！, , ,Ayumi,What the hell is so funny?!,,,아유미,뭐가 웃긴데!,,,あゆみ,有什麼好笑的！,,,1,103,3,1,0,0,0,0,0,,Translated
2135,七星,知るか！　釣りだよ釣り！, , ,Naho,"You think you're so smart, huh?","Well, you're not...so go fish!",,나호,알겠냐!  낚시야 낚시!,,,七星,誰知道！　是釣魚啦釣魚！,,,1,171,9,1,0,0,0,0,0,,Translated
2136,良樹,つ……り？　何言ってんだ？, , ,Yoshiki,Go fish? What the hell does that mean?!,,,요시키,낚...... 시? 무슨 말이야?,,,良樹,釣……魚？　你在說什麼？,,,1,110,25,1,0,0,0,0,0,,Translated
2137,あゆみ,……ウソ、ってことよ。, , ,Ayumi,She's saying it's a lie.,,,아유미,"...... 거짓말, 이란 말이야.",,,あゆみ,……就是說謊的意思。,,,1,104,3,1,0,0,0,0,0,,Translated
2138,七星,ネットに載ってる情報を鵜呑みにする奴が,馬鹿なんだよ、バーーーーッカ！, ,Naho,Anyone who takes stuff posted on the net and,swallows it wholesale is a fucking dumbass.,A total retard.,나호,인터넷에 올라온 정보를 그대로 믿은 녀석이,"바보지, 바~~~~~보!",,七星,把網路上流傳的資訊照單全收的傢伙,才是笨蛋，笨～～～～蛋！,,1,172,9,1,0,0,0,0,0,,Translated
2139,あゆみ,動揺してるわね？, , ,Ayumi,You're shaking...,,,아유미,동요하고 있지?,,,あゆみ,你在動搖吧？,,,1,105,3,1,0,0,0,0,0,,Translated
2140,あゆみ,……想像してなかった？,こんな事になるとまで思わなかった？, ,Ayumi,You can't tell me that you didn't have the slightest,inkling...that it never crossed your mind something,like this might happen!,아유미,...... 상상 못했어?,이런 일이 일어날 거라고는 예상 못한 거야?,,あゆみ,……沒想到？　沒想到會變成這樣？,,,1,106,3,1,0,0,0,0,0,,Translated
2141,あゆみ,あなたの勝手な都合で、どれだけ沢山の人が,もがき苦しんで死んでいったか！, ,Ayumi,How many people did your little whim send to,"a slow, painful death, huh?!",,아유미,당신 하나 때문에 얼마나 많은 사람이,괴로움에 몸부림치며 죽어 갔는지!,,あゆみ,因為你的自私，有多少人,在痛苦掙扎中死去！,,1,107,3,1,0,0,0,0,0,,Translated
2142,あゆみ,サチコさんの呪いを全国に拡大させたのは、,あなたよ！, ,Ayumi,You're the one who spread Sachiko's curse across,the entire country! YOU!!,,아유미,사치코씨의 저주를 전국으로 확대시킨 건,바로 당신이야!,,あゆみ,把サチコ的詛咒擴散到全國的，,就是你！,,1,108,3,1,0,0,0,0,0,,Translated
2143,七星,知ったことか。, , ,Naho,Don't you think I know that?,,,나호,알 게 뭐야.,,,七星,關我什麼事。,,,1,173,9,1,0,0,0,0,0,,Translated
2144,七星,センセイが……センセイが笑ってくれるんだ。,私がガンバれば、, ,Naho,But Kibiki... My dear Kibiki smiles at me when,I do right by him.,,나호,선생님이...... 선생님이 웃어줬어.,내가 열심히 하면,,七星,因為老師……老師會對我笑。,只要我努力，,,1,174,9,1,0,0,0,0,0,,Translated
2145,七星,センセイ……私の可愛い……センセイ★,……センセイの為なら何だって、するわ。, ,Naho,"Oh, Kibiki... My sweet, succulent mentor...",I would do anything for you...anything at all...,,나호,선생님...... 내 귀여운...... 선생님★,"...... 선생님을 위해서라면 뭐든, 할 거야.",,七星,老師……我可愛的老師★,……為了老師我什麼都願意做。,,1,175,9,1,0,0,0,0,0,,Translated
2146,七星,お前みたいな＊＊れ＊＊＊は、,その辺で腐って臭ッてろよ！, ,Naho,But you occult freaks...you can all go rot in,"a corner, for all I care!",,나호,너 같은 **년은,거기서 썩어 문드러져 버려!,,七星,像你這種＊＊＊＊＊，,就在那邊腐爛發臭吧！,,1,176,9,1,0,0,0,0,0,,Translated
2147,あゆみ,ううッ……, , ,Ayumi,*gasp*,*hic*,,아유미,으윽......,,,あゆみ,嗚……,,,1,109,3,1,0,0,0,0,0,,Translated
2148,あゆみ,幻滅……ッ！, , ,Ayumi,You're a horrible person!,,,아유미,환멸......!,,,あゆみ,幻滅……！,,,1,110,3,1,0,0,0,0,0,,Translated
2149,あゆみ,幻滅　幻滅　幻滅ッ！　ヤだ！　もう……ッ, , ,Ayumi,"Horrible, horrible, HORRIBLE! God, how could you?!",,,아유미,환멸  환멸  환멸스러워!  싫어!  진짜......,,,あゆみ,幻滅　幻滅　幻滅！　討厭！　真是……,,,1,111,3,1,0,0,0,0,0,,Translated
2150,七星,センセイのお仕事は……私が守る！,邪魔をする人は許さない！！, ,Naho,It's my duty to protect my dear mentor's job.,...And I won't let anyone get in my way!,,나호,선생님의 일감은...... 내가 지킬 거야!,방해하는 사람은 용서 못해!!,,七星,老師的工作……由我來守護！,不允許任何人妨礙！！,,1,177,9,1,0,0,0,0,0,,Translated
2151,あゆみ,七星さん……　あなたは、ここで亡くなっている。, , ,Ayumi,Naho... You died here.,,,아유미,"나호 씨......  당신은, 여기에서 죽었어요.",,,あゆみ,七星小姐……　你，已經死在了這裡。,,,1,112,3,1,0,0,0,0,0,,Translated
2152,七星,はい？, , ,Naho,And?,,,나호,네?,,,七星,是嗎？,,,1,178,9,1,0,0,0,0,0,,Translated
2153,あゆみ,憶えていますか？　死んだ時の記憶。,何を見つめて死んでいったのか。, ,Ayumi,Do you remember what you were thinking when you,died? What you were looking at?,,아유미,기억나요?  죽었을 때의 기억.,뭘 바라보며 죽어 갔는지.,,あゆみ,你還記得嗎？　死時的記憶。,是凝視著什麼死去的。,,1,113,3,1,0,0,0,0,0,,Translated
2154,七星,……いいえ。, , ,Naho,"I don't, actually.",,,나호,...... 아뇨.,,,七星,……不。,,,1,179,9,1,0,0,0,0,0,,Translated
2155,七星,そこだけが見えないのです。,いくら脳を掘り起こしても、思い出せない。, ,Naho,"That's the one moment I just can't recall, in fact.","No matter how much I try, it won't come to me.",,나호,그것만은 보이지 않습니다.,"아무리 머릿속을 뒤져 봐도, 나오지를 않아요.",,七星,只有那部分看不到。,無論怎麼挖掘記憶，都想不起來。,,1,180,9,1,0,0,0,0,0,,Translated
2156,あゆみ,あなたの身勝手の結果、あなたは、,……最愛の人を失ってる。, ,Ayumi,Your selfish egotism cost you the person you loved,most.,,아유미,"당신이 제멋대로 해온 결과, 당신은",...... 가장 사랑하는 사람을 잃었어요.,,あゆみ,你自私的結果，你，,……失去了最愛的人。,,1,114,3,1,0,0,0,0,0,,Translated
2157,七星,……え？, , ,Naho,What?,,,나호,...... 네?,,,七星,……咦？,,,1,181,9,1,0,0,0,0,0,,Translated
2158,あゆみ,憶えていないのね？　あなたが絶望して、,人でなくなったとき、何があったか。, ,Ayumi,"You really don't remember, do you?","Your very last actions as a human being, after you",lost all hope...but before you died...,아유미,기억 못하는군요? 당신이 절망하고,"사람이 아니게 되었을 때, 무슨 일이 있었는지.",,あゆみ,你不記得了嗎？　你絕望之後，,不再是人的時候，發生了什麼。,,1,115,3,1,0,0,0,0,0,,Translated
2159,あゆみ,特別な力を持っているから、あなたはそのまま,『黒化』して学校に吸収されなかったみたいだけど！, ,Ayumi,"You weren't swallowed up by the school, probably",because of your abilities...but you did succumb,to the darkening.,아유미,"특별한 힘을 가지고 있었던 탓에, 당신은 그대로",『흑화』해서 학교에 흡수되지 않았던 모양이지만!,,あゆみ,雖然因為擁有特殊力量，你似乎就那樣,『黑化』了而沒有被學校吸收！,,1,116,3,1,0,0,0,0,0,,Translated
2160,七星,！　……あ, , ,Naho,*gasp* Aaah...haaaah...,,,나호,!  ...... 아,,,七星,！　……啊,,,1,182,9,1,0,0,0,0,0,,Translated
2161,七星,ああ……！　ああ……！！, , ,Naho,Aaah...aaaaaaaahhhh...,eyaaaaaaaaaahhh...,,나호,아아......!  아아......!!,,,七星,啊啊……！　啊啊……！！,,,1,183,9,1,0,0,0,0,0,,Translated
2162,あゆみ,思い出した！？　あなたが殺したのよ！,最愛の人……鬼碑忌センセイを。, ,Ayumi,Do you get it now?! You killed him!,You killed the man you loved!,You killed Mr. Kibiki!,아유미,생각났나요!?  당신이 죽였어요!,가장 사랑하는...... 키비키 선생님을.,,あゆみ,想起來了嗎！？　是你殺的啊！,最愛的人……鬼碑忌老師。,,1,117,3,1,0,0,0,0,0,,Translated
2163,あゆみ,あなた自身が取り殺してしまった！, , ,Ayumi,You took his life with your own bare hands!,,,아유미,당신이 죽였다고요!,,,あゆみ,是你親手殺死的！,,,1,118,3,1,0,0,0,0,0,,Translated
2164,七星,ああああぁぁぁ…………！,アアアアアァァァァァーー！, ,Naho,AaaaaaaAAAAAAAAAAAAHH...,EIYAAAAAAAAAAAAAAAAAAGGHH...,,나호,아아아아아아아............!,아아아아아아아아아아~~!,,七星,啊啊啊啊…………！,啊啊啊啊啊啊～～！,,1,0,0,1,0,0,0,0,0,,Translated
2165,七星,ヒィィイィィッ！　ヒギィィィィィィ！！, , ,Naho,AAAAAAAAAAAaaaaAAAAAAAaaaaAAAAAAAAAAGGGGHHH!!,,,나호,히이이이이익!  히이이이이이이이!!,,,七星,咿～～～～！　咿～～～～！！,,,1,0,0,1,0,0,0,0,1,,Translated
2166,七星,アアアアアアアアーー！！！, , ,Naho,OooooooouuuuuuuuaaaaAAAAAAAAAAAAAAAAAAAAAAA...,,,나호,아아아아아아아아~~!!!,,,七星,啊啊啊啊啊啊～～！！！,,,1,0,0,1,0,0,0,6,0,,Translated
2167,七星,アアアアア, , ,Naho,...AAAAAAaaaaaaaggh...,,,나호,아아아아아,,,七星,啊啊啊啊,,,1,0,0,1,0,0,0,0,0,,Translated
2168,七星,グボッ、グブッ, , ,Naho,*sputter*,*moan*,*retch*,나호,"으헉, 으윽",,,七星,呃噗、呃咕,,,1,187,9,1,0,0,0,0,0,,Translated
2169,良樹,なんなんだよ……映画か？　これ……, , ,Yoshiki,Give me a break...,Is this some kind of horror movie or something?!,,요시키,뭐야...... 영화야?  이거......,,,良樹,搞什麼啊……電影嗎？　這個……,,,1,111,25,1,0,0,0,0,0,,Translated
2170,あゆみ,ひっく……ひっく……, , ,Ayumi,*sob* *gulp*,,,아유미,흑...... 흑......,,,あゆみ,吸泣……吸泣……,,,1,119,3,1,0,0,0,0,0,,Translated
2171,良樹,……大丈夫か？, , ,Yoshiki,...You okay?,,,요시키,...... 괜찮아?,,,良樹,……沒事吧？,,,1,112,25,1,0,0,0,0,0,,Translated
2172,,赤子の像　を取りました。, , ,,Acquired [Baby Statue].,,,,갓난아기 상을 얻었습니다.,,,,取得了嬰兒像。,,,0,0,0,1,0,0,0,0,0,,Translated
2173,良樹,よう……お前。, , ,Yoshiki,Hey. It's you.,,,요시키,여어...... 너였냐.,,,良樹,喂……是你啊。,,,1,113,25,1,0,0,0,0,0,,Translated
2174,七星,……ごきげんよう。篠崎あゆみさん、,じゃないほうの方。, ,Naho,Hello...friend of Ayumi Shinozaki.,,,나호,...... 안녕하세요. 시노자키 아유미 씨,가 아닌 분.,,七星,……你好。篠崎あゆみ小姐，,旁邊的那位。,,1,191,9,1,0,0,0,0,0,,Translated
2175,良樹,……岸沼だ。, , ,Yoshiki,The name's Kishinuma.,,,요시키,...... 키시누마야.,,,良樹,……我叫岸沼。,,,1,114,25,1,0,0,0,0,0,,Translated
2176,七星,失礼、岸沼さん。……何か？, , ,Naho,"Pardon my rudeness. How may I help you, Kishinuma?",,,나호,"실례, 키시누마 씨...... 무슨 일이죠?",,,七星,失禮了，岸沼先生。……有什麼事？,,,1,192,9,1,0,0,0,0,0,,Translated
2177,良樹,……俺に、出来る事はないか。, , ,Yoshiki,I just...wanted to see if there's anything I can do.,,,요시키,"...... 내가, 할 수 있는 건 없는 거야?",,,良樹,……有我，能做的事嗎。,,,1,115,25,1,0,0,0,0,0,,Translated
2178,七星,……？, , ,Naho,Hmm?,,,나호,......?,,,七星,……？,,,1,193,9,1,0,0,0,0,0,,Translated
2179,良樹,……篠崎が、化け物にやられた。, , ,Yoshiki,Shinozaki's...been killed by some kind of monster.,,,요시키,...... 시노자키가 괴물에게 당했어.,,,良樹,……篠崎，被怪物殺了。,,,1,116,25,1,0,0,0,0,0,,Translated
2180,良樹,逃げ出した……逃げ出した、俺のせいで、, , ,Yoshiki,And I ran. I just...ran...and left her to die.,,,요시키,"도망친...... 도망친, 나 때문에",,,良樹,我逃跑了……逃跑了，都是因為我，,,,1,117,25,1,0,0,0,0,0,,Translated
2181,七星,……何てこと……, , ,Naho,That's quite a situation.,,,나호,...... 그건 무슨......,,,七星,……怎麼會……,,,1,194,9,1,0,0,0,0,0,,Translated
2182,良樹,なぁ、教えてくれ。……俺は、どうすればいい。, , ,Yoshiki,"So, can you tell me...what I should do about it?",,,요시키,"저기, 가르쳐 줘...... 나는, 어쩌면 좋아.",,,良樹,吶，告訴我。……我，該怎麼辦。,,,1,118,25,1,0,0,0,0,0,,Translated
2183,良樹,わからねぇんだ……。何も、もう。, , ,Yoshiki,I...don't know anymore. I don't know anything,anymore!,,요시키,"모르겠어...... 난, 이제.",,,良樹,我不知道……。已經，什麼都不知道了。,,,1,119,25,1,0,0,0,0,0,,Translated
2184,良樹,くそ……っ！, , ,Yoshiki,Goddammit...,,,요시키,젠장......!,,,良樹,可惡……！,,,1,120,25,1,0,0,0,0,0,,Translated
2185,七星,…………, , ,Naho,...,,,나호,............,,,七星,…………,,,1,195,9,1,0,0,0,0,0,,Translated
2186,良樹,いつも逃げ出してた。, , ,Yoshiki,I've always just run away.,,,요시키,언제나 도망쳐 왔어.,,,良樹,我總是在逃跑。,,,1,121,25,1,0,0,0,0,0,,Translated
2187,良樹,あの時だって、退学になったっていいって、, , ,Yoshiki,"Hell, I was even willing to get expelled from",school so I didn't have to deal with a difficult,situation!,요시키,"그때도, 퇴학하면 그만이라고",,,良樹,那時候也是，就算被退學也無所謂，,,,1,122,25,1,0,0,0,0,0,,Translated
2188,良樹,……苦しくなると、面倒になって……すべて投げ捨てて, , ,Yoshiki,When the going gets tough...it becomes too much of,"a hassle for me, and I just throw everything away.",,요시키,"...... 괴로워지면, 귀찮아져서...... 전부 던져 버리고",,,良樹,……一旦痛苦起來，就會覺得麻煩……全都丟掉，,,,1,123,25,1,0,0,0,0,0,,Translated
2189,良樹,真っ先にそれを止めてくれたのが篠崎だ。, , ,Yoshiki,Shinozaki is the one and only person who ever got me,to straighten up and fly right.,,요시키,가장 먼저 그걸 막아준 게 시노자키야.,,,良樹,第一個阻止我這麼做的人是篠崎。,,,1,124,25,1,0,0,0,0,0,,Translated
2190,良樹,……二度と逃げ出さないって決めたのに……！, , ,Yoshiki,And I told myself I wouldn't run anymore...,,,요시키,...... 두 번 다시 도망치지 않겠다고 결심했는데......!,,,良樹,……明明決定不再逃跑了……！,,,1,125,25,1,0,0,0,0,0,,Translated
2191,七星,（思考が混濁しているようですね）, , ,Naho,(Seems his thoughts have become muddled.),,,나호,(사고가 혼란스러워진 모양이군요),,,七星,（思考似乎變得混濁了呢）,,,1,196,9,1,0,0,0,0,0,,Translated
2192,七星,気の毒に……そんなに、自分を責めなくてもいいわ。, , ,Naho,I'm sorry for your loss. You don't need to blame,"yourself for what happened, though.",,나호,불쌍하게도...... 그렇게 자신을 책망할 거 없어요.,,,七星,真可憐……你不用那麼自責的。,,,1,197,9,1,0,0,0,0,0,,Translated
2193,七星,逃げるのは当然です、あなたは悪くない。, , ,Naho,Running away from a monster is a natural reaction.,It wasn't wrong of you to do so.,,나호,"도망치는 건 당연해요, 당신은 나쁘지 않아요.",,,七星,逃跑是理所當然的，你沒有錯。,,,1,198,9,1,0,0,0,0,0,,Translated
2194,良樹,ううぅ……っ, , ,Yoshiki,Gck...chh...,,,요시키,우우우......,,,良樹,嗚嗚……,,,1,126,25,1,0,0,0,0,0,,Translated
2195,良樹,っ……　いや……俺のせいだ。, , ,Yoshiki,...,...No. It was my fault.,,요시키,윽......  아니...... 내 탓이야.,,,良樹,……不……是我的錯。,,,1,127,25,1,0,0,0,0,0,,Translated
2196,良樹,何が出来るか、考える。, , ,Yoshiki,I'm going to go think about what I can do to set,things right.,,요시키,"뭘 할 수 있을지, 생각해볼게.",,,良樹,我會去想，能做什麼。,,,1,128,25,1,0,0,0,0,0,,Translated
2197,良樹,邪魔した、すまねぇ。, , ,Yoshiki,Sorry...to have bothered you.,,,요시키,"미안, 실례했어.",,,良樹,打擾了，抱歉。,,,1,129,25,1,0,0,0,0,0,,Translated
2198,七星,…………, , ,Naho,...,,,나호,............,,,七星,…………,,,1,199,9,1,0,0,0,0,0,,Translated
2199,あゆみ,きゃ・・・・・・！, , ,Ayumi,Eek!,,,아유미,꺄......!,,,あゆみ,呀・・・・・・！,,,1,5,4,1,0,0,0,0,0,,Translated
2200,良樹,なんだ・・・・・・？, , ,Yoshiki,What is it?!,,,요시키,뭐야......?,,,良樹,什麼・・・・・・？,,,1,150,25,1,0,0,0,0,0,,Translated
2201,あゆみ,スクラップブック……あの児童殺害事件の,新聞記事と、写真が綴じてあるわ。, ,Ayumi,It's a scrapbook...of the murder case. Full of,newspaper articles with photos.,,아유미,스크랩북...... 그 아동 살해 사건,"신문 기사와, 사진이 철해져 있어.",,あゆみ,剪貼簿……那個兒童殺害事件的,報紙和照片裝訂在一起。,,1,6,4,1,0,0,0,0,0,,Translated
2202,,……よく見ると、被害者児童の写真に赤いペンで,丸が付けられており……,その下に、『篠崎サチコ』と書いてあります。,,Someone circled a photograph of one of the,"victims in red pen, and wrote in the name",'Sachiko Shinozaki' below it.,,...... 잘 보니 피해 아동의 사진에 빨간 펜으로,동그라미가 쳐져 있고......,그 아래에 『시노자키 사치코』라고 적혀 있습니다.,,……仔細一看，被害兒童的照片上被用紅筆,畫了圈……,下面寫著『篠崎サチコ』。,0,0,0,1,0,0,0,0,0,,Translated
2203,良樹,サチコが、どうだって言うんだ……？, , ,Yoshiki,This supposed to tell us something about her?,,,요시키,"사치코가, 뭐 어쨌다고......?",,,良樹,サチコ，那又怎樣……？,,,1,151,25,1,0,0,0,0,0,,Translated
2204,あゆみ,うん……（ペラッ）……見て。,もっと古い新聞記事。, ,Ayumi,"I dunno... Ah, look. There's another newspaper",clipping in here. Seems like an older one.,,아유미,응...... (펄럭)  ......봐봐.,더 오래된 신문 기사.,,あゆみ,嗯……（翻）……你看。,更舊的報紙。,,1,7,4,1,0,0,0,0,0,,Translated
2205,あゆみ,1953年11月19日……　古いなぁ。,あの児童殺害事件よりも、もっと古いわ。, ,Ayumi,"July 20th, 1953? Man, this one's from looong",before the murder incident.,,아유미,1953년 11월 19일......  오래 됐네.,그 아동 살해 사건보다 훨씬 전이야.,,あゆみ,1953年11月19日……　好舊啊。,比那個兒童殺害事件還要更早。,,1,8,4,1,0,0,0,0,0,,Translated
2206,あゆみ,60年近く前の新聞記事だ……, , ,Ayumi,That was almost sixty years ago!,,,아유미,60년쯤 전 신문 기사야......,,,あゆみ,將近60年前的報紙……,,,1,9,4,1,0,0,0,0,0,,Translated
2207,,【天神新聞】,『町の名医、惜しまれる事故死・天神小学校に,　起こった悲劇』,,[Tenjin Times],Heavenly Host Elementary Loses Beloved Nurse,,,【텐진신문】,"『텐진의 명의, 안타까운 사고사·텐진초등학교에",일어난 비극』,,【天神新聞】,『城鎮名醫，令人惋惜的事故身亡・天神小學校,發生的悲劇』,0,0,0,1,0,0,0,0,0,,Translated
2208,,超自然学による心神治療を学び、西洋医学とは,別角度から患者の心の治療を行っていた町の開業医,「篠崎ヨシヱ(27)」さんが、,,"Eastern medicine, unlike its more popular western","counterpart, often seeks to treat the mind and soul",rather than the body.,,"초자연학을 통한 심신 치료를 수학하여, 서양의학과는",다른 각도로 환자의 마음을 치료하던 의사,「시노자키 요시에(27)」씨가,,學習了超自然學的心神治療，,從與西醫不同的角度進行患者心理治療的開業醫生,「篠崎芳江(27)」小姐，,0,0,0,1,0,0,0,0,0,,Translated
2209,,保健医として所属する天神小学校の階段から落下し、,死亡する事故が起こった。状態は運悪く、上半身から,落ちたようで、首の骨を折り即死だった。,,"One of its most renowned local practitioners, Yoshie","Shinozaki (27), was found dead after taking a spill",down a flight of stairs and breaking her neck.,,보건선생님으로 일하던 텐진초등학교 계단에서 떨어져,"사망하는 사고가 발생했다. 운 나쁘게도, 상반신부터",떨어져 목뼈 골절로 즉사했다.,,作為保健老師所屬的天神小學校樓梯墜落，,發生死亡事故。狀態不幸地，似乎是從上半身,落下，折斷頸骨當場死亡。,0,0,0,1,0,0,0,0,0,,Translated
2210,,?だった。,,,,?だった。,,,,?だった。,,,,?だった。,,,-1,0,0,1,0,0,0,0,0,,Translated
2211,,ヨシヱさんは明るく朗らかで、無類の子供好きだった。,その人柄から児童たちにも人気があり、, ,,Recently serving as school nurse at Heavenly Host,"Elementary, it's there that the body was found.",,,"요시에 씨는 밝고 명랑하며, 아이들을 매우 좋아했다.",그 인품으로 아이들에게도 인기가 많아,,,芳江小姐開朗活潑，非常喜歡孩子。,因為她的人品，在兒童中也很受歡迎，,,0,0,0,1,0,0,0,0,0,,Translated
2212,,周りにはいつも子供たちが集まって話をしたり、,歌を唄ったり賑やかで楽しい雰囲気に,包まれていたという。,,"Through song and stories, she had transformed the","school infirmary into a fun, invigorating place to","be. No doubt, she will be greatly missed.",,주위에는 언제나 아이들이 모여들어 이야기를 나누거나,노래를 부르는 등 즐겁고 신나는 분위기에,둘러싸여 있었다고 한다.,,身邊總是聚集著孩子們，聊天、,唱歌，洋溢著熱鬧愉快的氛圍。,,0,0,0,1,0,0,0,0,0,,Translated
2213,,それだけに周囲の悲しみは深く、,『ヨシヱ先生と遠足に行きたかったのに』と、,楽しみに練っていた夏休みの計画を,,Many students were looking forward to an upcoming,"field trip with Mrs. Shinozaki, and have expressed",deep regret at the cancellation of these plans.,,그만큼 주위의 슬픔은 깊었고,아이들은 『요시에 선생님이랑 소풍 가고 싶었는데』라며,기대해 마지않았던 여름방학 계획을 중얼거리며,,正因如此周圍的悲傷更加深切，,孩子們紛紛低語著『好想和芳江老師去遠足啊』，,對期待已久的暑假計劃,0,0,0,1,0,0,0,0,0,,Translated
2214,,子供達は口々につぶやき、ただただその死を悲しんだ。, , ,,Though a great number of children are too young to,"fully understand what happened, there is a pervading",sense of melancholy throughout the school this day.,,그 죽음을 슬퍼했다.,,,,孩子們異口同聲地低語，只是哀悼她的死亡。,,,0,0,0,1,0,0,0,0,0,,Translated
2215,良樹,……気の毒だな。, , ,Yoshiki,That's so sad...,,,요시키,...... 참 안됐네.,,,良樹,……真可憐。,,,1,152,25,1,0,0,0,0,0,,Translated
2216,あゆみ,（七星さんの手記にあった……,　篠崎家の廃屋、って……もしかして）, ,Ayumi,(Could this have some relation to the Shinozaki,estate Naho mentioned in her notes?),,아유미,(나호 씨 수기에 나왔던......,시노자키가의 폐가라는 건...... 혹시나),,あゆみ,（七星小姐的筆記裡提到的……,篠崎家的廢墟……難道）,,1,10,4,1,0,0,0,0,0,,Translated
2217,あゆみ,！　見て！　……同じ紙面にもう一つ,関連記事が載ってる。, ,Ayumi,Ah! Look! There's a related article on the same,page!,,아유미,!  봐봐!  ...... 같은 지면에 관련 기사가,하나 더 실려 있어.,,あゆみ,！　你看！　……同一版面上還有,一則相關報導。,,1,11,4,1,0,0,0,0,0,,Translated
2218,あゆみ,『亡くなった保健医ヨシヱの一人娘が、,その日から失踪している』……って。, ,Ayumi,'Only Daughter of Deceased School Nurse Reported,Missing.',,아유미,『죽은 보건선생님 요시에의 외동딸이,같은 날 실종되었다』...... 고.,,あゆみ,『已故保健老師芳江的獨生女，,從那天起失蹤了』……。,,1,12,4,1,0,0,0,0,0,,Translated
2219,あゆみ,……写真が……きゃっ！！, , ,Ayumi,And there's a picture... AAH!!,,,아유미,...... 사진이...... 꺅!!,,,あゆみ,……照片……呀！！,,,1,13,4,1,0,0,0,0,0,,Translated
2220,良樹,なんだ！？, , ,Yoshiki,The hell?!,,,요시키,뭐야!?,,,良樹,什麼！？,,,1,153,25,1,0,0,0,0,0,,Translated
2221,あゆみ,見てこれ！　……サチコ！,児童殺害事件のスクラップ記事と、, ,Ayumi,It's the same girl! It's Sachiko!,Exactly the same as in the photo from the murder,incident twenty years later!,아유미,이거 봐봐!  ...... 사치코!,아동 살해 사건 스크랩 기사랑,,あゆみ,你看這個！　……サチコ！,和兒童殺害事件的剪報照片，,,1,14,4,1,0,0,0,0,0,,Translated
2222,あゆみ,……全く同じ！, , ,Ayumi,The two photos are practically identical!,,,아유미,...... 완전 똑같아!,,,あゆみ,……完全一樣！,,,1,15,4,1,0,0,0,0,0,,Translated
2223,良樹,なんでこいつ……　ここにもいるんだよ……, , ,Yoshiki,How is that possible? How can she exist in both,eras?!,,요시키,왜 이 녀석이......  여기에 있는 거야......,,,良樹,為什麼這傢伙……　也在這裡……,,,1,154,25,1,0,0,0,0,0,,Translated
2224,あゆみ,どう見ても同一人物だよね……,このスクラップブックを遺した人も,きっとそれに気付いたんだわ。,Ayumi,"No matter how you look at it, it's definitely the",same person. And whoever put together this scrapbook,obviously made the connection too.,아유미,아무리 봐도 동일 인물이지......,이 스크랩북을 찾아낸 사람도,분명 그걸 눈치챘을 거야.,あゆみ,怎麼看都是同一人物吧……,留下這本剪貼簿的人也,一定也注意到了。,1,16,4,1,0,0,0,0,0,,Translated
2225,良樹,ほんとに薄気味悪いな……, , ,Yoshiki,This is just getting weird...,,,요시키,진짜 으스스하네......,,,良樹,真是讓人毛骨悚然……,,,1,155,25,1,0,0,0,0,0,,Translated
2226,,“心療カウンセラーの心得と学術的系譜”, , ,,'The Wisdom of Heart Care Counselors & The Genealogy,of Scholarly Studies',,,“심령 카운셀러의 마음가짐과 학술적 계보”,,,,「心理諮詢師的修養與學術系譜」,,,0,0,0,1,0,0,0,0,0,,Translated
2227,,　新聞記事のスクラップや様々な専門書や学術書等、,　たくさんの蔵書が並んでいます……, ,,There are a wide variety of books on the shelf --,everything from technical manuals to science theses,to scrapbooks full of newspaper clippings.,,"신문 기사 스크랩과 온갖 전문 서적, 학술책 등",여러 장서가 진열되어 있습니다......,,,　陳列著報紙剪報、各種專業書籍和學術書籍等，,大量的藏書……,,0,0,0,1,0,0,0,0,0,,Translated
2228,あゆみ,きゃーっ！, , ,Ayumi,EEEEK!!,,,아유미,꺄악~!,,,あゆみ,呀～！,,,1,214,3,1,0,0,0,0,0,,Translated
2229,結衣,早く！私につかまって！　私の身体を登りなさい！, , ,Ms. Shishido,Quickly! Grab hold of my leg!,Climb up my body!,,유이,어서! 날 붙잡아!  내 몸을 붙잡고 올라가!,,,結衣,快點！　抓住我！　爬上我的身體！,,,1,148,27,1,0,0,0,0,0,,Translated
2230,あゆみ,先生！　……だけど……！, , ,Ayumi,Ms. Yui...no...!,,,아유미,선생님!  ...... 그치만......!,,,あゆみ,老師！　……但是……！,,,1,215,3,1,0,0,0,0,0,,Translated
2231,結衣,早く！, , ,Ms. Shishido,QUICKLY!,,,유이,어서!,,,結衣,快點！,,,1,149,27,1,0,0,0,0,0,,Translated
2232,あゆみ,……っ！, , ,Ayumi,Nnnng...,,,아유미,...... 윽!,,,あゆみ,……！,,,1,216,3,1,0,0,0,0,0,,Translated
2233,結衣,（ううっ……か、片腕では二人の体重を,　支えきれないわ……指が……）, ,Ms. Shishido,(I...can't support both our weights with one arm,for much longer... My fingers are...),,유이,"(으윽...... 파, 팔 하나로는 두 사람의 체중을",견딜 수 없어...... 손가락이......),,結衣,（嗚……一、一隻手撐不住兩個人的體重……手指……）,,,1,150,27,1,0,0,0,0,0,,Translated
2234,結衣,……急いで……篠崎さん！,あなたまで落ちちゃうわよ！, ,Ms. Shishido,"Hurry, Shinozaki! You'll fall in too!",,,유이,...... 서둘러...... 시노자키!,너까지 떨어지겠어!,,結衣,……快點……篠崎同學！,連妳也會掉下去的！,,1,151,27,1,0,0,0,0,0,,Translated
2235,あゆみ,う……うん！, , ,Ayumi,I...I know!,,,아유미,으...... 응!,,,あゆみ,嗚……嗯！,,,1,217,3,1,0,0,0,0,0,,Translated
2236,結衣,（駄目……指が……離れる！）, , ,Ms. Shishido,(My fingers...,I can't...hold on...),,유이,(틀렸어...... 손가락이...... 풀린다!),,,結衣,（不行……手指……要鬆開了！）,,,1,152,27,1,0,0,0,0,0,,Translated
2237,結衣,アアアアァァーーッ！！, , ,Ms. Shishido,AAAAAAAAHHH!!,,,유이,아아아아아악~~!!,,,結衣,啊啊啊啊～～！！,,,1,153,27,1,0,0,0,0,0,,Translated
2238,あゆみ,ああー！　先生！　先生！, , ,Ayumi,Aaahh! Ms. Yui! Ms. Yui!!,,,아유미,아아~!  선생님!  선생님!,,,あゆみ,啊啊～！　老師！　老師！,,,1,218,3,1,0,0,0,0,0,,Translated
2239,結衣,んんん……ッ　早く……上へ……, , ,Ms. Shishido,Rrrrnnngghh... Come on... You're almost there...,,,유이,으으응......  어서......  위로......,,,結衣,嗯嗯嗯……　快點……往上……,,,1,154,27,1,0,0,0,0,0,,Translated
2240,あゆみ,ううっ、ううっ！, , ,Ayumi,*groan* *wheeze* *strain*,,,아유미,"우우, 우우!",,,あゆみ,嗚嗚、嗚嗚！,,,1,219,3,1,0,0,0,0,0,,Translated
2241,良樹,けあッ！　ハァッ……ハァッ　篠崎！！, , ,Yoshiki,RAAAHH!!,*pant* *pant*,...Shinozaki!!,요시키,으억!  허억...... 허억  시노자키!!,,,良樹,呃啊！　哈啊……哈啊　篠崎！！,,,1,185,25,1,0,0,0,0,0,,Translated
2242,良樹,！？　結衣先生！！, , ,Yoshiki,...!,Ms. Yui!,,요시키,!?  유이 선생님!!,,,良樹,！？　結衣老師！！,,,1,186,25,1,0,0,0,0,0,,Translated
2243,あゆみ,先生つかまって！, , ,Ayumi,Grab her hand!,,,아유미,선생님 붙잡아!,,,あゆみ,抓住老師！,,,1,220,3,1,0,0,0,0,0,,Translated
2244,結衣,大丈夫！　すぐ上がるから！,そこもいつ崩れるかわからないわ！,外に出ていなさい！,Ms. Shishido,"No, don't! I'll climb up on my own!",This floor could collapse at any moment...,You two need to get out of here!,유이,괜찮아!  곧 올라갈 테니까!,거기도 언제 무너질지 몰라!,밖으로 나가!,結衣,沒事的！　我馬上爬上去！,那裡也不知道什麼時候會崩塌！,到外面去！,1,155,27,1,0,0,0,0,0,,Translated
2245,あゆみ,だけど！, , ,Ayumi,But...,,,아유미,그치만!,,,あゆみ,可是！,,,1,221,3,1,0,0,0,0,0,,Translated
2246,結衣,早く！――岸沼くん！　篠崎さんを！, , ,Ms. Shishido,DO IT!,And Kishinuma... Take care of Shinozaki!,,유이,어서!  키시누마 군!  시노자키를!,,,結衣,快點！――岸沼同學！　照顧好篠崎同學！,,,1,180,27,1,0,0,0,0,0,,Translated
2247,良樹,先生！　……くっ、……篠崎！　来い！, , ,Yoshiki,Ms. Yui...!,Rrrg...,Shinozaki! Come on!,요시키,선생님!  ...... 큭...... 시노자키!  이리 와!,,,良樹,老師！　……可惡、……篠崎！　過來！,,,1,187,25,1,0,0,0,0,0,,Translated
2248,結衣,……篠崎さん……！, , ,Ms. Shishido,Shinozaki...,,,유이,...... 시노자키......!,,,結衣,……篠崎同學……！,,,1,157,27,1,0,0,0,0,0,,Translated
2249,あゆみ,うううう……うう, , ,Ayumi,Nnnng...rnnnng...,,,아유미,우우우우...... 우우,,,あゆみ,嗚嗚嗚……嗚嗚,,,1,223,3,1,0,0,0,0,0,,Translated
2250,結衣,篠崎さん……強く！　強くなりなさい。, , ,Ms. Shishido,Shinozaki... Be strong.,"No matter what happens, be strong!",,유이,시노자키...... 더! 더 강해져야 해.,,,結衣,篠崎同學……要堅強！　要變得更堅強。,,,1,158,27,1,0,0,0,0,0,,Translated
2251,結衣,あなたは……誰にも負けない。才能を持ってる！, , ,Ms. Shishido,You have abilities that can outmatch anyone else's.,,,유이,"너는...... 누구에게도 지지 않는, 재능을 가지고 있어!",,,結衣,妳……不會輸給任何人。擁有才能！,,,1,159,27,1,0,0,0,0,0,,Translated
2252,結衣,ここを出たら……叶えるのよ？, , ,Ms. Shishido,"And once you get out of here, I know everything's",going to work out just fine...,,유이,여길 나가면...... 이룰 수 있을 거야.,,,結衣,離開這裡之後……要實現喔？,,,1,160,27,1,0,0,0,0,0,,Translated
2253,結衣,話してくれた、夢。, , ,Ms. Shishido,You know...,...with that dream of yours we were talking about...,,유이,"얘기해줬던, 꿈을.",,,結衣,你跟我說過的，夢想。,,,1,161,27,1,0,0,0,0,0,,Translated
2254,あゆみ,ううう……！, , ,Ayumi,*sob*,,,아유미,우우우......!,,,あゆみ,嗚嗚……！,,,1,224,3,1,0,0,0,0,0,,Translated
2255,結衣,行きなさい！, , ,Ms. Shishido,Now get the hell out of here!,,,유이,어서 가!,,,結衣,快走！,,,1,162,27,1,0,0,0,0,0,,Translated
2256,結衣,これだけ言ってもわからないの？！,早く行きなさいっ！, ,Ms. Shishido,Don't you understand the gravity of the situation?!,Go! Now!!,,유이,이만큼 말했는데도 모르겠니?!,어서 여길 나가!,,結衣,說到這個程度還不懂嗎？！,快點走！,,1,163,27,1,0,0,0,0,0,,Translated
2257,あゆみ,ううううー……, , ,Ayumi,*hic* *sob*,,,아유미,우우우우~,,,あゆみ,嗚嗚嗚～……,,,1,225,3,1,0,0,0,0,0,,Translated
2258,良樹,篠崎！, , ,Yoshiki,Shinozaki!!,,,요시키,시노자키!,,,良樹,篠崎！,,,1,188,25,1,0,0,0,0,0,,Translated
2259,あゆみ,ううっ、いや、いやぁ！, , ,Ayumi,No... NOOOO!!,,,아유미,"우우, 싫어, 싫어!",,,あゆみ,嗚嗚、不要、不要！,,,1,226,3,1,0,0,0,0,0,,Translated
2260,あゆみ,なんだろう、この部屋……呪術っぽい。, , ,Ayumi,This room seems to be set up for...black magic or,"witchcraft, or something...",,아유미,"뭐지, 이 방...... 주술 같아.",,,あゆみ,這是什麼房間……感覺像咒術。,,,1,198,3,1,0,0,0,0,0,,Translated
2261,あゆみ,なに？　何？, , ,Ayumi,Wh...What's happening?!,,,아유미,뭐야? 뭐야?,,,あゆみ,什麼？　什麼？,,,1,199,3,1,0,0,0,0,0,,Translated
2262,あゆみ,……っ！　痛っ……！　あたま……頭がいたい！, , ,Ayumi,U-Urk...!,...M-My head... My head is throbbing...,,아유미,...... 윽!  아얏......!  머리...... 머리가 아파!,,,あゆみ,……！　好痛……！　頭……頭好痛！,,,1,201,3,1,0,0,0,0,0,,Translated
2263,あゆみ,うううぅぅ……！　なんで誰も助けてくれないの！！, , ,Ayumi,...Ulgh...,Why isn't anyone coming to help me?!,,아유미,으으으으으......!  왜 아무도 구하러 안 오는 거야!!,,,あゆみ,嗚嗚嗚……！　為什麼沒有人來救我！！,,,1,202,3,1,0,0,0,0,0,,Translated
2264,あゆみ,……！　鼻血が……！　やだ……！, , ,Ayumi,"Ack... A nosebleed, now?! God...",,,아유미,......!  코피가......!  싫어......!,,,あゆみ,……！　流鼻血了……！　不要……！,,,1,203,3,1,0,0,0,0,0,,Translated
2265,あゆみ,ティッシュを……, , ,Ayumi,I need a tissue.,,,아유미,휴지를......,,,あゆみ,面紙……,,,1,204,3,1,0,0,0,0,0,,Translated
2266,あゆみ,あっ……！, , ,Ayumi,Ahh...!,,,아유미,앗......!,,,あゆみ,啊……！,,,1,205,3,1,0,0,0,0,0,,Translated
2267,,ティッシュを取り出した拍子に、ポケットから,あゆみの学生証が落ちてしまい……, ,,"As Ayumi pulled a tissue from her pocket, she",inadvertently pulled out her student ID as well.,,,"휴지를 꺼내던 찰나, 주머니에서",아유미의 학생증이 떨어져......,,,在拿出面紙的同時，,あゆみ的學生證從口袋裡掉了出來……,,0,0,0,1,0,0,0,0,0,,Translated
2268,,そのまま、床の穴に吸い込まれて行きました……, , ,,It slipped from her hand and immediately fell,"through a hole in the floor, as if sucked down",from below.,,"그대로, 바닥 구멍으로 빨려 들어갔습니다......",,,,就這樣，被地上的洞吸了進去……,,,0,0,0,1,0,0,0,0,0,,Translated
2269,あゆみ,ああ……あぁ！！, , ,Ayumi,No... NOO!!,,,아유미,아아...... 아아!!,,,あゆみ,啊啊……啊啊！！,,,1,206,3,1,0,0,0,0,0,,Translated
2270,あゆみ,そんな……そんな……っ！, , ,Ayumi,Why... Why?!,,,아유미,이런...... 이런......!,,,あゆみ,怎麼會……怎麼會……！,,,1,207,3,1,0,0,0,0,0,,Translated
2271,あゆみ,私の学生証！　……切れ端入ってたのに……！, , ,Ayumi,My student ID...,My paper doll scrap!!,,아유미,내 학생증!  ...... 조각이 들어 있는데......!,,,あゆみ,我的學生證！　……裡面明明放著碎片……！,,,1,208,3,1,0,0,0,0,0,,Translated
2272,結衣,篠崎さん！, , ,Ms. Shishido,Ah! Shinozaki?!,,,유이,시노자키!,,,結衣,篠崎同學！,,,1,140,27,1,0,0,0,0,0,,Translated
2273,結衣,――！, , ,Ms. Shishido,...Ahh?!,,,유이,!!,,,結衣,――！,,,1,144,27,1,0,0,0,0,0,,Translated
2274,結衣,アアアアァァーーッ！！, , ,Ms. Shishido,AAAAAAAAAAGGGHH!!,,,유이,아아아아아아~~!!,,,結衣,啊啊啊啊～～！！,,,1,153,27,1,0,0,0,0,0,,Translated
2275,あゆみ,ああー！　先生！　先生！, , ,Ayumi,Ahhh! Ms. Yui! Ms. Yuuuiii!!,,,아유미,아아~! 선생님! 선생님!,,,あゆみ,啊啊～！　老師！　老師！,,,1,218,3,1,0,0,0,0,0,,Translated
2276,良樹,なんだここ……他の教室と違って、,前後の黒板が逆についてるな……, ,Yoshiki,What is up with this classroom? Why is the,blackboard in the back?!,,요시키,뭐야 여기...... 다른 교실과 달리,앞뒤 칠판이 반대로 붙어 있어......,,良樹,這裡是什麼……和其他教室不同，,前後的黑板是反的……,,1,179,25,1,0,0,0,0,0,,Translated
2277,あゆみ,時々七不思議で耳にするけどね……。,この向きにしないと、鬼が教室を通るから、,不幸が起こるとか。,Ayumi,Every school has its 'seven wonders.' It's probably,"for superstitious reasons, like to keep goblins from",passing through and causing mischief or something.,아유미,가끔 7대 불가사의로 나오는 건데......,"이 방향으로 두지 않으면, 귀신이 교실을 지나가서",불행이 찾아온대.,あゆみ,雖然偶爾會在七大不可思議中聽到……。,據說不擺成這個方向，鬼會穿過教室，,會發生不幸之類的。,1,42,4,1,0,0,0,0,0,,Translated
2278,良樹,……学校の七不思議とかって、,みんなネガティブなのな。, ,Yoshiki,Why do these 'wonders' always turn out to be,something negative?,,요시키,...... 학교의 7대 불가사의는,죄다 부정적이구만.,,良樹,……學校的七大不可思議，,全都是負面的啊。,,1,180,25,1,0,0,0,0,0,,Translated
2279,あゆみ,……いい視点かもね。, , ,Ayumi,Heh. That's actually a good question!,,,아유미,...... 좋은 시점일지도 모르지.,,,あゆみ,……也許是個好觀點。,,,1,43,4,1,0,0,0,0,0,,Translated
2280,,　　　　Ⅰ　Ⅰ　Ⅰ,　　　　　　／　／,　　　　Ⅰ―Ⅱ―Ⅰ,,        I     I    I,           ／    ／,        I -- II -- I,,　　　　Ⅰ　Ⅰ　Ⅰ,　　　　　　/　/,　　　　Ⅰ―Ⅱ―Ⅰ,,　　　　Ⅰ　Ⅰ　Ⅰ,　　　　　　／　／,　　　　Ⅰ―Ⅱ―Ⅰ,0,0,0,1,0,0,0,0,0,,Translated
2281,良樹,どうした？, , ,Yoshiki,Something wrong?,,,요시키,왜 그래?,,,良樹,怎麼了？,,,1,181,25,1,0,0,0,0,0,,Translated
2282,あゆみ,なんだろう、この部屋……呪術っぽい。, , ,Ayumi,This room seems to be set up for...black magic or,"witchcraft, or something...",,아유미,"뭐지, 이 방...... 주술 같아.",,,あゆみ,這是什麼房間……感覺像咒術。,,,1,44,4,1,0,0,0,0,0,,Translated
2283,良樹,……眺めててもわかんねぇよ。,それより、外の焼却炉のほうになんかいるんだろ？,進もうぜ先に。,Yoshiki,How do you figure? I don't see anything out of the,"ordinary. Come on, we should keep moving. You said","there was a presence out by the incinerator, right?",요시키,...... 그냥 봐서는 모르겠는데.,그것보다 바깥 소각로에 뭔가 있지 않아?,가자.,良樹,……光看也看不出來吧。,比起那個，外面的焚化爐那邊有什麼吧？,先往前走。,1,182,25,1,0,0,0,0,0,,Translated
2284,,わかった、行こう,先に出てて,,,"All right, let's go.",You go on ahead...,,,알았어、가자,먼저 가 있어,,,知道了、走吧,你先出去,,0,255,255,255,255,255,255,255,255,,Translated
2285,あゆみ,わかった、先に出てて。, , ,Ayumi,"...Actually, how about you go on ahead, and I'll",catch up with you.,,아유미,"알았어, 먼저 가 있어.",,,あゆみ,知道了，你先出去。,,,1,45,4,1,0,0,0,0,0,,Translated
2286,良樹,おう。……早くこいよ？, , ,Yoshiki,O...kay.,But don't take too long.,,요시키,그래...... 빨리 와라?,,,良樹,喔。……快點來啊？,,,1,183,25,1,0,0,0,0,0,,Translated
2287,あゆみ,えっ？, , ,Ayumi,...Huh...?,,,아유미,어?,,,あゆみ,咦？,,,1,46,4,1,0,0,0,0,0,,Translated
2288,あゆみ,……なに今の声……　私、喋ってないのに。, , ,Ayumi,What was that voice just now?,I didn't say any of that...,,아유미,...... 뭐야 방금 그 목소리......  난 말 안 했는데.,,,あゆみ,……剛才那聲音是什麼……　我沒有說話。,,,1,47,4,1,0,0,0,0,0,,Translated
2289,良樹,！？　篠崎……！　おい篠崎！, , ,Yoshiki,Shinozaki! Hey! Shinozaki!!,,,요시키,!?  시노자키......!  야 시노자키!,,,良樹,!？　篠崎……！　喂篠崎！,,,1,184,25,1,0,0,0,0,0,,Translated
2290,あゆみ,なに？　何？, , ,Ayumi,What? What is it?!,,,아유미,뭐야? 뭐야?,,,あゆみ,什麼？　什麼？,,,1,48,4,1,0,0,0,0,0,,Translated
2291,あゆみ,うそ……やだ！　岸沼くん！　……岸沼くん！, , ,Ayumi,"No... God, no!",Kishinuma! Kishinuuumaaa!!,,아유미,거짓말...... 싫어! 키시누마 군! ...... 키시누마 군!,,,あゆみ,騙人……不要！　岸沼同學！　……岸沼同學！,,,1,49,4,1,0,0,0,0,0,,Translated
2292,あゆみ,……閉じこめられたの……？, , ,Ayumi,Am I trapped in here?!,,,아유미,...... 갇힌 거야......?,,,あゆみ,……被關起來了……？,,,1,50,4,1,0,0,0,0,0,,Translated
2293,あゆみ,開けてー！　ねぇ！, , ,Ayumi,Open up! Come on!!,,,아유미,열어줘~! 저기!,,,あゆみ,開門～！　喂！,,,1,51,4,1,0,0,0,0,0,,Translated
2294,あゆみ,岸沼くん！, , ,Ayumi,Kishinuuumaaa!!,,,아유미,키시누마 군!,,,あゆみ,岸沼同學！,,,1,52,4,1,0,0,0,0,0,,Translated
2295,あゆみ,開けてー！　誰かー！, , ,Ayumi,"Somebody, open the damned door!!",,,아유미,누가 좀~! 열어줘~!,,,あゆみ,開門～！　誰來～！,,,1,53,4,1,0,0,0,0,0,,Translated
2296,あゆみ,お願ーい……！（ぐすっ）,……やだぁ……, ,Ayumi,Come on!!,...Please...,,아유미,부탁이야~ ......!  (훌쩍),...... 싫어......,,あゆみ,拜託～……！（吸泣）,……不要……,,1,54,4,1,0,0,0,0,0,,Translated
2297,結衣,！？　篠崎さん！, , ,Ms. Shishido,...!,Shinozaki?!,,유이,!?  시노자키!,,,結衣,!？　篠崎同學！,,,1,140,27,1,0,0,0,0,0,,Translated
2298,結衣,良かった……無事ね！　生きてるね！, , ,Ms. Shishido,"Am I ever glad to see you! And alive, no less!",Are you all right?!,,유이,다행이다...... 무사했구나!  살아있었구나!,,,結衣,太好了……妳沒事！　還活著！,,,1,141,27,1,0,0,0,0,0,,Translated
2299,あゆみ,先生の声がする……これも、嘘の声だったら,泣くから……！, ,Ayumi,Now I'm hearing Ms. Yui's voice...,"...If this turns out to be a fake too, I'm really",going to lose it...,아유미,"선생님 목소리가 들려...... 이것도, 거짓 목소리라면",울어 버릴 거야......!,,あゆみ,我聽到了老師的聲音……如果這也是假的話,我會哭的……！,,1,55,4,1,0,0,0,0,0,,Translated
2300,結衣,何を言ってるの？　……さぁ、おいで？,もう怖くないよ。, ,Ms. Shishido,What are you talking about?,"Come on, over here. There's nothing to be afraid",of anymore.,유이,"무슨 말이니?  ...... 자, 이리 와.",더는 무서워할 거 없어.,,結衣,妳在說什麼啊？　……來，過來吧？,已經不用害怕了。,,1,142,27,1,0,0,0,0,0,,Translated
2301,あゆみ,先生……。どこにいってたの？　会いたかったよ……, , ,Ayumi,It really is you!,Where have you been all this time?! We've been,worried sick!,아유미,선생님...... 어디 가 있었어? 보고 싶었어......,,,あゆみ,老師……。你去哪裡了？　我好想你……,,,1,56,4,1,0,0,0,0,0,,Translated
2302,結衣,ごめんね……怖い思い、させたね。, , ,Ms. Shishido,I'm so sorry. It must have been terrifying in here,all by yourself...,,유이,미안해...... 무서웠지.,,,結衣,對不起……讓你害怕了。,,,1,143,27,1,0,0,0,0,0,,Translated
2303,あゆみ,？　……あれ、先生……　先生ひどいケガ。, , ,Ayumi,...?,"Oh, God... Ms. Yui, you're injured! Pretty severely,","too, from the looks of it!",아유미,"?  ...... 어라, 선생님...... 많이 다쳤네.",,,あゆみ,？　……咦，老師……老師傷得好重。,,,1,57,4,1,0,0,0,0,0,,Translated
2304,結衣,――！, , ,Ms. Shishido,...!,,,유이,!!,,,結衣,――！,,,1,144,27,1,0,0,0,0,0,,Translated
2305,結衣,篠ざ……（ズキッ）　……あうッ！, , ,Ms. Shishido,Shinoza--aaagh...,,,유이,시노자......  (욱신)  ...... 아욱!,,,結衣,篠ざ……（刺痛）　……啊！,,,1,145,27,1,0,0,0,0,0,,Translated
2306,結衣,（痛……！　骨折した腕が……）, , ,Ms. Shishido,(Ooogh... My arm...is in bad shape...),,,유이,(아파......!  골절된 팔이......),,,結衣,（好痛……！　骨折的手臂……）,,,1,146,27,1,0,0,0,0,0,,Translated
2307,結衣,――！　篠崎さん！　さぁ、立って！,ここを出るわよ！, ,Ms. Shishido,...Shinozaki. Come on. Stand up. We're getting out,of here.,,유이,"!!  시노자키!  자, 일어나!",여길 나가자!,,結衣,――！　篠崎同學！　來，站起來！,我們離開這裡！,,1,147,27,1,0,0,0,0,0,,Translated
2308,あゆみ,あ……ああぁ……, , ,Ayumi,Ahhh...nnnng...,,,아유미,아...... 아아아......,,,あゆみ,啊……啊啊……,,,1,58,4,1,0,0,0,0,0,,Translated
2309,由香,あっ！, , ,Yuka,Ahhh...!,,,유카,앗!,,,由香,啊！,,,1,0,0,1,0,0,0,3,0,,Translated
2310,由香,痛い……痛いぃ……, , ,Yuka,It hurts... It huuuurts...,,,유카,아파...... 아파아......,,,由香,好痛……好痛……,,,1,241,28,1,0,0,0,0,0,,Translated
2311,由香,お兄ちゃん……お兄ちゃぁん……　,グスッ　グスッ, ,Yuka,Big brother...,Big brooootheeer... *sniffle*,,유카,오빠...... 오빠아......,훌쩍  훌쩍,,由香,哥哥……哥哥……　,吸泣　吸泣,,1,242,28,1,0,0,0,0,0,,Translated
2312,刻命,……由香ちゃん。, , ,Kizami,Yuka?,,,키자미,...... 유카.,,,刻命,……由香。,,,1,43,7,1,0,0,0,0,0,,Translated
2313,由香,！　うう～、ううぅぅ～……, , ,Yuka,*sob*,,,유카,!  우우~  우우우우~ ......,,,由香,！　嗚嗚～、嗚嗚嗚～……,,,1,0,0,1,0,0,0,0,0,,Translated
2314,刻命,由香ちゃん、ごめんね。    ,びっくりさせてしまった……, ,Kizami,"I'm sorry to have startled you, Yuka.",,,키자미,"유카, 미안하다.",놀라게 해서......,,刻命,由香，對不起。,嚇到妳了……,,1,44,7,1,0,0,0,0,0,,Translated
2315,由香,ひっく……ひっく……, , ,Yuka,*hic* *sob*,,,유카,흑...... 흑......,,,由香,吸泣……吸泣……,,,1,244,28,1,0,0,0,0,0,,Translated
2316,刻命,さぁ、立って……一緒に行こう？, , ,Kizami,"Come now, stand up. Let's go.",,,키자미,"자, 일어나...... 같이 가자.",,,刻命,來，站起來……一起走吧？,,,1,45,7,1,0,0,0,0,0,,Translated
2317,由香,ひっく……お兄ちゃんを……探しに？　……ひっく, , ,Yuka,*hic* *hic*,...Are we going...to find my big brother?,,유카,흑...... 오빠를...... 찾으러?  ...... 흑,,,由香,吸泣……去找哥哥……？　……吸泣,,,1,245,28,1,0,0,0,0,0,,Translated
2318,刻命,お兄さんは、　　　　……僕だろ？, , ,Kizami,Your big brother? Heh...,Isn't that me?,,키자미,오빠는              ...... 나잖아?,,,刻命,哥哥是　　　　……我吧？,,,1,46,7,1,0,0,0,0,0,,Translated
2319,由香,！　……うああぁぁぁん, , ,Yuka,Ahh...haaaAAAAAAAAAAAGGGGHHH!!,,,유카,!  ...... 우아아아아앙,,,由香,！　……嗚啊啊啊,,,1,246,28,1,0,0,0,0,0,,Translated
2320,刻命,おいで、一緒に行こう。,……黒崎が行けって言うんだ、あの部屋に。, ,Kizami,It's all right. Come with me. We're going...,to a room Kurosaki says we should visit.,,키자미,"이리 와, 같이 가자.","...... 쿠로사키가 가라고 했어, 그 방으로.",,刻命,過來，一起走吧。,……黒崎說要去，那個房間。,,1,47,7,1,1,0,0,0,0,,Translated
2321,,　玄関扉は、ピタリと空間に固定され、開きません。, , ,,The front entranceway might as well be painted on.,"It's neither opening, nor giving any hints that it",will ever open.,,현관문은 공간에 딱 고정되어 열리지 않습니다.,,,,　玄關門像被牢牢固定在空中一樣無法打開。,,,0,0,0,0,0,0,0,0,0,,Translated
2322,由香,あっ！, , ,Yuka,Ahhh...!,,,유카,앗!,,,由香,啊！,,,1,0,0,1,0,0,0,3,0,,Translated
2323,由香,痛い……痛いぃ……, , ,Yuka,It hurts... It huuuurts...,,,유카,아파...... 아파아......,,,由香,好痛……好痛……,,,1,241,28,1,0,0,0,0,0,,Translated
2324,由香,お兄ちゃん……お兄ちゃぁん……,グスッ　グスッ, ,Yuka,Big brother...,Big brooootheeer... *sniffle*,,유카,오빠...... 오빠아......,훌쩍  훌쩍,,由香,哥哥……哥哥……　,吸泣　吸泣,,1,242,28,1,0,0,0,0,0,,Translated
2325,刻命,……由香ちゃん。, , ,Kizami,Yuka?,,,키자미,유카.,,,刻命,……由香。,,,1,43,7,1,0,0,0,0,0,,Translated
2326,由香,！　うう～、ううぅぅ～……, , ,Yuka,*sob*,,,유카,!  우우~  우우우우~ ......,,,由香,！　嗚嗚～、嗚嗚嗚～……,,,1,0,0,1,0,0,0,0,0,,Translated
2327,刻命,由香ちゃん、ごめんね。,びっくりさせてしまった……, ,Kizami,"I'm sorry to have startled you, Yuka.",,,키자미,"유카, 미안하다.",놀라게 해서......,,刻命,由香，對不起。,嚇到妳了……,,1,44,7,1,0,0,0,0,0,,Translated
2328,由香,ひっく……ひっく……, , ,Yuka,*hic* *sob*,,,유카,흑...... 흑......,,,由香,吸泣……吸泣……,,,1,244,28,1,0,0,0,0,0,,Translated
2329,刻命,さぁ、立って……一緒に行こう？, , ,Kizami,"Come now, stand up. Let's go.",,,키자미,"자, 일어나...... 같이 가자.",,,刻命,來，站起來……一起走吧？,,,1,45,7,1,0,0,0,0,0,,Translated
2330,由香,ひっく……お兄ちゃんを……探しに？　……ひっく, , ,Yuka,*hic* *hic*,...Are we going...to find my big brother?,,유카,흑...... 오빠를...... 찾으러?  ...... 흑,,,由香,吸泣……去找哥哥……？　……吸泣,,,1,245,28,1,0,0,0,0,0,,Translated
2331,刻命,お兄さんは、　　　　……僕だろ？, , ,Kizami,Your big brother? Heh...,Isn't that me?,,키자미,오빠는              ...... 나잖아?,,,刻命,哥哥是　　　　……我吧？,,,1,46,7,1,0,0,0,0,0,,Translated
2332,由香,！　……うああぁぁぁん, , ,Yuka,Ahh...haaaAAAAAAAAAAAGGGGHHH!!,,,유카,!  ...... 우아아아아앙,,,由香,！　……嗚啊啊啊,,,1,246,28,1,0,0,0,0,0,,Translated
2333,刻命,おいで、一緒に行こう。,……黒崎が行けって言うんだ、あの部屋に。, ,Kizami,It's all right. Come with me. We're going...,to a room Kurosaki says we should visit.,,키자미,"이리 와, 같이 가자.","...... 쿠로사키가 가라고 했어, 그 방으로.",,刻命,過來，一起走吧。,……黒崎說要去，那個房間。,,1,47,7,1,1,0,0,0,0,,Translated
2334,由香,はぁ！　はぁ！……っ　はぁ、はぁ……！, , ,Yuka,*gasp* *pant* *wheeze*,,,유카,"하아!  하아! ...... 윽  하아, 하아......!",,,由香,哈啊！　哈啊！……　哈啊、哈啊……！,,,1,238,28,1,0,0,0,0,0,,Translated
2335,刻命,ラン！　ラビット！　ラーン！　あはははははっ, , ,Kizami,"Run, rabbit, run! Gahahaha!",,,키자미,런!  래빗!  런~!  아하하하하핫,,,刻命,跑！　兔子！　跑！　啊哈哈哈哈,,,1,39,7,1,0,0,0,0,0,,Translated
2336,ヨシカズ,ウアアァァ！, , ,Yoshikazu,UUUAAAAAAAGGGHH!!,,,요시카즈,우아아아아!,,,ヨシカズ,嗚啊啊！,,,1,172,26,1,0,0,0,0,0,,Translated
2337,刻命,グァッ！！！, , ,Kizami,GLGH!!,,,키자미,그악!!!,,,刻命,呃啊！！！,,,1,0,0,1,0,0,0,6,0,,Translated
2338,由香,痛い！, , ,Yuka,Owwie!,,,유카,아야!,,,由香,好痛！,,,1,0,0,1,0,0,0,0,0,,Translated
2339,由香,んん～、血が出ちゃった。……靴どこに脱げちゃったんだろ……, , ,Yuka,Nnngh... I'm all bloody...,And...where are my shoes?,,유카,으응~ 피가 나왔어.... 신발은 어디에서 벗겨진 거지......,,,由香,嗯嗯～、流血了。,……鞋子是掉到哪裡去了呢……,,1,0,0,1,0,0,0,0,0,,Translated
2340,サチコ,可愛ィ……クスクスクス, , ,Sachiko,Aren't you just precious!,*giggle*,,사치코,귀엽다...... 쿡쿡쿡,,,サチコ,真可愛……呵呵呵,,,1,0,0,1,0,0,0,0,0,,Translated
2341,由香,ひゃっ！？, , ,Yuka,Eeek!!,,,유카,햐악!?,,,由香,嚇！？,,,1,0,0,1,0,0,0,0,0,,Translated
2342,サチコ,…………, , ,Sachiko,*snicker*,,,사치코,............,,,サチコ,…………,,,1,0,0,1,0,0,0,0,0,,Translated
2343,由香,あっ……あなたは, , ,Yuka,Wh-Who...are you...?,,,유카,앗...... 너는.,,,由香,啊……你是,,,1,0,0,1,0,0,0,0,0,,Translated
2344,由香,……さっき……助けてくれたの？　怖い人から、逃げられたよ, , ,Yuka,Are you...the one who saved me? When I was running,from the scary man?,,유카,...... 날...... 구해준 거야? 너 덕분에 도망칠 수 있었어.,,,由香,……剛才……是你救了我嗎？　我才能逃離那個可怕的人,,,1,0,0,1,0,0,0,0,0,,Translated
2345,サチコ,……プッ、クスクスクスクス, , ,Sachiko,*chortle*,*cackle*,,사치코,"...... 풋, 쿡쿡쿡쿡",,,サチコ,……噗、呵呵呵呵,,,1,0,0,1,0,0,0,0,0,,Translated
2346,由香,ん？, , ,Yuka,Hmm?,,,유카,응?,,,由香,嗯？,,,1,0,0,1,0,0,0,0,0,,Translated
2347,サチコ,……可愛ィ……無茶苦茶したィ, , ,Sachiko,"You're so cute, I just want to mess you right up...",,,사치코,...... 귀여워 ...... 엉망으로 만들고 싶어,,,サチコ,……真可愛……好想弄得一團亂啊,,,1,0,0,1,0,0,0,0,0,,Translated
2348,由香,えっ？, , ,Yuka,Huh?,,,유카,어?,,,由香,咦？,,,1,0,0,1,0,0,0,0,0,,Translated
2349,サチコ,私の言ウ事、聞く？, , ,Sachiko,Will you listen to what I have to say?,,,사치코,"내가 하는 말, 들을래?",,,サチコ,你願意聽我的話嗎？,,,1,0,0,1,0,0,0,0,0,,Translated
2350,由香,えっと……お姉ちゃんね、あなたのお話なら聞くよ, , ,Yuka,"Ummm...sure, I guess I can do that.",,,유카,"으음...... 언니, 네 말이라면 들을게.",,,由香,呃……姊姊的話，我會聽的,,,1,0,0,1,0,0,0,0,0,,Translated
2351,由香,幽霊、怖いけど……なんだか、あなたは怖くない気がするの, , ,Yuka,I'm...afraid of ghosts...but somehow...,you don't seem that scary to me.,,유카,유령은 무섭지만...... 왠지 너는 무섭지 않을 것 같아.,,,由香,雖然幽靈很可怕……但不知為何，我覺得你不那麼可怕,,,1,0,0,1,0,0,0,0,0,,Translated
2352,サチコ,ッククククク……, , ,Sachiko,Pfff...HAHAHAHAHAHAHAHAHAHAHA!!,,,사치코,크크크크크......,,,サチコ,庫庫庫庫庫……,,,1,0,0,1,0,0,0,0,0,,Translated
2353,サチコ,誰にものを言っている！　この小娘がァ！, , ,Sachiko,W h o   d o   y o u   t h i n k   y o u ' r e,"t a l k i n g   t o ,   l i t t l e   g i r l ? !",,사치코,누구한테 입을 놀리는 거야!  이 계집이!,,,サチコ,你在跟誰說話！　你這個小丫頭！,,,1,0,0,1,0,0,0,0,0,,Translated
2354,サチコ,くびり殺してやるぞッ！！！, , ,Sachiko,I ' l l   w r i n g   y o u r   d a m n e d,n e c k   j u s t   t o   w a t c h   y o u,s q u i r m !,사치코,목을 졸라 죽여주마!!!,,,サチコ,我要勒死你！！！,,,1,0,0,1,0,0,0,0,0,,Translated
2355,由香,ひっ！？, , ,Yuka,EEP!!,,,유카,힉!?,,,由香,嚇！？,,,1,0,0,1,0,0,0,0,0,,Translated
2356,由香,あ……あぁ～……！, , ,Yuka,A-Aaaaahhhh...!,,,유카,아...... 아아......!,,,由香,啊……啊啊……！,,,1,0,0,1,0,0,0,0,0,,Translated
2357,サチコ,ゲハハハハハ！　アハハハハハ！　ゲヒヒヒヒヒ！！, , ,Sachiko,HAHAHAHA...HAAAAHAHAHAHAHA...,   HOOOUAHAHAHAHAHA...,       EEEEHEEHEEHEEHEEHEE!!,사치코,게하하하하하!  아하하하하하!  게히히히히히!!,,,サチコ,嘎哈哈哈哈！　啊哈哈哈哈！　格嘻嘻嘻嘻！！,,,1,0,0,1,0,0,0,0,0,,Translated
2358,刻命,ヒァー♪　アイゲッチュウ～♪, , ,Kizami,HAHA! GOTCHA!!,,,키자미,히아~♪  아이 겟츄~♪,,,刻命,嘻～♪　抓到妳了～♪,,,1,41,7,1,0,0,0,0,0,,Translated
2359,由香,！！　いや！いやぁ！　放してください！, , ,Yuka,NOO! NOOOO!! NOOOOOO!! LET ME GOOOO!!,,,유카,!!  싫어!  싫어어!  놔줘요!,,,由香,！！　不要！不要啊！　放開我！,,,1,239,28,1,0,0,0,0,0,,Translated
2360,刻命,……生きているウサギは、五月蝿（うるさ）いな。, , ,Kizami,Live rabbits...are so very noisy...,,,키자미,"...... 살아있는 토끼는, 시끄럽구나.",,,刻命,……活著的兔子，真是吵鬧呢。,,,1,42,7,1,0,0,0,0,0,,Translated
2361,良樹,！　……やばい, , ,Yoshiki,Ahh! Crap!,,,요시키,!  ...... 위험해,,,良樹,！　……糟了,,,1,0,0,1,0,0,0,0,0,,Translated
2362,あゆみ,なに？, , ,Ayumi,What is it?!,,,아유미,뭐야?,,,あゆみ,什麼？,,,1,0,0,1,0,0,0,0,0,,Translated
2363,良樹,隠れろ！　早く！, , ,Yoshiki,We have to hide! Now!,,,요시키,얼른! 숨어!,,,良樹,躲起來！　快點！,,,1,0,0,1,0,0,0,0,0,,Translated
2364,あゆみ,どうしよう、　あの子が来る……, , ,Ayumi,What do we do? She's coming!,,,아유미,"어쩌지,  그 애가 온다......",,,あゆみ,怎麼辦，　那孩子來了……,,,1,0,0,1,0,0,0,0,0,,Translated
2365,良樹,サチコだよな？, , ,Yoshiki,"That's Sachiko, isn't it?",,,요시키,사치코지?,,,良樹,是サチコ吧？,,,1,0,0,1,0,0,0,0,0,,Translated
2366,あゆみ,うん……！, , ,Ayumi,Uh-huh...,,,아유미,응......!,,,あゆみ,嗯……！,,,1,0,0,1,0,0,0,0,0,,Translated
2367,良樹,くそ、とにかく上に逃げるか……っ、？！, , ,Yoshiki,Damn...,"Come on, let's try going up!",...Glgh!,요시키,"젠장, 일단 위로 도망칠까...... 윽?!",,,良樹,可惡，總之先往上逃吧……、？！,,,1,0,0,1,0,0,0,0,0,,Translated
2368,あゆみ,（！　身体が動かない……！,　声も……出ない……金縛りだ……！）, ,Ayumi,(...! I can't move...and I can't speak...,It's like I'm...completely paralyzed...),,아유미,(!  몸이 안 움직여......!,목소리도...... 안 나와...... 가위에 눌렸어......!),,あゆみ,（！　身體動不了……！,聲音也……發不出……被鬼壓床了……！）,,1,0,0,1,0,0,0,0,0,,Translated
2369,あゆみ,――っ！, , ,Ayumi,...Gghhh...,,,아유미,윽!!,,,あゆみ,――！,,,1,0,0,1,0,0,0,0,0,,Translated
2370,校長,待て！　待ちなさい！, , ,Principal,Wait! Stop!,,,교장,기다려!  기다리라고!,,,校長,站住！　等一下！,,,1,0,0,1,0,0,0,0,0,,Translated
2371,ヨシヱ,いけません！　離して下さい！, , ,Yoshie,No! Get away from me!,,,요시에,안 돼요!  놔주세요!,,,芳江,不行！　放開我！,,,1,0,0,1,0,0,0,0,0,,Translated
2372,校長,待たんかァーーーーッ！, , ,Principal,I said STOP!!,,,교장,기다리라니까~~~~!,,,校長,給我站住～～～～！,,,1,0,0,1,0,0,0,0,0,,Translated
2373,校長,…………あ、　しの……篠崎君, , ,Principal,...Ahhhh... Sh-Shinozaki...,,,교장,"............ 아,  시노...... 시노자키 군",,,校長,…………啊、　篠……篠崎同學,,,1,0,0,1,0,0,0,0,0,,Translated
2374,校長,あ……すみません篠崎君、押すつもりは……, , ,Principal,"Aagh... Shinozaki, I'm sorry... I didn't mean",to push you...,,교장,"아...... 미안합니다 시노자키 군, 밀칠 생각은......",,,校長,啊……對不起篠崎同學，我不是故意要推妳的……,,,1,0,0,1,0,0,0,0,0,,Translated
2375,校長,立って……立って下さい, , ,Principal,Come on... Stand up!,,,교장,일어...... 일어나세요.,,,校長,站起來……請站起來,,,1,0,0,1,0,0,0,0,0,,Translated
2376,校長,あ……あぁ……　ああ！　……ああぁ……, , ,Principal,Aaah...ahhhhhh...aaaahhhhhhh...aaaAAAAAHHHHH...,,,교장,아...... 아아......  아아!  ...... 아아아......,,,校長,啊……啊啊……　啊啊！　……啊啊……,,,1,0,0,1,0,0,0,0,0,,Translated
2377,サチコ,お母さん……, , ,Sachiko,Mommy...?,,,사치코,엄마......,,,サチコ,媽媽……,,,1,0,0,1,0,0,0,0,0,,Translated
2378,校長,やぁ……サチコ君, , ,Principal,"Oh, hello...Sachiko...",,,교장,아...... 사치코 군.,,,校長,哎呀……サチコ同學,,,1,0,0,1,0,0,0,0,0,,Translated
2379,校長,……見たんだね？, , ,Principal,"You saw, didn't you?",,,교장,...... 봤지?,,,校長,……你看到了吧？,,,1,0,0,1,0,0,0,0,0,,Translated
2380,あゆみ,くっ！　……ッ逃げなさい！, , ,Ayumi,...Ggghhhaaaaahh... Get away! Quickly!,,,아유미,윽! ...... 도망쳐!,,,あゆみ,可惡！　……快逃！,,,1,0,0,1,0,0,0,0,0,,Translated
2381,サチコ,はっ、はっ、はっ、はっ……！, , ,Sachiko,*pant* *pant* *pant* *pant* *pant*,,,사치코,"헉, 헉, 헉, 헉......!",,,サチコ,哈、哈、哈、哈……！,,,1,0,0,1,0,0,0,0,0,,Translated
2382,サチコ,ッハッ、はっ、はっ、はっ！, , ,Sachiko,*pant* *wheeze* *whimper* *pant* *pant*,,,사치코,"하악, 헉, 헉, 헉!",,,サチコ,哈、哈、哈、哈！,,,1,0,0,1,0,0,0,0,0,,Translated
2383,校長,はッ、はッ！……ッ、はッ、はッ！, , ,Principal,*wheeze* *wheeze*,,,교장,"헉, 헉! ...... 윽, 헉, 헉!",,,校長,哈、哈！……、哈、哈！,,,1,0,0,1,0,0,0,0,0,,Translated
2384,サチコ,ハァ、ハァ、ハァ、ハァ……！, , ,Sachiko,*frightened breathing*,,,사치코,"하아, 하아, 하아, 하아......!",,,サチコ,哈啊、哈啊、哈啊、哈啊……！,,,1,0,0,1,0,0,0,0,0,,Translated
2385,校長,……おいで, , ,Principal,*pant* *gasp* *wheeze*,...C'mere...,,교장,...... 이리 오렴.,,,校長,……過來,,,1,0,0,1,0,0,0,0,0,,Translated
2386,サチコ,キャーーーーッ！, , ,Sachiko,AAAAAAAAAAAAAGGGGGGGGGGGGGGHHHHH!!,,,사치코,꺄~~~~!,,,サチコ,呀～～～～！,,,1,0,0,1,0,0,0,0,0,,Translated
2387,校長,見てしまったんだね……, , ,Principal,"You saw everything, didn't you?",,,교장,보고 말았구나......,,,校長,你看到了吧……,,,1,0,0,1,0,0,0,0,0,,Translated
2388,サチコ,んっ、……キャー！, , ,Sachiko,Ungh...AAAAAAAAAAAAAAGGGGHHHHHH!!,,,사치코,윽...... 꺄~!,,,サチコ,嗯、……呀～！,,,1,0,0,1,0,0,0,0,0,,Translated
2389,サチコ,ぐッ……　キュ……ッ　クフッ, , ,Sachiko,Gllgh...grgh...urk...glghhlk...,,,사치코,윽...... 끄으......  쿠훅,,,サチコ,呃……　咕……　咳呼,,,1,0,0,1,0,0,0,0,0,,Translated
2390,サチコ,……く……ッ、　……、　グッ……, , ,Sachiko,*groan*,*whimper*,,사치코,"...... 크...... 윽,  ......  그윽......",,,サチコ,……可……、　……、　呃……,,,1,0,0,1,0,0,0,0,0,,Translated
2391,校長,……見たんだね？, , ,Principal,"You saw, didn't you?",,,교장,...... 봤지?,,,校長,……你看到了吧？,,,1,0,0,1,0,0,0,0,0,,Translated
2392,あゆみ,ううううぅ……ッ！, , ,Ayumi,Nnnnnnnggghhh... Ghaaaaaaahhhh...,,,아유미,으으으으으......!,,,あゆみ,嗚嗚嗚嗚……！,,,1,0,0,1,0,0,0,0,0,,Translated
2393,良樹,……ッくはッ！, , ,Yoshiki,Ghh...ghaaaAAAAAHH!!,,,요시키,...... 쿠학!,,,良樹,……呃哈！,,,1,0,0,1,0,0,0,0,0,,Translated
2394,良樹,篠崎！　逃げるぞ！　来い！, , ,Yoshiki,Shinozaki! We're getting out of here! Come on!,,,요시키,시노자키!  도망치자!  이리 와!,,,良樹,篠崎！　快逃！　過來！,,,1,0,0,1,0,0,0,0,0,,Translated
2395,あゆみ,岸沼くん！, , ,Ayumi,Kishinuma...!,,,아유미,키시누마 군!,,,あゆみ,岸沼同學！,,,1,0,0,1,0,0,0,0,0,,Translated
2396,良樹,はぁ、はぁ、はぁ、篠崎、待て……, , ,Yoshiki,*pant* *pant* *pant*,Shinozaki... Wait...,,요시키,"하아, 하아, 하아, 시노자키, 기다려......",,,良樹,哈啊、哈啊、哈啊、篠崎，等等……,,,1,0,0,1,0,0,0,0,0,,Translated
2397,あゆみ,はっ、はっ、はっ……なに？, , ,Ayumi,*pant* *wheeze* *gasp*,...What is it?,,아유미,"헉, 헉, 헉...... 왜?",,,あゆみ,哈、哈、哈……什麼？,,,1,0,0,1,0,0,0,0,0,,Translated
2398,良樹,追いかけて、来ないぞ……はぁ、はぁ, , ,Yoshiki,We're not...being followed...,,,요시키,"더 이상, 안 쫓아와......  하아, 하아",,,良樹,沒有追上來……　哈啊、哈啊,,,1,0,0,1,0,0,0,0,0,,Translated
2399,あゆみ,？　……はぁ、はぁ, , ,Ayumi,*pant* *pant*,...?,,아유미,"?  ...... 하아, 하아.",,,あゆみ,？　……哈啊、哈啊,,,1,0,0,1,0,0,0,0,0,,Translated
2400,良樹,ヨシヱの事故とサチコの失踪……早速見えて来たな, , ,Yoshiki,"Yoshie's accident, and Sachiko's disappearance...",Looks like we're seeing them first-hand.,,요시키,요시에의 사고와 사치코의 실종...... 뭔가 보이는군.,,,良樹,芳江的事故和サチコ的失蹤……很快就看到了,,,1,0,0,1,0,0,0,0,0,,Translated
2401,あゆみ,あいつ……あの子の亡骸、どうするつもりなのかしら……, , ,Ayumi,What...is he planning to do with her body?,,,아유미,저 녀석......  저 애의 유해를 어쩔 작정일까......,,,あゆみ,那傢伙……打算怎麼處理那孩子的遺體……,,,1,0,0,1,0,0,0,0,0,,Translated
2402,良樹,……隠す、んじゃないか……？, , ,Yoshiki,"He's hiding it, isn't he?",,,요시키,...... 숨기려는 거 아냐......?,,,良樹,……是要藏起來吧……？,,,1,0,0,1,0,0,0,0,0,,Translated
2403,良樹,古い新聞記事では、母親の方は【事故】として出ていたけど, , ,Yoshiki,"According to that old newspaper article, the mother",died in an accident...,,요시키,옛 신문 기사에는 모친 쪽이 【사고】로 나왔지만,,,良樹,舊報紙上，母親那邊是被當作【事故】報導的,,,1,0,0,1,0,0,0,0,0,,Translated
2404,良樹,娘の方は【失踪】となっていたからな……, , ,Yoshiki,...and the daughter was reported missing.,,,요시키,딸 쪽은 【실종】으로 나왔으니까......,,,良樹,但女兒那邊是【失蹤】……,,,1,0,0,1,0,0,0,0,0,,Translated
2405,あゆみ,……許せないわ、あいつ……, , ,Ayumi,That's just...unconscionable...,,,아유미,"...... 용서 못해, 저 자식......",,,あゆみ,……不可原諒，那傢伙……,,,1,0,0,1,0,0,0,0,0,,Translated
2406,あゆみ,ねぇ、サチコの遺体を隠すとしたら……何処だと思う？, , ,Ayumi,So...if you were going to hide Sachiko's body...,where would you do it?,,아유미,"저기, 사치코의 유해를 숨긴다면...... 어디라고 생각해?",,,あゆみ,喂，如果要藏サチコ的遺體……你覺得會在哪裡？,,,1,0,0,1,0,0,0,0,0,,Translated
2407,良樹,見当もつかねぇよ……, , ,Yoshiki,I couldn't even venture a guess!,,,요시키,짐작도 안 가는데......,,,良樹,完全沒有頭緒……,,,1,0,0,1,0,0,0,0,0,,Translated
2408,あゆみ,持田君が言ってたよね。鬼碑忌先生の書いた記事……, , ,Ayumi,Remember that manuscript Mr. Kibiki was writing?,The one Mochida told us about?,,아유미,모치다 군이 말했어. 키비키 선생님이 쓴 기사......,,,あゆみ,持田同學說過吧。鬼碑忌老師寫的文章……,,,1,0,0,1,0,0,0,0,0,,Translated
2409,あゆみ,”開校当初より閉鎖されていた、天神小学校の地下室に関する何か大きな呪いの存在……”, , ,Ayumi,There was something in it about a cursed basement,room that had been sealed up since the school was,first opened...,아유미,"“개교 당초부터 폐쇄되어 있던, 텐진초등학교 지하실에 관련된 어떤 큰 저주의 존재......”",,,あゆみ,「從創校之初就被封鎖的，天神小學校地下室有關的某個巨大詛咒的存在……」,,,1,0,0,1,0,0,0,0,0,,Translated
2410,あゆみ,――って一文のこと, , ,Ayumi,"Do you think, maybe...?",,,아유미,――란 문장.,,,あゆみ,――就是那一段,,,1,0,0,1,0,0,0,0,0,,Translated
2411,良樹,言ってたな……、……調べてみるか、地下室, , ,Yoshiki,"Good call. Yeah, let's check it out.",,,요시키,"그랬지......  ...... 조사해 볼까, 지하실.",,,良樹,說過啊……、……去調查看看吧，地下室,,,1,0,0,1,0,0,0,0,0,,Translated
2412,あゆみ,……うん, , ,Ayumi,Okay!,,,아유미,...... 응.,,,あゆみ,……嗯,,,1,0,0,1,0,0,0,0,0,,Translated
2413,,床に、小さな手帳が落ちています。……拾いますか？, , ,,There's a small notebook on the floor here.,Pick it up?,,,바닥에 작은 수첩이 떨어져 있습니다...... 줍겠습니까?,,,,地板上，掉了一本小手冊。……要撿起來嗎？,,,0,0,0,1,0,0,0,0,0,,Translated
2414,,拾う,拾わない,,,Yes,No,,,줍는다,줍지 않는다,,,撿,不撿,,0,255,255,255,255,255,255,255,255,,Translated
2415,あゆみ,ん……？　！　こ、これ……！, , ,Ayumi,Wh... I-Is this...?!,,,아유미,"응......?  !  이, 이건......!",,,あゆみ,嗯……？　！　這、這個……！,,,1,17,3,1,0,0,0,0,0,,Translated
2416,あゆみ,裏のこのサイン……七星さんの手帳だわ！, , ,Ayumi,I'd recognize that signature anywhere...,This is Naho's!,,아유미,뒤에 이 사인...... 나호 씨의 수첩이야!,,,あゆみ,背面這個簽名……是七星小姐的手冊！,,,1,18,3,1,0,0,0,0,0,,Translated
2417,,七星の手帳　を取りました。, , ,,Acquired [Naho's Notebook].,,,,나호의 수첩을 얻었습니다.,,,,取得了七星的手冊。,,,0,0,0,1,0,0,0,0,0,,Translated
2418,あゆみ,“調査メモ”……？,　気がひけるけど、読ませてもらおう, ,Ayumi,"'Findings,' it says...","I don't mean to pry, but I'm really curious!",,아유미,“조사 메모” ......?,"내키지는 않지만, 읽어보자",,あゆみ,「調查筆記」……？,雖然有點顧忌，但還是看看吧,,1,19,3,1,0,0,0,0,0,,Translated
2419,,―小さな手帳はリングノートになっており、, , ,,"Ayumi flips open the notebook, only to find it's",more like a miniaturized three-ring binder.,,,작은 수첩은 링 노트로 되어 있고,,,,―小手冊是活頁筆記本，,,,0,0,0,1,0,0,0,0,0,,Translated
2420,,―中身がほとんど千切られてしまっています。, , ,,"A few papers are still inside, covered with hastily-",scribbled words -- but there's space for many more.,,,종이가 거의 다 찢어져 있습니다.,,,,―裡面的內容幾乎都被撕掉了。,,,0,0,0,1,0,0,0,0,0,,Translated
2421,,【七星の手記】1／5, , ,,[Naho's Notes],1／5,,,【나호의 수기】 1/5,,,,【七星的筆記】1／5,,,0,0,0,1,0,0,0,0,0,,Translated
2422,七星,“霊場調査ファイル01、,“心霊医療心臓外科病棟”,　【未調査】”,Naho,Examination of Sacred Spaces - File 01,'Ghost Therapy - Heart Surgery Ward',(Investigation pending.),나호,“영자장 조사 파일 01,“심령 의료 심장외과 병동”,【미조사】”,七星,「靈場調查檔案01，,「靈療心臟外科病房」,　【未調查】」,1,81,9,1,0,0,0,0,0,,Translated
2423,七星,“霊場調査ファイル02、“Ｋ県『天神小学校』”,　【現在調査中】”, ,Naho,Examination of Sacred Spaces - File 02,'K Prefecture - Heavenly Host Elementary School',(Investigation in progress.),나호,“영자장 조사 파일 02  “K현 『텐진초등학교』”,【현재 조사 중】”,,七星,「靈場調查檔案02、「Ｋ縣『天神小學校』」,　【目前調查中】」,,1,82,9,1,0,0,0,0,0,,Translated
2424,七星,“　・実地調査方法：入手、（要二名以上）”, , ,Naho,Method of ingress: Obtained.,(Requires two or more participants.),,나호,“현장 조사 방법 : 입수  (2명 이상 필요)”,,,七星,「　・實地調查方法：已取得、（需兩名以上）」,,,1,83,9,1,0,0,0,0,0,,Translated
2425,七星,“　・帰還方法：入手、情報を更に収集し、,　　　退路の補完を行なう必要有り。”, ,Naho,Method of egress: Obtained.,(Will need to gather more information and plan,"very carefully, but it can be done.)",나호,"“귀환 방법 : 입수, 정보를 더 수집하여",  퇴로를 보완할 필요가 있음.”,,七星,「　・歸還方法：已取得，需要進一步收集情報，,　　　以完善退路。」,,1,84,9,1,0,0,0,0,0,,Translated
2426,七星,“現地で篠崎家の調査を進めるだけで、,　強い霊障を受けた。”, ,Naho,Encountered fierce spiritual resistance while,simply researching the Shinozaki estate.,,나호,“현지에서 시노자키가의 조사를 진행하는 것만으로,  강한 영장을 받았다.”,,七星,「僅在當地進行篠崎家的調查，,就受到了強烈的靈障。」,,1,85,9,1,0,0,0,0,0,,Translated
2427,七星,“体の右半分が麻痺、左鼓膜に異常、,　姿写真にオーブ・影響有。”, ,Naho,Right side of body paralyzed.,Left eardrum ringing.,Orbs visible in photographs. Influence confirmed.,나호,"“몸의 오른쪽 부분이 마비, 왼쪽 고막 이상",  사진에 오브·영향 있음.”,,七星,「身體右半邊麻痺，左耳鼓膜異常，,　照片中出現光球・有影響。」,,1,86,9,1,0,0,0,0,0,,Translated
2428,七星,“数週間に渡る頭重（ずおも）感、吐気、下血。”, , ,Naho,"Severe dizziness, nausea and bloody BM experienced.",Symptoms persist for weeks.,,나호,"“몇 주간에 걸친 어지럼증, 구토감, 하혈.”",,,七星,「長達數週的頭重感、噁心、便血。」,,,1,87,9,1,0,0,0,0,0,,Translated
2429,七星,“危険なので今回、天神小学校の実地調査には、”, , ,Naho,Significant danger is clearly present. Next,investigation will place others at risk.,,나호,“위험이 따르므로 이번 텐진초등학교 현장 조사에”,,,七星,「因為危險，這次天神小學校的實地調查，」,,,1,88,9,1,0,0,0,0,0,,Translated
2430,七星,“先生は同行させない方が良いかも知れない。”, , ,Naho,May be best to leave Mr. Kibiki behind.,,,나호,“선생님은 데려가지 않는 게 좋을지도 모른다.”,,,七星,「也許最好別讓老師同行。」,,,1,89,9,1,0,0,0,0,0,,Translated
2431,七星,“……先生、今日も持ち込み、駄目だったようだ。”, , ,Naho,Seems he returned empty-handed again today.,,,나호,"“...... 선생님, 오늘 가져간 것도, 떨어졌나보다.”",,,七星,「……老師，今天帶去的東西，似乎也沒成功。」,,,1,90,9,1,0,0,0,0,0,,Translated
2432,七星,“この出版社で何度目だろうか。,　こんなに面白い作品なのに。”, ,Naho,How many times has that happened with this,"publisher? He writes such interesting pieces,",but never receives due credit.,나호,“이 출판사로 몇 번째였더라.,  이렇게나 재밌는 작품인데.”,,七星,「這已經是第幾次被這家出版社拒絕了。,明明是這麼有趣的作品。」,,1,91,9,1,0,0,0,0,0,,Translated
2433,七星,“尖り過ぎていて、判って貰えないのか、”, , ,Naho,They're too daft. They don't appreciate him.,,,나호,“너무 튀는 작품이라 이해를 못하는 건지”,,,七星,「也許是因為太尖銳了，無法被理解吧，」,,,1,92,9,1,0,0,0,0,0,,Translated
2434,七星,“先生が背中を丸めてしまって可哀相だ。”, , ,Naho,Poor guy can't catch a break...,,,나호,“선생님의 등이 점점 굽는 것 같아 불쌍하다.”,,,七星,「看到老師垂頭喪氣的樣子真可憐。」,,,1,93,9,1,0,0,0,0,0,,Translated
2435,七星,“しかし、今の猟奇事件ルポ記事の連載は、,　絶対に化けると思う。”, ,Naho,But all that will change once his next serial,is published.,,나호,“하지만 지금 연재 중인 엽기 사건 르포는,  꼭 먹힐 거라 본다.”,,七星,「但是，現在連載的獵奇事件報導，,我覺得一定會大賣。」,,1,94,9,1,0,0,0,0,0,,Translated
2436,七星,“私も、出来る事は何であっても協力する。”, , ,Naho,I'll do everything in my power to help him get,the recognition he deserves.,,나호,“나도 할 수 있는 게 있다면 꼭 돕고 싶다.”,,,七星,「我也會盡我所能提供協助。」,,,1,95,9,1,0,0,0,0,0,,Translated
2437,あゆみ,……, , ,Ayumi,...,,,아유미,......,,,あゆみ,……,,,1,20,3,1,0,0,0,0,0,,Translated
2438,あゆみ,七星さんがブログで公開している霊界調査……,そのメモノートを, ,Ayumi,Naho would frequently post these 'Examinations of,Sacred Spaces' on her blog. This must be some of,the data she collected for that.,아유미,나호 씨가 블로그에 공개한 영계 조사......,그 메모 노트를,,あゆみ,七星小姐在部落格上公開的靈界調查……,那個筆記本，,,1,21,3,1,0,0,0,0,0,,Translated
2439,あゆみ,……こんな形で、読む日が来るなんて、, , ,Ayumi,Never thought I'd be reading her next update,"like this, though...",,아유미,...... 이런 식으로 읽게 되는 날이 오다니,,,あゆみ,……會以這樣的形式，迎來閱讀的一天，,,,1,22,3,1,0,0,0,0,0,,Translated
2440,あゆみ,ちゃんと普通に出逢って……　お友達に……なれたら、, , ,Ayumi,I wish I could've met her under normal circumstances,"and...made friends with her, or something...",,아유미,평범하게 만나서...... 친구가...... 되고,,,あゆみ,如果能普通地相遇……　成為朋友的話，,,,1,23,3,1,0,0,0,0,0,,Translated
2441,あゆみ,それから、　……読ませて貰いたかった……, , ,Ayumi,...and had her pass me this book so I could read,"over the next update with her blessing, instead",of just...finding it...,아유미,그 다음에...... 읽고 싶었는데......,,,あゆみ,然後，　……想請她讓我看……,,,1,24,3,1,0,0,0,0,0,,Translated
2442,あゆみ,七星さん……　私の、憧れの人……, , ,Ayumi,Naho...has always been my hero. The person I've,admired most...,,아유미,"나호 씨...... 나의, 동경의 대상......",,,あゆみ,七星小姐……　我，憧憬的人……,,,1,25,3,1,0,0,0,0,0,,Translated
2443,,　大日本帝国秘密諜報基地,　押入　絶対反対！, ,,Entry into the Empire of Japan's secret intelligence,base is strictly forbidden.,EXPULSION TO ALL TRESPASSERS!,,구 일본 비밀첩보기지,밀치기 절대 반대!,,,　大日本帝國秘密諜報基地,　推入　絕對反對！,,0,0,0,1,0,0,0,0,0,,Translated
2444,哲志,これは……！　隠し通路か？　……梯子がある。, , ,Satoshi,"Whoa, it's...a secret passage!",...And there's a ladder...,,사토시,이건......!  숨겨진 통로인가?  ...... 사다리가 있어.,,,哲志,這是……！　隱藏通道嗎？　……有梯子。,,,1,253,17,1,0,0,0,0,0,,Translated
2445,由香,お兄ちゃん……, , ,Yuka,Big brother...!,,,유카,오빠......,,,由香,哥哥……,,,1,81,29,1,0,0,0,0,0,,Translated
2446,直美,ここにも、お札（ふだ）がびっしり……怖い……, , ,Naomi,I don't like it... It's got those charms of,protection all over it...,,나오미,여기에도 부적이 이렇게...... 무서워......,,,直美,這裡也有，滿滿的符咒……好可怕……,,,1,43,13,1,0,0,0,0,0,,Translated
2447,哲志,ああ……相当恐れていたんだ,この下にあるものを……よし、下りてみるか。, ,Satoshi,"Yeah, but that means the principal was deathly",afraid of whatever's down here.,...We should check it out.,사토시,그래...... 정말 무서웠겠지,"이 아래에 있는 게...... 좋아, 내려가보자.",,哲志,嗯……可見校長有多害怕,這下面的東西……好，下去看看吧。,,1,254,17,1,0,0,0,0,0,,Translated
2448,直美,……っ, , ,Naomi,What...?,,,나오미,...... 윽,,,直美,……,,,1,44,13,1,0,0,0,0,0,,Translated
2449,哲志,俺から下りるから……直美と由香は、後から続いてくれ。, , ,Satoshi,"I'll go first. Naomi and Yuka, you come down",afterward.,,사토시,나부터 내려갈 테니까...... 너희들은 그 다음에 내려와.,,,哲志,我先下去……直美和由香，你們隨後跟上。,,,1,255,17,1,0,0,0,0,0,,Translated
2450,由香,お兄ちゃん……, , ,Yuka,Big brother...,,,유카,오빠......,,,由香,哥哥……,,,1,82,29,1,0,0,0,0,0,,Translated
2451,直美,哲志、気をつけてね……, , ,Naomi,"Be careful, Satoshi.",,,나오미,"사토시, 조심해......",,,直美,哲志，小心點……,,,1,45,13,1,0,0,0,0,0,,Translated
2452,哲志,ああ。, , ,Satoshi,I will.,,,사토시,그래.,,,哲志,嗯。,,,1,0,18,1,0,0,0,0,0,,Translated
2453,,　たなのなかはからっぽで　す, , ,,There's nothing but a thick mat of dust on,each shelf.,,,수납장 안은 텅 비었습니  다,,,,　櫃　子　裡　面　是　空　的,,,0,0,0,1,0,0,0,0,0,,Translated
2454,哲志,う……っ　なんだ、ここは。, , ,Satoshi,Ooph... What is going on in this room?!,,,사토시,"으......  뭐야, 여긴.",,,哲志,嗚……　這裡是哪裡。,,,1,1,18,1,0,0,0,0,0,,Translated
2455,隆峰,そんなつもりはなかったのだ, , ,Takamine,I didn't mean for it to happen.,,,타카미네,그럴 생각은 없었어,,,隆峰,我不是故意的,,,1,241,20,1,1,0,0,0,0,,Translated
2456,隆峰,ただの一時の気の迷いだ, , ,Takamine,It was just a temporary lapse in judgment.,,,타카미네,그저 한때의 실수야,,,隆峰,只是一時的迷惘,,,1,242,20,1,1,0,0,0,0,,Translated
2457,隆峰,あいつが悪いんだ, , ,Takamine,She's the one at fault.,,,타카미네,그 녀석이 잘못한 거야,,,隆峰,是那傢伙不好,,,1,243,20,1,1,0,0,0,0,,Translated
2458,隆峰,あんな事であんなに驚く方がおかしい, , ,Takamine,She clearly overreacted to the situation!,,,타카미네,그거 가지고 그렇게 놀라는 게 이상한 거지,,,隆峰,為那種事嚇成那樣才奇怪,,,1,244,20,1,1,0,0,0,0,,Translated
2459,由香,寒い……！, , ,Yuka,I'm cold...,,,유카,추워......!,,,由香,好冷……！,,,1,83,29,1,0,0,0,0,0,,Translated
2460,直美,なに、この張り紙の数……異常だわ。, , ,Naomi,Look at all the papers on the walls in here...,There's definitely something off about this place.,,나오미,"뭐야, 이 벽보 수...... 이상해.",,,直美,什麼，這些紙的數量……太異常了。,,,1,46,13,1,0,0,0,0,0,,Translated
2461,哲志,校長は、死ぬ間際に精神を病んでいたって,話だったからな……, ,Satoshi,"Well, they did say the principal suffered some",sort of mental collapse before he died...,,사토시,교장은 죽기 직전 정신이 나갔다고,했는데......,,哲志,據說校長在臨死之際精神失常了……,,,1,2,18,1,0,0,0,0,0,,Translated
2462,直美,……何……これ？, , ,Naomi,What...is it?,,,나오미,...... 뭐야...... 이건?,,,直美,……什麼……這個？,,,1,47,13,1,0,0,0,0,0,,Translated
2463,,……引き出しの中には、血まみれの小さな麻袋が,入っていました……, ,,"There's a small hemp bag in the desk drawer,",absolutely slathered with blood.,,,...... 서랍 안에는 피투성이인 작은 마대 자루가,들어 있었습니다......,,,……抽屜裡，放著一個沾滿鮮血的小麻袋……,,,0,0,0,1,0,0,0,0,0,,Translated
2464,由香,……おにいちゃん……, , ,Yuka,Big brother...,,,유카,...... 오빠......,,,由香,……哥哥……,,,1,84,29,1,0,0,0,0,0,,Translated
2465,哲志,いやな予感がする……由香、見るな。, , ,Satoshi,"I have a bad feeling about this. Yuka, don't look.",,,사토시,"안 좋은 예감이 들어...... 유카, 보지 마.",,,哲志,有不好的預感……由香，不要看。,,,1,6,18,1,0,0,0,0,0,,Translated
2466,,……袋の口を覗くと、中には干からびた,人間の舌が入っていました……, ,,"A human tongue sits at the bottom of the bag, all",dried up and stiffened with age.,,,"...... 자루 안을 들여다보니, 안에는 말라비틀어진",사람의 혀가 들어 있었습니다......,,,……往袋子口一看，裡面裝著乾枯的,人類舌頭……,,0,0,0,1,0,0,0,0,0,,Translated
2467,哲志,！！　うわぁ！, , ,Satoshi,*gasp* UWAAHH!!,,,사토시,!!  우와아!,,,哲志,！！　哇啊！,,,1,7,18,1,1,0,0,0,0,,Translated
2468,直美,どうしたの？　……何？, , ,Naomi,What? What is it?!,,,나오미,왜 그래?  ...... 뭐야?,,,直美,怎麼了？　……什麼？,,,1,48,13,1,0,0,0,0,0,,Translated
2469,隆峰,はぁ、ハァ、ハァ……ゼィ……ゼィ……！, , ,Takamine,*pant* *pant* *wheeze*,,,타카미네,"하아, 하아, 하아...... 허억...... 허억......!",,,隆峰,哈啊、哈啊、哈啊……嘶……嘶……！,,,1,245,20,1,1,1,1,0,0,,Translated
2470,隆峰,……毎晩……毎晩！　夢に出て来やがって！, , ,Takamine,"Every night... Every single night, the same dream.",,,타카미네,...... 매일 밤...... 매일 밤!  꿈에 나와서는!,,,隆峰,……每晚……每晚！　都在夢中出現！,,,1,246,20,1,1,0,0,0,0,,Translated
2471,隆峰,こんなに、私が罪を悔いているのに！, , ,Takamine,I deeply regret what I did. I can't even truly,express how ashamed I am!,,타카미네,"이렇게, 내가 죄를 뉘우치고 있는데!",,,隆峰,我都已經這麼深刻地悔罪了！,,,1,247,20,1,1,0,0,0,0,,Translated
2472,隆峰,どこまでわたしを苦しめるんだ！, , ,Takamine,But how much are you going to make me suffer for,it?!,,타카미네,언제까지 날 괴롭게 만들 셈이야!,,,隆峰,你到底要折磨我到什麼程度！,,,1,248,20,1,1,0,0,0,0,,Translated
2473,隆峰,……ウフエヘヘヘヘヘヘ。, , ,Takamine,Heh heh heh... Ahahahahahaha!,,,타카미네,...... 우후에헤헤헤헤헤헤.,,,隆峰,……嗚呵呵呵呵呵。,,,1,249,20,1,1,0,0,0,0,,Translated
2474,隆峰,わかっているよ。お前は本当は死んではいない。, , ,Takamine,"Oh, I understand. I get it. You're not really dead!",,,타카미네,알고 있어. 넌 실은 죽은 게 아냐.,,,隆峰,我知道。你其實沒有死。,,,1,250,20,1,1,0,0,0,0,,Translated
2475,隆峰,死んだフリをしているんだ。, , ,Takamine,You're just pretending...,,,타카미네,죽은 척하는 거야.,,,隆峰,只是在裝死。,,,1,251,20,1,1,0,0,0,0,,Translated
2476,隆峰,フフフヒヒヒ、だがね、私には立場があるんだ。, , ,Takamine,Bwahahahaha...but think of the position you're,putting me in!,,타카미네,"후후후히히히, 하지만, 나한테는 입장이란 게 있어.",,,隆峰,呵呵呵嘻嘻嘻，但是啊，我有我的立場。,,,1,252,20,1,1,0,0,0,0,,Translated
2477,隆峰,お前に、あの事を誰かに喋らせるわけにはいかないよ。, , ,Takamine,I can't allow you to tell another living soul,about what I did to you...,,타카미네,"너 때문에, 그 일을 누군가에게 들킬 수는 없었다고.",,,隆峰,我不能讓你把那件事告訴任何人。,,,1,253,20,1,1,0,0,0,0,,Translated
2478,隆峰,悪いが、喋れないようにさせてもらうからね。, , ,Takamine,...so I'm afraid I'm going to have to fix it so,you can't ever say another word again...,,타카미네,"미안하지만, 말하지 못하게 해줄게.",,,隆峰,抱歉，我要讓你開不了口。,,,1,254,20,1,0,0,0,0,0,,Translated
2479,隆峰,ハァ……ハァ……　ぜぇ……ぜぇ, , ,Takamine,*pant* *pant* *wheeze* *wheeze* *wheeze*,,,타카미네,하아...... 하아...... 허억...... 허억,,,隆峰,哈啊……哈啊……　嘶……嘶,,,1,255,20,1,0,0,0,0,0,,Translated
2480,隆峰,ハァッ、このッ！　このッ！　このッ！, , ,Takamine,You like that? You like that?! YOU LIKE THAT?!?!,,,타카미네,"허억, 이게!  이게!  이게!",,,隆峰,哈啊、這個！　這個！　這個！,,,1,0,21,1,1,0,0,0,0,,Translated
2481,隆峰,……お前が夢枕に立つたびに、,また殺しに来てあげるからね。, ,Takamine,"If I ever see you in my dreams again, I'll be back.",I'll kill you as many times as it takes.,,타카미네,...... 네가 꿈속에 나타날 때마다,또 죽이러 올 테니까.,,隆峰,……每次你出現在我夢中，,我都會再來殺你一次。,,1,1,21,1,0,0,0,0,0,,Translated
2482,直美,哲志！　……哲志！, , ,Naomi,Satoshi! Satoshi...!,,,나오미,사토시!  ...... 사토시!,,,直美,哲志！　……哲志！,,,1,49,13,1,0,0,0,0,0,,Translated
2483,由香,お兄ちゃん！, , ,Yuka,Big brother!,,,유카,오빠!,,,由香,哥哥！,,,1,85,29,1,0,0,0,0,0,,Translated
2484,哲志,うッ！, , ,Satoshi,...!,,,사토시,윽!,,,哲志,嗚！,,,1,8,18,1,0,0,0,0,0,,Translated
2485,直美,大丈夫……？　急に返事しなくなったから、,びっくりしたよ。, ,Naomi,"Are you okay?! You suddenly stopped talking, and",neither one of us could get any response out of,you!,나오미,괜찮아......? 갑자기 대답을 안 하길래,깜짝 놀랐어.,,直美,沒事吧……？　突然不說話了，,嚇我一跳。,,1,50,13,1,0,0,0,0,0,,Translated
2486,哲志,ああ……すまない。嫌な、記憶を見た……, , ,Satoshi,Yeah...I'm okay. I was just...watching some,unpleasant memories unfold.,,사토시,아아...... 미안해. 안 좋은 기억을 봤어......,,,哲志,嗯……對不起。看到了，不愉快的記憶……,,,1,9,18,1,0,0,0,0,0,,Translated
2487,直美,？, , ,Naomi,Huh?,,,나오미,?,,,直美,？,,,1,51,13,1,0,0,0,0,0,,Translated
2488,哲志,これは……恐らく、サチコの舌だ。, , ,Satoshi,Inside this bag...is Sachiko's tongue.,,,사토시,이건...... 아마도 사치코의 혀야.,,,哲志,這……恐怕是サチコ的舌頭。,,,1,10,18,1,0,0,0,0,0,,Translated
2489,直美,えっ！？, , ,Naomi,What?!,,,나오미,어!?,,,直美,咦！？,,,1,52,13,1,0,0,0,0,0,,Translated
2490,由香,ひっ！, , ,Yuka,Eep!,,,유카,힉!,,,由香,嚇！,,,1,86,29,1,0,0,0,0,0,,Translated
2491,哲志,心を病んだ校長が、ヨシヱの事件を,誰かに喋られては困る……って、, ,Satoshi,"After the principal lost his mind, he decided he",couldn't have Sachiko squealing on him to anyone...,,사토시,마음에 병이 든 교장이 요시에의 사건을,누군가에게 들키면 곤란하다...... 면서,,哲志,精神失常的校長，擔心芳江的事,會被別人說出去……,,1,11,18,1,0,0,0,0,0,,Translated
2492,哲志,サチコの亡骸を掘り起こして、舌を切り取ったんだ。, , ,Satoshi,...so he dug up her body and cut off her tongue.,,,사토시,"사치코의 유해를 파내서, 혀를 잘랐던 거야.",,,哲志,於是挖出了サチコ的遺體，切下了舌頭。,,,1,12,18,1,0,0,0,0,0,,Translated
2493,直美,……ひどい……！, , ,Naomi,That's...barbaric...,,,나오미,...... 너무해......!,,,直美,……太殘忍了……！,,,1,53,13,1,0,0,0,0,0,,Translated
2494,哲志,これを……サチコに返してやろう……,きっと、探しているはずだ。, ,Satoshi,I think we should...give this back to her.,I'm sure she must be looking for it.,,사토시,이걸...... 사치코에게 돌려주자......,분명 찾고 있을 거야.,,哲志,把這個……還給サチコ吧……,她一定在找。,,1,13,18,1,0,0,0,0,0,,Translated
2495,直美,サチコに……, , ,Naomi,Give it...to Sachiko...?,,,나오미,사치코에게......,,,直美,還給サチコ……,,,1,54,13,1,0,0,0,0,0,,Translated
2496,,サチコの舌　を取りました。, , ,,Acquired [Sachiko's Tongue].,,,,사치코의 혀를 얻었습니다.,,,,取得了サチコ的舌頭。,,,0,0,0,1,0,0,0,0,0,,Translated
2497,,　棚の中一面に、意味のわからない文字が、,　筆で書き殴られています……, ,,The inside surfaces of the cabinet are completely,covered with painted-on letters. They spell out the,same rambling sentences over and over again:,,"수납장 한쪽 면에, 의미를 알 수 없는 글자가",붓으로 휘갈겨져 있습니다......,,,　櫃子內部的一面，,用毛筆塗鴉著意義不明的文字……,,0,0,0,1,0,0,0,0,0,,Translated
2498,,“入る反対！　反対！　反対！”, , ,,'I oppose it! I forbid it! No entry! No entry!', ,,,“밀치기 반대!  반대!  반대!”,,,,「反對進入！　反對！　反對！」,,,0,0,0,1,0,0,0,0,0,,Translated
2499,,　棚の中一面に、意味のわからない文字が、,　筆で書き殴られています……, ,,The inside surfaces of the cabinet are completely,covered with painted-on letters. They spell out the,same rambling sentences over and over again:,,"수납장 한쪽 면에, 의미를 알 수 없는 글자가",붓으로 휘갈겨져 있습니다......,,,　櫃子內部的一面，,用毛筆塗鴉著意義不明的文字……,,0,0,0,1,0,0,0,0,0,,Translated
2500,,“あなたの明日について,　明るい未来をいのりましょう”, ,,"'For your tomorrow, I pray. I pray for a bright",future.',,,“당신의 내일에 대해,밝은 내일을 바랍시다”,,,「關於你的明天，,讓我們祈禱光明的未來吧」,,0,0,0,1,0,0,0,0,0,,Translated
2501,,　机の表面に、意味のわからない文字が、,　筆で書き殴られています……, ,,Several nonsensical sentences have been haphazardly,brushed onto the surface of the desk with paint:,,,"책상 표면에, 의미를 알 수 없는 글자가",붓으로 휘갈겨져 있습니다......,,,　桌子表面，,用毛筆塗鴉著意義不明的文字……,,0,0,0,1,0,0,0,0,0,,Translated
2502,,“極めて日本お大事にするこの地蔵さんを撫でて,　下さいなでて下さい　押入反対！”, ,,"'Embrace Ksitigarbha, who watches over Japan","(tirelessly) -- touch him, caress him!",No exploring! Down with trespassing!',,“지극히 일본 소중히 하는 이 지장 보살을,쓰다듬어 주세요 쓰다듬어 주세요  밀치기 반대!,,,「請撫摸這個極其珍視日本的地藏菩薩,請撫摸　反對推入！」,,0,0,0,1,0,0,0,0,0,,Translated
2503,哲志,地下通路……学校の地下に、こんな場所があったのか。, , ,Satoshi,An underground tunnel system...,Who would have thought there'd be something like,this beneath the school?,사토시,"지하 통로...... 학교 지하에, 이런 곳이 있었구나.",,,哲志,地下通道……學校的地下，竟然有這樣的地方。,,,1,14,18,1,0,0,0,0,0,,Translated
2504,由香,お兄ちゃん……由香、またおしっこ。, , ,Yuka,Big brother...,I...have to pee again...,,유카,"오빠...... 유카, 또 오줌.",,,由香,哥哥……由香，又想尿尿了。,,,1,87,29,1,0,0,0,0,0,,Translated
2505,哲志,由香……我慢できるか？, , ,Satoshi,Yuka...,Can you hold it?,,사토시,유카...... 참을 수 있겠어?,,,哲志,由香……能忍住嗎？,,,1,15,18,1,0,0,0,0,0,,Translated
2506,由香,……ふにゅう, , ,Yuka,Nnnng...,,,유카,...... 후뉴,,,由香,……呼妞,,,1,88,29,1,0,0,0,0,0,,Translated
2507,哲志,！？, , ,Satoshi,...?!,,,사토시,!?,,,哲志,!？,,,1,0,0,1,0,0,0,0,0,,Translated
2508,直美,見て……この扉、見覚えある……,釘がいっぱい打ち付けてあるよ。,これ本館の、地下室への扉じゃない？,Naomi,I think...I recognize this door. Remember? The one,with all the protective charms on it? This is the,basement access from the main building.,나오미,"봐...... 이 문, 전에 봤었어......",못이 잔뜩 박혀 있어.,"이건 본관, 지하실 문 아냐?",直美,看……這扇門，有印象……,釘了很多釘子。,這是本館，通往地下室的門吧？,1,55,13,1,0,0,0,0,0,,Translated
2509,哲志,ああ、開かなかったあの扉か……,あの向こうに、入れたんだな……, ,Satoshi,"Oh yeah, the door we could never open...",Guess we finally get to see what's on the other,side of it.,사토시,"아아, 그 안 열리던 문인가......",그 건너편에 들어온 거구나......,,哲志,嗯，那扇打不開的門嗎……,原來能進入那一邊啊……,,1,16,18,1,0,0,0,0,0,,Translated
2510,直美,待って……て事は、ここって……この先、行ったら, , ,Naomi,"But, wait... That means...if we keep going this",way...,,나오미,"잠깐...... 그렇다는 건, 여긴...... 여길, 지나면",,,直美,等等……也就是說，這裡……再往前走的,,,1,56,13,1,0,0,0,0,0,,Translated
2511,直美,サチコが……子供達を殺害した場所、,なんじゃない……？, ,Naomi,...won't we end up in the place where...Sachiko...,killed those three children?,,나오미,사치코가...... 어린아이들을 살해한 장소,아냐......?,,直美,不就是サチコ……殺害孩子們的地方嗎……？,,,1,57,13,1,0,0,0,0,0,,Translated
2512,哲志,ああ……。そして、サチコ自身も殺されて、,死体を隠された場所でもある……, ,Satoshi,"Yeah. And where Sachiko's body is buried, too.",,,사토시,그래...... 그리고 사치코 자신도 죽임을 당해,사체가 숨겨진 장소이기도 하지......,,哲志,嗯……。也是サチコ自己被殺，,屍體被藏起來的地方……,,1,17,18,1,0,0,0,0,0,,Translated
2513,直美,どの部屋、かな……, , ,Naomi,How will we figure out which room it is...?,,,나오미,어떤 방일까......,,,直美,是哪個房間呢……,,,1,58,13,1,0,0,0,0,0,,Translated
2514,哲志,殺害犯……いや、誘拐犯の男が、,その場所で首を吊って自殺したって話だから……, ,Satoshi,"The murderer...or rather, the man who kidnapped",the three children...supposedly hanged himself,in the same room.,사토시,"살해범...... 아니, 유괴범이",그곳에서 목을 매고 자살했다고 했으니까......,,哲志,殺人犯……不，綁架犯的男人，,據說在那個地方上吊自殺了……,,1,18,18,1,0,0,0,0,0,,Translated
2515,哲志,その痕跡があれば、その部屋という事になるな……, , ,Satoshi,"So if we can find any evidence of his death,",we'll know we're in the right place.,,사토시,"그 흔적이 있다면, 그곳이 맞게 되겠지......",,,哲志,如果有那個痕跡，就是那個房間了……,,,1,19,18,1,0,0,0,0,0,,Translated
2516,直美,…………なんて場所なの、ここ……, , ,Naomi,...And what an awful place it is...,,,나오미,"............ 대체 뭐하는 곳이야, 여긴......",,,直美,…………這是什麼地方啊……,,,1,59,13,1,0,0,0,0,0,,Translated
2517,,扉は硬く閉ざされており、先に進めません。, , ,,The door is firmly sealed shut. It won't open.,,,,문은 단단히 잠겨 지나갈 수 없습니다.,,,,門緊閉著，無法前進。,,,0,0,0,1,0,0,0,0,0,,Translated
2518,,扉は硬く閉ざされており、先に進めません。, , ,,The door is firmly sealed shut. It won't open.,,,,문은 단단히 잠겨 지나갈 수 없습니다.,,,,門緊閉著，無法前進。,,,0,0,0,1,0,0,0,0,0,,Translated
2519,哲志,く……なんだこれ……　人の頭が並んでいる。, , ,Satoshi,...Ulgh... What the hell?!,"All these heads, just...lined up like prizes...",,사토시,크...... 뭐야 이거......  사람 머리가 늘어서 있어.,,,哲志,可……這是什麼……　人頭排成一排。,,,1,22,18,1,0,0,0,0,0,,Translated
2520,直美,ひどい……！, , ,Naomi,God...,,,나오미,너무해......!,,,直美,太殘忍了……！,,,1,62,13,1,0,0,0,0,0,,Translated
2521,由香,うううぅぅ……！, , ,Yuka,Nnnng...,,,유카,으으으으으......!,,,由香,嗚嗚嗚……！,,,1,91,29,1,0,0,0,0,0,,Translated
2522,哲志,昔のものじゃない……俺達のように、,ここに迷い込んだ犠牲者だ。, ,Satoshi,"These don't look particularly old, either. I think","they're victims of the curse who got trapped here,",just like us...,사토시,옛날 게 아냐...... 우리들처럼,여기에 온 희생자야.,,哲志,不是舊東西……像我們一樣，,誤入這裡的犧牲者。,,1,23,18,1,0,0,0,0,0,,Translated
2523,直美,なんでこんなに……綺麗に並べるわけ？, , ,Naomi,What kind of sick person would take the time to line,them up so neatly?!,,나오미,왜 이렇게...... 줄을 맞춰 놓은 거지?,,,直美,為什麼要……排得這麼整齊？,,,1,63,13,1,0,0,0,0,0,,Translated
2524,哲志,……誰かがそうしなきゃ、こうは並ばない。,悪趣味にも程がある……！, ,Satoshi,Maybe someone...obsessive compulsive? Someone who,takes pride in his 'collection.' Not someone I'd,"want to meet, that's for sure...",사토시,"...... 누군가가 이러지 않은 이상, 이렇게 놓였을 리 없어.",악취미에도 정도가 있지......!,,哲志,……不是有人這樣做，不會排成這樣。,惡趣味也要有個限度……！,,1,24,18,1,0,0,0,0,0,,Translated
2525,,「シホへ, , ,,"'Dear Shiho,", ,,,「시호에게,,,,「給志穗，,,,0,0,0,1,0,0,0,0,0,,Translated
2526,,　負けない強さを……　何があっても、,　なにを見ても心をしっかりと強く持つのよ。, ,,"'Stay strong -- no matter what happens, no matter",what you may see. Never lose that immovable will,of yours.,,지지 않는 강함을...... 무슨 일이 있든,무엇을 보게 되든 마음 굳게 먹어.,,,　不輸給任何人的堅強……　無論發生什麼，,　無論看到什麼都要保持心靈的堅強。,,0,0,0,1,0,0,0,0,0,,Translated
2527,,『黒化』の侵入を許さなければ、,　……運命に勝てるわ。, ,,'Fight the darkening. Don't let it take you over.,If you can beat it...then you can beat fate itself.',,,『흑화』의 침입을 허용하지만 않는다면,...... 운명을 이길 거야.,,,『只要不允許『黑化』入侵，,　……就能戰勝命運。」,,0,0,0,1,0,0,0,0,0,,Translated
2528,哲志,……何が起こるっていうんだ……, , ,Satoshi,Pretty ominous message. Doesn't bode well for us...,,,사토시,...... 무슨 일이 일어난다는 거야......,,,哲志,……會發生什麼事呢……,,,1,25,18,1,0,0,0,0,0,,Translated
2529,,７回目の鐘が鳴った。, , ,,The bell tolls for a seventh time.,The whole school begins to shudder in sync with,its vibrato.,,7번째 종이 울렸다.,,,,第七次鐘聲響了。,,,0,0,0,1,0,0,0,0,0,,Translated
2530,,６回目の鐘が鳴った。, , ,,Number six. The air is beginning to feel thicker,now...,,,6번째 종이 울렸다.,,,,第六次鐘聲響了。,,,0,0,0,1,0,0,0,0,0,,Translated
2531,,５回目の鐘が鳴った。, , ,,A fifth toll...,,,,5번째 종이 울렸다.,,,,第五次鐘聲響了。,,,0,0,0,1,0,0,0,0,0,,Translated
2532,,４回目の鐘が鳴った。, , ,,A fourth toll...,,,,4번째 종이 울렸다.,,,,第四次鐘聲響了。,,,0,0,0,1,0,0,0,0,0,,Translated
2533,,３回目の鐘が鳴った。, , ,,A third toll...,,,,3번째 종이 울렸다.,,,,第三次鐘聲響了。,,,0,0,0,1,0,0,0,0,0,,Translated
2534,,２回目の鐘が鳴った。, , ,,The bell tolls again.,,,,2번째 종이 울렸다.,,,,第二次鐘聲響了。,,,0,0,0,1,0,0,0,0,0,,Translated
2535,,１回目の鐘が鳴った。, , ,,"Somewhere in the distance, a bell tolls.",It sounds like the hour tone of a grandfather clock.,,,1번째 종이 울렸다.,,,,第一次鐘聲響了。,,,0,0,0,1,0,0,0,0,0,,Translated
2536,,頭蓋骨が並んでいます……, , ,,Numerous severed skulls have been placed in an even,row on the table.,,,두개골이 늘어서 있습니다......,,,,頭骨排列著……,,,0,0,0,1,0,0,0,0,0,,Translated
2537,,頭蓋骨が並んでいます……, , ,,Numerous severed skulls have been placed in an even,row on the table.,,,두개골이 늘어서 있습니다......,,,,頭骨排列著……,,,0,0,0,1,0,0,0,0,0,,Translated
2538,田久地・哲志・直美・由香,うあッ！,きゃぁ！, ,"Taguchi, Satoshi, Naomi & Yuka",EEEK!!,,,타구치·사토시·나오미·유카,우앗!,꺄아!,,田久地・哲志・直美・由香,哇！,呀！,,1,187,20,1,0,0,0,0,0,,Translated
2539,田久地,ああッ！　わあぁッ……　……？　ひ、人？, , ,Taguchi,Aaaah...AAAAAGGH!!,...W-Wait... People?,,타구치,"아앗!  와아앗......  ......?  사, 사람?",,,田久地,啊啊！　哇啊……　……？　人、人？,,,1,188,20,1,0,0,0,0,0,,Translated
2540,哲志,はぁっ、はぁっ……　……え？, , ,Satoshi,*pant* *pant*,...Come again?,,사토시,"허억, 허억......  ...... 어?",,,哲志,哈啊、哈啊……　……咦？,,,1,26,18,1,0,0,0,0,0,,Translated
2541,田久地,うう……　き、君達……, , ,Taguchi,"I, uh...umm... Y-You...",,,타구치,"우우......  너, 너희들......",,,田久地,嗚嗚……　你、你們……,,,1,189,20,1,0,0,0,0,0,,Translated
2542,直美,あの、これ落ちましたよ。, , ,Naomi,Here. You dropped this.,,,나오미,"저기, 이거 떨어졌어요.",,,直美,那個，這個掉了喔。,,,1,64,13,1,0,0,0,0,0,,Translated
2543,田久地,…………　……！！！, , ,Taguchi,Ahh...ahhhhh!,,,타구치,............  ......!!!,,,田久地,…………　……！！！,,,1,190,20,1,0,0,0,0,0,,Translated
2544,田久地,ウアアアアアア！ ウアアアアァァァーーーッ！, , ,Taguchi,AAAAAAAAAAAGGGGGHHH!!,UWAAAAAAAAAAGGGGHHHH!!,,타구치,우아아아아아아!  우아아아아아아악~~~!,,,田久地,嗚啊啊啊啊！ 嗚啊啊啊啊啊啊～～～！,,,1,191,20,1,1,0,0,0,0,,Translated
2545,田久地,ヒイィィィーーーーッ！, , ,Taguchi,AAAHAAAHAAAAHH!! AAAHAAAAAAGGGHH!!,,,타구치,히이이이익~~~~!,,,田久地,咿～～～～～～！,,,1,0,0,1,0,0,0,0,0,,Translated
2546,哲志,……っ？　何だ？, , ,Satoshi,...Wh-What...just happened?,,,사토시,......윽?  뭐지?,,,哲志,……？　什麼？,,,1,27,18,1,0,0,0,0,0,,Translated
2547,直美,……わかんない……　何なの……？,何で私の顔を見て……, ,Naomi,"I have no idea. He just looked at my face, and",then...he...,,나오미,...... 몰라......  뭐지......?,왜 내 얼굴을 보고......,,直美,……不知道……　怎麼回事……？,為什麼看到我的臉……,,1,65,13,1,0,0,0,0,0,,Translated
2548,哲志,……行こう、先に進もう。,もともとおかしな事ばかりだ、ここは。, ,Satoshi,"Come on, we should make our way through here as",quickly as we can. Weird things seem to be the,norm down in these tunnels...,사토시,...... 그만 가자.,"원래 이상한 것들 뿐이야, 여긴.",,哲志,……走吧，往前走。,這裡本來就盡是些怪事。,,1,28,18,1,0,0,0,0,0,,Translated
2549,哲志,由香？　……いるか？, , ,Satoshi,Yuka? You in here?,,,사토시,유카?  ...... 있어?,,,哲志,由香？　……在嗎？,,,1,200,18,1,0,0,0,0,0,,Translated
2550,由香,……うん。, , ,Yuka,Uh-huh.,,,유카,...... 응.,,,由香,……嗯。,,,1,151,29,1,0,0,0,0,0,,Translated
2551,哲志,うん、だったらいいんだ。, , ,Satoshi,All right. Just checking.,,,사토시,"응, 그럼 됐고.",,,哲志,嗯，那就好。,,,1,201,18,1,0,0,0,0,0,,Translated
2552,由香,……ひゃっ！！, , ,Yuka,Eek!,,,유카,...... 햐악!!,,,由香,……嚇！！,,,1,152,29,1,0,0,0,0,0,,Translated
2553,哲志,どうした！？, , ,Satoshi,What's wrong?!,,,사토시,왜 그래!?,,,哲志,怎麼了！？,,,1,202,18,1,0,0,0,0,0,,Translated
2554,由香,……びっくりした。トイレの中から、血みたいなのが,溢れてきそうになったの。, ,Yuka,"Sorry, I just got a little startled. Something that",looks like blood started pouring into the toilet.,I thought it was going to overflow!,유카,...... 깜짝이야. 화장실 안에 피 같은 게,넘칠 것 같았어.,,由香,……嚇了一跳。廁所裡，有像血一樣的東西,快要溢出來了。,,1,153,29,1,0,0,0,0,0,,Translated
2555,哲志,そうか、とにかく、早く出てきな？, , ,Satoshi,That's...not good. Try to finish up and get out of,"there quickly, okay?",,사토시,"그래, 어쨌든, 얼른 나와.",,,哲志,是嗎，總之，快點出來吧？,,,1,203,18,1,0,0,0,0,0,,Translated
2556,由香,うん。, , ,Yuka,Okay.,,,유카,응.,,,由香,嗯。,,,1,154,29,1,0,0,0,0,0,,Translated
2557,哲志,直美……どこ行ったんだよ……, , ,Satoshi,Naomi... Where did you go?,,,사토시,나오미...... 어딜 간 거야......,,,哲志,直美……妳去哪裡了……,,,1,204,18,1,0,0,0,0,0,,Translated
2558,哲志,……お前がいないだけで、何でこんなに,寂しいんだ……, ,Satoshi,Why is it that just your absence is enough to make,me feel so alone?,,사토시,"...... 네가 없는 것만으로도, 왜 이렇게",쓸쓸한 거야......,,哲志,……只是少了妳，為什麼會這麼,寂寞呢……,,1,205,18,1,0,0,0,0,0,,Translated
2559,由香,お兄ちゃん、元気出して？, , ,Yuka,Big brother...,It's okay. You should cheer up.,,유카,"오빠, 힘내.",,,由香,哥哥，打起精神來吧？,,,1,155,29,1,0,0,0,0,0,,Translated
2560,由香,……由香が、ついてるから。   ,きっとおにいちゃんの事、まもるから。, ,Yuka,I'm here for you. I'll...protect you.,,,유카,...... 유카가 있으니까.,꼭 오빠를 지켜줄게.,,由香,……由香，會陪著你。　,一定會保護哥哥的。,,1,156,29,1,0,0,0,0,0,,Translated
2561,哲志,……っ, , ,Satoshi,Hmm?,,,사토시,...... 윽,,,哲志,……,,,1,206,18,1,0,0,0,0,0,,Translated
2562,哲志,（……しまった、暗い顔をしていたか）, , ,Satoshi,"(Dammit, I let my guard down. I must have had",a really sour expression on my face for her to,say something like that.),사토시,"(...... 아차, 어두운 표정을 지은 건가)",,,哲志,（……糟糕，我露出了消沉的表情嗎）,,,1,207,18,1,0,0,0,0,0,,Translated
2563,哲志,（こいつ……また俺を心配してくれているんだな）, , ,Satoshi,(I guess she's worried about me again...),,,사토시,(이 녀석...... 또 나를 걱정했구나),,,哲志,（這傢伙……又在擔心我了啊）,,,1,208,18,1,0,0,0,0,0,,Translated
2564,哲志,由香、ありがとな……, , ,Satoshi,"Thanks, Yuka.",,,사토시,"유카, 고맙다......",,,哲志,由香，謝謝……,,,1,209,18,1,0,0,0,0,0,,Translated
2565,哲志,よしよし……, , ,Satoshi,You're a good girl.,,,사토시,옳지 옳지......,,,哲志,好好好……,,,1,210,18,1,0,0,0,0,0,,Translated
2566,由香,ん……, , ,Yuka,Mmm.,,,유카,응......,,,由香,嗯……,,,1,157,29,1,0,0,0,0,0,,Translated
2567,哲志,ふんふん。, , ,Satoshi,Hmmhmm.,,,사토시,흠흠.,,,哲志,嗯嗯。,,,1,211,18,1,0,0,0,0,0,,Translated
2568,由香,……っ……, , ,Yuka,...Eheheh...,,,유카,...... 읏......,,,由香,…………,,,1,158,29,1,0,0,0,0,0,,Translated
2569,哲志,…………、, , ,Satoshi,*sigh*,,,사토시,............,,,哲志,…………、,,,1,212,18,1,1,0,0,0,0,,Translated
2570,哲志,由香……。お前、好きな男子はいるのか？, , ,Satoshi,Yuka... Is there a boy you like?,,,사토시,"유카...... 너, 좋아하는 남자는 있어?",,,哲志,由香……。妳，有喜歡的男生嗎？,,,1,213,18,1,0,0,0,0,0,,Translated
2571,由香,……えっ？, , ,Yuka,Hehh?,,,유카,...... 어?,,,由香,……咦？,,,1,159,29,1,0,0,0,0,0,,Translated
2572,由香,……なんでそんなこと聞くの？, , ,Yuka,Why...do you ask?,,,유카,...... 왜 그런 걸 묻는 거야?,,,由香,……為什麼要問這個？,,,1,160,29,1,0,0,0,0,0,,Translated
2573,哲志,まぁいいじゃないか。教えてくれよ？, , ,Satoshi,"I just want to know. It's okay, I won't tell anyone!",,,사토시,뭐 좋잖아. 가르쳐 줘.,,,哲志,沒關係吧。告訴我吧？,,,1,214,18,1,0,0,0,0,0,,Translated
2574,由香,……いるよ。クラスに、かっこいい子がいるんだ。, , ,Yuka,...There is. A really cool boy in my class.,,,유카,"...... 있어. 같은 반에, 멋진 애가 있어.",,,由香,……有喔。班上，有個帥氣的男生。,,,1,161,29,1,0,0,0,0,0,,Translated
2575,哲志,……そうか。もう、付き合ってんのか？, , ,Satoshi,I see... Are you going out with him already?,,,사토시,"...... 그래. 지금, 사귀는 중이야?",,,哲志,……是嗎。已經，在交往了嗎？,,,1,215,18,1,0,0,0,0,0,,Translated
2576,由香,……そっ、そんな事、お兄ちゃんには,関係ないでしょ？, ,Yuka,"Th-That's not really any of your business,",big brother!,,유카,"...... 그, 그런 건, 오빠랑은",상관없잖아?,,由香,……那、那種事，和哥哥,沒關係吧？,,1,162,29,1,0,0,0,0,0,,Translated
2577,由香,……付き合ったりなんて。出来る訳ないじゃない,……怖いもん。, ,Yuka,"...Besides, how could I ever go out with a boy?",It's...scary...,,유카,...... 사귄다니. 그럴 리가 없잖아,...... 무서운걸.,,由香,……交往什麼的。怎麼可能嘛,……好可怕。,,1,163,29,1,0,0,0,0,0,,Translated
2578,哲志,……ははっ。……じゃぁ、頑張って好きだって,言えるようにならなきゃな。, ,Satoshi,"Haha. Well, I hope you can at least work up the",courage to tell him how you feel at some point.,,사토시,...... 하핫...... 그럼 노력해서 좋아한다고,말할 수 있도록 해야겠네.,,哲志,……哈哈。……那，要努力學會,說出喜歡才行啊。,,1,216,18,1,0,0,0,0,0,,Translated
2579,哲志,……俺も、まだ言えてないんだ。, , ,Satoshi,"...That's where I need the most help, myself.",I still haven't said a thing.,,사토시,...... 나도 아직 말 못하고 있어.,,,哲志,……我也，還沒能說出口。,,,1,217,18,1,0,0,0,0,0,,Translated
2580,哲志,そいつは、いっつも俺に絡んできて,文句ばかり言うし……,俺の顔見たら、何かと暴力振るうし……,Satoshi,"But really, she's always getting into it with me...",always getting violent and controlling as soon as,she sees me...,사토시,그 녀석은 언제나 나한테 대들고,불평만 하고......,내 얼굴을 보면 폭력을 휘두르고......,哲志,那傢伙，總是來找我麻煩,只會抱怨……,一看到我的臉，就會施以暴力……,1,218,18,1,0,0,0,0,0,,Translated
2581,哲志,意見を言ったら　俺より正当な意見で,反論してくるし……, ,Satoshi,"...and whenever I state my opinion, she always",counters with the opposite opinion...and does,"a much better job of justifying it, to boot...",사토시,"말을 꺼내면, 나보다 정당한 의견으로",반론하고......,,哲志,我提出意見，她就會用比我更合理的意見,反駁……,,1,219,18,1,0,0,0,0,0,,Translated
2582,哲志,本当に、気が強くて腹が立つ奴なんだけど……, , ,Satoshi,"She's strong-willed, and she's ornery...",,,사토시,정말 기가 세고 열받는 녀석이지만......,,,哲志,真的是，又倔強又讓人生氣的傢伙……,,,1,220,18,1,0,0,0,0,0,,Translated
2583,哲志,いなくなると……死ぬほど寂しい。, , ,Satoshi,...but if I ever lost her...,...,"...I'd feel so alone, I might as well be dead...",사토시,없으면...... 죽을 정도로 쓸쓸해져.,,,哲志,但要是她不在了……就會寂寞得要死。,,,1,221,18,1,0,0,0,0,0,,Translated
2584,由香,…………, , ,Yuka,...,,,유카,............,,,由香,…………,,,1,164,29,1,0,0,0,0,0,,Translated
2585,哲志,……実際にいなくなって、初めて気づいた。,俺は……あいつに惚れているんだ。, ,Satoshi,"I didn't realize it until she ran off just now,",either. I didn't realize that I'm...in love with,her...,사토시,"...... 사라지고 나서, 비로소 알게 되었어.",나는...... 그 녀석에게 반한 거야.,,哲志,……直到她真的不在了，我才發現。,我……喜歡上那傢伙了。,,1,222,18,1,0,0,0,0,0,,Translated
2586,哲志,直美はどこかにいるはずだ、きっと。,絶対に……死んだりなんかしないさ。, ,Satoshi,Naomi must still be somewhere in these tunnels.,She has to be alive... She has to be!,,사토시,"나오미는 어딘가에 있을 거야, 분명.",절대로...... 죽지 않았을 거야.,,哲志,直美一定還在這個地下的某處。,絕對……不會死的。,,1,223,18,1,0,0,0,0,0,,Translated
2587,由香,……うん。, , ,Yuka,...Yeah...,,,유카,...... 응.,,,由香,……嗯。,,,1,165,29,1,0,0,0,0,0,,Translated
2588,哲志,さ、行こう。, , ,Satoshi,Come on. Let's go.,,,사토시,"자, 가자.",,,哲志,來，走吧。,,,1,224,18,1,0,0,0,0,0,,Translated
2589,由香,（……お兄ちゃん……）, , ,Yuka,(Big brother...),,,유카,(...... 오빠......),,,由香,（……哥哥……）,,,1,166,29,1,0,0,0,0,0,,Translated
2590,,７回目の鐘が鳴った。, , ,,The bell tolls for a seventh time.,The whole school begins to shudder in sync with,its vibrato.,,7번째 종이 울렸다.,,,,第七次鐘聲響了。,,,0,0,0,1,0,0,0,0,0,,Translated
2591,,６回目の鐘が鳴った。, , ,,Number six. The air is beginning to feel thicker,now...,,,6번째 종이 울렸다.,,,,第六次鐘聲響了。,,,0,0,0,1,0,0,0,0,0,,Translated
2592,,５回目の鐘が鳴った。, , ,,A fifth toll...,,,,5번째 종이 울렸다.,,,,第五次鐘聲響了。,,,0,0,0,1,0,0,0,0,0,,Translated
2593,,４回目の鐘が鳴った。, , ,,A fourth toll...,,,,4번째 종이 울렸다.,,,,第四次鐘聲響了。,,,0,0,0,1,0,0,0,0,0,,Translated
2594,,３回目の鐘が鳴った。, , ,,A third toll...,,,,3번째 종이 울렸다.,,,,第三次鐘聲響了。,,,0,0,0,1,0,0,0,0,0,,Translated
2595,,２回目の鐘が鳴った。, , ,,The bell tolls again.,,,,2번째 종이 울렸다.,,,,第二次鐘聲響了。,,,0,0,0,1,0,0,0,0,0,,Translated
2596,,１回目の鐘が鳴った。, , ,,"Somewhere in the distance, a bell tolls.",It sounds like the hour tone of a grandfather clock.,,,1번째 종이 울렸다.,,,,第一次鐘聲響了。,,,0,0,0,1,0,0,0,0,0,,Translated
2597,,名札が落ちています……, , ,,There's a student ID name tag lying on the ground.,,,,명찰이 떨어져 있습니다......,,,,有名牌掉落……,,,0,0,0,1,0,0,0,0,0,,Translated
2598,,瓦礫が落ちています……, , ,,It's a pile of rubble.,,,,건물 잔해가 떨어져 있습니다......,,,,有瓦礫掉落……,,,0,0,0,1,0,0,0,0,0,,Translated
2599,,瓦礫が落ちています……, , ,,It's a pile of rubble.,,,,건물 잔해가 떨어져 있습니다......,,,,有瓦礫掉落……,,,0,0,0,1,0,0,0,0,0,,Translated
2600,哲志,（由香をおいて行くわけにはいかない）, , ,Satoshi,(I can't just leave Yuka behind...),,,사토시,(유카를 두고 갈 수는 없어),,,哲志,（不能把由香丟下不管）,,,1,0,0,1,0,0,0,0,0,,Translated
2601,哲志,！？, , ,Satoshi,...?!,,,사토시,!?,,,哲志,!？,,,1,0,0,1,0,0,0,0,0,,Translated
2602,,早く外に出なくては……, , ,,"Right now, escape is paramount.",,,,어서 밖으로 나가야 해......,,,,得快點到外面去……,,,0,0,0,1,0,0,0,0,0,,Translated
2603,,早く外に出なくては……, , ,,"Right now, escape is paramount.",,,,어서 밖으로 나가야 해......,,,,得快點到外面去……,,,0,0,0,1,0,0,0,0,0,,Translated
2604,由香,お兄ちゃん……, , ,Yuka,Big brother?,,,유카,오빠......,,,由香,哥哥……,,,1,148,29,1,0,0,0,0,0,,Translated
2605,哲志,ん……あぁ。行って来るか？, , ,Satoshi,Mm? Oh...bathroom. Want to give it a shot?,,,사토시,응...... 아아. 다녀오려고?,,,哲志,嗯……嗯。要去嗎？,,,1,198,18,1,0,0,0,0,0,,Translated
2606,由香,ん。, , ,Yuka,Yeah.,,,유카,응.,,,由香,嗯。,,,1,149,29,1,0,0,0,0,0,,Translated
2607,哲志,周り、気をつけろよ？, , ,Satoshi,"Be careful where you step, okay?",,,사토시,주위를 잘 봐야 한다?,,,哲志,注意周圍喔？,,,1,199,18,1,0,0,0,0,0,,Translated
2608,由香,うん。, , ,Yuka,Okay.,,,유카,응.,,,由香,嗯。,,,1,150,29,1,0,0,0,0,0,,Translated
2609,哲志,直美……無事でいてくれ……！, , ,Satoshi,Naomi... Please be okay...,,,사토시,나오미...... 무사히만 있어 줘......!,,,哲志,直美……請平安無事……！,,,1,69,18,1,0,0,0,0,0,,Translated
2610,哲志,（……駄目だ……ここで逃げても,　何の解決にもならない）, ,Satoshi,(No... We've come too far to turn back now.,"If we run away, everything that's happened to",us so far will have been for naught.),사토시,(......안 돼 ...... 여기에서 도망쳐 봤자,아무것도 해결되지 않아),,哲志,（……不行……就算在這裡逃跑了,　也解決不了任何問題）,,1,0,0,1,0,0,0,0,0,,Translated
2611,哲志,（進むなら、前だ……！）, , ,Satoshi,"(We have to keep moving forward, no matter what",horrors await us!),,사토시,"(나아갈 거라면, 앞이다......!)",,,哲志,（要前進的話，就向前……！）,,,1,0,0,1,0,0,0,0,0,,Translated
2612,直美,世以子……世以子、どこにいるの……？, , ,Naomi,"Seiko... Seiko, where are you...?",,,나오미,"세이코...... 세이코, 어디 있어......?",,,直美,世以子……世以子，你在哪裡……？,,,1,81,13,1,0,0,0,0,0,,Translated
2613,直美,これ以上、あなたを……　,悲しい目に遭わせないから……！, ,Naomi,I won't...let them...hurt you anymore...,,,나오미,더 이상 너를......,슬프게 만들지 않을 테니까......!,,直美,我不會再讓你……,遭遇悲傷的事了……！,,1,82,13,1,0,0,0,0,0,,Translated
2614,直美,あたしが……護ってあげるから。, , ,Naomi,I'll protect you!,,,나오미,내가...... 지켜 줄 테니까.,,,直美,我會……保護你的。,,,1,83,13,1,0,0,0,0,0,,Translated
2615,直美,……？, , ,Naomi,...?,,,나오미,......?,,,直美,……？,,,1,0,0,1,0,0,0,0,0,,Translated
2616,哲志,(か、鐘は何回鳴った……？　急がないと……！）, , ,Satoshi,(The chime... How many times was that?,We have to hurry!),,사토시,"(조, 종은 몇 번 울렸지......?  서둘러야겠다......!)",,,哲志,（鐘、鐘響了幾次……？　不快點的話……！）,,,1,0,0,1,0,0,0,0,0,,Translated
2617,雪,あゆみさん……, , ,Yuki,Ayumi...,,,유키,아유미 씨......,,,雪,あゆみ小姐……,,,1,153,22,1,0,0,0,0,0,,Translated
2618,あゆみ,！　……ゆきちゃん……！,良かった、意識、まだ大丈夫？, ,Ayumi,Ah! Yuki! You're here!,Does this mean you still have control over your,will?,아유미,!  ...... 유키......!,"다행이다, 의식은 아직 괜찮니?",,あゆみ,！　……由紀……！,太好了，意識還清醒嗎？,,1,158,4,1,0,0,0,0,0,,Translated
2619,雪,あゆみさん……負けないで下さい……, , ,Yuki,Ayumi... Don't give in.,,,유키,아유미 씨...... 지지 마세요......,,,雪,あゆみ小姐……請不要認輸……,,,1,154,22,1,0,0,0,0,0,,Translated
2620,あゆみ,えっ？, , ,Ayumi,Huh?,,,아유미,어?,,,あゆみ,咦？,,,1,159,4,1,0,0,0,0,0,,Translated
2621,雪,あなたはもう、黒化がはじまっています……,まだ間に合いますが、いそがないと……, ,Yuki,You've been stricken with the darkening...,Its effects are beginning to take hold of you.,There's still time to stop it...but you must hurry.,유키,당신에겐 이미 흑화가 시작되었습니다......,"아직은 괜찮지만, 서두르지 않으면......",,雪,你已經，開始黑化了……,雖然還來得及，但不快點的話……,,1,155,22,1,0,0,0,0,0,,Translated
2622,あゆみ,……っ, , ,Ayumi,...!,,,아유미,...... 윽,,,あゆみ,……,,,1,160,4,1,0,0,0,0,0,,Translated
2623,雪,この奥に……あの子がいます。, , ,Yuki,She's here. Just beyond the next room.,,,유키,이 안에...... 그 아이가 있습니다.,,,雪,這裡面……那個孩子就在裡面。,,,1,156,22,1,0,0,0,0,0,,Translated
2624,雪,あなたたちが帰ることが出来るかどうか……,あの子にかかっています。, ,Yuki,Whether or not you'll be able to return to your own,world...depends entirely on her.,,유키,당신들이 돌아갈 수 있을지 없을지는......,그 아이에게 걸려 있습니다.,,雪,你們能不能回去……,取決於那個孩子。,,1,157,22,1,0,0,0,0,0,,Translated
2625,雪,さあ、いそいで。, , ,Yuki,Go. Quickly.,,,유키,"자, 서두르세요.",,,雪,來，快點。,,,1,158,22,1,0,0,0,0,0,,Translated
2626,哲志,待ってくれ……帰るといっても……直美がいないんだ。, , ,Satoshi,Wait...,What about Naomi? We can't leave without her...,,사토시,잠깐만...... 돌아가라고 해도...... 나오미가 없어.,,,哲志,等等……說是回去……直美不在啊。,,,1,70,18,1,0,0,0,0,0,,Translated
2627,雪,あのひとは今……試練と戦っています。, , ,Yuki,She's...fighting her own demons right now.,,,유키,그 사람은 지금...... 시련과 싸우고 있습니다.,,,雪,那個人現在……正在與試煉戰鬥。,,,1,159,22,1,0,0,0,0,0,,Translated
2628,雪,（あのひとが負けなかったら……,　帰ってきて、黒化に打ちかったら）, ,Yuki,(If she can overcome them...,If she's able to resist her own darkening...,she'll be along.),유키,(그 사람이 지지 않는다면......,"돌아와서, 흑화를 이겨낸다면)",,雪,（如果那個人沒有輸……,　回來，克服了黑化的話）,,1,160,22,1,0,0,0,0,0,,Translated
2629,雪,サチコを、浄化する事も可能でしょう……,そのときのための準備を、, ,Yuki,It should be possible to appease even Sachiko.,Make certain you're ready...,,유키,사치코를 정화하는 것도 가능해질 겁니다......,그때를 위한 준비를,,雪,淨化サチコ也可能辦得到……,為了那時候的準備，,,1,161,22,1,0,0,0,0,0,,Translated
2630,雪,あなたがたが、するのです。, , ,Yuki,Ready to fight.,,,유키,당신들이 하는 겁니다.,,,雪,由你們來做。,,,1,162,22,1,0,0,0,0,0,,Translated
2631,良樹,……何だかわかんねぇけど、ここまで来りゃぁ,何だってやってやるよ。, ,Yoshiki,I still don't know what the hell is going on in,this godforsaken place...but I've come way too far,to back down now! I'm in this till the bitter end!,요시키,"...... 뭐가 뭔지는 모르겠지만, 여기까지 왔으니",뭐든 해줄게.,,良樹,……雖然不太懂，但都走到這裡了,什麼我都會做。,,1,16,26,1,0,0,0,0,0,,Translated
2632,哲志,……わかった。じゃぁ……入ろう。, , ,Satoshi,We understand.,"Come on, everyone... Let's do this.",,사토시,...... 알았어. 그럼...... 들어가자.,,,哲志,……明白了。那……進去吧。,,,1,71,18,1,0,0,0,0,0,,Translated
2633,雪,逆打ちは……サチコの心にアクセスする,手段にもなります……。,使いどころを考えて……,Yuki,"Just remember, the way out lies with Sachiko.",You must find a way to get through to her.,To touch her heart...,유키,역타법은...... 사치코의 마음에 접근하는,수단이 되기도 합니다......,어떻게 사용할지 잘 생각하고......,雪,逆打也是……接近サチコ內心,的手段……,想好使用的時機……,1,163,22,1,0,0,0,0,0,,Translated
2634,哲志,……っ！　ない！, , ,Satoshi,...! It stops here!,,,사토시,...... 윽!  없어!,,,哲志,……！　沒有了！,,,1,43,18,1,0,0,0,0,0,,Translated
2635,由香,はぁはぁ、……えっ？, , ,Yuka,*pant* *pant*,...Huh?,,유카,"하아하아,  ...... 어?",,,由香,哈啊哈啊、……咦？,,,1,96,29,1,0,0,0,0,0,,Translated
2636,哲志,篠原を……引き摺った、地面の跡が,なくなっている……ハァ、ハァ, ,Satoshi,The trail of blood...from Shinohara's body...,It stops here...,,사토시,"시노하라를...... 끌고 간, 지면 자국이","사라졌어...... 하아, 하아",,哲志,拖行篠原的……地面痕跡,不見了……哈啊、哈啊,,1,44,18,1,0,0,0,0,0,,Translated
2637,由香,どうして……？　はぁ……はぁ……, , ,Yuka,But...why...?,,,유카,어째서......?  하아...... 하아......,,,由香,為什麼……？　哈啊……哈啊……,,,1,97,29,1,0,0,0,0,0,,Translated
2638,哲志,ハァ……　ハァ……　？……, , ,Satoshi,*pant* *pant*,...?,,사토시,하아...... 하아...... ?......,,,哲志,哈啊……　哈啊……　？……,,,1,45,18,1,0,0,0,0,0,,Translated
2639,あゆみ,…………, , ,Ayumi,...,,,아유미,............,,,あゆみ,…………,,,1,241,3,1,0,0,0,0,0,,Translated
2640,直美,…………, , ,Naomi,...,,,나오미,............,,,直美,…………,,,1,7,13,1,0,0,0,0,0,,Translated
2641,あゆみ,結衣先生……だめだったよ……, , ,Ayumi,Ms. Yui...is dead.,,,아유미,유이 선생님...... 죽었어......,,,あゆみ,結衣老師……已經死了……,,,1,242,3,1,0,0,0,0,0,,Translated
2642,直美,！……先生が……, , ,Naomi,...Ahh...,Ms. Yui...,,나오미,! ...... 선생님이......,,,直美,！……老師……,,,1,8,13,1,0,0,0,0,0,,Translated
2643,あゆみ,……, , ,Ayumi,...,,,아유미,......,,,あゆみ,……,,,1,243,3,1,0,0,0,0,0,,Translated
2644,あゆみ,中嶋さん。そのサチコさんの切れ端、どうしたの？,……持田君の？, ,Ayumi,Nakashima? Where did you get that paper doll scrap?,Is it...Mochida's?,,아유미,"나카시마. 그 사치코 조각, 어디서 난 거야?",...... 모치다 군 거?,,あゆみ,中嶋同學。那個サチコ的碎片，是怎麼來的？,……是持田同學的？,,1,244,3,1,0,0,0,0,0,,Translated
2645,直美,哲志は自分のを持ってるよ……,これは、由香ちゃんの……, ,Naomi,"No, Satoshi still has his own. This is Yuka's.",,,나오미,사토시는 갖고 있어......,"이건, 유카 거......",,直美,哲志有自己的……,這是，由香的……,,1,9,13,1,0,0,0,0,0,,Translated
2646,直美,可哀想に……あの子も、亡くなってた。, , ,Naomi,Poor girl...,"She didn't make it, either.",,나오미,안 됐지만...... 그 애도 죽었어.,,,直美,真可憐……那個孩子，也死了。,,,1,10,13,1,0,0,0,0,0,,Translated
2647,あゆみ,ふーん。……じゃ、そっちに２枚あるんだね。, , ,Ayumi,Hmmmm...so that means there are two between the,both of you.,,아유미,"흐응~ ...... 그럼, 그쪽에 2장 있는 거네.",,,あゆみ,呼～嗯。……那，你們那邊有兩張呢。,,,1,245,3,1,0,0,0,0,0,,Translated
2648,あゆみ,ごめん、それ、くれるぅ？, , ,Ayumi,"Sorry to ask, but...can I have that one?",,,아유미,"미안, 그거, 줄래?",,,あゆみ,抱歉，那個……可以給我嗎？,,,1,246,3,1,0,0,0,0,0,,Translated
2649,直美,……あなたは……馬鹿よ、本当に。, , ,Naomi,"You're...a real jackass, you know that?",,,나오미,"...... 너는...... 바보야, 정말.",,,直美,……你……真是個笨蛋。,,,1,11,13,1,0,0,0,0,0,,Translated
2650,あゆみ,私、自分の失くしちゃって……さァ！！, , ,Ayumi,"Actually, I'm only asking because I wound up losing",mine. So GIVE IT HERE!!,,아유미,"난, 내 걸 잃어버려서...... 말야!!",,,あゆみ,我，弄丟自己的了……所～以！！,,,1,247,3,1,0,0,0,0,0,,Translated
2651,あゆみ,ハァ！ハァ！　――さァ！持田君！殺したよ！, , ,Ayumi,*pant* *pant* *pant* *pant*,"Check it out, Mochida! I killed her!",,아유미,하아! 하아!  자아! 모치다 군! 죽였어!,,,あゆみ,哈啊！哈啊！　――來吧！持田同學！我殺了！,,,1,249,3,1,0,0,0,0,0,,Translated
2652,あゆみ,殺した！　殺したの！　殺した殺した殺した！,ころころころし殺したした！, ,Ayumi,I killed her! Killed her killed her killed her!,Haha! I killkillkillkillkilled her! Killed her DEAD!,,아유미,죽였다!  죽였어!  죽였다죽였다죽였다!,주주주죽였죽였다!,,あゆみ,殺了！　殺了！　殺了殺了殺了！,殺殺殺殺死了死了！,,1,250,3,1,0,0,0,0,0,,Translated
2653,あゆみ,アッハァ！, , ,Ayumi,AAAAHAHAHA! Eeeeeheeheehee...heeeheehaa...,,,아유미,앗하!,,,あゆみ,啊哈！,,,1,251,3,1,0,0,0,0,0,,Translated
2654,あゆみ,イィイイイィィ！, , ,Ayumi,...HAAAAH!!,,,아유미,이이이이이이이!,,,あゆみ,咿咿咿咿咿！,,,1,252,3,1,0,0,0,0,0,,Translated
2655,あゆみ,汚い豚、消えたわよ！　私と契りましょう！,一緒にここから、帰ろ？, ,Ayumi,The filthy pig is gone now! You're free to be,"with me! Come on, let's get out of here together!",,아유미,더러운 돼지는 사라졌어! 나랑 하자!,함께 여기에서 나가자.,,あゆみ,骯髒的豬消失了！　和我締約吧！,一起從這裡，回去吧？,,1,253,3,1,0,0,0,0,0,,Translated
2656,あゆみ,……フゥ、ごめんね中嶋さん。,私の、一人勝ちだわ。, ,Ayumi,"Heh. Sorry, Nakashima. Looks like I get the guy",after all.,,아유미,"...... 후우, 미안 나카시마.","내가, 이겼어.",,あゆみ,……呼。對不起呢中嶋同學。,是我贏了。,,1,254,3,1,0,0,0,0,0,,Translated
2657,あゆみ,……うそ……！　ウソウソウソ！,うそ！！！　……いやあああぁぁぁぁぁぁ！！, ,Ayumi,"No... No, nonononono...",Nooo... NOOOOOOOOOOOO!!,,아유미,...... 거짓말......! 거짓말거짓말거짓말!,거짓말!!!  ...... 꺄아아아아아아아아아!!,,あゆみ,……騙人……！　騙人騙人騙人！,騙人！！！　……不要啊啊啊啊啊啊！！,,1,255,3,1,0,0,0,0,0,,Translated
2658,あゆみ,あああぁぁ……！, , ,Ayumi,Aaah! Aaaggh! Aaaaaaggghh!!,,,아유미,아아아아아......!,,,あゆみ,啊啊啊……！,,,1,0,4,1,0,0,0,0,0,,Translated
2659,あゆみ,―まって！　持田君がいてくれないと,……私、どうやって帰るのよ！, ,Ayumi,Wait... If Mochida's not with me...then how do,I get back home?!,,아유미,기다려!  모치다 군이 없으면,"...... 난, 어떻게 돌아가라고!",,あゆみ,―等等！　沒有持田同學的話,……我要怎麼回去啊！,,1,1,4,1,0,0,0,0,0,,Translated
2660,あゆみ,そんな……そんな、, , ,Ayumi,No... That's...,,,아유미,그럴 수가...... 그럴 수가,,,あゆみ,怎麼會……怎麼會，,,,1,2,4,1,0,0,0,0,0,,Translated
2661,あゆみ,ああ……あぁ……, , ,Ayumi,Aaahh...aaaaahhhh...,,,아유미,아아...... 아아......,,,あゆみ,啊啊……啊啊……,,,1,3,4,1,0,0,0,0,0,,Translated
2662,あゆみ,あああぁぁ……　っ、,……アアアアァァァーーーッ！！, ,Ayumi,Aaaaaagghh... *hic*,AAAAAAAAAAAAAAAAGGGGGGGGGGGGGGHHHHHHHHHHHHHH!!,,아유미,아아아아아......,...... 아아아아아아악~~~!!,,あゆみ,啊啊啊……　、……啊啊啊啊啊～～！！,,,1,4,4,1,0,0,0,0,0,,Translated
2663,あゆみ,……うそ……！　ウソウソウソ！,うそ！！！　……いやあああぁぁぁぁぁぁ！！, ,Ayumi,"No... No, nonononono...",Nooo... NOOOOOOOOOOOO!!,,아유미,...... 거짓말......! 거짓말거짓말거짓말!,거짓말!!!  ...... 꺄아아아아아아아아아!!,,あゆみ,……騙人……！　騙人騙人騙人！,騙人！！！　……不要啊啊啊啊啊啊！！,,1,0,0,1,0,0,0,0,0,,Translated
2664,あゆみ,あああぁぁ……！, , ,Ayumi,Aaah! Aaaggh! Aaaaaaggghh!!,,,아유미,아아아아아......!,,,あゆみ,啊啊啊……！,,,1,0,0,1,0,0,0,0,0,,Translated
2665,あゆみ,―まって！　持田君がいてくれないと,……私、どうやって帰るのよ！, ,Ayumi,Wait... If Mochida's not with me...then how do,I get back home?!,,아유미,기다려!  모치다 군이 없으면,난 어떻게 돌아가라고!,,あゆみ,―等等！　沒有持田同學的話,……我要怎麼回去啊！,,1,0,0,1,0,0,0,0,0,,Translated
2666,あゆみ,そんな……そんな、, , ,Ayumi,No... That's...,,,아유미,그럴 수가...... 그럴 수가,,,あゆみ,怎麼會……怎麼會，,,,1,0,0,1,0,0,0,0,0,,Translated
2667,あゆみ,ああ……あぁ……, , ,Ayumi,Aaahh...aaaaahhhh...,,,아유미,아아...... 아아......,,,あゆみ,啊啊……啊啊……,,,1,0,0,1,0,0,0,0,0,,Translated
2668,あゆみ,あああぁぁ……っ、……アアアアァァァーーーッ！！, , ,Ayumi,Aaaaaagghh... *hic*,AAAAAAAAAAAAAAAAGGGGGGGGGGGGGGHHHHHHHHHHHHHH!!,,아유미,"아아아아아...... 윽,  ...... 아아아아아아악~~~!!",,,あゆみ,啊啊啊……、……啊啊啊啊啊～～！！,,,1,0,0,1,0,0,0,0,0,,Translated
2669,哲志・由香,はぁ、はぁ、はぁ……！, , ,Satoshi & Yuka,*pant* *pant* *pant*,,,사토시·유카,"하아, 하아, 하아......!",,,哲志・由香,哈啊、哈啊、哈啊……！,,,1,46,18,1,0,0,0,0,0,,Translated
2670,哲志,直美ーっ！　どこだー！　はぁ、はぁ……, , ,Satoshi,Naomi!! Where are you?!,,,사토시,"나오미~! 어디 있어~! 하아, 하아......",,,哲志,直美～～！　在哪裡～！　哈啊、哈啊……,,,1,47,18,1,0,0,0,0,0,,Translated
2671,良樹,中嶋ァー！, , ,Yoshiki,Nakashimaaaa!!,,,요시키,나카시마아~!,,,良樹,中嶋～～！,,,1,251,25,1,0,0,0,0,0,,Translated
2672,あゆみ,はぁっ、はぁっ……暗がりが多いなぁ……,はぁ、はぁ。, ,Ayumi,*pant* *pant*,...Sure is dark in here...,*gulp* *wheeze*,아유미,"하악, 하악...... 온통 어둡네......","하아, 하아.",,あゆみ,哈啊、哈啊……暗處真多啊……,哈啊、哈啊。,,1,132,4,1,0,0,0,0,0,,Translated
2673,由香,はっ、はっ……, , ,Yuka,*pant* *pant*,,,유카,"헉, 헉......",,,由香,哈、哈……,,,1,98,29,1,0,0,0,0,0,,Translated
2674,由香,あっ！, , ,Yuka,...Ah!,,,유카,앗!,,,由香,啊！,,,1,99,29,1,0,0,0,0,0,,Translated
2675,哲志,ハァ、ハァ……？　どうした……？, , ,Satoshi,*pant* *pant* *pant*,...What's wrong?,,사토시,"하아, 하아......? 왜 그래......?",,,哲志,哈啊、哈啊……？　怎麼了……？,,,1,48,18,1,0,0,0,0,0,,Translated
2676,由香,あそこ！　人がいるよ。……はっ、はっ……, , ,Yuka,Over there! There's a person!,,,유카,"저기! 사람이 있어. 헉, 헉......",,,由香,那裡！　有人。……哈、哈……,,,1,100,29,1,0,0,0,0,0,,Translated
2677,哲志,本当だ……！　直美か？, , ,Satoshi,You're right! Is it Naomi?,,,사토시,정말이네......! 나오미인가?,,,哲志,真的……！　是直美嗎？,,,1,49,18,1,0,0,0,0,0,,Translated
2678,哲志,直美！　直美か？, , ,Satoshi,"Naomi! Naomi, is that you?",,,사토시,나오미! 나오미야?,,,哲志,直美！　是直美嗎？,,,1,51,18,1,0,0,0,0,0,,Translated
2679,由香,おねえちゃぁん！, , ,Yuka,Naoomii!!,,,유카,언니이!,,,由香,姊姊～～！,,,1,101,29,1,0,0,0,0,0,,Translated
2680,あゆみ,中嶋さん！, , ,Ayumi,Nakashima!,,,아유미,나카시마!,,,あゆみ,中嶋同學！,,,1,133,4,1,0,0,0,0,0,,Translated
2681,哲志,直美だ……！　ったく、心配させるなよ。, , ,Satoshi,It IS Naomi!,"Man, you really had us worried...",,사토시,"나오미다......! 하여간, 걱정을 끼치고.",,,哲志,是直美……！　真是的，別讓人擔心啊。,,,1,52,18,1,0,0,0,0,0,,Translated
2682,哲志,……？　直美？, , ,Satoshi,...?,Naomi...?,,사토시,......? 나오미?,,,哲志,……？　直美？,,,1,53,18,1,0,0,0,0,0,,Translated
2683,由香,きゃーっ！, , ,Yuka,Eyaaaaaagh!!,,,유카,꺄악~!,,,由香,呀～！,,,1,102,29,1,0,0,0,0,1,,Translated
2684,哲志・良樹・あゆみ,うわあああぁぁぁ！　ああああ……, , ,"Satoshi, Yoshiki & Ayumi",YAAAAAAAAAAAAAAAAAAAAAAGGGGGHHHHHH!!,,,사토시·요시키·아유미,우와아아아아아아! 아아아아......,,,哲志・良樹・あゆみ,哇啊啊啊啊！　啊啊啊……,,,1,55,18,1,1,0,1,0,0,,Translated
2685,直美,ああああぁぁあぁぁ……！, , ,Naomi,UWAAAAAAAAAAAAAAAAAAAAAAAAGGGGGGHHHHHH!!,,,나오미,아아아아아아아아아......!,,,直美,啊啊啊啊啊啊……！,,,1,0,0,1,0,0,0,0,0,,Translated
2686,哲志,（何だろう……？　この先は……,　進んではいけない気がする）, ,Satoshi,(What's this sensation? I get the feeling that...,we're not supposed to go this way...),,사토시,(뭐지......? 이 앞은......,지나가서는 안 될 것 같아),,哲志,（怎麼回事……？　前方……,感覺不該前進）,,1,0,0,1,0,0,0,0,0,,Translated
2687,哲志,行き止まりか……, , ,Satoshi,A dead end...,,,사토시,막혔나......,,,哲志,是死路嗎……,,,1,103,18,1,0,0,0,0,0,,Translated
2688,,７回目の鐘が鳴った。, , ,,The bell tolls for a seventh time.,The whole school begins to shudder in sync with,its vibrato.,,7번째 종이 울렸다.,,,,第七次鐘聲響了。,,,0,0,0,1,0,0,0,0,0,,Translated
2689,,６回目の鐘が鳴った。, , ,,Number six. The air is beginning to feel thicker,now...,,,6번째 종이 울렸다.,,,,第六次鐘聲響了。,,,0,0,0,1,0,0,0,0,0,,Translated
2690,,５回目の鐘が鳴った。, , ,,A fifth toll...,,,,5번째 종이 울렸다.,,,,第五次鐘聲響了。,,,0,0,0,1,0,0,0,0,0,,Translated
2691,,４回目の鐘が鳴った。, , ,,A fourth toll...,,,,4번째 종이 울렸다.,,,,第四次鐘聲響了。,,,0,0,0,1,0,0,0,0,0,,Translated
2692,,３回目の鐘が鳴った。, , ,,A third toll...,,,,3번째 종이 울렸다.,,,,第三次鐘聲響了。,,,0,0,0,1,0,0,0,0,0,,Translated
2693,,２回目の鐘が鳴った。, , ,,The bell tolls again.,,,,2번째 종이 울렸다.,,,,第二次鐘聲響了。,,,0,0,0,1,0,0,0,0,0,,Translated
2694,,１回目の鐘が鳴った。, , ,,"Somewhere in the distance, a bell tolls.",It sounds like the hour tone of a grandfather clock.,,,1번째 종이 울렸다.,,,,第一次鐘聲響了。,,,0,0,0,1,0,0,0,0,0,,Translated
2695,哲志,（もう、ここに入る必要はなさそうだ）, , ,Satoshi,(There's no reason to go back in here.),,,사토시,(이제 여기에 들어갈 필요는 없을 것 같다),,,哲志,（已經，沒有必要進這裡了）,,,1,0,0,1,0,0,0,0,0,,Translated
2696,,ここに用はない、早く外に出なくては……, , ,,"Right now, escape is paramount.",,,,"여기엔 볼일이 없어, 어서 밖으로 나가야 해......",,,,這裡沒有事，得快點到外面去……,,,0,0,0,1,0,0,0,0,0,,Translated
2697,あゆみ,…………, , ,Ayumi,...,,,아유미,............,,,あゆみ,…………,,,1,241,3,1,0,0,0,0,0,,Translated
2698,直美,…………, , ,Naomi,...,,,나오미,............,,,直美,…………,,,1,7,13,1,0,0,0,0,0,,Translated
2699,あゆみ,結衣先生……だめだったよ……, , ,Ayumi,Ms. Yui...is dead.,,,아유미,유이 선생님...... 죽었어......,,,あゆみ,結衣老師……已經死了……,,,1,242,3,1,0,0,0,0,0,,Translated
2700,直美,！……　先生が……, , ,Naomi,...Ahh...,Ms. Yui...,,나오미,! ......  선생님이......,,,直美,！……老師……,,,1,8,13,1,0,0,0,0,0,,Translated
2701,あゆみ,……, , ,Ayumi,...,,,아유미,......,,,あゆみ,……,,,1,243,3,1,0,0,0,0,0,,Translated
2702,あゆみ,中嶋さん。そのサチコさんの切れ端、どうしたの？,……持田君の？, ,Ayumi,Nakashima? Where did you get that paper doll scrap?,Is it...Mochida's?,,아유미,"나카시마. 그 사치코 조각, 어디서 난 거야?",...... 모치다 군 거?,,あゆみ,中嶋同學。那個サチコ的碎片，是怎麼來的？,……是持田同學的？,,1,244,3,1,0,0,0,0,0,,Translated
2703,直美,哲志は自分のを持ってるよ……,これは、由香ちゃんの……, ,Naomi,"No, Satoshi still has his own. This is Yuka's.",,,나오미,사토시는 갖고 있어......,"이건, 유카 거......",,直美,哲志有自己的……,這是，由香的……,,1,9,13,1,0,0,0,0,0,,Translated
2704,直美,可哀想に……あの子も、亡くなってた。, , ,Naomi,Poor girl...,"She didn't make it, either.",,나오미,안 됐지만...... 그 애도 죽었어.,,,直美,真可憐……那個孩子，也死了。,,,1,10,13,1,0,0,0,0,0,,Translated
2705,あゆみ,……ふーん。じゃ、そっちに……二枚、あるんだね。, , ,Ayumi,Hmmmm...so that means there are two between the,both of you.,,아유미,"흐응~ ...... 그럼, 그쪽에 2장 있는 거네.",,,あゆみ,……呼～嗯。那，你們那邊有……兩張呢。,,,1,245,3,1,0,0,0,0,0,,Translated
2706,あゆみ,ごめん、それ……くれるぅ？, , ,Ayumi,"Sorry to ask, but...can I have that one?",,,아유미,"미안, 그거, 줄래?",,,あゆみ,抱歉，那個……可以給我嗎？,,,1,246,3,1,0,0,0,0,0,,Translated
2707,直美,あなたは……馬鹿よ、本当に。, , ,Naomi,"You're...a real jackass, you know that?",,,나오미,"...... 너는...... 바보야, 정말.",,,直美,……你……真是個笨蛋。,,,1,11,13,1,0,0,0,0,0,,Translated
2708,あゆみ,私、自分の失くしちゃって……　さァ！, , ,Ayumi,"Actually, I'm only asking because I wound up losing",mine. So GIVE IT HERE!!,,아유미,"난, 내 걸 잃어버려서...... 말야!!",,,あゆみ,我，弄丟自己的了……　所～以！,,,1,247,3,1,1,0,0,0,0,,Translated
2709,あゆみ,ハァ！ハァ！　――さァ！持田君！殺したよ！, , ,Ayumi,*pant* *pant* *pant* *pant*,"Check it out, Mochida! I killed her!",,아유미,하아! 하아!  자아! 모치다 군! 죽였어!,,,あゆみ,哈啊！哈啊！　――來吧！持田同學！我殺了！,,,1,249,3,1,0,0,0,0,0,,Translated
2710,あゆみ,殺した！殺したの！殺した殺した殺した！,ころころころし殺したした！, ,Ayumi,I killed her! Killed her killed her killed her!,Haha! I killkillkillkillkilled her! Killed her DEAD!,,아유미,죽였다!  죽였어!  죽였다죽였다죽였다!,주주주죽였죽였다!,,あゆみ,殺了！　殺了！　殺了殺了殺了！,殺殺殺殺死了死了！,,1,250,3,1,0,0,0,0,0,,Translated
2711,あゆみ,アッハァ！！, , ,Ayumi,AAAAHAHAHA! Eeeeeheeheehee...heeeheehaa...,,,아유미,앗하!!,,,あゆみ,啊哈！！,,,1,0,0,1,0,0,0,6,0,,Translated
2712,あゆみ,イィイイイィィ！！！！, , ,Ayumi,...HAAAAH!!,,,아유미,이이이이이이이!!!!,,,あゆみ,咿咿咿咿咿！！！！,,,1,252,3,1,0,0,0,0,0,,Translated
2713,あゆみ,汚い豚、消えたわよ！　私と契りましょう！,一緒にここから、帰ろ？, ,Ayumi,The filthy pig is gone now! You're free to be,"with me! Come on, let's get out of here together!",,아유미,더러운 돼지는 사라졌어! 나랑 하자!,함께 여기에서 나가자.,,あゆみ,骯髒的豬消失了！　和我締約吧！,一起從這裡，回去吧？,,1,253,3,1,0,0,0,0,0,,Translated
2714,あゆみ,……フゥ。ごめんネ、中嶋さん。,私の一人勝ちだわ。, ,Ayumi,"Heh. Sorry, Nakashima. Looks like I get the guy",after all.,,아유미,"...... 후우, 미안 나카시마.",내가 이겼어.,,あゆみ,……呼。對不起呢中嶋同學。,是我贏了。,,1,254,3,1,0,0,0,0,0,,Translated
2715,あゆみ,（――黒化！）, , ,Ayumi,(The darkening...!),,,아유미,(흑화!),,,あゆみ,（――黑化！）,,,1,0,0,1,0,0,0,0,0,,Translated
2716,あゆみ,……うそ……！　ウソウソウソ！,うそ！！！　……いやあああぁぁぁぁぁぁ！！, ,Ayumi,"No... No, nonononono...",Nooo... NOOOOOOOOOOOO!!,,아유미,...... 거짓말......! 거짓말거짓말거짓말!,거짓말!!!  ...... 꺄아아아아아아아아아!!,,あゆみ,……騙人……！　騙人騙人騙人！,騙人！！！　……不要啊啊啊啊啊啊！！,,1,255,3,1,0,0,0,0,0,,Translated
2717,あゆみ,あああぁぁ……！, , ,Ayumi,Aaah! Aaaggh! Aaaaaaggghh!!,,,아유미,아아아아아......!,,,あゆみ,啊啊啊……！,,,1,0,4,1,0,0,0,0,0,,Translated
2718,あゆみ,―まって！　持田君がいてくれないと,……私、どうやって帰るのよ！, ,Ayumi,Wait... If Mochida's not with me...then how do,I get back home?!,,아유미,기다려!  모치다 군이 없으면,"...... 난, 어떻게 돌아가라고!",,あゆみ,―等等！　沒有持田同學的話,……我要怎麼回去啊！,,1,1,4,1,0,0,0,0,0,,Translated
2719,あゆみ,そんな……そんな……, , ,Ayumi,No... That's...,,,아유미,그럴 수가...... 그럴 수가......,,,あゆみ,怎麼會……怎麼會……,,,1,2,4,1,0,0,0,0,0,,Translated
2720,あゆみ,ああ……あぁ……, , ,Ayumi,Aaahh...aaaaahhhh...,,,아유미,아아...... 아아......,,,あゆみ,啊啊……啊啊……,,,1,3,4,1,0,0,0,0,0,,Translated
2721,あゆみ,あああぁぁ……　っ、,……アアアアァァァーーーッ！！, ,Ayumi,Aaaaaagghh... *hic*,AAAAAAAAAAAAAAAAGGGGGGGGGGGGGGHHHHHHHHHHHHHH!!,,아유미,아아아아아......,...... 아아아아아아악~~~!!,,あゆみ,啊啊啊……　、……啊啊啊啊啊～～！！,,,1,4,4,1,0,0,0,0,0,,Translated
2722,哲志,（もう、ここに入る必要はなさそうだ）, , ,Satoshi,(There's no reason to go back in here.),,,사토시,(이제 여기에 들어갈 필요는 없을 것 같다),,,哲志,（已經，沒有必要進這裡了）,,,1,0,0,1,0,0,0,0,0,,Translated
2723,哲志,……良樹！　篠崎も！　ハァ、ハァ……, , ,Satoshi,Yoshiki! And Shinozaki!,*pant* *pant*,,사토시,"...... 요시키! 시노자키까지!  하아, 하아......",,,哲志,……良樹！　篠崎也在！　哈啊、哈啊……,,,1,56,18,1,0,0,0,0,0,,Translated
2724,あゆみ,持田君！, , ,Ayumi,Mochida...!,,,아유미,모치다 군!,,,あゆみ,持田同學！,,,1,148,4,1,0,0,0,0,0,,Translated
2725,良樹,おぅ……！　由香も無事か。, , ,Yoshiki,And Yuka too! Good to see you guys!,,,요시키,오오......!  유카도 무사하냐?,,,良樹,喔……！　由香也平安無事啊。,,,1,8,26,1,0,0,0,0,0,,Translated
2726,由香,はい……　はっ……はっ……, , ,Yuka,Uh-huh!,*pant* *pant*,,유카,네...... 헉...... 헉......,,,由香,是的……　哈……哈……,,,1,105,29,1,0,0,0,0,0,,Translated
2727,あゆみ,大丈夫？　息が, , ,Ayumi,You two okay? You're out of breath...,,,아유미,괜찮아? 숨이,,,あゆみ,沒事吧？　喘吁吁的,,,1,149,4,1,0,0,0,0,0,,Translated
2728,哲志,ハァ、ハァ……直美が……直美が、,篠原の身体を持った化け物を追いかけて……,いなくなった。,Satoshi,*pant* *pant*,Naomi... Naomi went after this monster that took,Shinohara's body...and she got separated from us...,사토시,"하아, 하아...... 나오미가...... 나오미가",시노하라의 몸을 갖고 간 괴물을 쫓아가다......,사라졌어.,哲志,哈啊、哈啊……直美她……直美她，,追著帶著篠原身體的怪物……,不見了。,1,57,18,1,0,0,0,0,0,,Translated
2729,あゆみ,中嶋さんが……？, , ,Ayumi,Nakashima is missing?!,,,아유미,나카시마가......?,,,あゆみ,中嶋同學……？,,,1,150,4,1,0,0,0,0,0,,Translated
2730,哲志,結衣先生まで……嘘だろう……？, , ,Satoshi,"Ms. Yui, too...",God...,,사토시,유이 선생님까지...... 거짓말이지......?,,,哲志,連結衣老師都……騙人的吧……？,,,1,58,18,1,0,0,0,0,0,,Translated
2731,良樹,…………, , ,Yoshiki,...,,,요시키,............,,,良樹,…………,,,1,9,26,1,0,0,0,0,0,,Translated
2732,あゆみ,私のっ……　私の、せい……, , ,Ayumi,It's... It's all my fault...,,,아유미,"내...... 내, 탓이야......",,,あゆみ,是我的……　是我的錯……,,,1,151,4,1,0,0,0,0,0,,Translated
2733,良樹,『強くなれ』って。, , ,Yoshiki,'Be strong.' Remember?, ,,요시키,『강해져라』.,,,良樹,『要堅強』。,,,1,10,26,1,0,0,0,0,0,,Translated
2734,良樹,……結衣先生の最期の言葉だ。, , ,Yoshiki,Those were Ms. Yui's last words.,,,요시키,...... 유이 선생님의 마지막 말이야.,,,良樹,……結衣老師的遺言。,,,1,11,26,1,0,0,0,0,0,,Translated
2735,あゆみ,…………, , ,Ayumi,*sob*,,,아유미,............,,,あゆみ,…………,,,1,152,4,1,0,0,0,0,0,,Translated
2736,良樹,負けずに、生き抜かなきゃよ……そうだろ？, , ,Yoshiki,"So we have to do what she says, and get out of here","alive, okay?! ...Right?",,요시키,"지지 말고, 살아남아야 해...... 그렇지?",,,良樹,必須不認輸地，活下去……對吧？,,,1,12,26,1,0,0,0,0,0,,Translated
2737,あゆみ,…………, , ,Ayumi,*sob* *sob*,,,아유미,............,,,あゆみ,…………,,,1,153,4,1,0,0,0,0,0,,Translated
2738,哲志,……結衣先生……。　……なぁ、結衣先生ってさ、,笑ってる顔しか思い浮かばないよな……, ,Satoshi,Ms. Yui...,You know... I can't even think of her with anything,but a smile on her face...,사토시,"...... 유이 선생님......  ...... 저기, 유이 선생님은",웃는 얼굴 밖에 안 떠오르지......,,哲志,……結衣老師……。　……吶，結衣老師啊，,我只想得起她笑的樣子……,,1,59,18,1,0,0,0,0,0,,Translated
2739,良樹,…………, , ,Yoshiki,...,,,요시키,............,,,良樹,…………,,,1,13,26,1,0,0,0,0,0,,Translated
2740,哲志,先生なら、きっと……いつだって応援し続けてくれる。, , ,Satoshi,"No matter what we were going through, Ms. Yui's",always been there for us. She's been rooting for,us since the very start.,사토시,"선생님이라면, 분명...... 언제까지나 응원해 줄 거야.",,,哲志,如果是老師，一定……會一直為我們加油的。,,,1,60,18,1,0,0,0,0,0,,Translated
2741,哲志,きっと今もだ。, , ,Satoshi,I'm sure she still is.,,,사토시,지금도 그렇고.,,,哲志,現在也一定是。,,,1,61,18,1,0,0,0,0,0,,Translated
2742,あゆみ,……ううう……, , ,Ayumi,*sniffle* *hic*,,,아유미,...... 우우우......,,,あゆみ,……嗚嗚……,,,1,154,4,1,0,0,0,0,0,,Translated
2743,哲志,行こう。先生に心配掛けちゃ駄目だ。, , ,Satoshi,Come on. We have to do this. For Ms. Yui.,Let's not worry her anymore.,,사토시,가자. 선생님에게 걱정을 끼쳐선 안 돼.,,,哲志,走吧。不能讓老師擔心。,,,1,62,18,1,0,0,0,0,0,,Translated
2744,哲志,篠崎！ハァ、ハァ……, , ,Satoshi,Shinozaki!,*pant* *pant*,,사토시,"시노자키! 하아, 하아......",,,哲志,篠崎！哈啊、哈啊……,,,1,66,18,1,0,0,0,0,0,,Translated
2745,あゆみ,持田君！　……由香ちゃんも！,……無事だった？, ,Ayumi,Mochida! And Yuka!,...Are you two all right?!,,아유미,모치다 군!  ...... 유카도!,...... 무사했어?,,あゆみ,持田同學！　……由香也是！,……沒事了嗎？,,1,155,4,1,0,0,0,0,0,,Translated
2746,由香,はい……　はっ……はっ……, , ,Yuka,Uh-huh!,*pant* *pant*,,유카,네......  헉...... 헉......,,,由香,是的……　哈……哈……,,,1,105,29,1,0,0,0,0,0,,Translated
2747,哲志,ハァ、ハァ……直美が……直美が、,篠原の身体を持った化け物を追いかけて……,いなくなった。,Satoshi,*pant* *pant*,Naomi... Naomi went after this monster that took,Shinohara's body...and she got separated from us...,사토시,"하아, 하아...... 나오미가...... 나오미가",시노하라의 몸을 갖고 간 괴물을 쫓아가다......,사라졌어.,哲志,哈啊、哈啊……直美她……直美她，,追著帶著篠原身體的怪物……,不見了。,1,67,18,1,0,0,0,0,0,,Translated
2748,あゆみ,中嶋さんが……？, , ,Ayumi,Nakashima is missing?!,,,아유미,나카시마가......?,,,あゆみ,中嶋同學……？,,,1,156,4,1,0,0,0,0,0,,Translated
2749,哲志,結衣先生まで……嘘だろう……？, , ,Satoshi,"Ms. Yui, too...",God...,,사토시,유이 선생님까지...... 거짓말이지......?,,,哲志,連結衣老師都……騙人的吧……？,,,1,68,18,1,0,0,0,0,0,,Translated
2750,あゆみ,…………, , ,Ayumi,...,,,아유미,............,,,あゆみ,…………,,,1,157,4,1,0,0,0,0,0,,Translated
2751,哲志,……良樹！　篠崎も！　ハァ、ハァ……, , ,Satoshi,Yoshiki! And Shinozaki!,*pant* *pant*,,사토시,"......요시키!  시노자키까지!  하아, 하아......",,,哲志,……良樹！　篠崎也在！　哈啊、哈啊……,,,1,56,18,1,0,0,0,0,0,,Translated
2752,あゆみ,持田君！, , ,Ayumi,Mochida...!,,,아유미,모치다 군!,,,あゆみ,持田同學！,,,1,148,4,1,0,0,0,0,0,,Translated
2753,良樹,おぅ……！　由香も無事か？, , ,Yoshiki,And Yuka too! Good to see you guys!,,,요시키,오오......!  유카도 무사하냐?,,,良樹,喔……！　由香也平安無事嗎？,,,1,8,26,1,0,0,0,0,0,,Translated
2754,由香,はい……　はっ……はっ……, , ,Yuka,Uh-huh!,*pant* *pant*,,유카,네...... 헉...... 헉......,,,由香,是的……　哈……哈……,,,1,105,29,1,0,0,0,0,0,,Translated
2755,あゆみ,大丈夫？　息が, , ,Ayumi,You two okay? You're out of breath...,,,아유미,괜찮아? 숨이,,,あゆみ,沒事吧？　喘吁吁的,,,1,149,4,1,0,0,0,0,0,,Translated
2756,哲志,ハァ、ハァ……直美が……直美が、,篠原の身体を持った化け物を追いかけて……,いなくなった。,Satoshi,*pant* *pant*,Naomi... Naomi went after this monster that took,Shinohara's body...and she got separated from us...,사토시,"하아, 하아...... 나오미가...... 나오미가",시노하라의 몸을 갖고 간 괴물을 쫓아가다......,사라졌어.,哲志,哈啊、哈啊……直美她……直美她，,追著帶著篠原身體的怪物……,不見了。,1,57,18,1,0,0,0,0,0,,Translated
2757,あゆみ,中嶋さんが……？, , ,Ayumi,Nakashima is missing?!,,,아유미,나카시마가......?,,,あゆみ,中嶋同學……？,,,1,150,4,1,0,0,0,0,0,,Translated
2758,良樹,……よし。じゃぁもう、こんなくそったれの学校に,残っている理由はねぇ。, ,Yoshiki,All right. Now there's nothing keeping us in this,godforsaken school anymore.,,요시키,...... 좋아. 더 이상 이런 빌어먹을 학교에,남아 있을 이유는 없어.,,良樹,……好。那就沒有理由再留在,這所該死的學校了。,,1,43,26,1,0,0,0,0,0,,Translated
2759,良樹,中嶋見つけて、とっとと『逆打ち』だ。, , ,Yoshiki,Let's just find Nakashima and get the hell out of,here!,,요시키,"나카시마를 찾고, 바로 『역타법』이야.",,,良樹,找到中嶋，趕快進行『逆打』吧。,,,1,44,26,1,0,0,0,0,0,,Translated
2760,哲志,ああ。そうしよう……, , ,Satoshi,Yeah. Sounds like a plan to me.,,,사토시,그래. 그러자......,,,哲志,嗯。就這麼辦……,,,1,190,18,1,0,0,0,0,0,,Translated
2761,哲志,―直美！　……無事か！, , ,Satoshi,Naomi! Are you okay?!,,,사토시,나오미!  ...... 무사해!?,,,哲志,―直美！　……沒事吧！,,,1,192,18,1,0,0,0,0,0,,Translated
2762,直美,哲志……, , ,Naomi,Satoshi...!,,,나오미,사토시......,,,直美,哲志……,,,1,123,12,1,0,0,0,0,0,,Translated
2763,あゆみ,中嶋さん……！, , ,Ayumi,Nakashima!,,,아유미,나카시마......!,,,あゆみ,中嶋同學……！,,,1,203,4,1,0,0,0,0,0,,Translated
2764,良樹,中嶋……！, , ,Yoshiki,Nakashima...!,,,요시키,나카시마......!,,,良樹,中嶋……！,,,1,45,26,1,0,0,0,0,0,,Translated
2765,哲志,心配掛けるなよ……ハァ、ハァ,……怪我なさそうで良かった。, ,Satoshi,*pant* *pant*,You really had us worried!,"Good to see you're uninjured, at least...",사토시,"걱정 끼치지 좀 마라...... 하아, 하아",...... 다친 데가 없어서 다행이야.,,哲志,別讓人家擔心啊……哈啊、哈啊,……看來沒有受傷，太好了。,,1,193,18,1,0,0,0,0,0,,Translated
2766,哲志,篠原は……見つかったか？, , ,Satoshi,Did you...find Shinohara?,,,사토시,시노하라는...... 찾았어?,,,哲志,篠原……找到了嗎？,,,1,194,18,1,0,0,0,0,0,,Translated
2767,あゆみ,中嶋さん……篠原さん、出来れば連れて,帰りたいけど……多分、もう私たち限界だと思うの。, ,Ayumi,Nakashima... I wish we could take Shinohara back,with us...but I don't see any way that would work.,,아유미,나카시마...... 가능하면 시노하라를 데리고,가고 싶지만...... 우린 이미 한계라고 생각해.,,あゆみ,中嶋同學……如果可能的話我也想,帶篠原同學回去……但我想我們大概已經到極限了。,,1,204,4,1,0,0,0,0,0,,Translated
2768,あゆみ,この学校にこれ以上いたら、大変な事になるわ……,みんなで逆打ちして帰りましょう？, ,Ayumi,"The longer we stay here, the more likely it is that",our way out will be closed. I think we should just,leave...while we can.,아유미,"이 학교에 더 있다간, 큰일이 날 거야......",모두 함께 역타법으로 돌아가자.,,あゆみ,再待在這所學校裡，會發生很嚴重的事……,大家一起用逆打回去吧？,,1,205,4,1,0,0,0,0,0,,Translated
2769,哲志,そうか……。,直美、篠原も出来れば連れて返ってやりたいが……, ,Satoshi,I don't...think we can bring Shinohara back with us.,I wish we could...,,사토시,그래......,"나오미, 시노하라도 가능하면 데리고 가고 싶지만......",,哲志,是嗎……。,直美，雖然也想帶篠原回去……,,1,195,18,1,0,0,0,0,0,,Translated
2770,良樹,急がねぇと、心が侵されて……黒化に負けちまう。, , ,Yoshiki,"If we don't hurry, we're gonna get attacked,",and we'll all wind up as part of the school!,,요시키,"서두르지 않으면, 마음을 먹혀서...... 흑화하고 말 거야.",,,良樹,不快點的話，心會被侵蝕……會敗給黑化。,,,1,46,26,1,0,0,0,0,0,,Translated
2771,哲志,心残りだが……ここはもう、『逆打ち』を,実行するべきだと思う。, ,Satoshi,I hate to do it...but we really need to get out of,here while we have the chance.,,사토시,아쉽지만...... 이제 『역타법』을,실행할 때라고 생각해.,,哲志,雖然很遺憾……但我認為現在,應該執行『逆打』了。,,1,196,18,1,0,0,0,0,0,,Translated
2772,直美,……ううっ……, , ,Naomi,Nnng...,,,나오미,...... 우우......,,,直美,……嗚嗚……,,,1,164,13,1,0,0,0,0,0,,Translated
2773,直美,ん……, , ,Naomi,...Okay...,,,나오미,응......,,,直美,嗯……,,,1,162,12,1,0,0,0,0,0,,Translated
2774,あゆみ,うん……じゃ……はじめるよ。,みんな、近づいて。, ,Ayumi,"All right. Let's begin. Everyone, gather round.",,,아유미,응...... 그럼...... 시작할게.,"다들, 모여.",,あゆみ,嗯……那……開始囉。,大家，靠近一點。,,1,206,4,1,0,0,0,0,0,,Translated
2775,哲志,サチコさんおねがいします！, , ,Satoshi,"Sachiko, we beg of you...",,,사토시,사치코씨 부탁합니다!,,,哲志,サチコ小姐拜託了！,,,1,93,18,1,0,0,0,0,0,,Translated
2776,由香,サチコさんおねがいします！, , ,Yuka,Sachiko! We beg of you!!,,,유카,사치코씨 부탁합니다!,,,由香,サチコ小姐拜託了！,,,1,115,29,1,0,0,0,0,0,,Translated
2777,良樹,サチコさんおねがいします！, , ,Yoshiki,Sachiko... We beg of you!,,,요시키,사치코씨 부탁합니다!,,,良樹,サチコ小姐拜託了！,,,1,24,26,1,0,0,0,0,0,,Translated
2778,あゆみ,サチコさんおねがいします！, , ,Ayumi,Sachiko! We beg of you!,,,아유미,사치코씨 부탁합니다!,,,あゆみ,サチコ小姐拜託了！,,,1,174,4,1,0,0,0,0,0,,Translated
2779,直美,サチコさんおねがいします！, , ,Naomi,"Sachiko, we beg of you!",,,나오미,사치코씨 부탁합니다!,,,直美,サチコ小姐拜託了！,,,1,90,13,1,0,0,0,0,0,,Translated
2780,哲志,サチコさんおねがいします！, , ,Satoshi,"Sachiko, we beg of you...",,,사토시,사치코씨 부탁합니다!,,,哲志,サチコ小姐拜託了！,,,1,93,18,1,0,0,0,0,0,,Translated
2781,由香,んんっ……, , ,Yuka,Rng...,,,유카,으응......,,,由香,嗯嗯……,,,1,90,29,1,0,0,0,0,0,,Translated
2782,哲志,うっ……なんだここは……酷い臭いだ……！, , ,Satoshi,Glgh! Wh-What is this place?! The smell is,absolutely overpowering...,,사토시,윽...... 뭐야 여긴...... 냄새가 심한데......!,,,哲志,嗚……這裡是哪裡……好臭啊……！,,,1,29,18,1,0,0,0,0,0,,Translated
2783,哲志,大丈夫か、由香？, , ,Satoshi,"Are you okay, Yuka?",,,사토시,괜찮아? 유카.,,,哲志,沒事吧，由香？,,,1,30,18,1,0,0,0,0,0,,Translated
2784,由香,んん……, , ,Yuka,Nnng...,,,유카,으응......,,,由香,嗯嗯……,,,1,91,29,1,0,0,0,0,0,,Translated
2785,哲志,……！　うわっ！, , ,Satoshi,*gasp*,,,사토시,......!  우왓!,,,哲志,……！　哇！,,,1,7,18,1,0,0,0,0,0,,Translated
2786,直美,何ここ……何の部屋なの……？, , ,Naomi,What the hell is this room? What was it used for?!,,,나오미,뭐야 여긴...... 무슨 방이야......?,,,直美,這裡是什麼……是什麼房間……？,,,1,66,13,1,0,0,0,0,0,,Translated
2787,哲志,この机も、血の跡がいっぱいだ……, , ,Satoshi,The table sure does have a lot of blood stains,on it...,,사토시,이 책상도 핏자국이 잔뜩 있어......,,,哲志,這張桌子，也滿是血跡……,,,1,31,18,1,0,0,0,0,0,,Translated
2788,直美,……。, , ,Naomi,...,,,나오미,......,,,直美,……。,,,1,29,13,1,0,0,0,0,0,,Translated
2789,由香,うう……, , ,Yuka,Rnng...,,,유카,우우......,,,由香,嗚嗚……,,,1,42,29,1,0,0,0,0,0,,Translated
2790,,触っていると、バケツにこびりついた血が,パリパリと剥がれ落ち、粉になって,体に纏わり付いてきます……,,You run your fingers along the lip of the bucket out,"of morbid curiosity, and the dried blood begins to",flake off. Your fingers are now red and sticky.,,"만져 보니, 양동이에 달라붙은 피가",슥슥 벗겨지고 가루가 되어 떨어져,몸에 달라붙고 있습니다......,,觸碰的時候，黏在桶子上的血,會啪啦啪啦地剝落，變成粉末,纏在身上……,0,0,0,1,0,0,0,0,0,,Translated
2791,,机はおびただしい量の血を吸って,全体が赤黒く変色しています……, ,,The surface of the table has absorbed a disturbingly,"large amount of blood, dyeing it a sickening",reddish-brown color.,,책상은 엄청난 양의 피를 빨아들여,온통 검붉게 변색되었습니다......,,,桌子吸收了驚人的血量，,整體變成了暗紅色……,,0,0,0,1,0,0,0,0,0,,Translated
2792,,バケツは血で真っ黒です……, , ,,"The bucket contains so much blood, staring into it","is like looking into a dark, syrupy void...",,,양동이는 피로 새까맣습니다......,,,,桶子裡的血漆黑一片……,,,0,0,0,1,0,0,0,0,0,,Translated
2793,,バケツの中には、血まみれのペンチやゴム手袋などが,粗雑に投げ込まれています……, ,,"There's a pair of bloody pliers, several pairs of",blood-spattered rubber gloves and numerous other,implements haphazardly tossed in this 'tool bucket.',,양동이 안에는 피투성이 펜치와 고무 장갑 등이,조잡하게 널브러져 있습니다......,,,桶子裡，沾滿鮮血的鉗子和橡膠手套等,被胡亂扔在裡面……,,0,0,0,1,0,0,0,0,0,,Translated
2794,,鋸やハンマーなど、切断や破砕に使う無骨な器具が,ごつごつと置いてあります……, ,,The table is covered in basic metal tools that seem,to have been used on human remains. There's a rusty,"saw, a hammer and several more 'custom' items.",,톱과 해머 등 절단과 파쇄에 사용되는 거친 기구들이,주욱 늘어서 있습니다......,,,陳列著鋸子和鐵鎚等用於切斷和粉碎的粗糙工具……,,,0,0,0,1,0,0,0,0,0,,Translated
2795,,流しの中には、腐臭漂う血肉ジュースのようなものが,たっぷりと詰まっています……, ,,"Whatever's in this sink, it smells rancid and looks",to be both juicy and chunky in equal measure.,,,싱크대 안에는 썩은 내가 진동하는 핏덩이 주스 같은 것이,잔뜩 담겨 있습니다......,,,水槽裡，滿是散發腐臭的血肉果汁般的東西……,,,0,0,0,1,0,0,0,0,0,,Translated
2796,直美・由香,――！, , ,Naomi & Yuka,...!,,,나오미·유카,!!,,,直美・由香,――！,,,1,92,29,1,0,0,0,0,0,,Translated
2797,哲志,誰か来る……！, , ,Satoshi,Someone's coming!,,,사토시,누군가 온다......!,,,哲志,有人來了……！,,,1,32,18,1,0,0,0,0,0,,Translated
2798,直美,ど、どうしよう、近づいてくるよ……！, , ,Naomi,Wh-What do we do?! The footsteps are getting closer!,,,나오미,"어, 어쩌지, 다가오고 있어......!",,,直美,怎、怎麼辦，越來越近了……！,,,1,67,13,1,0,0,0,0,0,,Translated
2799,哲志,その、机の下に入ろう……！, , ,Satoshi,Under the table. Quickly!,,,사토시,저기 책상 아래로 들어가자......!,,,哲志,躲到那張桌子下面……！,,,1,33,18,1,0,0,0,0,0,,Translated
2800,直美,こんなところすぐ見つからない？！, , ,Naomi,Won't we be found right away?!,,,나오미,이런 데 있으면 금방 들키지 않을까?!,,,直美,這種地方不是馬上會被發現嗎？！,,,1,68,13,1,0,0,0,0,0,,Translated
2801,哲志,ほかに隠れる場所がない！　……急げ！, , ,Satoshi,There's no place else we can all hide. Come on!,,,사토시,달리 숨을 곳이 없어!  ...... 서둘러!,,,哲志,沒有其他地方可以躲了！　……快！,,,1,34,18,1,0,0,0,0,0,,Translated
2802,田久地,……ヒィィィイイイイイイ！, , ,Taguchi,Heeeaaaaaaaagggghh!!,,,타구치,...... 히이이이이이이이이이!,,,田久地,……咿～～～～～～！,,,1,0,0,1,0,0,0,7,0,,Translated
2803,田久地,はぁっ、はぁっ……ヒイイ……イイ, , ,Taguchi,*pant* *pant* Aaaaagh!,,,타구치,"허억, 허억...... 히이이...... 이이",,,田久地,哈啊、哈啊……咿……,,,1,0,0,1,0,0,0,0,0,,Translated
2804,ヨシカズ,ウ……ウ……ぶしゅるるるる, , ,Yoshikazu,Hrrrg... Rrrrg... Gaurrrrrrr...,,,요시카즈,우...... 우...... 부슈르르르르,,,ヨシカズ,嗚……嗚……咕嚕嚕嚕嚕,,,1,0,0,1,0,0,0,0,0,,Translated
2805,直美,…………っ, , ,Naomi,*whimper*,,,나오미,............ 윽,,,直美,…………,,,1,69,13,1,0,0,0,0,0,,Translated
2806,哲志,直美……！　我慢だ！, , ,Satoshi,Naomi... Hang in there.,,,사토시,나오미......!  참아!,,,哲志,直美……！　忍住！,,,1,35,18,1,0,0,0,0,0,,Translated
2807,直美,う……うぅ……, , ,Naomi,...,,,나오미,으...... 으으......,,,直美,嗚……嗚嗚……,,,1,70,13,1,0,0,0,0,0,,Translated
2808,ヨシカズ,ウ……ウゥ……ぶしゅるるる……ウ……, , ,Yoshikazu,Oaaahh... Ooooah... Oaaaaaaaggghh!,Ooh... Oaaagh... Oaaahh!,,요시카즈,우...... 우우...... 부슈르르르...... 우......,,,ヨシカズ,嗚……嗚嗚……咕嚕嚕嚕……嗚……,,,1,0,0,1,0,0,0,0,0,,Translated
2809,直美,――ッ！！, , ,Naomi,...!,,,나오미,윽!!,,,直美,――！！,,,1,71,13,1,0,0,0,0,0,,Translated
2810,直美,んんんんん……ッ！！, , ,Naomi,*gag*,*whimper*,,나오미,으으으으응......!!,,,直美,嗯嗯嗯嗯嗯……！！,,,1,72,13,1,0,0,0,0,0,,Translated
2811,哲志,直美……！, , ,Satoshi,Naomi...!,,,사토시,나오미......!,,,哲志,直美……！,,,1,36,18,1,0,0,0,0,0,,Translated
2812,直美,んん……んん……！！, , ,Naomi,*whimper* *whimper*,,,나오미,으응...... 으응......!!,,,直美,嗯嗯……嗯嗯……！！,,,1,73,13,1,0,0,0,0,0,,Translated
2813,ヨシカズ,ウ……ウ……　ぶしゅるる……, , ,Yoshikazu,Ooh... Oooeh... Ooooeeegh?,,,요시카즈,우...... 우...... 부르르르......,,,ヨシカズ,嗚……嗚……　咕嚕嚕……,,,1,0,0,1,0,0,0,0,0,,Translated
2814,直美,うう……！　うう！うう……！, , ,Naomi,...!,,,나오미,우우......!  우우! 우우......!,,,直美,嗚嗚……！　嗚嗚！嗚嗚……！,,,1,74,13,1,0,0,0,0,0,,Translated
2815,ヨシカズ,ウウウウ……！, , ,Yoshikazu,Rrrrreeeeeegggghhh!!,,,요시카즈,우우우우......!,,,ヨシカズ,嗚嗚嗚嗚……！,,,1,176,26,1,1,0,0,0,0,,Translated
2816,田久地,ああッ！　ウワアァァァ！　アアアアア！, , ,Taguchi,AAAAH!! AAAAAAHHHH!! AAAAAAAAAAGGGGHHH!!,,,타구치,아악!  우와아아아아!  아아아아아!,,,田久地,啊啊！　哇啊啊！　啊啊啊啊！,,,1,0,0,1,0,0,0,0,0,,Translated
2817,ヨシカズ,ウグオアァァ！, , ,Yoshikazu,Rrrroooooaaaaaggghh!!,,,요시카즈,으가아아아!,,,ヨシカズ,嗚嘎啊啊！,,,1,177,26,1,0,0,0,0,0,,Translated
2818,直美,う……う……ぅぅぅ……, , ,Naomi,*sob*,,,나오미,우...... 우...... 우우우......,,,直美,嗚……嗚……嗚嗚……,,,1,75,13,1,0,0,0,0,0,,Translated
2819,哲志,行ったか……直美、……大丈夫か……？, , ,Satoshi,I think he's gone...,Naomi? Are you all right?,,사토시,갔나...... 나오미...... 괜찮아......?,,,哲志,走了嗎……直美，……沒事吧……？,,,1,37,18,1,0,0,0,0,0,,Translated
2820,直美,……うぅ……う, , ,Naomi,*sniffle* *gulp*,,,나오미,...... 우우...... 우,,,直美,……嗚嗚……嗚,,,1,76,13,1,0,0,0,0,0,,Translated
2821,由香,おねえちゃん……, , ,Yuka,Naomi...,,,유카,언니......,,,由香,姊姊……,,,1,93,29,1,0,0,0,0,0,,Translated
2822,直美,あいつ……世以子をどこに連れて行くのよ！, , ,Naomi,Where... Where the hell is that bastard taking,Seiko?!,,나오미,저 자식...... 세이코를 어디로 데려갈 셈이야!,,,直美,那傢伙……要把世以子帶到哪裡去！,,,1,77,13,1,0,0,0,0,0,,Translated
2823,哲志,待て！　直美！, , ,Satoshi,Wait! Naomi...!,,,사토시,기다려!  나오미!,,,哲志,等等！　直美！,,,1,38,18,1,0,0,0,0,0,,Translated
2824,直美,……これ以上！　ひどい目に遭わせられないもの！, , ,Naomi,She's been through enough as it is! I can't just,let this go on!,,나오미,...... 더 이상!  안 좋은 일을 당하게 놔둘 수는 없어!,,,直美,……不能再讓她！　遭遇更慘的事了！,,,1,78,13,1,0,0,0,0,0,,Translated
2825,哲志,待て！　一人で行くな直美！, , ,Satoshi,"Wait! Please! Don't run off by yourself, Naomi!",,,사토시,"기다려!  혼자 가지 마, 나오미!",,,哲志,等等！　不要一個人去直美！,,,1,39,18,1,0,0,0,0,0,,Translated
2826,哲志,くっ……, , ,Satoshi,Dammit...,,,사토시,큭......,,,哲志,可惡……,,,1,40,18,1,0,0,0,0,0,,Translated
2827,哲志,由香！　来るんだ！　俺から離れるな！, , ,Satoshi,Yuka! Come on! Stay right by my side!,,,사토시,유카!  이리 와!  나한테서 떨어지지 마!,,,哲志,由香！　過來！　不要離開我！,,,1,41,18,1,0,0,0,0,0,,Translated
2828,由香,うん……！, , ,Yuka,Okay!,,,유카,응......!,,,由香,嗯……！,,,1,94,29,1,0,0,0,0,0,,Translated
2829,哲志,この、足元の……引きずった跡を追って行った筈だ。,……追いつくぞ？, ,Satoshi,It's a safe bet she's following this trail of blood.,Let's try to catch up with her.,,사토시,여기 발을...... 질질 끈 자국을 따라갔을 거야.,...... 쫓아가자.,,哲志,她一定是沿著這個地面的……拖行痕跡追過去了。,……追上她吧？,,1,42,18,1,0,0,0,0,0,,Translated
2830,由香,うん。, , ,Yuka,Okay.,,,유카,응.,,,由香,嗯。,,,1,95,29,1,0,0,0,0,0,,Translated
2831,哲志,（……二度と来るのは嫌な部屋だ……,　今のうちに、調べるだけ調べておいてもいいか）, ,Satoshi,(This isn't a room I'd like to come back to. We,"should do all the investigating we can right now,",while we have the opportunity.),사토시,(...... 두 번 다시 오고 싶지 않은 방이야......,지금 조사할 만큼 조사해 두는 게 좋겠어),,哲志,（……不想再來第二次的房間……,　趁現在，能調查的就調查一下吧）,,1,0,0,1,0,0,0,0,0,,Translated
2832,,白骨死体が床に横たわっています……, , ,,There are skeletal remains sprawled out across,the floor.,,,백골 사체가 바닥에 누워 있습니다......,,,,白骨屍體躺在地板上……,,,0,0,0,1,0,0,0,0,0,,Translated
2833,,バケツの中には、赤や黄色の何かの肉塊のようなものが,詰め込まれています……, ,,Grotesque hunks of red and yellow meat have been,"crammed into the bucket. It's so full, the meat's",juices are dripping out over the sides.,,양동이 안에 빨갛고 노란 고깃덩이 같은 것이,담겨 있습니다......,,,桶子裡塞滿了紅色的、黃色的像是肉塊的東西……,,,0,0,0,1,0,0,0,0,0,,Translated
2834,,バケツの中に名札が入っています……, , ,,There's a student ID name tag mixed in with these,various and sundry contents.,,,양동이 안에 명찰이 들어 있습니다......,,,,桶子裡有名牌……,,,0,0,0,1,0,0,0,0,0,,Translated
2835,,人ひとりくらいなら入っていられそうな,大きな棚の中には、何も入っていません……。, ,,"There's a large wardrobe here, big enough to fit",a human being. It's currently empty.,,,사람 한 명쯤은 들어갈 법한,큰 수납장 안에는 아무것도 들어 있지 않습니다......,,,足以容納一個人的,大櫃子裡，什麼都沒有……。,,0,0,0,1,0,0,0,0,0,,Translated
2836,あゆみ,ん……んん……っ, , ,Ayumi,Nnnng...,Rrrnnngg...,,아유미,응...... 으응......,,,あゆみ,嗯……嗯嗯……,,,1,134,4,1,0,0,0,0,0,,Translated
2837,あゆみ,あれ……？, , ,Ayumi,Urrf...,Wh-What the...?,,아유미,어라......?,,,あゆみ,咦……？,,,1,135,4,1,0,0,0,0,0,,Translated
2838,あゆみ,ここは？, , ,Ayumi,Where...?,,,아유미,여긴?,,,あゆみ,這裡是？,,,1,136,4,1,0,0,0,0,0,,Translated
2839,あゆみ,！！　なにこれ……！　死体が一杯浮いてる……, , ,Ayumi,AAGH!!,Why... Why are there so many bodies?!,,아유미,!!  뭐야 이건......!  사체가 잔뜩 떠 있어......,,,あゆみ,！！　這是什麼……！　浮著好多屍體……,,,1,137,4,1,0,0,0,0,0,,Translated
2840,あゆみ,ううう……, , ,Ayumi,*sob* *gag*,,,아유미,으으으......,,,あゆみ,嗚嗚……,,,1,138,4,1,0,0,0,0,0,,Translated
2841,あゆみ,っ！　岸沼くん！？　どこ？, , ,Ayumi,Wait...,"Kishinuma? Kishinuma, are you here?!",,아유미,윽!  키시누마 군!?  어딨어?,,,あゆみ,！　岸沼同學！？　在哪裡？,,,1,140,4,1,0,0,0,0,0,,Translated
2842,あゆみ,やだ……岸沼くん！！, , ,Ayumi,"No... Please, no...",KIIISHIIINUUUMAAA!!,,아유미,싫어...... 키시누마 군!!,,,あゆみ,不要……岸沼同學！！,,,1,141,4,1,0,0,0,0,0,,Translated
2843,あゆみ,うううう……なんで……なんで一人にするの！, , ,Ayumi,*sob* Why? Why do I have to be all alone in here?!,,,아유미,우우우우...... 왜...... 왜 혼자 두는 거야!,,,あゆみ,嗚嗚嗚……為什麼……為什麼要讓我一個人！,,,1,142,4,1,0,0,0,0,0,,Translated
2844,あゆみ,！　……まさか……まさかこの中に……！, , ,Ayumi,...,"No... No, he couldn't be...",Is he...in here with me after all...?,아유미,!  ...... 설마...... 설마 이 안에......!,,,あゆみ,！　……難道……難道在這其中……！,,,1,143,4,1,0,0,0,0,0,,Translated
2845,あゆみ,ああ！, , ,Ayumi,NOOO...!,,,아유미,아아!,,,あゆみ,啊啊！,,,1,144,4,1,0,0,0,0,0,,Translated
2846,良樹,おーい……, , ,Yoshiki,Heeey!,,,요시키,야~ ......,,,良樹,喂～～……,,,1,252,25,1,0,0,0,0,0,,Translated
2847,あゆみ,……！？, , ,Ayumi,...?!,,,아유미,......!?,,,あゆみ,……！？,,,1,145,4,1,0,0,0,0,0,,Translated
2848,良樹,勝手に人を……, , ,Yoshiki,Don't even think about...,,,요시키,멋대로 사람을......,,,良樹,別隨便把人……,,,1,253,25,1,1,0,0,0,0,,Translated
2849,良樹,殺すなっ！　……と！, , ,Yoshiki,...killing me off just yet!,Oomph!,,요시키,죽이지 마!  ...... 영차!,,,良樹,殺掉啊！　……嘿！,,,1,254,25,1,0,0,0,0,0,,Translated
2850,あゆみ,岸沼くん……！, , ,Ayumi,Kishinuma...!,,,아유미,키시누마 군......!,,,あゆみ,岸沼同學……！,,,1,146,4,1,0,0,0,0,0,,Translated
2851,良樹,気が付いたらそこの段差にはまっててよ。,……もう少しで、プールの方に落ちちまう所だったぜ……, ,Yoshiki,"Before I realized it, I got stuck going down",a different chute. Almost wound up in the pool!,,요시키,정신이 들고 보니 저기에 빠져서 말야.,...... 까딱하면 수영장에 빠질 뻔했어......,,良樹,回過神來就卡在那裡的落差裡了。,……差一點就要掉到游泳池那邊去了……,,1,255,25,1,0,0,0,0,0,,Translated
2852,良樹,くそ、大丈夫か？　篠崎。, , ,Yoshiki,That would've been a real pain in the ass.,"You okay, Shinozaki?",,요시키,"젠장, 괜찮아?  시노자키.",,,良樹,可惡，沒事吧？　篠崎。,,,1,0,26,1,0,0,0,0,0,,Translated
2853,あゆみ,うん……！, , ,Ayumi,Uh-huh!,,,아유미,응......!,,,あゆみ,嗯……！,,,1,147,4,1,0,0,0,0,0,,Translated
2854,あゆみ,ん……んん……っ, , ,Ayumi,Nnnng...,Rrrnnngg...,,아유미,응...... 으응......,,,あゆみ,嗯……嗯嗯……,,,1,134,4,1,0,0,0,0,0,,Translated
2855,あゆみ,あれ……？, , ,Ayumi,Urrf...,Wh-What the...?,,아유미,어라......?,,,あゆみ,咦……？,,,1,135,4,1,0,0,0,0,0,,Translated
2856,あゆみ,ここは？, , ,Ayumi,Where...?,,,아유미,여긴?,,,あゆみ,這裡是？,,,1,136,4,1,0,0,0,0,0,,Translated
2857,あゆみ,！！　なにこれ……！　死体が一杯浮いてる……, , ,Ayumi,AAGH!!,Why... Why are there so many bodies?!,,아유미,!!  뭐야 이건......!  사체가 잔뜩 떠 있어......,,,あゆみ,！！　這是什麼……！　浮著好多屍體……,,,1,137,4,1,0,0,0,0,0,,Translated
2858,あゆみ,ううう……, , ,Ayumi,*sob* *gag*,,,아유미,으으으......,,,あゆみ,嗚嗚……,,,1,138,4,1,0,0,0,0,0,,Translated
2859,あゆみ,……どこなのここ？, , ,Ayumi,...Where the hell am I?!,,,아유미,...... 여긴 어디야?,,,あゆみ,……這裡是哪裡？,,,1,139,4,1,0,0,0,0,0,,Translated
2860,,無残な亡骸があります……, , ,,Yet another decaying corpse...,,,,끔찍한 유해가 있습니다......,,,,有殘忍的遺體……,,,0,0,0,1,0,0,0,0,0,,Translated
2861,,無残な亡骸があります……, , ,,Yet another decaying corpse...,,,,끔찍한 유해가 있습니다......,,,,有殘忍的遺體……,,,0,0,0,1,0,0,0,0,0,,Translated
2862,,無残な亡骸があります……, , ,,Yet another decaying corpse...,,,,끔찍한 유해가 있습니다......,,,,有殘忍的遺體……,,,0,0,0,1,0,0,0,0,0,,Translated
2863,,無残な亡骸があります……, , ,,Yet another decaying corpse...,,,,끔찍한 유해가 있습니다......,,,,有殘忍的遺體……,,,0,0,0,1,0,0,0,0,0,,Translated
2864,,無残な亡骸があります……, , ,,Yet another decaying corpse...,,,,끔찍한 유해가 있습니다......,,,,有殘忍的遺體……,,,0,0,0,1,0,0,0,0,0,,Translated
2865,,無残な亡骸があります……, , ,,Yet another decaying corpse...,,,,끔찍한 유해가 있습니다......,,,,有殘忍的遺體……,,,0,0,0,1,0,0,0,0,0,,Translated
2866,直美,っぷっ！　何これ……！, , ,Naomi,*spit*,What the hell?!,,나오미,우욱!  뭐야 이건......!,,,直美,噗！　這是什麼……！,,,1,167,13,1,0,0,0,0,0,,Translated
2867,,……黒々と光る無数の昆虫や節足動物、,ミミズなどが、まるでプールの水のように,満たされています。,,"Countless shiny black bugs, arthropods and worms","have all converged together into a skittering,","shifting mass so big, it's like a slimy lake.",,...... 새까맣게 빛나는 무수한 곤충과 절지동물,"지렁이 등이, 마치 수영장 물처럼",가득 차 있습니다.,,……閃耀著黑色光芒的無數昆蟲和節肢動物、,蚯蚓等，就像游泳池的水一樣,滿滿地充斥著。,0,0,0,1,0,0,0,0,0,,Translated
2868,直美,ーっ！　……嫌！！,ギャアアアァァァ！, ,Naomi,Ghaaah! No! God! Aaaaahhhhh!!,,,나오미,윽!  ...... 싫어!!,갸아아아아아아아!,,直美,―！　……不要！！,嘎啊啊啊啊！,,1,168,13,1,0,0,0,0,0,,Translated
2869,直美,いや！　嫌！,キャアアァァァァ！！,助けて！　助けて哲志！,Naomi,"Stop! Get off! Ghllaaaagghh!! Satoshi, help!",Please!!,,나오미,싫어!  싫어!,꺄아아아아아아아!,살려줘!  살려줘 사토시!,直美,不要！　不要！,呀啊啊啊啊！！,救命！　救命哲志！,1,169,13,1,0,0,0,13,0,,Translated
2870,哲志,直美！　うあッ……！, , ,Satoshi,Naomi! ...Ack!,,,사토시,나오미!  우악......!,,,哲志,直美！　哇啊……！,,,1,179,18,1,0,0,0,0,0,,Translated
2871,哲志,直美！　こっちだ、来れるか？！, , ,Satoshi,Naomi! I'm over here! Can you make it?!,,,사토시,"나오미!  여기야, 올 수 있겠어?!",,,哲志,直美！　這裡，能過來嗎？！,,,1,180,18,1,0,0,0,0,0,,Translated
2872,直美,うあッ！　ああッ！,いやあぁぁぁ……あああーん, ,Naomi,Waaallghh...aaaaaahh...rrrlllgghhh!!,,,나오미,우악!  아악!,싫어어어어어...... 아아앙~,,直美,哇啊！　啊啊！,不要啊啊啊……啊啊～,,1,170,13,1,0,0,0,0,0,,Translated
2873,直美,いあああぁーー！, , ,Naomi,NOOOOOOOOOOOOOOOOO!!,,,나오미,꺄아아아아~~!,,,直美,不要啊啊～～！,,,1,171,13,1,0,0,0,0,0,,Translated
2874,,硬く、かさかさとした虫の表面が,体中をまさぐります。, ,,"I can feel every slight movement of the bugs' dry,",coarse carapaces as they skitter and slither their,way across me in tightly-packed groups.,,딱딱하고 까칠까칠한 벌레의 표면이,온몸을 기어다닙니다.,,,昆蟲堅硬、乾燥的表皮,在全身爬行。,,0,0,0,1,0,0,0,0,0,,Translated
2875,,足を付くと虫を踏み潰し、足の裏が滑って,虫の海に転んでしまいます……, ,,"They're overwhelming in number, eating me from",all sides and even finding their way into my,"underwear...and subsequently, into my body.",,발을 내딛다가 벌레를 밟아 미끄러져,벌레 바다에 빠지고 말았습니다......,,,腳一踩就會踩死蟲子，腳底打滑,跌入蟲海……,,0,0,0,1,0,0,0,0,0,,Translated
2876,,足を付くと虫を踏み潰し、足の裏が滑って,虫の海に転んでしまいます……, ,,I can't last much longer like this.,,,,발을 내딛다가 벌레를 밟아 미끄러져,벌레 바다에 빠지고 말았습니다......,,,腳一踩就會踩死蟲子，腳底打滑,跌入蟲海……,,0,0,0,1,0,0,0,0,0,,Translated
2877,,足を付くと虫を踏み潰し、足の裏が滑って,虫の海に転んでしまいます……, ,,"I stumble meekly, barely able to move at all. The",bugs beneath my feet make it virtually impossible,to remain upright as I work my way to 'shore.',,발을 내딛다가 벌레를 밟아 미끄러져,벌레 바다에 빠지고 말았습니다......,,,腳一踩就會踩死蟲子，腳底打滑,跌入蟲海……,,0,0,0,1,0,0,0,0,0,,Translated
2878,直美,（ぐぶ……哲志……）, , ,Naomi,(Ggghhh...Satoshi...),,,나오미,(우욱...... 사토시......),,,直美,（咕咕……哲志……）,,,1,0,0,1,0,0,0,0,0,,Translated
2879,直美,あああううぅぅ！！　……うぅ……っ,ぐ……ヒゥッ……！, ,Naomi,AAAAAGGHH!! ...Oooh...ghah...hnnngh...,,,나오미,아아아우우우우!!  ...... 우우...... 욱,으...... 히욱......!,,直美,啊啊嗚嗚！！　……嗚嗚……,咕……唏……！,,1,0,0,1,1,0,1,0,0,,Translated
2880,哲志,・・・直美！どこだ？, , ,Satoshi,Naomi! Where are you?!,,,사토시,...... 나오미! 어딨어?,,,哲志,・・・直美！在哪裡？,,,1,0,0,1,0,0,0,0,0,,Translated
2881,直美,ぶふァッ……！, , ,Naomi,...,,,나오미,우억......!,,,直美,噗哈……！,,,1,0,0,1,0,0,0,0,0,,Translated
2882,哲志,直美、掴まれ！よし、いいぞ……,もう少しだ……感覚を遮断しろ！,泳いで来るんだ！,Satoshi,"You made it, Naomi! Just keep yourself afloat.","...That's it, good! Now, don't think about what","you're doing, just...push! Try to hoist yourself up!",사토시,"나오미, 붙잡아! 좋아, 좋아......",조금만 더...... 감각을 차단해!,헤엄쳐 오는 거야!,哲志,直美，抓住！好，很好……,再差一點……切斷感覺！,游過來！,1,181,18,1,0,0,0,0,0,,Translated
2883,直美,ううー、ひううぅー！, , ,Naomi,Ooooooaaagggghhh...ghaaaaaahhhh...,,,나오미,우우~ 히우우우~!,,,直美,嗚嗚～、唏嗚嗚～！,,,1,172,13,1,0,0,0,0,0,,Translated
2884,哲志,よし……よし……！,もう少しだ……, ,Satoshi,There! You've got it! You're almost out!,,,사토시,좋아...... 좋아......!,조금만 더......,,哲志,好……好……！,再差一點……,,1,182,18,1,0,0,0,0,0,,Translated
2885,哲志,よし……！,……っくっ！, ,Satoshi,You're doing good!,...Rrrrrgggh...,,사토시,좋아......!,...... 큭!,,哲志,好……！,……呃！,,1,183,18,1,0,0,0,0,0,,Translated
2886,直美,ううっ……ふうぅぅッ……取って……取ってぇ！, , ,Naomi,Eeewwww...God...get them off of me! Get them off!,,,나오미,우욱...... 후우우욱...... 떼 줘...... 떼 줘어!,,,直美,嗚嗚……呼嗚嗚……拿掉……拿掉！,,,1,173,13,1,0,0,0,0,0,,Translated
2887,哲志,ああ、じっとしてろ……全部取ってやる……！, , ,Satoshi,Don't worry. Hold still. I'll make sure I get every,last one of them.,,사토시,"그래, 가만 있어...... 전부 떼 줄게......!",,,哲志,嗯，別動……我會全部拿掉的……！,,,1,184,18,1,0,0,0,0,0,,Translated
2888,直美,ううううぅぅ……！, , ,Naomi,Uuuulllggghh...,,,나오미,우우우우우우......!,,,直美,嗚嗚嗚嗚……！,,,1,174,13,1,0,0,0,0,0,,Translated
2889,哲志,よし、もう大丈夫だ……,はぁ、はぁ……大丈夫だぞ, ,Satoshi,There we go. You should be good now.,*pant* *pant* ...You'll be fine...,,사토시,"좋아, 이제 괜찮아......","하아, 하아...... 괜찮아",,哲志,好了，沒事了……,哈啊、哈啊……沒事了,,1,185,18,1,0,0,0,0,0,,Translated
2890,直美,ひっく……ひっく, , ,Naomi,*hic* *sob*,,,나오미,흑...... 흑,,,直美,吸泣……吸泣,,,1,175,13,1,0,0,0,0,0,,Translated
2891,哲志,立てるか？,さぁ、肩を貸すから……, ,Satoshi,"Can you walk? Here, use my shoulder.",,,사토시,설 수 있겠어?,"자, 어깨 빌려줄 테니까......",,哲志,站得起來嗎？,來，我扶妳……,,1,186,18,1,0,0,0,0,0,,Translated
2892,直美,ぐすん、ぐすん, , ,Naomi,*shiver* *shudder*,*hic*,,나오미,"훌쩍, 훌쩍",,,直美,吸泣、吸泣,,,1,176,13,1,0,0,0,0,0,,Translated
2893,哲志,大丈夫か、由香？, , ,Satoshi,"Are you okay, Yuka?",,,사토시,괜찮아? 유카.,,,哲志,沒事吧，由香？,,,1,30,18,1,0,0,0,0,0,,Translated
2894,由香,うん, , ,Yuka,Uh-huh.,,,유카,응,,,由香,嗯,,,1,147,29,1,0,0,0,0,0,,Translated
2895,,高校生の亡骸があります……, , ,,It appears to be the corpse of a senior high school,student.,,,고등학생의 유해가 있습니다......,,,,有高中生的遺體……,,,0,0,0,1,0,0,0,0,0,,Translated
2896,直美,あああぁぁ……！,……うぷっ、んぐっ……！, ,Naomi,...GhaaaaAAAAAHH!! ...*gasp*...,,,나오미,아아아아아......!,"...... 웁, 으윽......!",,直美,啊啊啊……！,……嗚噗、嗯……！,,1,177,13,1,0,0,0,0,0,,Translated
2897,直美,いあ……っぷ……嫌！,……助けて……！, ,Naomi,Nnn...nnnooOOOO! S-Save me...!,,,나오미,싫어...... 웁...... 싫어!,...... 살려줘......!,,直美,不要……噗……不要！,……救命……！,,1,178,13,1,0,0,0,0,0,,Translated
2898,直美,はぁ……はぁ……, , ,Naomi,*pant* *gasp*,,,나오미,하아...... 하아......,,,直美,哈啊……哈啊……,,,1,179,13,1,0,0,0,0,0,,Translated
2899,直美,―ヒッ！？,……痛！　痛い！！, ,Naomi,?!,It hurts! It hurts!,,나오미,힉!?,...... 아얏!  아파!!,,直美,―嚇！？,……痛！　好痛！！,,1,180,13,1,0,0,0,0,0,,Translated
2900,直美,いやあぁぁ！！,痛い！　痛い！, ,Naomi,"God, aagh...it hurts!!",,,나오미,꺄아아아아!!,아파! 아파!,,直美,不要啊啊！！,好痛！　好痛！,,1,181,13,1,0,0,0,0,0,,Translated
2901,,……大量の虫が、直美の皮膚の表面を這いまわり……,柔らかい部分を食い破って,体内に侵入を始めました……,,A large number of bugs have found their way onto,my skin and have begun not only shuffling across,"my body, but burrowing into it as well.",,...... 대량의 곤충이 나오미의 피부 표면을 기어다니며......,부드러운 부분을 물어뜯어,체내에 침입하기 시작했습니다......,,……大量的蟲子，在直美的皮膚表面爬行……,咬破柔軟的部分,開始侵入體內……,0,0,0,1,0,0,0,0,0,,Translated
2902,直美,ああああ……！,んぐぐぐっ、やだっ！　こんなの, ,Naomi,AAAAAAAAAHHHHHHH!!,"Gghhhhhhhaaaahhhhh... God, Why?! Make it stop!!",,나오미,아아아아......!,"으으으윽, 싫어!  이런 거",,直美,啊啊啊……！,嗯咕咕咕、不要！　這種事,,1,182,13,1,0,0,0,0,0,,Translated
2903,直美,助けて……！,助けて！, ,Naomi,Save me! Please!!,,,나오미,살려줘......!,살려줘!,,直美,救命……！,救命！,,1,183,13,1,0,0,0,0,0,,Translated
2904,直美,哲志ぃ……！,ごぼごぼ……さと……んぅぅぅ……ッ！, ,Naomi,Satoshi!! *gurgle* Sa...to...shhhggghhhh...,,,나오미,사토시......!,꼬로록...... 사토...... 으으으으...... 윽!,,直美,哲志……！,咕嚕咕嚕……さと……嗚嗚……！,,1,184,13,1,0,0,0,0,0,,Translated
2905,直美,やだ……や……ごぼっ……, , ,Naomi,Nnno...oooollgghghhghhh...ggghhh...,,,나오미,싫어...... 싫...... 꼬록......,,,直美,不要……不……咕嚕……,,,1,185,13,1,0,0,0,0,0,,Translated
2906,,女生徒の亡骸が水に浮いています……, , ,,The remains of a female student are floating in,the water.,,,여학생의 유해가 물에 떠 있습니다......,,,,女學生的遺體浮在水面上……,,,0,0,0,1,0,0,0,0,0,,Translated
2907,,高校生の亡骸があります……, , ,,It appears to be the corpse of a senior high school,student.,,,고등학생의 유해가 있습니다......,,,,有高中生的遺體……,,,0,0,0,1,0,0,0,0,0,,Translated
2908,,高校生の亡骸があります……, , ,,It appears to be the corpse of a senior high school,student.,,,고등학생의 유해가 있습니다......,,,,有高中生的遺體……,,,0,0,0,1,0,0,0,0,0,,Translated
2909,,無残な亡骸があります……, , ,,Yet another decaying corpse...,,,,처참한 유해가 있습니다......,,,,有殘忍的遺體……,,,0,0,0,1,0,0,0,0,0,,Translated
2910,哲志,みんな！　サチコの切れ端を出すんだ！, , ,Satoshi,"Come on, everyone! Take out your paper doll scraps!",,,사토시,다들!  사치코의 조각을 꺼내!,,,哲志,大家！　拿出サチコ的碎片！,,,1,92,18,1,0,0,0,0,0,,Translated
2911,直美・あゆみ・良樹・由香,ええ！,うん……！,おう……！,"Naomi, Ayumi, Yoshiki & Yuka",- Okay!,- Got it!,- All right!,나오미·아유미·요시키·유카,응!,응......!,그래......!,直美・あゆみ・良樹・由香,嗯！,嗯……！,喔……！,1,88,13,1,0,0,0,0,0,,Translated
2912,あゆみ,サチコさん……！　私たちの気持ちを受け取って！, , ,Ayumi,Sachiko! Hear our pleas!,,,아유미,사치코씨......!  우리의 마음을 받아 줘!,,,あゆみ,サチコ小姐……！　請接收我們的心意！,,,1,170,4,1,0,0,0,0,0,,Translated
2913,あゆみ,私たち、帰りたい！, , ,Ayumi,We want...to go home!,,,아유미,"우린, 돌아가고 싶어!",,,あゆみ,我們，想回去！,,,1,171,4,1,0,0,0,0,0,,Translated
2914,あゆみ,お呪（まじな）いとは、人が人を想うキモチ、,心、そのもの……, ,Ayumi,That's what charms really are...,They represent our regards for other people!,"They're like microcosms of the soul, right?",아유미,주술이란 사람이 사람을 생각하는 마음,"마음, 그 자체......",,あゆみ,所謂詛咒，就是人對人的心意，,心，本身……,,1,172,4,1,0,0,0,0,0,,Translated
2915,あゆみ,悲しい目に遭った、あなたやお母さんを……,苦しみから、解放したいの！, ,Ayumi,You and your mom both suffered such horrible,fates...but all we want to do is free you from,that suffering!,아유미,"슬픈 일을 당한, 너와 엄마를......","고통으로부터, 해방하고 싶어!",,あゆみ,經歷了悲慘遭遇的妳和媽媽……,我們想將你們，從痛苦中解放！,,1,173,4,1,0,0,0,0,0,,Translated
2916,哲志,サチコさんおねがいします！, , ,Satoshi,"Sachiko, we beg of you...",,,사토시,사치코씨 부탁합니다!,,,哲志,サチコ小姐拜託了！,,,1,93,18,1,0,0,0,0,0,,Translated
2917,直美,サチコさんおねがいします！, , ,Naomi,"Sachiko, we beg of you!",,,나오미,사치코씨 부탁합니다!,,,直美,サチコ小姐拜託了！,,,1,90,13,1,0,0,0,0,0,,Translated
2918,由香,サチコさんおねがいします！, , ,Yuka,Sachiko! We beg of you!!,,,유카,사치코씨 부탁합니다!,,,由香,サチコ小姐拜託了！,,,1,115,29,1,0,0,0,0,0,,Translated
2919,あゆみ,サチコさんおねがいします！, , ,Ayumi,Sachiko! We beg of you!,,,아유미,사치코씨 부탁합니다!,,,あゆみ,サチコ小姐拜託了！,,,1,174,4,1,0,0,0,0,0,,Translated
2920,良樹,サチコさんおねがいします！, , ,Yoshiki,Sachiko... We beg of you!,,,요시키,사치코씨 부탁합니다!,,,良樹,サチコ小姐拜託了！,,,1,24,26,1,0,0,0,0,0,,Translated
2921,哲志,はぁ、はぁ、はぁ、……みんな……,由香！　直美！　……大丈夫か！, ,Satoshi,*pant* *pant* *pant*,...You guys... Yuka... Naomi...,Is everyone all right?!,사토시,"하아, 하아, 하아...... 다들......",유카!  나오미!  ...... 괜찮아!?,,哲志,哈啊、哈啊、哈啊、……大家……,由香！　直美！　……沒事吧！,,1,94,18,1,0,0,0,0,0,,Translated
2922,あゆみ,……大丈夫、ちゃんと止血するから。,私のリボンでいいかな？（シュルッ）, ,Ayumi,It's okay! It's nothing serious. I'll use my,"ribbon to help stop the bleeding. Hopefully,",that should be enough.,아유미,"...... 괜찮아, 제대로 지혈할 테니까.",내 리본이면 되겠지?  (스륵),,あゆみ,……沒事的，我會好好止血。,用我的緞帶可以吧？（唰）,,1,175,4,1,0,0,0,0,0,,Translated
2923,由香,あゆみお姉ちゃん……, , ,Yuka,Ayumi... Thank you.,,,유카,아유미 언니......,,,由香,あゆみ姊姊……,,,1,116,29,1,0,0,0,0,0,,Translated
2924,哲志,由香……？, , ,Satoshi,Yuka...?,,,사토시,유카......?,,,哲志,由香……？,,,1,95,18,1,0,0,0,0,0,,Translated
2925,由香,……ぶい。, , ,Yuka,We...did it.,,,유카,...... 브이.,,,由香,……耶。,,,1,118,29,1,0,0,0,0,0,,Translated
2926,直美,はぁ、はぁ、はぁ……哲志。, , ,Naomi,*pant* *pant*,*pant*,Satoshi...,나오미,"하아, 하아, 하아...... 사토시.",,,直美,哈啊、哈啊、哈啊……哲志。,,,1,96,13,1,0,0,0,0,0,,Translated
2927,哲志,直美、無事でよかった……。篠原は、どうだった？, , ,Satoshi,Naomi... I'm so glad you're okay.,What happened with Shinohara?,,사토시,"나오미, 무사해서 다행이야...... 시노하라는 어땠어?",,,哲志,直美，妳沒事真是太好了……。篠原她，怎麼樣了？,,,1,96,18,1,0,0,0,0,0,,Translated
2928,直美,ふう……ッ……あとで、話す……, , ,Naomi,I'll...tell you later.,,,나오미,"후우......  ...... 나중에, 말할게......",,,直美,呼……　……晚點，再說……,,,1,97,13,1,0,0,0,0,0,,Translated
2929,哲志,？　……あ、あぁ……, , ,Satoshi,Oh... Uh...okay...,,,사토시,"?  ...... 그, 그래......",,,哲志,？　……啊、嗯……,,,1,97,18,1,0,0,0,0,0,,Translated
2930,あゆみ,雪ちゃん……！, , ,Ayumi,Yuki!,,,아유미,유키......!,,,あゆみ,由紀……！,,,1,176,4,1,0,0,0,0,0,,Translated
2931,良樹,お前は……, , ,Yoshiki,It's you...,,,요시키,너는......,,,良樹,妳是……,,,1,25,26,1,0,0,0,0,0,,Translated
2932,雪,……, , ,Yuki,...,,,유키,......,,,雪,……,,,1,139,22,1,0,0,0,0,0,,Translated
2933,雪,みなさん、今です……天神小学校を包囲している,霊磁場のゲートが開いています。, ,Yuki,Now...is your only chance to escape. The veil,between your world and this school is at its,thinnest. The gate is open.,유키,"여러분, 지금입니다...... 텐진초등학교를 포위 중인",영자장의 게이트가 열렸습니다.,,雪,各位，就是現在……包圍天神小學校的,靈磁場的門打開了。,,1,165,22,1,0,0,0,0,0,,Translated
2934,雪,閉じてしまう前に……いそいで、校舎の外に出て、,おまじないをおこなってください。, ,Yuki,You need to hurry and get outside the building,before it closes. Complete the ritual.,,유키,닫히기 전에...... 서둘러 교사 밖으로 나가,주술을 시작하세요.,,雪,在關閉之前……快點到校舍外面，,進行詛咒。,,1,166,22,1,0,0,0,0,0,,Translated
2935,雪,ゲートが閉じてしまったら……,またこの多重閉鎖空間は元に戻ります。, ,Yuki,"Once it closes, this nexus will return to the way","it was, and you'll have lost your chance to get out.",,유키,게이트가 닫혀 버리면......,이 다중 폐쇄 공간은 다시 원래대로 돌아가고 맙니다.,,雪,如果門關上了……,這個多重封閉空間又會恢復原狀。,,1,167,22,1,0,0,0,0,0,,Translated
2936,あゆみ,え……閉じたら、あなたたちはどうなるの？, , ,Ayumi,"What?! So...what's going to happen to all of you,",then?,,아유미,"어...... 닫히면, 너희들은 어떻게 되는데?",,,あゆみ,咦……關上的話，你們會怎麼樣？,,,1,177,4,1,0,0,0,0,0,,Translated
2937,雪,わたしたちはここの霊磁場に捕らえられているので……,成仏など出来ないようです。, ,Yuki,It appears we've become a part of these spaces.,None of us can be saved.,,유키,"저희들은, 여기 영자장에 묶여 있어서......",사치코 이외에는 성불할 수 없어요.,,雪,因為我們似乎被這裡的靈磁場束縛著……,除了サチコ以外，似乎都無法成佛。,,1,168,22,1,0,0,0,0,0,,Translated
2938,雪,今、ほんの少しの間だけ……自由になっていますが、,すぐに引き戻されて、またこの空間を,形成する事になるでしょう。,Yuki,"Right now, I'm free...but it's not going to last.","Soon, I'll continue shaping this place, just as",I always have.,유키,지금은 아주 잠시...... 자유를 되찾았지만,"곧 되돌려 보내져, 다시 이 공간을",형성하게 될 겁니다.,雪,現在，雖然只有短暫的一瞬間……恢復了自由，,但很快就會被拉回去，,繼續形成這個空間吧。,1,169,22,1,0,0,0,0,0,,Translated
2939,あゆみ,そんな……！, , ,Ayumi,No...!,,,아유미,그럴 수가......!,,,あゆみ,怎麼會……！,,,1,178,4,1,0,0,0,0,0,,Translated
2940,雪,この学校は既に、第二のサチコを生み出そうとしています。, , ,Yuki,This school has already begun creating a new,Sachiko.,,유키,이 학교는 이미 제2의 사치코를 생성하려 하고 있습니다.,,,雪,這所學校已經，開始孕育第二個サチコ了。,,,1,170,22,1,0,0,0,0,0,,Translated
2941,雪,ハヤク……いきなさい　外へ, , ,Yuki,Please...go. Get out of the building while you,still can.,,유키,어서...... 밖으로 가세요,,,雪,快點……去外面吧,,,1,171,22,1,0,0,0,0,0,,Translated
2942,良樹,うおわあぁぁっ！, , ,Yoshiki,Uooa-aaghh?!,,,요시키,우와아아아악!,,,良樹,嗚哇啊啊！,,,1,28,26,1,0,0,0,0,0,,Translated
2943,あゆみ,きゃぁっ！, , ,Ayumi,Eeeek!,,,아유미,꺄아악!,,,あゆみ,呀！,,,1,179,4,1,0,0,0,0,0,,Translated
2944,直美,急いで！　外に出ましょう！, , ,Naomi,Come on! Let's get out of here!,,,나오미,서둘러!  밖으로 나가자!,,,直美,快點！　到外面去吧！,,,1,98,13,1,0,0,0,0,0,,Translated
2945,,ここに行っている場合じゃない。, , ,,There's no time to be here right now.,,,,여기에 있을 때가 아냐.,,,,現在不是待在這裡的時候。,,,0,0,0,1,0,0,0,0,0,,Translated
2946,,７回目の鐘が鳴った。, , ,,The bell tolls for a seventh time.,The whole school begins to shudder in sync with,its vibrato.,,7번째 종이 울렸다.,,,,第七次鐘聲響了。,,,0,0,0,1,0,0,0,0,0,,Translated
2947,,６回目の鐘が鳴った。, , ,,Number six. The air is beginning to feel thicker,now...,,,6번째 종이 울렸다.,,,,第六次鐘聲響了。,,,0,0,0,1,0,0,0,0,0,,Translated
2948,,５回目の鐘が鳴った。, , ,,A fifth toll...,,,,5번째 종이 울렸다.,,,,第五次鐘聲響了。,,,0,0,0,1,0,0,0,0,0,,Translated
2949,,４回目の鐘が鳴った。, , ,,A fourth toll...,,,,4번째 종이 울렸다.,,,,第四次鐘聲響了。,,,0,0,0,1,0,0,0,0,0,,Translated
2950,,３回目の鐘が鳴った。, , ,,A third toll...,,,,3번째 종이 울렸다.,,,,第三次鐘聲響了。,,,0,0,0,1,0,0,0,0,0,,Translated
2951,,２回目の鐘が鳴った。, , ,,The bell tolls again.,,,,2번째 종이 울렸다.,,,,第二次鐘聲響了。,,,0,0,0,1,0,0,0,0,0,,Translated
2952,,１回目の鐘が鳴った。, , ,,"Somewhere in the distance, a bell tolls.",It sounds like the hour tone of a grandfather clock.,,,1번째 종이 울렸다.,,,,第一次鐘聲響了。,,,0,0,0,1,0,0,0,0,0,,Translated
2953,,このま　お　らせな　よ, , ,,'Don'   ou dar  thi k you  e wo .', ,,,이대   끝   수    어,,,,別　這　樣　以　為　你　能　逃　掉,,,0,0,0,1,0,0,0,0,0,,Translated
2954,,　扉はがちりと固定されて、開きそうにありません……, , ,,The door is completely fixed in place. It won't,budge at all.,,,문은 딱 고정되어 꿈쩍도 하지 않습니다......,,,,　門被牢牢固定住，似乎打不開……,,,0,0,0,1,0,0,0,0,0,,Translated
2955,,“1953年4月寄贈・,　　　海江田ピアノ教室”, ,,Donated April 1953,Kaieda Piano Classroom,,,“1953년 4월 기증,      카이에다 피아노 교실”,,,「1953年4月捐贈・,　　　海江田鋼琴教室」,,0,0,0,1,0,0,0,0,0,,Translated
2956,,ピアノの前には、誰もいません……, , ,,There's not a soul to be seen anywhere near the,piano.,,,피아노 앞에는 아무도 없습니다......,,,,鋼琴前，沒有人……,,,0,0,0,1,0,0,0,0,0,,Translated
2957,,白骨死体が床に横たわっています……, , ,,There are skeletal remains sprawled out across,the floor.,,,백골 사체가 바닥에 누워 있습니다......,,,,白骨屍體躺在地板上……,,,0,0,0,1,0,0,0,0,0,,Translated
2958,あゆみ,……じゃぁ、爪を使ってしっかり掴んだら、,みんなで千切っちゃって！　せーのっ……！, ,Ayumi,"Now, hold on reeeeeally tightly. Dig your nails into",it if you have to -- just don't let go. We're going,to pull on it until it rips apart into eight pieces.,아유미,...... 그럼 손톱으로 잘 잡고 있다가,모두 함께 찢는 거야!  하나~ 둘......!,,あゆみ,……那就用指甲緊緊抓住，,大家一起撕破！　預備……！,,1,196,4,1,0,0,0,0,0,,Translated
2959,哲志,駄目だ！　……みんな！駄目だ！, , ,Satoshi,STOP!!,"Everybody, stop!",,사토시,안 돼!  ...... 다들! 안 돼!,,,哲志,不行！　……大家！不行！,,,1,169,18,1,0,0,0,0,0,,Translated
2960,あゆみ,持田君、どうしたの？　輪に入りたくなった？, , ,Ayumi,Mochida? What is it? Do you want in after all?,,,아유미,"모치다 군, 왜 그래? 너도 끼고 싶어졌어?",,,あゆみ,持田同學，怎麼了？　想加入了嗎？,,,1,197,4,1,0,0,0,0,0,,Translated
2961,哲志,違う、そうじゃない……これは、みんな、,やっちゃ駄目なんだよ……,どうしてわかってくれないんだ……！,Satoshi,"No, absolutely not! I just... This charm is",dangerous! Why won't you understand?!,,사토시,"아냐, 그게 아냐...... 이건, 절대",해서는 안 돼......,왜 모르는 거야......!,哲志,不是，不是那樣的……這個，大家,絕對不能做啊……,為什麼你們就是不明白……！,1,170,18,1,0,0,0,0,0,,Translated
2962,良樹,お前がそこまで意地張るなんて珍しいな。, , ,Yoshiki,"I gotta say, it is pretty unusual for you to get so",worked up!,,요시키,네가 그렇게 억지를 부리다니 별일이군.,,,良樹,你會這麼堅持己見還真難得。,,,1,40,26,1,0,0,0,0,0,,Translated
2963,あゆみ,ふふっ、もう終わるから、いい子で待ってて持田君。, , ,Ayumi,"Heheh... Well, we're almost finished, so just sit","tight, okay? It'll all be over soon...",,아유미,"후훗, 금방 끝날 테니까 얌전히 기다려 모치다 군.",,,あゆみ,呵呵，快結束了，乖乖等著喔持田同學。,,,1,198,4,1,0,0,0,0,0,,Translated
2964,哲志,――！,（……みんな行ってしまう……！,　俺も行かなきゃ、直美達は……！）,Satoshi,(They're going to be whisked away to Heavenly Host!,"If I don't go too, Naomi...all of them will be",in terrible danger!),사토시,!!,(...... 다들 가 버리겠어......!,"나도 가지 않으면,  나오미는......!)",哲志,――！,（……大家都要走了……！,　我也得去，直美她們……！）,1,171,18,1,0,0,0,0,0,,Translated
2965,哲志,っ！, , ,Satoshi,Ghk...,,,사토시,윽!,,,哲志,！,,,1,172,18,1,0,0,0,0,0,,Translated
2966,あゆみ,はーい、一名様、追加でごあんな～い♪, , ,Ayumi,All right! Let's welcome one more into the circle!,,,아유미,네에~ 여기 한 명 더 추가요~♪,,,あゆみ,好～，一名客人，追加～♪,,,1,199,4,1,0,0,0,0,0,,Translated
2967,哲志,　,どうすれば……どうすればみんなを護れるんだ……ッ！, ,Satoshi,What can I do?!,What can I do to protect them this time around...?,,사토시,,"어떻게, 어떻게 해야 모두를 지킬 수 있는 거야...!",,哲志,　,該怎麼做……該怎麼做才能保護大家……！,,1,173,18,1,0,0,0,0,0,,Translated
2968,直美,……ん……っ　　　,……？　……あれ……？, ,Naomi,...Mmmm...,Ulg... Huh...?,,나오미,...... 응...... 읏,......?  ...... 어라......?,,直美,……嗯……　　　,……？　……咦……？,,1,103,13,1,0,0,0,0,0,,Translated
2969,直美,…………っ, , ,Naomi,...,,,나오미,............ 읏,,,直美,…………,,,1,0,0,1,0,0,0,0,0,,Translated
2970,哲志,う……っ？, , ,Satoshi,Oof...,,,사토시,으...... 윽?,,,哲志,嗚……？,,,1,0,0,1,0,0,0,0,0,,Translated
2971,あゆみ,……んん……っ          ,……！　あっ！, ,Ayumi,Rrk...rrnnnng...,... ...Ah!,,아유미,...... 으응...... 읏,......!  앗!,,あゆみ,……嗯嗯……          ,……！　啊！,,1,0,0,1,0,0,0,0,0,,Translated
2972,良樹,おいおい……！　ここは！, , ,Yoshiki,Whoa...,Are we...?,,요시키,야......!  이건!,,,良樹,喂喂……！　這裡是！,,,1,0,0,1,0,0,0,0,0,,Translated
2973,哲志,ああ！　帰ってきたんだ！, , ,Satoshi,...We are... We're home!,,,사토시,그래!  돌아왔어!,,,哲志,嗯！　回來了！,,,1,110,18,1,0,0,0,0,0,,Translated
2974,由香,おにいちゃん！……, , ,Yuka,Big brother!,,,유카,오빠! ......,,,由香,哥哥！……,,,1,119,29,1,0,0,0,0,0,,Translated
2975,哲志,由香……！, , ,Satoshi,Yuka!,,,사토시,유카......!,,,哲志,由香……！,,,1,111,18,1,0,0,0,0,0,,Translated
2976,直美,帰ってこれた……！, , ,Naomi,We really made it...,,,나오미,돌아왔어......!,,,直美,回來了……！,,,1,104,13,1,0,0,0,0,0,,Translated
2977,あゆみ,ゆきちゃん……！　ありがとう……！　ぐすっ, , ,Ayumi,Yuki... Thank you so much...,,,아유미,유키......! 고마워......! 훌쩍,,,あゆみ,由紀……！　謝謝……！　吸泣,,,1,187,4,1,0,0,0,0,0,,Translated
2978,哲志,こうして……, , ,Satoshi,And so...,,,사토시,이리하여......,,,哲志,就這樣……,,,1,112,18,1,1,0,0,0,0,,Translated
2979,哲志,生き残った俺たち５人は, , ,Satoshi,...the five of us who survived the ordeal...,,,사토시,살아남은 우리 다섯은,,,哲志,存活下來的我們五人，,,,1,113,18,1,1,0,0,0,0,,Translated
2980,哲志,如月学園に……現代に、戻ってくる事が出来た。, , ,Satoshi,...were able to return to Kisaragi Academy.,"To the real world, in our own time.",,사토시,"키사라기 학원...... 현대로, 돌아올 수 있었다.",,,哲志,成功回到了如月學園……現代。,,,1,116,18,1,1,0,0,0,0,,Translated
2981,哲志,みんな、しばらくは生還した喜びを,かみしめていたけれど……, ,Satoshi,"For a while, we were all just so happy to be home,",and to be alive...we were overjoyed.,,사토시,처음엔 다들 생환의 기쁨을,만끽했지만......,,哲志,一開始，大家都沉浸在生還的喜悅中……,,,1,117,18,1,1,0,0,0,0,,Translated
2982,哲志,すぐに、重たい現実が笑顔を引き剥がした。, , ,Satoshi,But it didn't take long before the grim reality,of what happened wiped the smiles off our faces.,,사토시,곧 무거운 현실이 미소를 벗겨냈다.,,,哲志,但馬上，沉重的現實就剝奪了笑容。,,,1,118,18,1,1,0,0,0,0,,Translated
2983,哲志,先生も、篠原も……　　　,森繁も……　鈴本も……, ,Satoshi,Ms. Yui... Shinohara...,Morishige and Suzumoto...,,사토시,"선생님도, 시노하라도......",모리시게도...... 스즈모토도......,,哲志,老師、篠原……　　　,森繁……鈴本……,,1,119,18,1,1,0,0,0,0,,Translated
2984,哲志,その場にいなかったからだ……, , ,Satoshi,They weren't with us anymore.,,,사토시,그 자리에 없었기 때문이다......,,,哲志,因為他們不在那裡……,,,1,120,18,1,0,0,1,24,0,,Translated
2985,あゆみ,じゃ……気をつけてね。, , ,Ayumi,"Well...be careful on your way home, okay?",,,아유미,그럼...... 조심해.,,,あゆみ,那……小心點喔。,,,1,188,4,1,0,0,0,0,0,,Translated
2986,哲志,ああ……, , ,Satoshi,I will.,,,사토시,그래......,,,哲志,嗯……,,,1,121,18,1,0,0,0,0,0,,Translated
2987,由香,さようなら……, , ,Yuka,Goodbye...,,,유카,안녕......,,,由香,再見……,,,1,120,29,1,0,0,0,0,0,,Translated
2988,良樹,おー……, , ,Yoshiki,Later.,,,요시키,어......,,,良樹,喔……,,,1,35,26,1,0,0,0,0,0,,Translated
2989,あゆみ,みんな、お願い。, , ,Ayumi,Wait. Before you all go...,,,아유미,"다들, 부탁이야.",,,あゆみ,大家，拜託。,,,1,189,4,1,0,0,0,0,0,,Translated
2990,哲志,ん？, , ,Satoshi,Hmm?,,,사토시,응?,,,哲志,嗯？,,,1,122,18,1,0,0,0,0,0,,Translated
2991,あゆみ,明日も……顔、みせてね。, , ,Ayumi,Don't...stay home tomorrow.,Come to school. Please.,,아유미,"내일도...... 얼굴, 보여줘.",,,あゆみ,明天也……要讓我看見你們的臉喔。,,,1,190,4,1,0,0,0,0,0,,Translated
2992,哲志,……ああ。, , ,Satoshi,Okay.,,,사토시,...... 어.,,,哲志,……嗯。,,,1,123,18,1,0,0,0,0,0,,Translated
2993,哲志,信じられない事が起こり過ぎて、眠れないと思ったが、, , ,Satoshi,I didn't think I'd be able to sleep that night,after all the things I'd seen...,,사토시,온통 믿을 수 없는 일만 일어나서 못 잘 줄 알았지만,,,哲志,雖然以為發生了太多難以置信的事會睡不著，,,,1,124,18,1,0,0,0,0,0,,Translated
2994,哲志,その晩は、それでも眠った――, , ,Satoshi,...but I wound up sleeping like a rock.,,,사토시,그날 밤은 잠이 들었다.,,,哲志,但那天晚上，還是睡著了――,,,1,125,18,1,0,0,0,0,0,,Translated
2995,哲志,（次の日）, , ,Satoshi,"The next morning, it was with heavy hearts...",,,사토시,(다음 날),,,哲志,（第二天）,,,1,136,18,1,0,0,0,0,0,,Translated
2996,哲志,（結衣先生たちのいない学校に、憂鬱な気持ちで,　登校した俺たちは……心底驚く事になる）, ,Satoshi,...that we all trudged toward a school devoid of Ms.,Yui and the others. Yet fate still had one more sick,twist in store for us...,사토시,"(유이 선생님과 친구들이 없는 학교에, 우울한 기분으로",등교한 우리들은...... 크게 놀라게 된다),,哲志,（我們懷著鬱悶的心情，,　前往沒有結衣老師等人的學校上學……,　然後將會大吃一驚）,1,137,18,1,0,0,0,0,0,,Translated
2997,生徒,篠原？　森繁？　……誰だそれ？　　　　　, , ,Student A,Shinohara? Morishige?,Am I supposed to know who you're talking about?,,학생,시노하라?  모리시게?  ...... 누구야 그건?,,,學生,篠原？　森繁？　……那是誰？　　　　　,,,1,133,20,1,0,1,0,0,0,,Translated
2998,生徒,ウチの副担は松戸じゃん、寝ぼけ過ぎじゃね？, , ,Student B,Our homeroom T.A.'s name is Matsudo.,You still half-asleep or something?,,학생,"우리 담임은 마츠도잖아, 잠이 덜 깬 거 아냐?",,,學生,我們的副導師是松戶啊，你是還沒睡醒嗎？,,,1,134,20,1,0,1,0,0,0,,Translated
2999,生徒,転校生？　　　　,……誰か来んの？, ,Student C,A transfer student?,Are we getting someone new?,,학생,전학생?,...... 누구 오기로 했어?,,學生,轉學生？　　　　,……有人要來嗎？,,1,135,20,1,0,1,0,0,0,,Translated
3000,直美,……っ, , ,Naomi,Ah...!,,,나오미,...... 윽,,,直美,……,,,1,108,13,1,0,0,0,0,0,,Translated
3001,哲志,（はじめから……）, , ,Satoshi,(It was like...),,,사토시,(애초에......),,,哲志,（從一開始……）,,,1,138,18,1,0,0,0,0,0,,Translated
3002,哲志,（死んでしまったみんなが……,　はじめから、いなかった事にされていたんだ）, ,Satoshi,(...the four people who died in that school had,never existed to begin with...),,사토시,(죽은 사람들이......,처음부터 없던 것이 된 것이다),,哲志,（死去的大家……,　就像是從一開始就不存在一樣）,,1,139,18,1,0,0,0,0,0,,Translated
3003,直美,やだよ……こんなの……！, , ,Naomi,No... This isn't right!,,,나오미,이런 건...... 싫어......!,,,直美,不要啊……怎麼這樣……！,,,1,109,13,1,0,0,0,0,0,,Translated
3004,直美,みんなの記憶にさえ、残っていないなんて……, , ,Naomi,How can no one else remember any of them?!,,,나오미,"모두의 기억에 조차, 남아있지 않다니......",,,直美,竟然連大家的記憶中，都沒有留下……,,,1,110,13,1,0,0,0,0,0,,Translated
3005,直美,世以子達の生きてきた今までって……,なんだったの？！, ,Naomi,All those times we spent with Seiko and the,others... Am I just supposed to accept that,none of that really happened?!,나오미,여태껏 살아온 애들은......,대체 뭐였냐고?!,,直美,世以子她們一直以來的人生……,到底是什麼？！,,1,111,13,1,0,0,0,0,0,,Translated
3006,あゆみ,結衣先生も……鈴本さんも、森繁君も篠原さんも、, , ,Ayumi,Ms. Yui... Suzumoto... Morishige and Shinohara...,,,아유미,"유이 선생님도...... 스즈모토도, 모리시게 군도 시노하라도",,,あゆみ,結衣老師也是……鈴本同學也是、森繁同學和篠原同學也是，,,,1,191,4,1,0,0,0,0,0,,Translated
3007,良樹,俺たちの、記憶にしか存在しないってのか……, , ,Yoshiki,Are you telling me they only exist in our memories,now?!,,요시키,우리의 기억 속에만 존재하는 건가......,,,良樹,只存在於我們的記憶中嗎……,,,1,36,26,1,0,0,0,0,0,,Translated
3008,良樹,悲しすぎるじゃねぇかよ……！, , ,Yoshiki,That's just beyond cruel!,,,요시키,이건 너무 슬프잖아......!,,,良樹,這也太悲傷了吧……！,,,1,37,26,1,0,0,0,0,0,,Translated
3009,直美,うううっ……！, , ,Naomi,*sob*,,,나오미,우우우......!,,,直美,嗚嗚……！,,,1,112,13,1,0,0,0,0,0,,Translated
3010,哲志,（沢山の魂と、人の想いを呑み込んで）, , ,Satoshi,(Still absorbing innumerable souls and ingesting the,thoughts of innocent boys and girls...),,사토시,"(수많은 혼과, 사람의 마음을 삼키고)",,,哲志,（吞噬了無數的靈魂和人們的心意）,,,1,140,18,1,1,0,0,0,0,,Translated
3011,哲志,（新しいサチコを得た天神小学校は、,　今もあの場所に存在している）, ,Satoshi,"(...Heavenly Host Elementary School stands firm,",with a newly-appointed Sachiko at its core.),,사토시,(새로운 사치코를 얻은 텐진초등학교는,지금도 그곳에 존재하고 있다),,哲志,（獲得了新的サチコ的天神小學校，,　現在依然存在於那個地方）,,1,141,18,1,1,0,0,0,0,,Translated
3012,哲志,（生き残った者……命を落とした者……,　黒き呪いに取り憑かれた者）, ,Satoshi,(There are those precious few who survived...those,who lost their lives...and those who were overcome,by the dark curses therein...),사토시,(살아남은 자...... 목숨을 잃은 자......,검은 저주에 씌인 자),,哲志,（倖存者……喪命者……,　被黑色詛咒附身者）,,1,142,18,1,1,0,0,0,0,,Translated
3013,哲志,（傷つけられた魂たちは、,　それぞれの痛みを抱えながら……,　悲しみを癒す旅を続けるのだ）,Satoshi,(And among them all are the spirits of those who,"were wronged, bearing an unimaginable pain and",endlessly searching for respite from their sadness.),사토시,(상처를 받은 혼들은,각자의 아픔을 껴안으며......,슬픔을 치유하는 여행을 계속하는 것이다),哲志,（受傷的靈魂們，,　懷抱著各自的痛苦……,　繼續著治癒悲傷的旅程）,1,143,18,1,1,0,0,0,0,,Translated
3014,哲志,（還るべき場所を……探して）, , ,Satoshi,(For a place...to call home...),,,사토시,(돌아가야 할 곳을...... 찾아서),,,哲志,（尋找著……該回去的地方）,,,1,144,18,1,1,0,0,0,0,,Translated
3015,,Chapter5　完, , ,,[Chapter 5 - End],,,,Chapter5  끝,,,,第五章　完,,,0,0,0,1,0,0,0,13,0,,Translated
3016,直美,……ん……っ　　　,……？　……あれ……？, ,Naomi,...Mmmm...,Ulg... Huh...?,,나오미,...... 응...... 읏,......?  ...... 어라......?,,直美,……嗯……　　　,……？　……咦……？,,1,103,13,1,0,0,0,0,0,,Translated
3017,直美,…………っ, , ,Naomi,...,,,나오미,............ 읏,,,直美,…………,,,1,0,0,1,0,0,0,0,0,,Translated
3018,哲志,う……っ？, , ,Satoshi,Oof...,,,사토시,으...... 윽?,,,哲志,嗚……？,,,1,0,0,1,0,0,0,0,0,,Translated
3019,あゆみ,……んん……っ          ,……！　あっ！, ,Ayumi,Rrk...rrnnnng...,... ...Ah!,,아유미,...... 으응...... 읏,......!  앗!,,あゆみ,……嗯嗯……          ,……！　啊！,,1,0,0,1,0,0,0,0,0,,Translated
3020,良樹,おいおい……！　ここは！, , ,Yoshiki,Whoa...,Are we...?,,요시키,아니......!  여긴!,,,良樹,喂喂……！　這裡是！,,,1,0,0,1,0,0,0,0,0,,Translated
3021,哲志,ああ！　帰ってきたんだ！, , ,Satoshi,...We are... We're home!,,,사토시,그래!  돌아왔어!,,,哲志,嗯！　回來了！,,,1,110,18,1,0,0,0,0,0,,Translated
3022,由香,おにいちゃん！……, , ,Yuka,Big brother!,,,유카,오빠! ......,,,由香,哥哥！……,,,1,119,29,1,0,0,0,0,0,,Translated
3023,哲志,由香……！, , ,Satoshi,Yuka!,,,사토시,유카,,,哲志,由香！,,,1,111,18,1,0,0,0,0,0,,Translated
3024,直美,帰ってこれた……！, , ,Naomi,We really made it...,,,나오미,돌아왔어......!,,,直美,回來了……！,,,1,104,13,1,0,0,0,0,0,,Translated
3025,あゆみ,ゆきちゃん……！　ありがとう……！　ぐすっ, , ,Ayumi,Yuki... Thank you so much...,,,아유미,유키......! 고마워......! 훌쩍,,,あゆみ,由紀……！　謝謝……！　吸泣,,,1,187,4,1,0,0,0,0,0,,Translated
3026,哲志,こうして……, , ,Satoshi,And so...,,,사토시,이리하여......,,,哲志,就這樣……,,,1,112,18,1,1,0,0,0,0,,Translated
3027,哲志,生き残った俺たち５人は、, , ,Satoshi,...the five of us who survived the ordeal...,,,사토시,살아남은 우리 다섯은,,,哲志,存活下來的我們五人，,,,1,113,18,1,1,0,0,0,0,,Translated
3028,哲志,如月学園に……現代に、戻ってくる事が出来た。, , ,Satoshi,...were able to return to Kisaragi Academy.,"To the real world, in our own time.",,사토시,"키사라기 학원...... 현대로, 돌아올 수 있었다.",,,哲志,成功回到了如月學園……現代。,,,1,116,18,1,1,0,0,0,0,,Translated
3029,哲志,みんな、しばらくは生還した喜びを,かみしめていたけれど……, ,Satoshi,"For a while, we were all just so happy to be home,",and to be alive...we were overjoyed.,,사토시,처음엔 다들 생환의 기쁨을,만끽했지만......,,哲志,一開始，大家都沉浸在生還的喜悅中……,,,1,117,18,1,1,0,0,0,0,,Translated
3030,哲志,すぐに、重たい現実が笑顔を引き剥がした。, , ,Satoshi,But it didn't take long before the grim reality,of what happened wiped the smiles off our faces.,,사토시,곧 무거운 현실이 미소를 벗겨냈다.,,,哲志,但馬上，沉重的現實就剝奪了笑容。,,,1,118,18,1,1,0,0,0,0,,Translated
3031,哲志,先生も、篠原も……　　　,森繁も……鈴本も……, ,Satoshi,Ms. Yui... Shinohara...,Morishige and Suzumoto...,,사토시,"선생님도, 시노하라도......",모리시게도...... 스즈모토도......,,哲志,老師、篠原……　　　,森繁……鈴本……,,1,119,18,1,1,0,0,0,0,,Translated
3032,哲志,その場にいなかったからだ。, , ,Satoshi,They weren't with us anymore.,,,사토시,그 자리에 없었기 때문이다.,,,哲志,因為他們不在那裡……,,,1,120,18,1,0,0,1,24,0,,Translated
3033,あゆみ,じゃ……気をつけてね。, , ,Ayumi,"Well...be careful on your way home, okay?",,,아유미,그럼...... 조심해.,,,あゆみ,那……小心點喔。,,,1,188,4,1,0,0,0,0,0,,Translated
3034,哲志,ああ……, , ,Satoshi,I will.,,,사토시,그래......,,,哲志,嗯……,,,1,121,18,1,0,0,0,0,0,,Translated
3035,由香,さようなら……, , ,Yuka,Goodbye...,,,유카,안녕......,,,由香,再見……,,,1,120,29,1,0,0,0,0,0,,Translated
3036,良樹,おー……, , ,Yoshiki,Later.,,,요시키,어......,,,良樹,喔……,,,1,35,26,1,0,0,0,0,0,,Translated
3037,あゆみ,みんな、お願い。, , ,Ayumi,Wait. Before you all go...,,,아유미,"다들, 부탁이야.",,,あゆみ,大家，拜託。,,,1,189,4,1,0,0,0,0,0,,Translated
3038,哲志,ん？, , ,Satoshi,Hmm?,,,사토시,응?,,,哲志,嗯？,,,1,122,18,1,0,0,0,0,0,,Translated
3039,あゆみ,明日も……　顔、みせてね。, , ,Ayumi,Don't...stay home tomorrow.,Come to school. Please.,,아유미,"내일도...... 얼굴, 보여줘.",,,あゆみ,明天也……　讓我看見你們的臉喔。,,,1,190,4,1,0,0,0,0,0,,Translated
3040,哲志,……ああ。, , ,Satoshi,Okay.,,,사토시,...... 어.,,,哲志,……嗯。,,,1,123,18,1,0,0,0,0,0,,Translated
3041,哲志,信じられない事が起こり過ぎて、眠れないと思ったが、, , ,Satoshi,"I didn't think I'd be able to sleep that night,",after all the things I'd seen...,,사토시,온통 믿을 수 없는 일만 일어나서 못 잘 줄 알았지만,,,哲志,雖然以為發生了太多難以置信的事會睡不著，,,,1,124,18,1,0,0,0,0,0,,Translated
3042,哲志,その晩は、それでも眠った――, , ,Satoshi,...but I wound up sleeping like a rock.,,,사토시,그날 밤은 잠이 들었다.,,,哲志,但那天晚上，還是睡著了――,,,1,125,18,1,0,0,0,0,0,,Translated
3043,哲志,（次の日）, , ,Satoshi,"The next morning, it was with heavy hearts...",,,사토시,(다음 날),,,哲志,（第二天）,,,1,136,18,1,0,0,0,0,0,,Translated
3044,哲志,（結衣先生たちのいない学校に、憂鬱な気持ちで,　登校した俺たちは……心底驚く事になる）, ,Satoshi,...that we all trudged toward a school devoid of Ms.,Yui and the others. Yet fate still had one more sick,twist in store for us...,사토시,"(유이 선생님과 친구들이 없는 학교에, 우울한 기분으로",등교한 우리들은...... 크게 놀라게 된다),,哲志,（我們懷著鬱悶的心情，,　前往沒有結衣老師等人的學校上學……,　然後將會大吃一驚）,1,137,18,1,0,0,0,0,0,,Translated
3045,生徒,篠原？　森繁？　……誰だそれ？　　, , ,Student A,Shinohara? Morishige?,Am I supposed to know who you're talking about?,,학생,시노하라?  모리시게?  ...... 누구야 그건?,,,學生,篠原？　森繁？　……那是誰？　　,,,1,133,20,1,1,1,1,0,0,,Translated
3046,生徒,ウチの副担は松戸じゃん、寝ぼけ過ぎじゃね？, , ,Student B,Our homeroom T.A.'s name is Matsudo.,You still half-asleep or something?,,학생,"우리 담임은 마츠도잖아, 잠이 덜 깬 거 아냐?",,,學生,我們的副導師是松戶啊，你是還沒睡醒嗎？,,,1,134,20,1,1,1,1,0,0,,Translated
3047,生徒,転校生？　　　　,……誰か来んの？, ,Student C,A transfer?,Are we getting someone new in here?,,학생,전학생?,...... 누구 오기로 했어?,,學生,轉學生？　　　　,……有人要來嗎？,,1,135,20,1,1,1,1,0,0,,Translated
3048,直美,……っ, , ,Naomi,Ah...!,,,나오미,...... 윽,,,直美,……,,,1,108,13,1,0,0,0,0,0,,Translated
3049,哲志,（はじめから……）, , ,Satoshi,(It was like...),,,사토시,(애초에......),,,哲志,（從一開始……）,,,1,138,18,1,0,0,0,0,0,,Translated
3050,哲志,（死んでしまったみんなが……,　はじめから、いなかった事にされていたんだ）, ,Satoshi,(...the four people who died in that school had,never existed to begin with...),,사토시,(죽은 사람들이......,처음부터 없던 것이 된 것이다),,哲志,（死去的大家……,　就像是從一開始就不存在一樣）,,1,139,18,1,0,0,0,0,0,,Translated
3051,直美,やだよ……こんなの……！, , ,Naomi,No... This isn't right!,,,나오미,이런 건...... 싫어......!,,,直美,不要啊……怎麼這樣……！,,,1,109,13,1,0,0,0,0,0,,Translated
3052,直美,みんなの記憶にさえ、残っていないなんて……, , ,Naomi,How can no one else remember any of them?!,,,나오미,"모두의 기억에 조차, 남아있지 않다니......",,,直美,竟然連大家的記憶中，都沒有留下……,,,1,110,13,1,0,0,0,0,0,,Translated
3053,直美,世以子達の生きてきた今までって……,なんだったの？！, ,Naomi,All those times we spent with Seiko and the,others... Am I just supposed to accept that,none of that really happened?!,나오미,여태 세이코가 살아온 건......,대체 뭐였냐고?!,,直美,世以子她們一直以來的人生……,到底是什麼？！,,1,111,13,1,0,0,0,0,0,,Translated
3054,あゆみ,結衣先生も……鈴本さんも、森繁君も篠原さんも、, , ,Ayumi,Ms. Yui... Suzumoto... Morishige and Shinohara...,,,아유미,"유이 선생님도...... 스즈모토도, 모리시게 군도 시노하라도",,,あゆみ,結衣老師也是……鈴本同學也是、森繁同學和篠原同學也是，,,,1,191,4,1,0,0,0,0,0,,Translated
3055,良樹,俺たちの、記憶にしか存在しないってのか……, , ,Yoshiki,Are you telling me they only exist in our memories,now?!,,요시키,우리의 기억 속에만 존재하는 건가......,,,良樹,只存在於我們的記憶中嗎……,,,1,36,26,1,0,0,0,0,0,,Translated
3056,良樹,悲しすぎるじゃねぇかよ……！, , ,Yoshiki,That's just beyond cruel!,,,요시키,이건 너무 슬프잖아......!,,,良樹,這也太悲傷了吧……！,,,1,37,26,1,0,0,0,0,0,,Translated
3057,直美,うううっ……！, , ,Naomi,*sob*,,,나오미,우우우......!,,,直美,嗚嗚……！,,,1,112,13,1,0,0,0,0,0,,Translated
3058,哲志,（沢山の魂と、人の想いを呑み込んで）, , ,Satoshi,(Still absorbing innumerable souls and ingesting the,thoughts of innocent boys and girls...),,사토시,"(수많은 혼과, 사람의 마음을 삼키고)",,,哲志,（吞噬了無數的靈魂和人們的心意）,,,1,140,18,1,1,0,0,0,0,,Translated
3059,哲志,（新しいサチコを得た天神小学校は、,　今もあの場所に存在している）, ,Satoshi,"(...Heavenly Host Elementary School stands firm,",with a newly-appointed Sachiko at its core.),,사토시,(새로운 사치코를 얻은 텐진초등학교는,지금도 그곳에 존재하고 있다),,哲志,（獲得了新的サチコ的天神小學校，,　現在依然存在於那個地方）,,1,141,18,1,1,0,0,0,0,,Translated
3060,哲志,（生き残った者……命を落とした者……,　黒き呪いに取り憑かれた者）, ,Satoshi,(There are those precious few who survived...those,who lost their lives...and those who were overcome,by the dark curses therein...),사토시,(살아남은 자...... 목숨을 잃은 자......,검은 저주에 씌인 자),,哲志,（倖存者……喪命者……,　被黑色詛咒附身者）,,1,142,18,1,1,0,0,0,0,,Translated
3061,哲志,（傷つけられた魂たちは、,　それぞれの痛みを抱えながら……,　悲しみを癒す旅を続けるのだ）,Satoshi,(And among them all are the spirits of those who,"were wronged, bearing an unimaginable pain and",endlessly searching for respite from their sadness.),사토시,(상처를 받은 혼들은,각자의 아픔을 껴안으며......,슬픔을 치유하는 여행을 계속 하는 것이다),哲志,（受傷的靈魂們，,　懷抱著各自的痛苦……,　繼續著治癒悲傷的旅程）,1,143,18,1,1,0,0,0,0,,Translated
3062,哲志,（還るべき場所を……探して）, , ,Satoshi,(For a place...to call home...),,,사토시,(돌아가야 할 곳을...... 찾아서),,,哲志,（尋找著……該回去的地方）,,,1,144,18,1,1,0,0,0,0,,Translated
3063,,Chapter5　完, , ,,[Chapter 5 - End],,,,Chapter5  끝,,,,第五章　完,,,0,0,0,1,0,0,0,13,0,,Translated
3064,直美,哲志……ごめんね、呼び出して……, , ,Naomi,"Sorry to call you in here like this, Satoshi.",,,나오미,"사토시...... 미안, 불러내서......",,,直美,哲志……對不起，把你叫出來……,,,1,113,13,1,0,0,0,0,0,,Translated
3065,哲志,いや、いいさ……どうしたんだ？, , ,Satoshi,"Oh, it's not a problem at all. What's up?",,,사토시,"아니, 됐어...... 무슨 일인데?",,,哲志,不會，沒關係……怎麼了？,,,1,145,18,1,0,0,0,0,0,,Translated
3066,直美,哲志に、見て欲しい……ものがあるんだ。, , ,Naomi,There's...something I want you to see.,,,나오미,"사토시가, 봤으면...... 하는 게 있어.",,,直美,有……想讓哲志看的東西。,,,1,114,13,1,0,0,0,0,0,,Translated
3067,直美,……これ。, , ,Naomi,Here.,,,나오미,...... 이거.,,,直美,……這個。,,,1,115,13,1,0,0,0,0,0,,Translated
3068,哲志,…………？　これは……, , ,Satoshi,Huh? Isn't that...?,,,사토시,............?  이건......,,,哲志,…………？　這是……,,,1,146,18,1,0,0,0,0,0,,Translated
3069,哲志,篠原の携帯に残ってた、送信前のメール,じゃないか……, ,Satoshi,It is. It's that unsent text message from,Shinohara I showed you...,,사토시,시노하라의 휴대전화에 남아있던,송신하기 전 문자 아냐......,,哲志,是篠原手機裡，那封未發送的郵件,不是嗎……,,1,147,18,1,0,0,0,0,0,,Translated
3070,直美,（こくっ）, , ,Naomi,Yeah...,,,나오미,(끄덕),,,直美,（點頭）,,,1,116,13,1,0,0,0,0,0,,Translated
3071,直美,あのね……, , ,Naomi,I...need to tell you something.,,,나오미,저기......,,,直美,那個啊……,,,1,117,13,2,0,0,0,0,0,,Translated
3072,哲志,……直美が？, , ,Satoshi,So it...was you?,,,사토시,...... 나오미가?,,,哲志,……是直美做的？,,,1,148,18,1,0,0,0,0,0,,Translated
3073,直美,……私が……動けない世以子の首に、ロープを……, , ,Naomi,"Seiko couldn't move...but instead of saving her,",I put a noose around her neck.,,나오미,"...... 내가...... 움직이지 못하는 세이코의 목에, 로프를......",,,直美,……我……在動不了的世以子脖子上，套上了繩子……,,,1,118,13,1,0,0,0,0,0,,Translated
3074,哲志,記憶は、ないのか？, , ,Satoshi,You don't remember any of it?,,,사토시,"기억은, 없는 거야?",,,哲志,沒有記憶嗎？,,,1,149,18,1,0,0,0,0,0,,Translated
3075,直美,……（コクリ）, , ,Naomi,...,,,나오미,...... (끄덕),,,直美,……（點頭）,,,1,119,13,1,0,0,0,0,0,,Translated
3076,直美,あの映像を観たとき……私、,何も考える事が出来なくなって……,体が、真っ黒い霧みたいなものに包まれて……,Naomi,"When I saw that scene play out, my mind just shut",down. I couldn't think at all...and a black mist,began forming around me. I was slipping away...,나오미,그 영상을 봤을 때...... 난,아무 생각도 할 수 없게 되어서......,몸이 새까만 안개 같은 것에 둘러싸여서......,直美,看到那個影像的時候……我，,什麼都無法思考了……,身體，被黑色的霧氣般的東西包圍……,1,120,13,1,0,0,0,0,0,,Translated
3077,直美,もう全部がいやになって……　　　　,死んじゃってもいいやって思ったの。, ,Naomi,"I didn't care, either. Nothing mattered to me",anymore. I would've welcomed death.,,나오미,이젠 전부 싫어져서......,죽어도 좋다고 생각했어.,,直美,已經厭倦了一切……　　　　,覺得死了也好。,,1,121,13,1,0,0,0,0,0,,Translated
3078,直美,ねぇ！　……世以子……世以子は、, , ,Naomi,Hey. Seiko... She...,,,나오미,저기!   ...... 세이코...... 세이코는,,,直美,喂！　……世以子……世以子她，,,,1,152,13,1,1,0,1,0,0,,Translated
3079,直美,存在したよね！　ちゃんと……あたしたちと,一緒にいたよね！, ,Naomi,"She really existed, didn't she?","She really did spend all that time with us, right?!",,나오미,존재했었지!  분명히...... 우리들과,함께 있었지!,,直美,是存在的對吧！　確實……和我們,在一起對吧！,,1,153,13,1,1,0,1,0,0,,Translated
3080,, , , ,,,,,사토시, , , ,, , ,,0,0,0,1,0,0,0,255,0,,Translated
3081,哲志,いたさ……いたさ、直美……！, , ,Satoshi,"She did. She was real, Naomi.",,,사토시,"그래...... 있었어, 나오미......!",,,哲志,她在的……她在的，直美……！,,,1,150,18,1,1,0,1,0,0,,Translated
3082,直美,先生も……みんなも……もう会えないなんて嫌だよ！, , ,Naomi,"Ms. Yui...and the others, too...",I can't stand the thought that I'll never see them,again!,나오미,선생님도...... 모두...... 이제 만날 수 없다니 싫어!,,,直美,老師也是……大家也是……再也見不到了我不要！,,,1,154,13,1,1,0,1,0,0,,Translated
3083,直美,ううぅぅぅぅ……もういちど……, , ,Naomi,*sob*,Just one last time...,,나오미,우우우우우우...... 다시 한번......,,,直美,嗚嗚嗚嗚……再一次……,,,1,155,13,1,1,0,1,0,0,,Translated
3084,直美,もういちど世以子と……話したいよぅ……！, , ,Naomi,I just want to talk to Seiko...one last time!,,,나오미,다시 한번 세이코와...... 얘길 나누고 싶어......!,,,直美,好想再和世以子……說一次話……！,,,1,156,13,1,1,0,1,0,0,,Translated
3085,, , , ,,,,,사토시, , , ,, , ,,0,0,0,1,0,0,0,255,0,,Translated
3086,哲志,ああっ……！, , ,Satoshi,I know you do...,,,사토시,아아......!,,,哲志,我知道……！,,,1,151,18,1,1,0,1,0,0,,Translated
3087,, , , ,,,,,사토시, , , ,, , ,,0,0,0,1,0,0,0,255,0,,Translated
3088,,CorpseParty BloodCovered; ...RepeatedFear,　　　　　　　　　　　　　　　　　　　　,　　　　　　　　　　　　　　　　　- END -,,                CORPSE  PARTY,,                   - fin -,,CorpseParty BloodCovered; ...RepeatedFear,　　　　　　　　　　　　　　　　     　- END -,,,屍體派對 BloodCovered; ...RepeatedFear,　　　　　　　　　　　　　　　　　　　　,　　　　　　　　　　　　　　　　　- END -,0,0,0,1,0,1,1,48,0,,Translated
3089,,,,,,,,,,,,,,,,,-1,0,0,1,0,1,1,48,0,,Translated
3090,直美,…………, , ,Naomi,...,,,나오미,............,,,直美,…………,,,1,0,0,1,0,0,0,0,0,,Translated
3091,田久地,僕は田久地将五。……鬼碑忌コウ先生の助手であり、,カメラマンだ……, ,Taguchi,My name is Shougo Taguchi. I work as Kou Kibiki's,cameraman and general assistant.,,타구치,나는 타구치 쇼고...... 키비키 코우 선생님의 조수이자,카메라맨이다......,,田久地,我是田久地將五。……是鬼碑忌光老師的助手，,也是攝影師……,,1,195,20,1,0,0,0,0,0,,Translated
3092,田久地,先生とはぐれてしまったが……,僕は先生との約束どおり、, ,Taguchi,"I've gotten separated from the boss, but I intend",to do exactly as I promised him I would.,,타구치,선생님과 떨어졌지만......,난 선생님과의 약속대로,,田久地,雖然和老師走散了……,但我會按照和老師的約定，,,1,196,20,1,0,0,0,0,0,,Translated
3093,田久地,何があっても録り続けようと思う。,最後まで記録し続けて、, ,Taguchi,"I'll keep filming until the bitter end, no matter",what happens. I won't miss a minute.,,타구치,무슨 일이 있어도 촬영을 계속하고자 한다.,끝까지 기록을 남겨,,田久地,無論發生什麼事我都會繼續拍攝。,堅持記錄到最後，,,1,197,20,1,0,0,0,0,0,,Translated
3094,田久地,この事実を、僕の生きた証として残すん……,！！　何だ！？, ,Taguchi & ???,- These records will serve to validate my existen--,- NO!! DON'T!!,- What the...?!,타구치,"이 사실을, 내가 살아있었다는 증거로 남긴......",!!  뭐야!?,,田久地,把這個事實，作為我活過的證明留下……,！！　什麼！？,,1,198,20,1,0,0,0,0,0,,Translated
3095,田久地,……っ！　（――上の階！？）, , ,Taguchi,(It's coming from upstairs!),,,타구치,...... 윽!  (위층!?),,,田久地,……！　（――樓上！？）,,,1,0,0,1,0,0,0,6,0,,Translated
3096,田久地,ハァ、ハァ、ハァ…………！？, , ,Taguchi,*pant* *pant*,,,타구치,"하아, 하아, 하아............!?",,,田久地,哈啊、哈啊、哈啊…………！？,,,1,0,0,1,0,0,0,0,0,,Translated
3097,田久地,ここは……女子トイレか。誰かいる！, , ,Taguchi,It's...the little girls' room?,Who's in there?!,,타구치,여긴...... 여자 화장실인가. 누군가 있어!,,,田久地,這裡是……女廁所嗎。有人！,,,1,200,20,1,0,0,0,0,0,,Translated
3098,田久地,隠れて……うまく録れるか……？, , ,Taguchi,I need to stay out of sight...,"I hope I'm able to get this, whatever it is...",,타구치,숨어서...... 찍을 수 있을까......?,,,田久地,躲起來……能好好錄到嗎……？,,,1,201,20,1,0,0,0,0,0,,Translated
3099,世以子,おねがい……やめて……, , ,Seiko,Please...don't do this...,,,세이코,부탁이야...... 그만둬......,,,世以子,拜託……住手……,,,1,0,0,1,0,0,0,0,0,,Translated
3100,世以子,直美ぃ！, , ,Seiko,Naomi...,,,세이코,나오미이!,,,世以子,直美！,,,1,62,20,1,0,0,0,0,0,,Translated
3101,世以子,やめて、直美ぃ……！, , ,Seiko,"Naomi, please! Don't do this!",,,세이코,"그만둬, 나오미이......!",,,世以子,住手，直美……！,,,1,63,20,1,0,0,0,0,0,,Translated
3102,田久地,……！？,（女の子が二人…… 一人は、後ろ手に縛られてバケツ,　の上に立たされている……何だ、あの首のロープ！）,Taguchi,...?!,(Two girls. One's on a bucket with her hands tied,behind her back...and a rope around her neck?!),타구치,......!?,(소녀가 둘...... 한 명은 뒤로 묶여서,"양동이 위에 서 있고...... 뭐야, 저 목에 로프는!)",田久地,……！？,（兩個女孩…… 一個，雙手被綁在身後站在桶子上,……那脖子上的繩子是怎麼回事！）,1,202,20,1,0,0,0,0,0,,Translated
3103,世以子,やだ……やだ！　直美！！　目覚まして。, , ,Seiko,"No... No, please... Naomi! Wake up!!",,,세이코,싫어...... 싫어!  나오미!!  눈을 떠.,,,世以子,不要……不要！　直美！！　醒醒。,,,1,64,20,1,0,0,0,0,0,,Translated
3104,世以子,直美！　直美ぃ……！, , ,Seiko,Naomi! Naomii!!,,,세이코,나오미!  나오미이......!,,,世以子,直美！　直美……！,,,1,65,20,1,0,0,0,0,0,,Translated
3105,直美,…………, , ,Naomi,...,,,나오미,............,,,直美,…………,,,1,0,0,1,0,0,0,0,0,,Translated
3106,田久地,――あ！, , ,Taguchi,...Ahh!,,,타구치,아!,,,田久地,――啊！,,,1,203,20,1,1,0,0,0,0,,Translated
3107,世以子,あぅ……！　ぐ……う……ぅぅ……！, , ,Seiko,*gag* *choke*,*squirm*,,세이코,아우......!  윽...... 으...... 으으......!,,,世以子,啊……！　呃……嗚……嗚嗚……！,,,1,0,0,1,0,0,0,12,0,,Translated
3108,世以子,グ……ヒュ……　ナ……オ……ミ……, , ,Seiko,Na...o... ...i...,,,세이코,윽...... 히유......  나...... 오...... 미......,,,世以子,呃……呼……　直……美……,,,1,0,0,1,0,0,0,12,0,,Translated
3109,直美,ああああぁぁっ, , ,Naomi,Aaaaaggh!,,,나오미,아아아아아악,,,直美,啊啊啊啊,,,1,122,13,1,0,0,0,0,0,,Translated
3110,直美,世以子……世以子！,あたしが…… あたしがっ！, ,Naomi,Seiko! SEIKO!,I... I...!,,나오미,세이코...... 세이코!,내가...... 내가!,,直美,世以子……世以子！,我…… 我……！,,1,123,13,1,0,0,0,0,0,,Translated
3111,直美,もういやぁぁ！, , ,Naomi,"God, no!!",,,나오미,더는 싫어어어!,,,直美,已經夠了！,,,1,124,13,1,0,0,0,0,0,,Translated
3112,直美,世以子……あたし……,とりかえしのつかない事……！, ,Naomi,Seiko...,I wish...I could take it back...,,나오미,세이코...... 난......,되돌릴 수 없는 짓을......!,,直美,世以子……我……,做了無法挽回的事……！,,1,125,13,1,0,0,0,0,0,,Translated
3113,直美,ううううううぅ……, , ,Naomi,*sob* *sob*,,,나오미,우우우우우우우......,,,直美,嗚嗚嗚嗚嗚……,,,1,126,13,1,0,0,0,0,0,,Translated
3114,直美,う……う……ぅ……, , ,Naomi,*gag* *sputter*,,,나오미,우...... 우...... 우......,,,直美,嗚……嗚……嗚……,,,1,127,13,1,0,0,0,0,0,,Translated
3115,直美,どんどん身体がまっくろになって……,気を失いかけた時にね……, ,Naomi,The darkness had begun seeping into every pore.,My body was pitch black. I was right on the verge,of losing consciousness...and then...,나오미,점점 몸이 까맣게 되고......,정신을 잃기 직전에......,,直美,身體逐漸變黑……,快要失去意識的時候……,,1,128,13,1,0,0,0,0,0,,Translated
3116,直美,……？, , ,Naomi,...?,,,나오미,......?,,,直美,……？,,,1,129,13,1,0,0,0,0,0,,Translated
3117,直美,……, , ,Naomi,...,,,나오미,......,,,直美,……,,,1,130,13,1,0,0,0,0,0,,Translated
3118,直美,さっきの……メール……？,どうして届いたんだろう……, ,Naomi,This is...that text message...,Why...am I receiving it now?,,나오미,좀 전...... 문자......?,왜 온 거지......,,直美,剛才的……郵件……？,為什麼會送到呢……,,1,131,13,1,0,0,0,0,0,,Translated
3119,直美,……。, , ,Naomi,...,,,나오미,......,,,直美,……。,,,1,132,13,1,0,0,0,0,0,,Translated
3120,直美,もう……いいや……　生きていたくない。, , ,Naomi,Doesn't matter. I don't even want to live anymore...,,,나오미,이젠...... 됐어...... 살고 싶지 않아.,,,直美,算了……　不想活了。,,,1,133,13,1,0,0,0,0,0,,Translated
3121,直美,つらいことばっかりだもの……, , ,Naomi,Living is too painful.,,,나오미,온통 괴로운 일뿐인걸......,,,直美,因為盡是些痛苦的事……,,,1,134,13,1,0,0,0,0,0,,Translated
3122,直美,やっぱり……世以子にも嫌われていたし、, , ,Naomi,I'm sure Seiko must have died hating me.,,,나오미,이젠...... 세이코에게도 미움받게 되었고,,,直美,果然……也被世以子討厭了，,,,1,135,13,1,0,0,0,0,0,,Translated
3123,直美,何も希望がないや。, , ,Naomi,There's just nothing left to live for...,,,나오미,아무 희망도 없어.,,,直美,沒有任何希望。,,,1,136,13,1,0,0,0,0,0,,Translated
3124,直美,……っ, , ,Naomi,...?!,,,나오미,...... 윽,,,直美,……,,,1,137,13,1,0,0,0,0,0,,Translated
3125,直美,同じメールがまた来た……, , ,Naomi,It's the same message...,,,나오미,같은 문자가 또 왔어......,,,直美,同樣的郵件又來了……,,,1,138,13,1,0,0,0,0,0,,Translated
3126,直美,世以子……何か、言いたいの？, , ,Naomi,Seiko...,Are you trying to tell me something?,,나오미,세이코...... 무슨 말을 하려고?,,,直美,世以子……有什麼話想說嗎？,,,1,139,13,1,0,0,0,0,0,,Translated
3127,直美,……っ, , ,Naomi,...!,,,나오미,...... 윽,,,直美,……,,,1,140,13,1,0,0,0,0,0,,Translated
3128,直美,（怒ってるメール……だよ、きっと）, , ,Naomi,(She must be spamming me. She's probably furious...),,,나오미,"(화내는 문자...... 겠지, 분명)",,,直美,（是在生氣的郵件……吧，一定是）,,,1,0,0,1,0,0,0,0,0,,Translated
3129,直美,…………っ, , ,Naomi,...,,,나오미,............ 윽,,,直美,…………,,,1,130,13,1,1,0,1,0,0,,Translated
3130,直美,……うそだよ、怒ってないわけない。, , ,Naomi,No. There's no way she's not mad at me.,,,나오미,"...... 거짓말이야, 화가 난 게 틀림없어.",,,直美,……騙人的，不可能不生氣。,,,1,141,13,1,1,0,1,0,0,,Translated
3131,直美,喧嘩してたんだもの……, , ,Naomi,We had such a huge fight...,,,나오미,싸웠는걸......,,,直美,我們明明吵架了……,,,1,142,13,1,1,0,1,0,0,,Translated
3132,直美,許してくれるわけない。, , ,Naomi,She can't possibly forgive me!,,,나오미,용서해 줄 리가 없어.,,,直美,她不可能原諒我。,,,1,143,13,1,1,0,1,0,0,,Translated
3133,直美,あんな酷い事したんだもの。, , ,Naomi,Especially not after what I did to her!,,,나오미,그런 심한 짓을 했는걸.,,,直美,因為我做了那麼過分的事。,,,1,144,13,1,1,0,1,0,0,,Translated
3134,直美,世以子……許せないよね……, , ,Naomi,Seiko... There's no excuse for my actions.,,,나오미,세이코...... 용서 못하겠지......,,,直美,世以子……無法原諒我吧……,,,1,145,13,1,1,0,1,0,0,,Translated
3135,直美,……私のこと……, , ,Naomi,You...,,,나오미,...... 내가......,,,直美,……我……,,,1,146,13,1,1,0,1,0,0,,Translated
3136,直美,大嫌いでしょう？……怒ってるでしょう？, , ,Naomi,"You must hate me, right? You have to hold some kind",of grudge!,,나오미,정말 밉지?  ...... 화난 거지?,,,直美,一定很討厭我吧？……在生氣吧？,,,1,147,13,1,1,0,1,0,0,,Translated
3137,直美,……世以子……っ, , ,Naomi,...Seiko...,,,나오미,...... 세이코......,,,直美,……世以子……,,,1,148,13,1,1,0,1,0,0,,Translated
3138,直美,（ごめんね……）, , ,Naomi,(I'm sorry...),,,나오미,(미안해......),,,直美,（對不起……）,,,1,0,0,1,0,0,1,13,0,,Translated
3139,直美,ごめんね……ごめんね……, , ,Naomi,I'm sorry... I'm so sorry...,,,나오미,미안해...... 미안해......,,,直美,對不起……對不起……,,,1,149,13,1,1,0,1,0,0,,Translated
3140,直美,大好き……, , ,Naomi,"I love you, Seiko...",,,나오미,정말 좋아해......,,,直美,最喜歡妳了……,,,1,150,13,1,1,0,1,0,0,,Translated
3141,直美,大好き……っ, , ,Naomi,I love you...,,,나오미,정말 좋아해......,,,直美,最喜歡妳了……,,,1,151,13,1,1,0,1,0,0,,Translated
3142,あゆみ,ーっ！, , ,Ayumi,*gasp*,,,아유미,윽!,,,あゆみ,―！,,,1,161,4,1,0,0,0,0,0,,Translated
3143,由香,うう、お兄ちゃん、頭が……！, , ,Yuka,Urgh... Big brother... My head hurts!,,,유카,"으으, 오빠, 머리가......!",,,由香,嗚嗚、哥哥，頭……！,,,1,106,29,1,0,0,0,0,0,,Translated
3144,哲志,由香……！, , ,Satoshi,Yuka...!,,,사토시,유카......!,,,哲志,由香……！,,,1,73,18,1,0,0,0,0,0,,Translated
3145,哲志,（真っ暗だ……　　　,　ここにサチコがいるだって……？）, ,Satoshi,(It's pitch black...,Is Sachiko in here?),,사토시,(새까매......,여기에 사치코가 있다고......?,,哲志,（一片漆黑……　　　,　サチコ在這裡……？）,,1,0,0,1,0,0,0,0,0,,Translated
3146,,ザク……ジャリッ……, , ,,*skshhh*,,,,푹...... 후두둑......,,,,　沙……沙沙……,,,0,0,0,1,0,0,0,12,0,,Translated
3147,,ザク……ジャリッ……, , ,, ,*creeeeak*,,,푹...... 후두둑......,,,,　沙……沙沙……,,,0,0,0,1,0,0,0,12,0,,Translated
3148,哲志,……？　……何の音だ……？, , ,Satoshi,...Wh-What's that...?,,,사토시,......?  ...... 무슨 소리지......?,,,哲志,……？　……什麼聲音……？,,,1,74,18,1,0,0,0,0,0,,Translated
3149,,ザク……ジャリッ……, , ,,*skshhh*,,,,푹...... 후두둑......,,,,　沙……沙沙……,,,0,0,0,1,0,0,0,12,0,,Translated
3150,,ザク……ジャリッ……, , ,, ,*skshhh*,,,푹...... 후두둑......,,,,　沙……沙沙……,,,0,0,0,1,0,0,0,12,0,,Translated
3151,哲志,……！　これが……サチコか。, , ,Satoshi,Ah! Is that...Sachiko...?,,,사토시,......!  이게...... 사치코인가.,,,哲志,……！　這就是……サチコ嗎。,,,1,75,18,1,0,0,0,0,0,,Translated
3152,サチコ,来ナイデッテ言ッてルのニ……,近寄るナ……！　見るナ……！, ,Sachiko,I told you to stay away!,Don't come any closer! Don't look at me!,,사치코,오지 말라고 했는데......,다가오지 마......!  보지 마......!,,サチコ,明明說了不要來的……,不准靠近……！　不准看……！,,1,134,14,1,0,0,0,0,0,,Translated
3153,哲志,―！　サチコ……サチコか？,聞いてくれ……！　俺たちは……, ,Satoshi,"Sachiko? Sachiko, please, listen! We--",,,사토시,!!  사치코...... 사치코야?,내 말을 들어봐......!  우린......,,哲志,―！　サチコ……是サチコ嗎？,聽我說……！　我們……,,1,76,18,1,0,0,0,0,0,,Translated
3154,サチコ,帰レ……！, , ,Sachiko,Leave!,,,사치코,돌아가......!,,,サチコ,回去……！,,,1,135,14,1,0,0,0,0,0,,Translated
3155,哲志,俺達は、お前に危害を加えに来たんじゃない。, , ,Satoshi,"Please, believe me, we mean you no harm!",,,사토시,우린 널 해치러 온 게 아냐.,,,哲志,我們不是來傷害你的。,,,1,77,18,1,0,0,0,0,0,,Translated
3156,サチコ,カエレ……　殺ス……, , ,Sachiko,"Leave now, or I'll kill you!",,,사치코,돌아가...... 죽인다......,,,サチコ,回去……　殺了你……,,,1,136,14,1,0,0,0,0,0,,Translated
3157,哲志,くっ……言葉は、やはり通じないのか？, , ,Satoshi,Dammit... We're not getting through to her!,,,사토시,큭...... 역시 말은 안 통하는 건가?,,,哲志,可惡……果然無法溝通嗎？,,,1,78,18,1,0,0,0,0,0,,Translated
3158,哲志,う……！　身体が！, , ,Satoshi,Urgh... My body...!,,,사토시,으......!  몸이!,,,哲志,嗚……！　身體……！,,,1,79,18,1,0,0,0,0,0,,Translated
3159,あゆみ,金縛りだわ……！, , ,Ayumi,We've been paralyzed!,,,아유미,가위에 눌렸어......!,,,あゆみ,是被鬼壓床了……！,,,1,162,4,1,0,0,0,0,0,,Translated
3160,由香,動けないよう！, , ,Yuka,I can't move!,,,유카,못 움직이겠어!,,,由香,動不了！,,,1,107,29,1,0,0,0,0,0,,Translated
3161,哲志,みんな！　大丈夫か！？, , ,Satoshi,"Oh, God... Is everybody all right?!",,,사토시,다들!  괜찮아!?,,,哲志,大家！　沒事吧！？,,,1,80,18,1,0,0,0,0,0,,Translated
3162,あゆみ,耳が……痛い！, , ,Ayumi,My ears... My ears!,,,아유미,귀가...... 아파!,,,あゆみ,耳朵……好痛！,,,1,163,4,1,0,0,0,0,0,,Translated
3163,由香,お兄ちゃん……たすけてぇ……！, , ,Yuka,Big brother... *hic*,Save meee...,,유카,오빠...... 살려줘어......!,,,由香,哥哥……救救我……！,,,1,108,29,1,0,0,0,0,0,,Translated
3164,由香,いあッ！, , ,Yuka,ACK!,,,유카,꺄악!,,,由香,呃！,,,1,109,29,1,1,0,0,0,0,,Translated
3165,良樹,！？, , ,Yoshiki,?!,,,요시키,!?,,,良樹,!？,,,1,17,26,1,1,0,0,0,0,,Translated
3166,あゆみ,由香ちゃん！！, , ,Ayumi,Yuka!,,,아유미,유카!!,,,あゆみ,由香！！,,,1,164,4,1,0,0,0,0,0,,Translated
3167,哲志,由香！！,（金縛りで……振り向けない！,　みんな動けないのか！？）,Satoshi,Yuka...!,"(God, I can't even turn my body to LOOK at her!",Are we all frozen like this?!),사토시,유카!!,(가위에 눌려서...... 돌아볼 수가 없어!,다들 못 움직이는 건가!?),哲志,由香！！,（被鬼壓床……無法回頭！,大家都不能動嗎！？）,1,81,18,1,0,0,0,0,0,,Translated
3168,由香,痛っ……なに、するの？, , ,Yuka,Ooooaaaww...,What are you doing to me...?,,유카,"아얏...... 뭐하는, 거야?",,,由香,好痛……你要做什麼？,,,1,110,29,1,0,0,0,0,0,,Translated
3169,由香,痛ぁい！　……きゃーっ！！,やめて……やめて！, ,Yuka,AAGH!! OWWWW!! STOP!! PLEASE!!,,,유카,아야!  ...... 꺄악~!!,그만둬...... 그만둬!,,由香,好痛！　……呀～！！,住手……住手！,,1,111,29,1,0,0,0,0,0,,Translated
3170,哲志,由香！　どうしたんだぁ！, , ,Satoshi,Yuka! What's happening?!,,,사토시,유카!  왜 그래!,,,哲志,由香！　怎麼了！,,,1,82,18,1,0,0,0,0,0,,Translated
3171,由香,いやああぁぁ～……！, , ,Yuka,AAAAAAAAGGGGGGGHHHH!!,,,유카,꺄아아아아아~  ......!,,,由香,不要啊啊～～……！,,,1,112,29,1,0,0,0,0,0,,Translated
3172,良樹,てめぇ！　サチコ！　やめろ！！, , ,Yoshiki,"Sachiko, you bitch! Leave her alone!",,,요시키,이 자식!  사치코!  그만둬!!,,,良樹,你這傢伙！　サチコ！　住手！！,,,1,18,26,1,0,0,0,0,0,,Translated
3173,あゆみ,持田君！　説得を続けて！！　早く！, , ,Ayumi,Mochida! Get on with it! Quickly!,,,아유미,모치다 군!  설득을 계속해!!  어서!!,,,あゆみ,持田同學！　繼續說服他！！　快點！,,,1,165,4,1,0,0,0,0,0,,Translated
3174,哲志,……説得っ？　――はっ！, , ,Satoshi,Get on with what? Appeasing her?!,,,사토시,...... 설득?    핫!,,,哲志,……說服？　――哈！,,,1,83,18,1,0,0,0,0,0,,Translated
3175,あゆみ,早くっ！, , ,Ayumi,Just...hurry!,,,아유미,어서!,,,あゆみ,快點！,,,1,166,4,1,0,0,0,0,0,,Translated
3176,哲志,ああ……っ！, , ,Satoshi,Okay!,,,사토시,알았어......!,,,哲志,嗯……！,,,1,84,18,1,0,0,0,0,0,,Translated
3177,哲志,（こっちじゃない。早く外に出よう）, , ,Satoshi,(Not this way. We have to get out of here...),,,사토시,(여기가 아냐. 어서 밖으로 나가자),,,哲志,（不是這邊。快點到外面去吧）,,,1,0,0,1,0,0,0,0,0,,Translated
3178,哲志,サチコ！　これを返す！,奪われた、お前の身体の一部だ。, ,Satoshi,Sachiko! This is yours! It's a part of your body,that was taken from you!,,사토시,사치코! 이걸 돌려줄게!,"뺏겼던, 네 신체의 일부야.",,哲志,サチコ！　還給妳這個！,這是妳被奪走的，身體的一部分。,,1,85,18,1,0,0,0,0,0,,Translated
3179,哲志,――目を覚ましてくれ！, , ,Satoshi,Open your eyes! Please!,,,사토시,눈을 떠!,,,哲志,――請清醒過來！,,,1,86,18,1,0,0,0,0,0,,Translated
3180,,説得をする,アイテムを差し出す,,,Attempt to persuade her,Show her items,,,설득한다,아이템을 내민다,,,說服她,拿出道具,,0,255,255,255,255,255,255,255,255,,Translated
3181,,母について,罪について,,,Talk about her mother,Talk about her sins,,,엄마에 대해,죄에 대해,,,關於母親,關於罪孽,,0,255,255,255,255,255,255,255,255,,Translated
3182,,サチコの舌,黒猫のぬいぐるみ,,,Sachiko's Tongue,Black Cat Plushie,,,사치코의 혀,검은 고양이 인형,,,サチコ的舌頭,黑貓玩偶,,0,255,255,255,255,255,255,255,255,,Translated
3183,,七星の手記,黒猫のぬいぐるみ,,,Naho's Notebook,Black Cat Plushie,,,나호의 수기,검은 고양이 인형,,,七星的筆記,黑貓玩偶,,0,255,255,255,255,255,255,255,255,,Translated
3184,,サチコの舌,ＤＶテープ,,,Sachiko's Tongue,DV Tape,,,사치코의 혀,DV 테이프,,,サチコ的舌頭,ＤＶ錄影帶,,0,255,255,255,255,255,255,255,255,,Translated
3185,,七星の手記,ＤＶテープ,,,Naho's Notebook,DV Tape,,,나호의 수기,DV 테이프,,,七星的筆記,ＤＶ錄影帶,,0,255,255,255,255,255,255,255,255,,Translated
3186,由香,痛あぁぁ……！,やめ……て……　たすけて……, ,Yuka,It huuurts!! *hic* Saaaave meeee!!,,,유카,아파아아......!,그만...... 둬......  살려줘......,,由香,好痛啊啊……！,住手……　救命……,,1,113,29,1,0,0,0,0,0,,Translated
3187,哲志,由香ーッ！！, , ,Satoshi,Yuukaaaa!!,,,사토시,유카~!!,,,哲志,由香～～！！,,,1,88,18,1,0,0,0,0,0,,Translated
3188,,説得をする,アイテムを差し出す,,,Attempt to persuade her,Show her items,,,설득한다,아이템을 내민다,,,說服她,拿出道具,,0,255,255,255,255,255,255,255,255,,Translated
3189,,母について,罪について,,,Talk about her mother,Talk about her sins,,,엄마에 대해,죄에 대해,,,關於母親,關於罪孽,,0,255,255,255,255,255,255,255,255,,Translated
3190,,サチコの舌,黒猫のぬいぐるみ,,,Sachiko's Tongue,Black Cat Plushie,,,사치코의 혀,검은 고양이 인형,,,サチコ的舌頭,黑貓玩偶,,0,255,255,255,255,255,255,255,255,,Translated
3191,,七星の手記,黒猫のぬいぐるみ,,,Naho's Notebook,Black Cat Plushie,,,나호의 수기,검은 고양이 인형,,,七星的筆記,黑貓玩偶,,0,255,255,255,255,255,255,255,255,,Translated
3192,,サチコの舌,ＤＶテープ,,,Sachiko's Tongue,DV Tape,,,사치코의 혀,DV 테이프,,,サチコ的舌頭,ＤＶ錄影帶,,0,255,255,255,255,255,255,255,255,,Translated
3193,,七星の手記,ＤＶテープ,,,Naho's Notebook,DV Tape,,,나호의 수기,DV 테이프,,,七星的筆記,ＤＶ錄影帶,,0,255,255,255,255,255,255,255,255,,Translated
3194,哲志,他人に危害を加えたところで、,自分の魂は救われやしないんだ！, ,Satoshi,Bringing harm to others will do nothing to save,your own soul!,,사토시,타인에게 위해를 가한다고 해도,네 혼은 구원받지 못해!,,哲志,即使傷害他人，,自己的靈魂也不會得到救贖！,,1,87,18,1,0,0,0,0,0,,Translated
3195,白サチコ,……？……, , ,White Sachiko,...?,,,하얀 사치코,......? ......,,,白サチコ,……？……,,,1,138,14,1,0,0,0,0,0,,Translated
3196,あゆみ,はっ！　いやァ！　……んぐ……っ！, , ,Ayumi,*sob* Nooooo!! NOOOOO!!,Ngggg...,,아유미,핫!  꺄아아!  ...... 으윽 ...... 읏!,,,あゆみ,哈！　不要！　……嗯……！,,,1,167,4,1,0,0,0,0,0,,Translated
3197,白サチコ,お母さん……　約束……, , ,White Sachiko,Mommy... You promised...,,,하얀 사치코,엄마......  약속......,,,白サチコ,媽媽……　約定……,,,1,142,14,1,0,0,0,0,0,,Translated
3198,,説得をする,アイテムを差し出す,,,Attempt to persuade her,Show her items,,,설득한다,아이템을 내민다,,,說服她,拿出道具,,0,255,255,255,255,255,255,255,255,,Translated
3199,,母について,罪について,,,Talk about her mother,Talk about her sins,,,엄마에 대해,죄에 대해,,,關於母親,關於罪孽,,0,255,255,255,255,255,255,255,255,,Translated
3200,,サチコの舌,黒猫のぬいぐるみ,,,Sachiko's Tongue,Black Cat Plushie,,,사치코의 혀,검은 고양이 인형,,,サチコ的舌頭,黑貓玩偶,,0,255,255,255,255,255,255,255,255,,Translated
3201,,七星の手記,黒猫のぬいぐるみ,,,Naho's Notebook,Black Cat Plushie,,,나호의 수기,검은 고양이 인형,,,七星的筆記,黑貓玩偶,,0,255,255,255,255,255,255,255,255,,Translated
3202,,サチコの舌,ＤＶテープ,,,Sachiko's Tongue,DV Tape,,,사치코의 혀,DV 테이프,,,サチコ的舌頭,ＤＶ錄影帶,,0,255,255,255,255,255,255,255,255,,Translated
3203,,七星の手記,ＤＶテープ,,,Naho's Notebook,DV Tape,,,나호의 수기,DV 테이프,,,七星的筆記,ＤＶ錄影帶,,0,255,255,255,255,255,255,255,255,,Translated
3204,あゆみ,痛ぃッ！！　ううぅぅぅ……おねがい、やめて……！, , ,Ayumi,It hurts...!,*pant* *pant* *pant*,Please...just STOP!!,아유미,"아얏!!  으으으으으...... 부탁이야, 그만둬......!",,,あゆみ,好痛！！　嗚嗚嗚……拜託，住手……！,,,1,168,4,1,0,0,0,0,0,,Translated
3205,良樹,……哲志！　早くしてくれ！, , ,Yoshiki,"Satoshi! Do something, quickly!!",,,요시키,...... 사토시!  얼른 해!,,,良樹,……哲志！　快點！,,,1,19,26,1,0,0,0,0,0,,Translated
3206,良樹,……篠崎！　……くそっ！　ざけんな！　俺に来い！, , ,Yoshiki,Shinozaki...,"Goddammit, leave her alone, you bitch!",Come after me instead!,요시키,...... 시노자키!  ...... 젠장!  까불지 마!  나한테 오라고!,,,良樹,……篠崎！　……可惡！　別開玩笑！　衝著我來！,,,1,20,26,1,0,0,0,0,0,,Translated
3207,,説得をする,アイテムを差し出す,,,Attempt to persuade her,Show her items,,,설득한다,아이템을 내민다,,,說服她,拿出道具,,0,255,255,255,255,255,255,255,255,,Translated
3208,,母について,罪について,,,Talk about her mother,Talk about her sins,,,엄마에 대해,죄에 대해,,,關於母親,關於罪孽,,0,255,255,255,255,255,255,255,255,,Translated
3209,,サチコの舌,黒猫のぬいぐるみ,,,Sachiko's Tongue,Black Cat Plushie,,,사치코의 혀,검은 고양이 인형,,,サチコ的舌頭,黑貓玩偶,,0,255,255,255,255,255,255,255,255,,Translated
3210,,七星の手記,黒猫のぬいぐるみ,,,Naho's Notebook,Black Cat Plushie,,,나호의 수기,검은 고양이 인형,,,七星的筆記,黑貓玩偶,,0,255,255,255,255,255,255,255,255,,Translated
3211,,サチコの舌,ＤＶテープ,,,Sachiko's Tongue,DV Tape,,,사치코의 혀,DV 테이프,,,サチコ的舌頭,ＤＶ錄影帶,,0,255,255,255,255,255,255,255,255,,Translated
3212,,七星の手記,ＤＶテープ,,,Naho's Notebook,DV Tape,,,나호의 수기,DV 테이프,,,七星的筆記,ＤＶ錄影帶,,0,255,255,255,255,255,255,255,255,,Translated
3213,哲志,お前の母親も悲しんでいたぞ……,こんな事で、自分は喜ばないって！, ,Satoshi,Your mom's been suffering just as much as you have.,The things you're doing aren't making her happy at,all!,사토시,네 어머니도 슬퍼하고 있었어......,자기는 이런 일로 기뻐하지 않는다고!,,哲志,妳的母親也在悲傷啊……,說自己不會因為這種事而高興！,,1,89,18,1,0,0,0,0,0,,Translated
3214,白サチコ,……ダレ……？, , ,White Sachiko,Who...?,,,하얀 사치코,...... 누구야......?,,,白サチコ,……是誰……？,,,1,139,14,1,0,0,0,0,0,,Translated
3215,白サチコ,お母サン……　ドコニイルノ？,ココハ、ドコ？, ,White Sachiko,Where's my mommy?,...Where am I?,,하얀 사치코,엄마...... 어딨어?,"여긴, 어디야?",,白サチコ,媽媽……　在哪裡？,這裡、是哪裡？,,1,140,14,1,0,0,0,0,0,,Translated
3216,良樹,ぐッ……くそ……　くそっ！, , ,Yoshiki,GLLLGH!!,...Dammit... Goddammit!!,,요시키,윽...... 젠장...... 젠자앙!,,,良樹,呃……可惡……　可惡！,,,1,21,26,1,0,0,0,0,0,,Translated
3217,良樹,ぐァッ！, , ,Yoshiki,AAAALLLLGGGGHHH!!,,,요시키,구악!,,,良樹,呃啊！,,,1,22,26,1,0,0,0,0,0,,Translated
3218,哲志,サチコ！　これを返す！,奪われた、お前の身体の一部だ。, ,Satoshi,Sachiko! This is yours! It's a part of your body,that was taken from you!,,사토시,사치코! 이걸 돌려줄게!,"뺏겼던, 네 신체의 일부야.",,哲志,サチコ！　還給妳這個！,這是妳被奪走的，身體的一部分。,,1,85,18,1,0,0,0,0,0,,Translated
3219,哲志,――目を覚ましてくれ！, , ,Satoshi,Open your eyes! Please!,,,사토시,눈을 떠!,,,哲志,――請清醒過來！,,,1,86,18,1,0,0,0,0,0,,Translated
3220,,「サチコの舌」を差し出しますか？, , ,,Offer [Sachiko's Tongue]?,,,,「사치코의 혀」를 내밀겠습니까?,,,,要交出「サチコ的舌頭」嗎？,,,0,0,0,1,0,0,0,0,0,,Translated
3221,,はい,いいえ,,,Yes,No,,,네,아니오,,,是,否,,0,255,255,255,255,255,255,255,255,,Translated
3222,,「七星の手記」を差し出しますか？, , ,,Offer [Naho's Notebook]?,,,,「나호의 수기」를 내밀겠습니까?,,,,要交出「七星的筆記」嗎？,,,0,0,0,1,0,0,0,0,0,,Translated
3223,,はい,いいえ,,,Yes,No,,,네,아니오,,,是,否,,0,255,255,255,255,255,255,255,255,,Translated
3224,白サチコ,お母さん……　約束……, , ,White Sachiko,Mommy... You promised...,,,하얀 사치코,엄마......  약속......,,,白サチコ,媽媽……　約定……,,,1,142,14,1,0,0,0,0,0,,Translated
3225,哲志,お前の母親も悲しんでいたぞ……,こんな事で、自分は喜ばないって！, ,Satoshi,Your mom's been suffering just as much as you have.,The things you're doing aren't making her happy at,all!,사토시,네 어머니도 슬퍼하고 있었어......,자기는 이런 일로 기뻐하지 않는다고!,,哲志,妳的母親也在悲傷啊……,說自己不會因為這種事而高興！,,1,89,18,1,0,0,0,0,0,,Translated
3226,,「黒猫のぬいぐるみ」を差し出しますか？, , ,,Offer [Black Cat Plushie]?,,,,「검은고양이 인형」을 내밀겠습니까?,,,,要交出「黑貓玩偶」嗎？,,,0,0,0,1,0,0,0,0,0,,Translated
3227,,はい,いいえ,,,Yes,No,,,네,아니오,,,是,否,,0,255,255,255,255,255,255,255,255,,Translated
3228,,「ＤＶテープ」を差し出しますか？, , ,,Offer [Mini-DV 'Sin' Tape]?,,,,「DV 테이프」를 내밀겠습니까?,,,,要交出「ＤＶ錄影帶」嗎？,,,0,0,0,1,0,0,0,0,0,,Translated
3229,,はい,いいえ,,,Yes,No,,,네,아니오,,,是,否,,0,255,255,255,255,255,255,255,255,,Translated
3230,白サチコ,……ダレ……？, , ,White Sachiko,Who...?,,,하얀 사치코,...... 누구야......?,,,白サチコ,……是誰……？,,,1,139,14,1,0,0,0,0,0,,Translated
3231,白サチコ,お母サン……　ドコニイルノ？,ココハ、ドコ？, ,White Sachiko,Where's my mommy?,...Where am I?,,하얀 사치코,엄마...... 어딨어?,"여긴, 어디야?",,白サチコ,媽媽……　在哪裡？,這裡、是哪裡？,,1,140,14,1,0,0,0,0,0,,Translated
3232,哲志,（……身体が動く……！　金縛りが解けた！？）, , ,Satoshi,(I can move again... Does that mean it's working?),,,사토시,(...... 몸이 움직인다......!  가위가 풀렸어!?),,,哲志,（……身體能動了……！　鬼壓床解開了！？）,,,1,0,0,1,0,0,0,0,0,,Translated
3233,サチコ,ガアアアアアアァァァ！,アアァ…………アアアァァァァァァ！, ,Sachiko,Ahh-- ahhhhhhhhhaaahhhhhhhhhh!,Oooooaaaaaaaggghh! Gaaaaaaaaahaaaaaaahhh!,Ouuuaaaggghh-- AAAAAAAAAAAAAAAAHHH!!,사치코,가아아아아아아아아아!,아아아......... 아아아아아아아아아!,,サチコ,嘎啊啊啊啊啊啊！,啊啊…………啊啊啊啊啊啊！,,1,0,0,1,0,0,0,0,0,,Translated
3234,哲志,直美！, , ,Satoshi,Naomi...!,,,사토시,나오미!,,,哲志,直美！,,,1,90,18,1,0,0,0,0,0,,Translated
3235,哲志,みんな！　サチコの切れ端を出すんだ！, , ,Satoshi,"Come on, everyone! Take out your paper doll scraps!",,,사토시,다들!  사치코의 조각을 꺼내!,,,哲志,大家！　拿出サチコ的碎片！,,,1,92,18,1,0,0,0,0,0,,Translated
3236,直美,ええ！, , ,Naomi,Okay!,,,나오미,응!,,,直美,嗯！,,,1,89,13,1,1,0,0,0,0,,Translated
3237,あゆみ,うん……！, , ,Ayumi,Got it!,,,아유미,응......!,,,あゆみ,嗯……！,,,1,169,4,1,1,0,0,0,0,,Translated
3238,良樹,おう……！, , ,Yoshiki,All right!,,,요시키,그래......!,,,良樹,喔……！,,,1,23,26,1,1,0,0,0,0,,Translated
3239,由香,うぅ……っ！, , ,Yuka,Okay...,,,유카,으으......!,,,由香,嗚嗚……！,,,1,114,29,1,1,0,0,0,0,,Translated
3240,あゆみ,サチコさん……！　私たちの気持ちを受け取って！, , ,Ayumi,Sachiko! Hear our pleas!,,,아유미,사치코씨......!  우리의 마음을 받아 줘!,,,あゆみ,サチコ小姐……！　請接收我們的心意！,,,1,170,4,1,0,0,0,0,0,,Translated
3241,あゆみ,私たち、帰りたい！, , ,Ayumi,We want...to go home!,,,아유미,"우린, 돌아가고 싶어!",,,あゆみ,我們，想回去！,,,1,171,4,1,0,0,0,0,0,,Translated
3242,あゆみ,お呪（まじな）いとは、人が人を想うキモチ、,心、そのもの……, ,Ayumi,That's what charms really are...,They represent our regards for other people!,"They're like microcosms of the soul, right?",아유미,주술이란 사람이 사람을 생각하는 마음,"마음, 그 자체......",,あゆみ,所謂詛咒，就是人對人的心意，,心，本身……,,1,172,4,1,0,0,0,0,0,,Translated
3243,あゆみ,悲しい目に遭った、あなたやお母さんを……,苦しみから、解放したいの！, ,Ayumi,You and your mom both suffered such horrible,fates...but all we want to do is free you from,that suffering!,아유미,"슬픈 일을 당한, 너와 엄마를......","고통으로부터, 해방하고 싶어!",,あゆみ,經歷了悲慘遭遇的妳和媽媽……,我們想將你們，從痛苦中解放！,,1,173,4,1,0,0,0,0,0,,Translated
3244,,唱える,止める,,,Chant,Don't chant,,,말한다,그만둔다,,,唸誦,停止,,0,255,255,255,255,255,255,255,255,,Translated
3245,哲志,サチコさんおねがいします！, , ,Satoshi,"Sachiko, we beg of you...",,,사토시,사치코씨 부탁합니다!,,,哲志,サチコ小姐拜託了！,,,1,93,18,1,0,0,0,0,0,,Translated
3246,,唱える,止める,,,Chant,Don't chant,,,말한다,그만둔다,,,唸誦,停止,,0,255,255,255,255,255,255,255,255,,Translated
3247,由香,サチコさんおねがいします！, , ,Yuka,Sachiko! We beg of you!!,,,유카,사치코씨 부탁합니다!,,,由香,サチコ小姐拜託了！,,,1,115,29,1,0,0,0,0,0,,Translated
3248,,唱える,止める,,,Chant,Don't chant,,,말한다,그만둔다,,,唸誦,停止,,0,255,255,255,255,255,255,255,255,,Translated
3249,良樹,サチコさんおねがいします！, , ,Yoshiki,Sachiko... We beg of you!,,,요시키,사치코씨 부탁합니다!,,,良樹,サチコ小姐拜託了！,,,1,24,26,1,0,0,0,0,0,,Translated
3250,,唱える,止める,,,Chant,Don't chant,,,말한다,그만둔다,,,唸誦,停止,,0,255,255,255,255,255,255,255,255,,Translated
3251,あゆみ,サチコさんおねがいします！, , ,Ayumi,Sachiko! We beg of you!,,,아유미,사치코씨 부탁합니다!,,,あゆみ,サチコ小姐拜託了！,,,1,174,4,1,0,0,0,0,0,,Translated
3252,,唱える,止める,,,Chant,Don't chant,,,말한다,그만둔다,,,唸誦,停止,,0,255,255,255,255,255,255,255,255,,Translated
3253,哲志,サチコさんおねがいします！, , ,Satoshi,"Sachiko, we beg of you...",,,사토시,사치코씨 부탁합니다!,,,哲志,サチコ小姐拜託了！,,,1,93,18,1,0,0,0,0,0,,Translated
3254,,唱える,止める,,,Chant,Don't chant,,,말한다,그만둔다,,,唸誦,停止,,0,255,255,255,255,255,255,255,255,,Translated
3255,由香,サチコさんおねがいします！, , ,Yuka,Sachiko! We beg of you!!,,,유카,사치코씨 부탁합니다!,,,由香,サチコ小姐拜託了！,,,1,115,29,1,0,0,0,0,0,,Translated
3256,,唱える,止める,,,Chant,Don't chant,,,말한다,그만둔다,,,唸誦,停止,,0,255,255,255,255,255,255,255,255,,Translated
3257,良樹,サチコさんおねがいします！, , ,Yoshiki,Sachiko... We beg of you!,,,요시키,사치코씨 부탁합니다!,,,良樹,サチコ小姐拜託了！,,,1,24,26,1,0,0,0,0,0,,Translated
3258,,唱える,止める,,,Chant,Don't chant,,,말한다,그만둔다,,,唸誦,停止,,0,255,255,255,255,255,255,255,255,,Translated
3259,あゆみ,サチコさんおねがいします！, , ,Ayumi,Sachiko! We beg of you!,,,아유미,사치코씨 부탁합니다!,,,あゆみ,サチコ小姐拜託了！,,,1,174,4,1,0,0,0,0,0,,Translated
3260,,唱える,止める,,,Chant,Don't chant,,,말한다,그만둔다,,,唸誦,停止,,0,255,255,255,255,255,255,255,255,,Translated
3261,哲志,サチコさんおねがいします！, , ,Satoshi,"Sachiko, we beg of you...",,,사토시,사치코씨 부탁합니다!,,,哲志,サチコ小姐拜託了！,,,1,93,18,1,0,0,0,0,0,,Translated
3262,,唱える,止める,,,Chant,Don't chant,,,말한다,그만둔다,,,唸誦,停止,,0,255,255,255,255,255,255,255,255,,Translated
3263,由香,サチコさんおねがいします！, , ,Yuka,Sachiko! We beg of you!!,,,유카,사치코씨 부탁합니다!,,,由香,サチコ小姐拜託了！,,,1,115,29,1,0,0,0,0,0,,Translated
3264,,唱える,止める,,,Chant,Don't chant,,,말한다,그만둔다,,,唸誦,停止,,0,255,255,255,255,255,255,255,255,,Translated
3265,良樹,サチコさんおねがいします！, , ,Yoshiki,Sachiko... We beg of you!,,,요시키,사치코씨 부탁합니다!,,,良樹,サチコ小姐拜託了！,,,1,24,26,1,0,0,0,0,0,,Translated
3266,,唱える,止める,,,Chant,Don't chant,,,말한다,그만둔다,,,唸誦,停止,,0,255,255,255,255,255,255,255,255,,Translated
3267,あゆみ,サチコさんおねがいします！, , ,Ayumi,Sachiko! We beg of you!,,,아유미,사치코씨 부탁합니다!,,,あゆみ,サチコ小姐拜託了！,,,1,174,4,1,0,0,0,0,0,,Translated
3268,,唱える,止める,,,Chant,Don't chant,,,말한다,그만둔다,,,唸誦,停止,,0,255,255,255,255,255,255,255,255,,Translated
3269,直美,サチコさんおねがいします！, , ,Naomi,"Sachiko, we beg of you!",,,나오미,사치코씨 부탁합니다!,,,直美,サチコ小姐拜託了！,,,1,90,13,1,0,0,0,0,0,,Translated
3270,,唱える,止める,,,Chant,Don't chant,,,말한다,그만둔다,,,唸誦,停止,,0,255,255,255,255,255,255,255,255,,Translated
3271,哲志,サチコさんおねがいします！, , ,Satoshi,"Sachiko, we beg of you...",,,사토시,사치코씨 부탁합니다!,,,哲志,サチコ小姐拜託了！,,,1,93,18,1,0,0,0,0,0,,Translated
3272,,唱える,止める,,,Chant,Don't chant,,,말한다,그만둔다,,,唸誦,停止,,0,255,255,255,255,255,255,255,255,,Translated
3273,由香,サチコさんおねがいします！, , ,Yuka,Sachiko! We beg of you!!,,,유카,사치코씨 부탁합니다!,,,由香,サチコ小姐拜託了！,,,1,115,29,1,0,0,0,0,0,,Translated
3274,,唱える,止める,,,Chant,Don't chant,,,말한다,그만둔다,,,唸誦,停止,,0,255,255,255,255,255,255,255,255,,Translated
3275,良樹,サチコさんおねがいします！, , ,Yoshiki,Sachiko... We beg of you!,,,요시키,사치코씨 부탁합니다!,,,良樹,サチコ小姐拜託了！,,,1,24,26,1,0,0,0,0,0,,Translated
3276,,唱える,止める,,,Chant,Don't chant,,,말한다,그만둔다,,,唸誦,停止,,0,255,255,255,255,255,255,255,255,,Translated
3277,あゆみ,サチコさんおねがいします！, , ,Ayumi,Sachiko! We beg of you!,,,아유미,사치코씨 부탁합니다!,,,あゆみ,サチコ小姐拜託了！,,,1,174,4,1,0,0,0,0,0,,Translated
3278,哲志,はぁ、はぁ、はぁ、……みんな……,由香！　直美！　……大丈夫か！, ,Satoshi,*pant* *pant* *pant*,...You guys... Yuka... Naomi...,Is everyone all right?!,사토시,"하아, 하아, 하아...... 다들......",유카!  나오미!  ...... 괜찮아!?,,哲志,哈啊、哈啊、哈啊、……大家……,由香！　直美！　……沒事吧！,,1,94,18,1,0,0,0,0,0,,Translated
3279,あゆみ,……大丈夫、ちゃんと止血するから。,私のリボンでいいかな？（シュルッ）, ,Ayumi,It's okay! It's nothing serious. I'll use my,"ribbon to help stop the bleeding. Hopefully,",that should be enough.,아유미,"...... 괜찮아, 제대로 지혈할 테니까.",내 리본이면 되겠지?  (스륵),,あゆみ,……沒事的，我會好好止血。,用我的緞帶可以吧？（唰）,,1,175,4,1,0,0,0,0,0,,Translated
3280,由香,あゆみお姉ちゃん……, , ,Yuka,Ayumi... Thank you.,,,유카,아유미 언니......,,,由香,あゆみ姊姊……,,,1,116,29,1,0,0,0,0,0,,Translated
3281,哲志,由香……？, , ,Satoshi,Yuka...?,,,사토시,유카......?,,,哲志,由香……？,,,1,95,18,1,0,0,0,0,0,,Translated
3282,由香,……ぶい。, , ,Yuka,We...did it.,,,유카,...... 브이.,,,由香,……耶。,,,1,118,29,1,0,0,0,0,0,,Translated
3283,直美,はぁ、はぁ、はぁ……　哲志。, , ,Naomi,*pant* *pant*,*pant*,Satoshi...,나오미,"하아, 하아, 하아...... 사토시.",,,直美,哈啊、哈啊、哈啊……　哲志。,,,1,96,13,1,0,0,0,0,0,,Translated
3284,哲志,直美、無事でよかった……。　篠原は、どうだった？, , ,Satoshi,Naomi... I'm so glad you're okay.,What happened with Shinohara?,,사토시,"나오미, 무사해서 다행이야...... 시노하라는 어땠어?",,,哲志,直美，妳沒事真是太好了……。　篠原她，怎麼樣了？,,,1,96,18,1,0,0,0,0,0,,Translated
3285,直美,ふう……ッ　……あとで、話す……, , ,Naomi,I'll...tell you later.,,,나오미,"후우......  ...... 나중에, 말할게......",,,直美,呼……　……晚點，再說……,,,1,97,13,1,0,0,0,0,0,,Translated
3286,哲志,？……　あ、あぁ……, , ,Satoshi,Oh... Uh...okay...,,,사토시,"? ......  어, 그래......",,,哲志,？……　啊、嗯……,,,1,97,18,1,0,0,0,0,0,,Translated
3287,あゆみ,雪ちゃん……！, , ,Ayumi,Yuki!,,,아유미,유키......!,,,あゆみ,由紀……！,,,1,176,4,1,0,0,0,0,0,,Translated
3288,雪,……, , ,Yuki,...,,,유키,......,,,雪,……,,,1,139,22,1,0,0,0,0,0,,Translated
3289,雪,みなさん、今です……　天神小学校を包囲している,霊磁場のゲートが開いています。, ,Yuki,Now...is your only chance to escape. The veil,between your world and this school is at its,thinnest. The gate is open.,유키,"여러분, 지금입니다...... 텐진초등학교를 포위 중인",영자장의 게이트가 열렸습니다.,,雪,各位，就是現在……包圍天神小學校的,靈磁場的門打開了。,,1,165,22,1,0,0,0,0,0,,Translated
3290,雪,閉じてしまう前に……いそいで、校舎の外に出て、,おまじないをおこなってください。, ,Yuki,You need to hurry and get outside the building,before it closes. Complete the ritual.,,유키,닫히기 전에...... 서둘러 교사 밖으로 나가,주술을 진행하세요.,,雪,在關閉之前……快點到校舍外面，,進行詛咒。,,1,166,22,1,0,0,0,0,0,,Translated
3291,雪,ゲートが閉じてしまったら……,またこの多重閉鎖空間は元に戻ります。, ,Yuki,"Once it closes, this nexus will return to the way","it was, and you'll have lost your chance to get out.",,유키,게이트가 닫혀 버리면......,이 다중 폐쇄 공간은 다시 원래대로 돌아가고 맙니다.,,雪,如果門關上了……,這個多重封閉空間又會恢復原狀。,,1,167,22,1,0,0,0,0,0,,Translated
3292,あゆみ,え……閉じたら、あなたたちはどうなるの？, , ,Ayumi,"What?! So...what's going to happen to all of you,",then?,,아유미,"어...... 닫히면, 너희들은 어떻게 되는데?",,,あゆみ,咦……關上的話，你們會怎麼樣？,,,1,177,4,1,0,0,0,0,0,,Translated
3293,雪,わたしたちは、ここの霊磁場に捕らえられている,みたいで……サチコ以外、成仏は出来ないようです。, ,Yuki,It appears we've become a part of these spaces.,"Aside from Sachiko, none of us can be saved.",,유키,"저희들은, 여기 영자장에 묶여 있어서......",사치코 이외에는 성불할 수 없어요.,,雪,因為我們似乎被這裡的靈磁場束縛著……,除了サチコ以外，似乎都無法成佛。,,1,168,22,1,0,0,0,0,0,,Translated
3294,雪,今、ほんの少しの間だけ……自由になっていますが、,すぐに引き戻されて、またこの空間を形成する事に,なるでしょう。,Yuki,"Right now, I'm free...but it's not going to last.","Soon, I'll continue shaping this place, just as",I always have.,유키,지금은 아주 잠시...... 자유를 되찾았지만,"곧 되돌려 보내져, 다시 이 공간을",형성하게 될 겁니다.,雪,現在，雖然只有短暫的一瞬間……恢復了自由，,但很快就會被拉回去，,繼續形成這個空間吧。,1,169,22,1,0,0,0,0,0,,Translated
3295,あゆみ,そんな……！, , ,Ayumi,No...!,,,아유미,그럴 수가......!,,,あゆみ,怎麼會……！,,,1,178,4,1,0,0,0,0,0,,Translated
3296,雪,この学校は既に、第二のサチコを生み出そうと,しています。, ,Yuki,This school has already begun creating a new,Sachiko.,,유키,이 학교는 이미 제2의 사치코를,생성하려 하고 있습니다.,,雪,這所學校已經，開始孕育第二個サチコ了。,,,1,170,22,1,0,0,0,0,0,,Translated
3297,雪,ハヤク……いきなさい　外へ, , ,Yuki,Please...go. Get out of the building while you,still can.,,유키,어서...... 가세요  밖으로,,,雪,快點……去外面吧,,,1,171,22,1,0,0,0,0,0,,Translated
3298,良樹,うおわあぁぁっ！, , ,Yoshiki,Uooa-aaghh?!,,,요시키,우와아아아악!,,,良樹,嗚哇啊啊！,,,1,28,26,1,0,0,0,0,0,,Translated
3299,あゆみ,きゃぁっ！, , ,Ayumi,Eeeek!,,,아유미,꺄아악!,,,あゆみ,呀！,,,1,179,4,1,0,0,0,0,0,,Translated
3300,直美,急いで！　外に出ましょう！, , ,Naomi,Come on! Let's get out of here!,,,나오미,서둘러!  밖으로 나가자!,,,直美,快點！　到外面去吧！,,,1,98,13,1,0,0,0,0,0,,Translated
3301,哲志,うっ……, , ,Satoshi,Glk!,,,사토시,윽......,,,哲志,嗚……,,,1,72,18,1,0,0,0,0,0,,Translated
3302,,柳堀ヨシカズらしき首吊り死体が,釣り下がっています……, ,,There's a rotting corpse hanging from the ceiling.,It's Yoshikazu Yanagihori.,,,야나기호리 요시카즈 같은 사람이,목을 맨 사체가 매달려 있습니다......,,,像是柳堀ヨシカズ的吊死屍體,懸掛著……,,0,0,0,1,0,0,0,0,0,,Translated
3303,,柳堀ヨシカズらしき首吊り死体が,釣り下がっています……, ,,There's a rotting corpse hanging from the ceiling.,It's Yoshikazu Yanagihori.,,,야나기호리 요시카즈 같은 사람이,목을 맨 사체가 매달려 있습니다......,,,像是柳堀ヨシカズ的吊死屍體,懸掛著……,,0,0,0,1,0,0,0,0,0,,Translated
3304,田久地,（女の子が……台のバケツを蹴り飛ばして……！,　ひ、人殺……）, ,Taguchi,(She just...kicked the bucket away...,"My God, this is a murder!)",,타구치,(소녀가...... 양동이를 걷어차고......!,"사, 살인......)",,田久地,（女孩……踢倒了桶子……！,　殺、殺人……）,,1,0,0,1,0,0,0,0,0,,Translated
3305,田久地,あぁ……！　あぁ！, , ,Taguchi,Aaaah... Gaaaaaaah...,,,타구치,아아......!  아아!,,,田久地,啊啊……！　啊啊！,,,1,204,20,1,0,0,0,0,0,,Translated
3306,田久地,うう……う、な、なんて事だ……！, , ,Taguchi,Ahh... Ahhhh... Wh-What the hell did I just see?!,,,타구치,"으으...... 으, 어, 어떻게 이런......!",,,田久地,嗚嗚……嗚、怎、怎麼會……！,,,1,0,0,1,0,0,0,0,0,,Translated
3307,田久地,――！, , ,Taguchi,...!,,,타구치,!!,,,田久地,――！,,,1,206,20,1,0,0,0,0,0,,Translated
3308,田久地,う、うわあぁぁぁ, , ,Taguchi,AAAGH!!,,,타구치,"우, 우와아아아아",,,田久地,嗚、嗚哇啊啊,,,1,207,20,1,0,0,0,0,0,,Translated
3309,,タッタッタッタッ……！, , ,,*clomp* *clomp* *clomp* *clomp*,,,,탁탁탁탁......!,,,,噠噠噠噠……！,,,0,0,0,1,0,0,0,6,0,,Translated
3310,田久地,――！　ヒィイイイッ！,助けて！　助けてェェェ！, ,Taguchi,AAAGH!! HELP!! SAVE ME!!,,,타구치,!!  히이이이익!,살려줘!  살려줘어어어!,,田久地,――！　咿～～～～！,救命！　救命啊啊！,,1,0,0,1,0,0,0,13,0,,Translated
3311,田久地,―！, , ,Taguchi,...!,,,타구치,!!,,,田久地,―！,,,1,0,0,1,0,0,0,3,0,,Translated
3312,哲志,よし、これを乗り越えて……,みんなでもう一度、逆打ちだ。, ,Satoshi,We made it! All we have to do now is climb over this,"fence, and we're home free!",,사토시,"좋아, 이걸 극복하고......","모두 함께 다시 한 번, 역타법이다.",,哲志,好，跨越這個……,大家再進行一次逆打。,,1,105,18,1,0,0,0,0,0,,Translated
3313,直美・あゆみ・由香・良樹,うん！,うん！,おう！,"Naomi, Ayumi, Yuka & Yoshiki",- Let's go!,- All right!,- Okay...,나오미·아유미·유카·요시키,응!,응!,그래!,直美・あゆみ・由香・良樹,嗯！,嗯！,喔！,1,101,13,1,0,0,0,0,0,,Translated
3314,哲志,（間に合ってくれ……！）, , ,Satoshi,"(Please work, please work, please work...)",,,사토시,(제발 늦지 마라......!),,,哲志,（拜託要趕上……！）,,,1,0,0,1,0,0,0,0,0,,Translated
3315,哲志,よし、これを乗り越えて……,みんなでもう一度、逆打ちだ。, ,Satoshi,We made it! All we have to do now is climb over this,"fence, and we're home free!",,사토시,"좋아, 이걸 극복하고......","모두 함께 다시 한 번, 역타법이다.",,哲志,好，跨越這個……,大家再進行一次逆打。,,1,105,18,1,0,0,0,0,0,,Translated
3316,みんな,うん！, , ,Everyone,- Okay!,- Okay...,,모두,응!,,,大家,嗯！,,,1,184,4,1,0,0,0,0,0,,Translated
3317,由香,お兄ちゃん？　どうしたの。, , ,Yuka,Big brother? What's wrong?,,,유카,오빠? 왜 그래.,,,由香,哥哥？　怎麼了。,,,1,172,29,1,0,0,0,0,0,,Translated
3318,哲志,直美……直美がいるんだ。, , ,Satoshi,Naomi...,It's Naomi...!,,사토시,나오미...... 나오미가 있어.,,,哲志,直美……直美在那裡。,,,1,235,18,1,0,0,0,0,0,,Translated
3319,由香,？！　お兄ちゃん！　待って……, , ,Yuka,"Huh? Big brother, wait!",,,유카,?! 오빠! 기다려......,,,由香,？！　哥哥！　等等……,,,1,173,29,1,0,0,0,0,0,,Translated
3320,哲志,直美……！　お前、やっぱり……生きてたんだな！, , ,Satoshi,Naomi...,I knew it! I knew you were still alive!,,사토시,"나오미......! 너, 역시...... 살아있었구나!",,,哲志,直美……！　妳，果然……還活著！,,,1,236,18,1,0,0,0,0,0,,Translated
3321,あゆみ,ああッ！, , ,Ayumi,Aaahh!!,,,아유미,아앗!,,,あゆみ,啊啊！,,,1,207,4,1,0,0,0,0,0,,Translated
3322,良樹,哲志！！, , ,Yoshiki,Satoshi!,,,요시키,사토시!!,,,良樹,哲志！！,,,1,48,26,1,0,0,0,0,0,,Translated
3323,由香,お兄ちゃん！, , ,Yuka,Big brother!!,,,유카,오빠!,,,由香,哥哥！,,,1,174,29,1,0,0,0,0,0,,Translated
3324,哲志,びっくりさせるなよ……お前がいなくなったら……, , ,Satoshi,"Don't scare me like that, please.",If I ever lost you...,,사토시,놀래키지 마...... 네가 사라지면......,,,哲志,別嚇我啊……如果妳不見了……,,,1,237,18,1,0,0,0,0,0,,Translated
3325,あゆみ,（殺人犯……！　鋏を持ってる！）, , ,Ayumi,(It's the accomplice! And he's holding a pair of,scissors!),,아유미,(살인범......! 가위를 쥐고 있어!),,,あゆみ,（殺人犯……！　拿著剪刀！）,,,1,0,0,1,0,0,0,0,0,,Translated
3326,由香,おにいちゃ……！　んぅッ！, , ,Yuka,Big brothe--UULK!!,,,유카,오빠......! 으윽!,,,由香,哥……！　嗯！,,,1,0,0,1,0,0,0,0,0,,Translated
3327,由香,！　あぐ……！　ん……んんん……ッ！, , ,Yuka,Urgh...glk...aaagh...,,,유카,!  아윽......!  응...... 으으응...... 읏!,,,由香,！　啊……！　嗯……嗯嗯嗯……！,,,1,176,29,1,0,0,0,0,0,,Translated
3328,哲志,っ！？　由香！　お前……！？, , ,Satoshi,Ah... Yuka! No...!,,,사토시,윽!?  유카!  너......!?,,,哲志,！？　由香！　妳……！？,,,1,238,18,1,0,0,0,0,0,,Translated
3329,ヨシカズ,……うううーッ……！, , ,Yoshikazu,Uuuuuuuaaaaaaggggghhhh!!,,,요시카즈,...... 우우우~ ......!,,,ヨシカズ,……嗚嗚嗚～……！,,,1,185,26,1,0,0,0,0,0,,Translated
3330,哲志,由香……由香ァ！, , ,Satoshi,Yuka... YUKA!!,,,사토시,유카...... 유카아!,,,哲志,由香……由香！,,,1,239,18,1,0,0,0,0,0,,Translated
3331,あゆみ,由香ちゃん！　しっかり……！, , ,Ayumi,Yuka! Come on! Pull yourself together!,,,아유미,유카!  정신 차려......!,,,あゆみ,由香！　振作點……！,,,1,208,4,1,0,0,0,0,0,,Translated
3332,哲志,由香……返事をしてくれ……っ, , ,Satoshi,Yuka... Say something!,,,사토시,유카...... 대답 좀 해봐......,,,哲志,由香……回答我……,,,1,240,18,1,0,0,0,0,0,,Translated
3333,由香,……, , ,Yuka,...,,,유카,......,,,由香,……,,,1,177,29,1,0,0,0,0,0,,Translated
3334,哲志,頼む……！, , ,Satoshi,Please!!,,,사토시,부탁이야......!,,,哲志,拜託……！,,,1,241,18,1,0,0,0,0,0,,Translated
3335,,・・・・・・, , ,,...,,,,  ·   ·   ·   ·   ·   ·,,,,・・・・・・,,,0,0,0,0,0,0,0,0,0,,Translated
3336,由香,お……にい……ちゃん……？, , ,Yuka,Big...bro...ther...?,,,유카,오...... 빠......?,,,由香,哥……哥……？,,,1,178,29,1,0,0,0,0,0,,Translated
3337,哲志,……由香！　……気がついたか！？, , ,Satoshi,Yuka! Stay with us!,,,사토시,...... 유카!  ...... 정신이 들었어!?,,,哲志,……由香！　……清醒了嗎！？,,,1,242,18,1,0,0,0,0,0,,Translated
3338,由香,お兄ちゃん……, , ,Yuka,Big brother...,,,유카,오빠......,,,由香,哥哥……,,,1,179,29,1,0,0,0,0,0,,Translated
3339,哲志,すまない……俺の……せいで……！, , ,Satoshi,I'm so sorry. This is...all my fault...,,,사토시,미안해...... 나...... 때문에......!,,,哲志,對不起……都是……我的錯……！,,,1,243,18,1,0,0,0,0,0,,Translated
3340,由香,もぉ……お兄ちゃん、やっぱりドジなんだから……,んッ！, ,Yuka,I keep telling you...,You're...not too bright...big brother...,,유카,"참...... 오빤, 역시 덜렁이라니까......",윽!,,由香,真是的……哥哥，果然是冒失鬼……,嗯！,,1,180,29,1,0,0,0,0,0,,Translated
3341,哲志,由香！ ……お前……　腹が……,（こんなに……深く……！）, ,Satoshi,Yuka! Your stomach...!,(I didn't realize the wound was this deep...),,사토시,유카! ...... 너...... 배가......,(이렇게...... 깊게......!),,哲志,由香！ ……妳……肚子……,（這麼……深……！）,,1,244,18,1,0,0,0,0,0,,Translated
3342,由香,……大丈夫……　由香……死なないよ。, , ,Yuka,It's okay. I won't die.,,,유카,...... 괜찮아......  유카...... 안 죽어.,,,由香,……沒事的……　由香……不會死的。,,,1,181,29,1,0,0,0,0,0,,Translated
3343,由香,由香まで死んじゃったら……　　　　　,お兄ちゃん、一人ぼっちになっちゃう……, ,Yuka,If I died...you'd be all alone...big brother...,,,유카,유카까지 죽으면......,"오빠, 외톨이가 되어 버릴 테니까......",,由香,如果連由香都死了……　　　　　,哥哥，就會變成孤單一人了……,,1,182,29,1,0,0,0,0,0,,Translated
3344,由香,だから……　んっ……！, , ,Yuka,So don't...worr... *urk*,,,유카,그러니까...... 윽......!,,,由香,所以……　嗯……！,,,1,183,29,1,0,0,0,0,0,,Translated
3345,由香,……ごほっごほっ、けほっ！, , ,Yuka,*cough* *hack* *splutter*,,,유카,"...... 콜록 콜록, 콜록!",,,由香,……咳咳咳、咳咳！,,,1,184,29,1,0,0,0,0,0,,Translated
3346,哲志,由香……！, , ,Satoshi,Yuka...,,,사토시,유카......!,,,哲志,由香……！,,,1,245,18,1,0,0,0,0,0,,Translated
3347,由香,……ごめんね、お兄ちゃん……　　　　　,由香、ウソついてたの。, ,Yuka,"Sorry, big brother...",for...lying to you...,,유카,"...... 미안해, 오빠......","유카, 거짓말했어.",,由香,……對不起，哥哥……　　　　　,由香，說謊了。,,1,185,29,1,0,0,0,0,0,,Translated
3348,哲志,ウソ？, , ,Satoshi,Lying?,,,사토시,거짓말?,,,哲志,說謊？,,,1,246,18,1,0,0,0,0,0,,Translated
3349,由香,由香、クラスに好きな子がいるって……,言ったでしょ？, ,Yuka,Remember...when I told you...there was a boy,I liked...in my class?,,유카,"유카, 반에 좋아하는 애가 있다고......",했었지?,,由香,由香，在班上有喜歡的人……,說過吧？,,1,186,29,1,0,0,0,0,0,,Translated
3350,哲志,……ああ、あの話か……, , ,Satoshi,Yeah. I remember.,,,사토시,"...... 아아, 그 얘기 말야......",,,哲志,……嗯，那個啊……,,,1,247,18,1,0,0,0,0,0,,Translated
3351,由香,由香の好きな人は、他にいるの。, , ,Yuka,The boy I like...isn't from my class...,,,유카,"유카가 좋아하는 사람은, 다른 사람이야.",,,由香,由香喜歡的人，是別人。,,,1,187,29,1,0,0,0,0,0,,Translated
3352,由香,……, , ,Yuka,...,,,유카,......,,,由香,……,,,1,188,29,1,0,0,0,0,0,,Translated
3353,哲志,…………？, , ,Satoshi,...?,,,사토시,............?,,,哲志,…………？,,,1,248,18,1,0,0,0,0,0,,Translated
3354,由香,……見えないもん……, , ,Yuka,...There's nobody...,,,유카,...... 안 보여......,,,由香,……看不見……,,,1,189,29,1,0,0,0,0,0,,Translated
3355,由香,……お兄ちゃんしか、見えないもん……由香……, , ,Yuka,"Nobody for me...but you, big brother...",,,유카,"...... 오빠밖에, 안 보여...... 유카는......",,,由香,……只看得見哥哥……由香……,,,1,190,29,1,0,0,0,0,0,,Translated
3356,由香,直美お姉ちゃんより、もっと……　　　,もっと……！　　　,お兄ちゃんの事好きだもん！ ,Yuka,"I love you, big brother...",More than Naomi does... More than anyone...,I love you!,유카,"나오미 언니보다, 훨씬......",훨씬......!,오빠를 좋아해!,由香,比直美姊姊，更……　　　,更……！　　　,我更喜歡哥哥！ ,1,191,29,1,0,0,0,0,0,,Translated
3357,哲志,由香……お前……, , ,Satoshi,Yuka... What are you...?,,,사토시,유카...... 너......,,,哲志,由香……妳……,,,1,249,18,1,0,0,0,0,0,,Translated
3358,由香,なのに……お家でも、いっつも,……直美お姉ちゃんの事ばっかり……, ,Yuka,But...when we're at home...all you ever talk,about...*hic*...is Naomi...,,유카,"그런데...... 집에서도, 언제나",...... 나오미 언니만......,,由香,但是……在家裡，也總是,……一直說著直美姊姊的事……,,1,192,29,1,0,0,0,0,0,,Translated
3359,由香,由香の気持ち……知らないで……, , ,Yuka,You don't care...how I feel...,,,유카,유카 마음도...... 몰라주고......,,,由香,都不了解……由香的心情……,,,1,193,29,1,0,0,0,0,0,,Translated
3360,哲志,……何言ってんだよ、,俺だってお前の事は好きだよ……兄妹なんだから。, ,Satoshi,"What are you saying? I love you too, Yuka!","We're family, after all!",,사토시,...... 무슨 말이야,나도 널 좋아해...... 남매니까.,,哲志,……在說什麼啊，,我也喜歡妳啊……因為我們是兄妹。,,1,250,18,1,0,0,0,0,0,,Translated
3361,由香,違う！　そんなんじゃ……兄妹だからとかじゃないよ！,ほんとに……ほんとに……由香……, ,Yuka,NO! That's not what I'm talking about!,...Not as family... Not as brother and sister...,I just love you! I really...really...,유카,아냐! 그런 게...... 남매라 그런 게 아니야!,정말...... 정말...... 유카......,,由香,不是！　不是那種……不是因為是兄妹！,真的……真的……由香……,,1,194,29,1,0,0,0,0,0,,Translated
3362,由香,……んっ！　げほっ、けほっ, , ,Yuka,...*hic*,*cough* *retch*,*splutter*,유카,"...... 윽! 콜록, 콜록",,,由香,……嗯！　咳咳、咳咳,,,1,195,29,1,0,0,0,0,0,,Translated
3363,あゆみ,由香ちゃん！, , ,Ayumi,Yuka...!,,,아유미,유카!,,,あゆみ,由香！,,,1,209,4,1,0,0,0,0,0,,Translated
3364,哲志,……由香ぁ！, , ,Satoshi,Yuka!,,,사토시,...... 유카아!,,,哲志,……由香！,,,1,251,18,1,0,0,0,0,0,,Translated
3365,良樹,（腹の傷が……どんどん開いている……！）, , ,Yoshiki,"(Man, her stomach is really bleeding. The wound",just keeps getting bigger...),,요시키,(배에 난 상처가...... 점점 벌어지고 있어......!),,,良樹,（腹部的傷口……越裂越大了……！）,,,1,0,0,1,0,0,0,0,0,,Translated
3366,良樹,もう……だめか……くそっ……！, , ,Yoshiki,Isn't there...anything we can do for her?,Goddammit!,,요시키,이젠...... 틀렸나...... 젠장......!,,,良樹,已經……不行了嗎……可惡……！,,,1,49,26,1,0,0,0,0,0,,Translated
3367,由香,……お兄……ちゃん……,哲志……　　　,お兄ちゃん…… ,Yuka,Big...brother...,Satoshi...,,유카,...... 오...... 빠......,사토시......,오빠......,由香,……哥……哥……,哲志……　　　,哥哥…… ,1,196,29,1,0,0,0,0,0,,Translated
3368,哲志,ど、どうした……？　何が言いたい？, , ,Satoshi,Wh-What is it? What are you trying to say?,,,사토시,"어, 왜......? 하고 싶은 말 있어?",,,哲志,怎、怎麼了……？　想說什麼？,,,1,252,18,1,0,0,0,0,0,,Translated
3369,由香,……ウソでもいいから……   ,由香の事……好きだよって、言って？, ,Yuka,I don't care if it's a lie...just please...,tell me...you love me too...,,유카,거짓말이라도 좋으니까......,"유카를...... 좋아한다고, 말해줘",,由香,……就算是謊言也好……,說喜歡……由香……,,1,197,29,1,0,0,0,0,0,,Translated
3370,,言う,言わない,,,Say it,Don't say it,,,말한다,말하지 않는다,,,說,不說,,0,255,255,255,255,255,255,255,255,,Translated
3371,哲志,大好きだよ……大好きだよ、由香……ッ！, , ,Satoshi,I do love you.,"I love you so much, Yuka!",,사토시,"정말 좋아해...... 정말 좋아해, 유카......!",,,哲志,最喜歡妳了……最喜歡妳了，由香……！,,,1,253,18,1,0,0,0,0,0,,Translated
3372,由香,…………っ……！　お兄ちゃん……っ, , ,Yuka,...,Big...brother...,,유카,............ 윽......!  오빠......,,,由香,………………！　哥哥……,,,1,198,29,1,0,0,0,0,0,,Translated
3373,哲志,……由香。……俺たちは兄妹じゃないか。, , ,Satoshi,Yuka...,We're family. We're siblings.,,사토시,...... 유카...... 우린 남매잖아.,,,哲志,……由香。……我們是兄妹啊。,,,1,254,18,1,0,0,0,0,0,,Translated
3374,由香,……, , ,Yuka,Hng...,,,유카,......,,,由香,……,,,1,199,29,1,0,0,0,0,0,,Translated
3375,哲志,……他人からはじまる、恋人とかよりも……,絆は、もっと深いはずだろ？, ,Satoshi,The love I feel for you is that of a brother. But,that love runs far deeper than romantic attraction.,It's a love formed from long-standing bonds.,사토시,...... 타인으로부터 시작되는 사랑보다도......,유대는 훨씬 깊은 거잖아?,,哲志,……比起從陌生人開始的戀人關係……,羈絆應該更深吧？,,1,255,18,1,0,0,0,0,0,,Translated
3376,哲志,……兄妹だからこそ、俺は お前のいい所も,悪い所も何でも知ってるし、, ,Satoshi,I know everything about you...good points and bad,points alike.,,사토시,"...... 남매이기에, 네 좋은 점도",나쁜 점도 뭐든 알고 있고,,哲志,……正因為是兄妹，我才知道妳的優點,和缺點，什麼都知道，,,1,0,19,1,0,0,0,0,0,,Translated
3377,哲志,……誰よりもお前のこと、わかってやれるつもりだ。, , ,Satoshi,"I understand you. I can relate to you, better than",anyone else.,,사토시,...... 누구보다도 널 잘 알고 이해해 줄 수 있어.,,,哲志,……我自認比任何人都了解妳。,,,1,1,19,1,0,0,0,0,0,,Translated
3378,由香,……お兄ちゃん……, , ,Yuka,Big...brother...,,,유카,...... 오빠......,,,由香,……哥哥……,,,1,200,29,1,0,0,0,0,0,,Translated
3379,哲志,大好きだよ、由香……, , ,Satoshi,I love you...Yuka.,,,사토시,"정말 좋아해, 유카......",,,哲志,最喜歡妳了，由香……,,,1,2,19,1,0,0,0,0,0,,Translated
3380,由香,……ありがと……　ぐすっ, , ,Yuka,Thank you...,*hic*,,유카,...... 고마워...... 훌쩍,,,由香,……謝謝……　吸泣,,,1,201,29,1,0,0,0,0,0,,Translated
3381,由香,……由香も……大好きだよ、お兄ちゃん。, , ,Yuka,I...love you too...,...big brother...,,유카,"...... 유카도...... 정말 좋아해, 오빠.",,,由香,……由香也……最喜歡你了，哥哥。,,,1,202,29,1,0,0,0,0,0,,Translated
3382,哲志,（……ゆっくりと目を閉じた由香は……,　そのまま、再び目を開けることはなかった）, ,Satoshi,"(Yuka's eyelids fell closed, slowly and unwillingly,",never to open again.),,사토시,(...... 그대로 천천히 눈을 감은 유카는......,다시 눈을 뜨지 못했다),,哲志,（……緩緩閉上眼睛的由香……,　就那樣，再也沒有睜開眼睛）,,1,3,19,1,0,0,0,0,0,,Translated
3383,哲志,（……眠るように冷たくなっていった,　由香の身体は、まるで小さな子供のように,　丸くなり……）,Satoshi,(Her body was curled into a fetal position and,"her skin was cool to the touch, as it often would",be when fast asleep.),사토시,(...... 잠자듯 차가워져 가는,유카의 몸은 어린아이처럼,웅크려져......),哲志,（……像睡著一樣逐漸冰冷,　的由香身體，像個小孩子一樣,　蜷縮著……）,1,4,19,1,0,0,0,0,0,,Translated
3384,哲志,（……母親に抱かれているような、,　安心しきった表情をしていた……）, ,Satoshi,"(She had a peaceful expression on her face, as of",a girl in the safety of her mother's arms.),,사토시,(...... 마치 어머니에게 안긴 듯,안심한 표정을 짓고 있었다......),,哲志,（……像是被母親擁抱著一樣，,　一臉安心的表情……）,,1,5,19,1,0,0,0,0,0,,Translated
3385,哲志,（……いなくなって……初めて気付いた）, , ,Satoshi,(It was only after she was gone that I realized...),,,사토시,(...... 죽고 나서...... 비로소 알게 되었다),,,哲志,（……直到她離開……我才發現）,,,1,6,19,1,0,0,0,0,0,,Translated
3386,哲志,（由香が、直美が……。,　自分の中で、どれだけ大きな存在だったのか……）, ,Satoshi,(...just how much she'd meant to me. And how much,"Naomi meant to me, as well...)",,사토시,"(유카가, 나오미가......",내 안에서 얼마나 큰 존재였는지를......),,哲志,（由香、直美……。,　在我心中，是多麼重要的存在……）,,1,7,19,1,0,0,0,0,0,,Translated
3387,哲志,（時計を見ると、夜の９時を回っていた）, , ,Satoshi,(I glanced at my watch. It was right around nine.),,,사토시,(시계를 보니 밤 9시를 지나고 있었다),,,哲志,（看了看時鐘，已經過了晚上九點）,,,1,8,19,1,0,0,0,0,0,,Translated
3388,哲志,（家の前に立った俺は……,　しばらく、家に入れなかった）, ,Satoshi,(I can't even say how long I stood there in front of,"my house, afraid to go in.)",,사토시,(집 앞에 선 나는......,당분간 집에 들어가지 못했다),,哲志,（站在家門前的我……,　有好一陣子，無法進門）,,1,9,19,1,0,0,0,0,0,,Translated
3389,哲志,（由香の事を、家族にどう伝えよう……）, , ,Satoshi,(How could I possibly break the news about Yuka,to our parents...?),,사토시,"(유카 일을, 가족에게 어떻게 전할지......)",,,哲志,（該怎麼告訴家人由香的事……）,,,1,10,19,1,0,0,0,0,0,,Translated
3390,母,哲志。おかえり。……濡れなかった？,ちょっと遅すぎるよ？, ,Mom,"Welcome home, Satoshi!","Did you get wet out there? You're awfully late,",you know...,엄마,사토시. 어서 오렴...... 안 젖었니?,좀 많이 늦었는데?,,母親,哲志。歡迎回來。……沒淋濕吧？,太晚囉？,,1,157,14,1,0,0,0,0,0,,Translated
3391,父,男子たるもの、一度外に出れば,色んな事があるよな。, ,Dad,"Well, boys will be boys! Once we're out that door,",a whole world of possibilities awaits us!,,아빠,"남자란, 일단 밖에 나가면",이런저런 일이 있는 법이지.,,父親,身為男子漢，一旦出了門,就會遇到各種各樣的事啊。,,1,155,14,1,0,0,0,0,0,,Translated
3392,母,女性だって色々ありますー。　　,馬鹿にしないで下さい。, ,Mom,"That's just as true for girls, you know.",Don't be an idiot.,,엄마,여자도 마찬가지라고요~,바보 취급하지 마세요.,,母親,女性也會遇到各種事喔～。,請別看不起人。,,1,158,14,1,0,0,0,0,0,,Translated
3393,父,うん。, , ,Dad,"Sorry, dear.",,,아빠,응.,,,父親,嗯。,,,1,156,14,1,0,0,0,0,0,,Translated
3394,哲志,父さん、母さん……, , ,Satoshi,Dad... Mom...,,,사토시,"아빠, 엄마......",,,哲志,爸、媽……,,,1,11,19,1,0,0,0,0,0,,Translated
3395,母,もう濡れてるじゃなーい。,ほら、ちゃんと拭きなさい。, ,Mom,"God, look at you! You're SOAKED!",Dry yourself off before you track up the place!,,엄마,어머 다 젖었잖니.,"자, 제대로 닦아.",,母親,這不是已經濕透了嗎。,來，好好擦乾。,,1,159,14,1,0,0,0,0,0,,Translated
3396,母,着替えたら、ご飯だよ？,すぐ降りてきなさい。, ,Mom,"And once you've changed, it's time for dinner,","so come right back downstairs, okay?",,엄마,옷 갈아입고 저녁 먹으렴.,곧장 내려와.,,母親,換好衣服就吃飯了喔？,馬上下來吧。,,1,160,14,1,0,0,0,0,0,,Translated
3397,哲志,……？, , ,Satoshi,...?,,,사토시,......?,,,哲志,……？,,,1,12,19,1,0,0,0,0,0,,Translated
3398,哲志,（由香の事を全く気にかけない両親に驚き……,　話すきっかけを見つけられなかった俺は、あいつが,　死んでしまった事を伝える事が出来なかった）,Satoshi,(I was so dumbfounded by the obliviousness of my,"parents to Yuka's absence, I completely missed any",chance I might have had to tell them what happened.),사토시,(유카를 전혀 신경 쓰지 않는 부모님을 보고 놀라......,말할 기회를 찾지 못한 나는,그 녀석이 죽었다는 사실을 전할 수가 없었다),哲志,（對完全不關心由香的父母感到驚訝……,　找不到機會開口說的我，,　最終沒能告訴他們那傢伙已經死了）,1,13,19,1,0,0,0,0,0,,Translated
3399,,出来なかった）,,,,出来なかった）,,,,出来なかった）,,,,没能做到）,,,-1,13,19,1,0,0,0,0,0,,Translated
3400,哲志,（しかし、このまま黙っているわけにも,　いかない……　ベッドに倒れこんで……,　これからのことを考えていると）,Satoshi,"(But I couldn't keep it to myself forever, either.","I collapsed on my bed, trying to figure out the best",way to broach the subject...),사토시,(하지만 이대로 가만히 있을 수도,없다...... 침대에 누워......,앞으로 어떻게 할지 생각하고 있는데),哲志,（但是，也不能就這樣一直沉默下去……,　倒在床上……,　思考著今後該怎麼辦的時候）,1,14,19,1,0,0,0,0,0,,Translated
3401,哲志,（机の上に、リボンの付いた小さな箱が,　置いてある事に気が付いた）, ,Satoshi,"(...when I noticed a tiny box on my desk, adorned",with a ribbon.),,사토시,"(책상 위에, 리본이 달린 작은 상자가",놓여 있는 것이 보였다),,哲志,（發現桌上放著一個繫著緞帶的小盒子）,,,1,15,19,1,0,0,0,0,0,,Translated
3402,哲志,……, , ,Satoshi,...,,,사토시,......,,,哲志,……,,,1,16,19,1,0,0,0,0,0,,Translated
3403,,……箱といっしょに、メッセージカードが,置いてあります。, ,,Next to the box sat an index card with a message on,it.,,,"...... 상자와 함께, 메시지 카드가",놓여 있습니다.,,,……盒子旁邊，放著一張訊息卡。,,,0,0,0,1,0,0,0,0,0,,Translated
3404,,……“大好きなおにいちゃんへ”, , ,,'To my dear big brother.', ,,,...... “정말 좋아하는 오빠에게”,,,,……「給最喜歡的哥哥」,,,0,0,0,1,0,0,0,0,0,,Translated
3405,哲志,由香……　雨の中、俺を迎えに出る前に……,置いてったのか？, ,Satoshi,Yuka...,Did you leave this here...before you came,to bring me my umbrella?,사토시,유카...... 비가 올 때 나에게 오기 전에......,두고 나간 건가?,,哲志,由香……　在雨中，出來接我之前……,放在這裡的嗎？,,1,17,19,1,0,0,0,0,0,,Translated
3406,,……箱のなかに、さらにメッセージカードが,入っていました。, ,,Inside the box was another index card.,,,,...... 상자 안에 메시지 카드가,들어가 있습니다.,,,……盒子裡，還放著一張訊息卡。,,,0,0,0,1,0,0,0,0,0,,Translated
3407,,……からっぽです。（＾▽＾）ざんねんでした　　　,今日は由香とお兄ちゃんの大事なきねんび　　　　,あとでいいものをおくります。,,'Bzzt! No prize for you! ^_^ Toooo bad!,"But you know what today is, right? It's a big",anniversary for the two of us!,,...... 텅 비었습니다. （＾▽＾） 유감이네요,오늘은 유카와 오빠의 소중한 기념일,나중에 좋은 걸 선물할게요.,,……是空的。（＾▽＾）很遺憾　　　,今天是由香和哥哥重要的紀念日　　　　,晚點會送你好東西。,0,0,0,1,0,0,0,0,0,,Translated
3408,,,,,,,,,,,,,,,,,-1,0,0,1,0,0,0,0,0,,Translated
3409,,……お家帰ったらね。, , ,,'I've got something very special to give you later.,"After you get home, that is!'",,,...... 집에 돌아가면 말야.,,,,……等回家之後喔。,,,0,0,0,1,0,0,0,0,0,,Translated
3410,,ゴソゴソゴソ、バキッ、パキッ, , ,,*rustle* *rustle*,,,,"부스럭부스럭, 툭, 툭",,,,窸窸窣窣、啪、啪,,,0,0,0,1,0,0,0,0,0,,Translated
3411,哲志,……？（何の……音だ？）, , ,Satoshi,...?,(What...was that?),,사토시,......?  (무슨...... 소리지?),,,哲志,……？（什麼……聲音？）,,,1,0,0,1,0,0,0,0,0,,Translated
3412,哲志,（由香の部屋と俺の部屋は扉一枚で,　つながっていて……あいつの部屋に行くには、,　この部屋を通らなければ入れない）,Satoshi,"(Yuka's room is connected to mine by a single door,","and that's the only way in. To get into her room,",you have to go through mine first.),사토시,(유카 방과 내 방은 문 하나로,이어져 있어서...... 그 녀석 방으로 가려면,이 방을 꼭 지나가야 한다),哲志,（由香的房間和我的房間只隔著一扇門……,　要去那傢伙的房間，,　必須經過這個房間）,1,18,19,1,0,0,0,0,0,,Translated
3413,哲志,（その、誰もいないはずの由香の部屋から、,　物音がする）, ,Satoshi,(...And it was from that room -- a room that,should have been empty -- that I heard the sound,of something rustling.),사토시,"(그, 아무도 없어야 할 유카 방에서",소리가 들린다),,哲志,（從那個應該沒有人的由香房間，,　傳來了聲響）,,1,19,19,1,0,0,0,0,0,,Translated
3414,哲志,……, , ,Satoshi,...,,,사토시,......,,,哲志,……,,,1,0,0,1,0,0,0,0,0,,Translated
3415,哲志,（鍵穴から向こうを覗いて見る。すると、）, , ,Satoshi,"(I figured I could peek in through the keyhole,",so as not to arouse suspicion. And when I did...),,사토시,(열쇠 구멍으로 안을 엿본다. 그러자),,,哲志,（我試著從鑰匙孔窺視對面。於是，）,,,1,21,19,1,0,0,0,0,0,,Translated
3416,哲志,……っ, , ,Satoshi,*gasp*,,,사토시,...... 윽,,,哲志,……,,,1,20,19,1,0,0,0,0,0,,Translated
3417,哲志,（……向こうからも、こっちをのぞいていた。,　見覚えのある眼だ）, ,Satoshi,(...I saw a very familiar eye looking back at me,from the other side...),,사토시,"(...... 저쪽에서도, 여길 엿보고 있다.",본 적이 있는 눈이다),,哲志,（……對面也在窺視這邊。,　一雙熟悉的眼睛）,,1,22,19,1,0,0,0,0,0,,Translated
3418,哲志,……！　ゆ……, , ,Satoshi,...! Yu...,,,사토시,......!  유......,,,哲志,……！　由……,,,1,23,19,1,0,0,0,0,0,,Translated
3419,由香,お兄ちゃん……さびしいよ……, , ,Yuka,B i g   b r o t h e r . . .,    I ' m   s o   l o n e l y . . .,,유카,오빠...... 쓸쓸해......,,,由香,哥哥……好寂寞啊……,,,1,0,0,1,0,0,0,0,0,,Translated
3420,哲志,はぁ、はぁ、はぁ……,……ど、どうなったんだ？, ,Satoshi,*pant* *pant* *pant*,Wh-What happened?!,,사토시,"하아, 하아, 하아......","...... 어, 어떻게 된 거야?",,哲志,哈啊、哈啊、哈啊……,……怎、怎麼了？,,1,176,18,1,0,0,0,0,0,,Translated
3421,良樹,……なんか、おかしくねぇか？, , ,Yoshiki,Doesn't something seem...off?,,,요시키,...... 뭔가 이상하지 않아?,,,良樹,……總覺得，不太對勁？,,,1,41,26,1,0,0,0,0,0,,Translated
3422,哲志,……まさか……失敗……？, , ,Satoshi,Don't tell me...we failed...,,,사토시,...... 설마...... 실패......?,,,哲志,……難道……失敗……？,,,1,177,18,1,0,0,0,0,0,,Translated
3423,哲志,！　篠崎！！, , ,Satoshi,...!,Shinozaki!,,사토시,!  시노자키!!,,,哲志,！　篠崎！！,,,1,0,0,1,0,0,0,0,0,,Translated
3424,由香,お兄ちゃん！　うしろ！！, , ,Yuka,BIG BROTHER! BEHIND YOU!!,,,유카,오빠!  뒤에!!,,,由香,哥哥！　後面！！,,,1,126,29,1,0,0,0,0,0,,Translated
3425,哲志,えっ！？, , ,Satoshi,Huh?!,,,사토시,어!?,,,哲志,咦！？,,,1,178,18,1,0,0,0,0,0,,Translated
3426,由香,あああ……あぁ……！, , ,Yuka,Aaa...aaaggh...,,,유카,아아아...... 아아......!,,,由香,啊啊……啊啊……！,,,1,127,29,1,0,0,0,0,0,,Translated
3427,由香,ああぁぁぁぁーー！, , ,Yuka,Haaaaaaaaggghh...hhaaaaAAAAAAHHHH...,,,유카,아아아아아아~~!,,,由香,啊啊啊啊～～！,,,1,128,29,1,0,0,0,0,0,,Translated
3428,良樹,ぐ……が……　あ……あぁぁ……！！, , ,Yoshiki,Glllgh...ghaaaaaa...aaaaaaahhhh...,,,요시키,으...... 아...... 아...... 아아아......!!,,,良樹,呃……啊……　啊……啊啊……！！,,,1,0,0,1,0,0,0,8,0,,Translated
3429,哲志,！　良樹！！, , ,Satoshi,...!,Yoshiki!,,사토시,!  요시키!!,,,哲志,！　良樹！！,,,1,0,0,1,0,0,0,0,1,,Translated
3430,直美,……！？, , ,Naomi,...?!,,,나오미,......!?,,,直美,……！？,,,1,255,12,1,0,0,0,0,0,,Translated
3431,直美,哲志！哲志！　しっかりして！　どうしたの！, , ,Naomi,Satoshi! Satoshi!!,Pull yourself together!,What happened to you?!,나오미,사토시! 사토시!  왜 그래!  정신 차려!,,,直美,哲志！哲志！　振作點！　怎麼了！,,,1,0,13,1,0,0,0,0,0,,Translated
3432,哲志,直美……すまん……俺はもう……だめだ。, , ,Satoshi,Naomi... I'm sorry...,I'm...not going to make it...,,사토시,나오미...... 미안...... 난 이제...... 틀렸어.,,,哲志,直美……對不起……我已經……不行了。,,,1,184,17,1,0,0,0,0,0,,Translated
3433,直美,なに言ってるの……！　どうしちゃったのよ！, , ,Naomi,What are you talking about?!,What's gotten into you?!,,나오미,무슨 말이야......! 왜 그러는데!,,,直美,你在說什麼……！　怎麼回事！,,,1,1,13,1,0,0,0,0,0,,Translated
3434,哲志,生きる希望が……わいてこない……, , ,Satoshi,I've lost...my will to live...,,,사토시,살 희망을...... 잃었어......,,,哲志,我失去了……活下去的希望……,,,1,185,17,1,0,0,0,0,0,,Translated
3435,直美,……そんなこと言わないでよ……！, , ,Naomi,Don't say that!,,,나오미,...... 그런 말 하지 마......!,,,直美,……不要說那種話……！,,,1,2,13,1,0,0,0,0,0,,Translated
3436,哲志,俺の……おまじないの切れ端だ。お前が……持っててくれ。, , ,Satoshi,This is...my paper doll scrap.,I want you...to have it.,,사토시,내...... 주술 조각이야. 네가...... 갖고 있어.,,,哲志,我的……詛咒碎片。妳……幫我保管吧。,,,1,186,17,1,0,0,0,0,0,,Translated
3437,直美,哲志！　やだ！, , ,Naomi,Satoshi! No!,,,나오미,사토시! 싫어!,,,直美,哲志！　不要！,,,1,3,13,1,0,0,0,0,0,,Translated
3438,哲志,篠崎と……合流して、『逆打ち』で……,一緒に帰るんだ。, ,Satoshi,You need to...find Shinozaki...,and then...go home...,,사토시,"시노자키와...... 합류해서, 『역타법』으로......",함께 돌아가.,,哲志,和篠崎……會合，用『逆打』……,一起回去吧。,,1,187,17,1,0,0,0,0,0,,Translated
3439,直美,やめて！　生きてよ！, , ,Naomi,Stop talking like that!,Don't give up!,,나오미,그만둬!  살아줘!,,,直美,住手！　活下去！,,,1,4,13,1,0,0,0,0,0,,Translated
3440,哲志,……, , ,Satoshi,...,,,사토시,......,,,哲志,……,,,1,188,17,1,0,0,0,0,0,,Translated
3441,直美,生きる意味が、必要なら！　……あたしがあげるから！, , ,Naomi,"If you need a reason to keep on living,",then I'll give you one!,,나오미,살 의미가 필요하다면!  ...... 내가 줄 테니까!,,,直美,如果需要活下去的意義的話！　……我給你！,,,1,5,13,1,0,0,0,0,0,,Translated
3442,直美,お願い……！　あたしのために！　生きてよ！！, , ,Naomi,"Do it for me, dammit! Keep on living...",for me...,,나오미,부탁이야......! 날 위해! 살아줘!!,,,直美,拜託……！　為了我！　活下去！！,,,1,6,13,1,0,0,0,0,0,,Translated
3443,哲志,直……美……, , ,Satoshi,Na...o...mi...,,,사토시,나오...... 미......,,,哲志,直……美……,,,1,189,17,1,0,0,0,0,0,,Translated
3444,哲志,うっ……, , ,Satoshi,...Oooahhh...,,,사토시,윽......,,,哲志,嗚……,,,1,72,18,1,0,0,0,0,0,,Translated
3445,,柳堀ヨシカズらしき首吊り死体が,釣り下がっています……, ,,There's a rotting corpse hanging from the ceiling.,It's Yoshikazu Yanagihori.,,,야나기호리 요시카즈 같은 사람이,목을 맨 사체가 매달려 있습니다......,,,像是柳堀ヨシカズ的吊死屍體,懸掛著……,,0,0,0,1,0,0,0,0,0,,Translated
3446,,柳堀ヨシカズらしき首吊り死体が,釣り下がっています……, ,,There's a rotting corpse hanging from the ceiling.,It's Yoshikazu Yanagihori.,,,야나기호리 요시카즈 같은 사람이,목을 맨 사체가 매달려 있습니다......,,,像是柳堀ヨシカズ的吊死屍體,懸掛著……,,0,0,0,1,0,0,0,0,0,,Translated
3447,直美,……うっ……！, , ,Naomi,Ulgh...!,,,나오미,...... 윽......!,,,直美,……嗚……！,,,1,18,13,1,0,0,0,0,0,,Translated
3448,哲志,……直美？, , ,Satoshi,Naomi?,,,사토시,...... 나오미?,,,哲志,……直美？,,,1,200,17,1,0,0,0,0,0,,Translated
3449,直美,いる……さっき、あたしを襲った何かが、, , ,Naomi,It's here...,The black mass...that attacked me earlier...,,나오미,있어...... 조금 전에 날 덮친 무언가가,,,直美,在……剛才襲擊我的那個東西，,,,1,19,13,1,0,0,0,0,0,,Translated
3450,直美,保健室って書いてあるけど……,ここ、さっきまでと全然違っちゃってるよ。, ,Naomi,The sign says 'Infirmary'...but whatever's at the,end of this hall is nothing like anywhere we've,been before...,나오미,보건실이라고 적혀 있는데......,"여기, 조금 전까지와는 전혀 달라.",,直美,雖然寫著保健室……,但這裡，和剛才完全不一樣了。,,1,20,13,1,0,0,0,0,0,,Translated
3451,由香,あたま、痛い……！, , ,Yuka,My... My head...,,,유카,"머리가, 아파......!",,,由香,頭，好痛……！,,,1,68,29,1,0,0,0,0,0,,Translated
3452,由香,おにいちゃん、苦しい……！, , ,Yuka,Big brother... It hurts...!,,,유카,"오빠, 괴로워......!",,,由香,哥哥，好難受……！,,,1,69,29,1,0,0,0,0,0,,Translated
3453,直美,私も……駄目……, , ,Naomi,Mine...too...,,,나오미,나도...... 무리......,,,直美,我也是……不行……,,,1,21,13,1,0,0,0,0,0,,Translated
3454,哲志,！　二人とも、鼻血が出ているぞ。,……わかった、そこで待っててくれ。, ,Satoshi,Ack! You've both got nosebleeds!,...You two stay here. I'll go on alone.,,사토시,"!  너희 둘, 코피가 나오는데.","...... 알았어, 거기에서 기다려.",,哲志,！　你們兩個，都在流鼻血。,……知道了，在那裡等著。,,1,201,17,1,0,0,0,0,0,,Translated
3455,哲志,うっ……, , ,Satoshi,*gasp*,,,사토시,윽......,,,哲志,嗚……,,,1,202,17,1,0,0,0,0,0,,Translated
3456,哲志,なんだ……！？　窓という窓に……,子供の顔と……手形が浮かんでいる……！, ,Satoshi,What the hell...? Is that a...child's face and,hands...in the window...?,,사토시,뭐야......!? 창이란 창에 전부......,어린아이의 얼굴과...... 손모양이 나와 있어......!,,哲志,什麼……！？　每扇窗戶裡……,都有小孩的臉和……手印浮現……！,,1,203,17,1,0,0,0,0,0,,Translated
3457,,扉の横に、張り紙がしてあります……, , ,,There's a posting attached to the door.,,,,문 옆에 종이가 붙어 있습니다......,,,,門旁邊，貼著一張紙……,,,0,0,0,1,0,0,0,0,0,,Translated
3458,,『サチコへ,　資料室のお片づけをして来ます,　少しここで待っていてね　　お母さんより』,,"Sachiko,",Cleaning up in the reference room. Please wait here,for me until I'm done.                  -Mom,,『사치코에게,자료실을 정리하고 올게,여기에서 잠시 기다리고 있으렴      엄마가』,,『給サチコ，　我去資料室整理一下,你在這裡稍等一下喔　　　媽媽留』,,0,0,0,1,0,0,0,0,0,,Translated
3459,哲志,サチコだって……？, , ,Satoshi,Sachiko...?!,,,사토시,사치코라고......?,,,哲志,サチコ……？,,,1,204,17,1,0,0,0,0,0,,Translated
3460,ヨシヱ,開いてますよ、お入りなさいな……, , ,Yoshie,The door's open. Come on in.,,,요시에,"열려 있습니다, 들어오세요......",,,芳江,開著喔，請進……,,,1,81,26,1,0,0,0,0,0,,Translated
3461,哲志,……っ, , ,Satoshi,*gasp*,,,사토시,...... 윽,,,哲志,……,,,1,205,17,1,0,0,0,0,0,,Translated
3462,哲志,……！　血！？, , ,Satoshi,...! Blood!,,,사토시,......!  피!?,,,哲志,……！　血！？,,,1,206,17,1,0,0,0,0,0,,Translated
3463,哲志,（！　……俺のか……！？,　俺もいつの間にか、鼻血が出ている……）, ,Satoshi,(Oh my God... It's mine! When did my nose start,bleeding?!),,사토시,(!  ...... 내 피인가......!?,"나도 어느새, 코피가 나왔어......)",,哲志,（！　……是我的……！？,　我也不知不覺，流了鼻血……）,,1,207,17,1,0,0,0,0,0,,Translated
3464,哲志,ハァ……ハァ……, , ,Satoshi,*wheeze* *wheeze*,,,사토시,하아...... 하아......,,,哲志,哈啊……哈啊……,,,1,208,17,1,0,0,0,0,0,,Translated
3465,哲志,（ここに長居は危険だが……,　きっと、何かがある……！）, ,Satoshi,(I think I'll be in danger if I stay here too,long...but I get the feeling there's something,here I need to see!),사토시,(여기에 오래 있으면 위험하지만......,"분명, 뭔가 있어......!)",,哲志,（雖然在這裡久留很危險……,　但一定，有什麼……！）,,1,209,17,1,0,0,0,0,0,,Translated
3466,ヨシヱ,夏休みには、みなさんで遠足にいきましょうね……, , ,Yoshie,What do you say? Shall we go on the field trip,together over summer vacation?,,요시에,"여름 방학이 오면, 모두 함께 소풍을 가도록 해요......",,,芳江,暑假期間，大家一起去遠足吧……,,,1,82,26,1,0,0,0,0,0,,Translated
3467,哲志,――！, , ,Satoshi,...!,,,사토시,!!,,,哲志,――！,,,1,210,17,1,0,0,0,0,0,,Translated
3468,哲志,……っ！　なんだ……体が動かない。,……金縛り……か？, ,Satoshi,What's going on?! I can't move a muscle! Have,I been...paralyzed...?,,사토시,...... 윽!  뭐야...... 몸이 안 움직여.,...... 가위에...... 눌린 건가?,,哲志,……！　什麼……身體動不了。,……被鬼壓床……嗎？,,1,211,17,1,0,0,0,0,0,,Translated
3469,ヨシヱ,…………　サッちゃんは……わたシの自慢……, , ,Yoshie,My dear Sachi... She's my pride and joy.,,,요시에,......  삿짱은...... 내 자랑......,,,芳江,…………　小幸是……我的驕傲……,,,1,83,26,1,0,0,0,0,0,,Translated
3470,ヨシヱ,私のために何でもシてくれる, , ,Yoshie,She'd do anything for me.,,,요시에,날 위해 뭐든 해 준다,,,芳江,為了我什麼都肯做,,,1,84,26,1,0,0,0,0,0,,Translated
3471,哲志,……あ……あぁ……っ, , ,Satoshi,*whimper*,,,사토시,...... 아...... 아아...... 윽,,,哲志,……啊……啊啊……,,,1,212,17,1,0,0,0,0,0,,Translated
3472,哲志,……っ！　はぁっ、はぁっ、はぁっ、はぁっ！, , ,Satoshi,*gasp* *pant* *wheeze*,,,사토시,"...... 윽!  허억, 허억, 허억, 허억!",,,哲志,……！　哈啊、哈啊、哈啊、哈啊！,,,1,213,17,1,0,0,0,0,0,,Translated
3473,哲志,……っ！　はぁっ、はぁっ、はぁっ、はぁっ！, , ,Satoshi,'Diary'... Whose diary? Is it...this spirit's?, ,,사토시,"...... 윽!  허억, 허억, 허억, 허억!",,,哲志,……！　哈啊、哈啊、哈啊、哈啊！,,,1,213,17,1,0,0,0,0,0,,Translated
3474,,……日記は古いものらしく、紙は黄ばんで,ボロボロの状態ですが、しっかりとペンで,書かれた字が残ってます……,,"The book seems quite old, with yellowed pages and","frayed edges, but the carefully-inked letters are",still completely legible.,,...... 일기는 낡아서 종이가 누렇고,"너덜너덜하지만, 또렷하게 펜으로",적힌 글씨가 남아 있습니다......,,……日記似乎很古老，紙張發黃,狀態破舊，但用筆,寫下的字跡仍清晰可見……,0,0,0,1,0,0,0,0,0,,Translated
3475,哲志,っ！？, , ,Satoshi,What...?!,,,사토시,윽!?,,,哲志,！？,,,1,215,17,1,0,0,0,0,0,,Translated
3476,ヨシヱ,Diary　1953年 7／19,　『私は死んだようだ』, ,Yoshie,7／19／1953,I seem to be dead.,,요시에,Diary  1953년 7/19,『난 죽은 모양이다』,,芳江,日記　1953年 7／19,　『我好像死了』,,1,86,26,1,0,0,0,0,0,,Translated
3477,哲志,（待て。……おかしくないか？）, , ,Satoshi,(No... That can't be right...),,,사토시,(잠깐...... 이상하지 않아?),,,哲志,（等等。……不覺得奇怪嗎？）,,,1,216,17,1,0,0,0,0,0,,Translated
3478,ヨシヱ,許せない, , ,Yoshie,I can't forgive you.,,,요시에,용서 못해,,,芳江,不可原諒,,,1,87,26,1,1,0,1,0,0,,Translated
3479,ヨシヱ,許さない, , ,Yoshie,I won't forgive you.,,,요시에,용서 못해,,,芳江,不會原諒你,,,1,88,26,1,1,0,1,0,0,,Translated
3480,ヨシヱ,殺してやる, , ,Yoshie,I'm going to kill you.,,,요시에,죽여 주마,,,芳江,殺了你,,,1,89,26,1,1,0,1,0,0,,Translated
3481,ヨシヱ,よくもサチコを, , ,Yoshie,How dare you harm Sachiko...,,,요시에,잘도 사치코를,,,芳江,竟敢傷害サチコ,,,1,90,26,1,1,0,1,0,0,,Translated
3482,ヨシヱ,よくも私を, , ,Yoshie,How dare you harm me...,,,요시에,잘도 나를,,,芳江,竟敢傷害我,,,1,91,26,1,1,0,1,0,0,,Translated
3483,哲志,やばい……！, , ,Satoshi,This is bad...,,,사토시,위험해......!,,,哲志,糟了……！,,,1,217,17,1,0,0,0,0,0,,Translated
3484,直美,……っ哲志！, , ,Naomi,Satoshi...!,,,나오미,...... 사토시!,,,直美,……哲志！,,,1,22,13,1,0,0,0,0,0,,Translated
3485,哲志,直美！　由香！　立て！　ここを離れるぞ！, , ,Satoshi,Naomi! Yuka! Stand up! We have to get out of this,"hall, now!",,사토시,나오미!  유카!  일어나!  여기에서 나가자!,,,哲志,直美！　由香！　站起來！　離開這裡！,,,1,218,17,1,0,0,0,0,0,,Translated
3486,由香,お兄ちゃん……！, , ,Yuka,Big brooootheeeer...,,,유카,오빠......!,,,由香,哥哥……！,,,1,70,29,1,0,0,0,0,0,,Translated
3487,,　棚には薬品の瓶が整然と並んでおり、,　整頓の出来る主がいた事を伝えています。, ,,Bottles of medicine are meticulously lined up on,"the shelves, suggesting that whoever arranged them",was an unusually organized individual.,,수납장에는 약품병이 가지런히 늘어서 있어,정돈이 가능한 누군가가 있던 것을 알리고 있습니다.,,,　櫃子裡藥品瓶整齊地排列著，,顯示曾經有善於整理的主人。,,0,0,0,1,0,0,0,0,0,,Translated
3488,,　棚の中に本が並んでいます……,　ヒーリング、心理療法など、スピリチュアル,　系統のものが多数のようです。,,A wide variety of books adorn the shelves. The most,"common themes seem to be healing, psychotherapy,",spirituality and genealogy.,,수납장 안에 책이 진열되어 있습니다......,"힐링, 심리요법 등",스피리츄얼 계통 책이 다수 있습니다.,,　櫃子裡陳列著書……,　治療、心理療法等，,　似乎多為靈性系統的書籍。,0,0,0,1,0,0,0,0,0,,Translated
3489,,　せっけんで　てを　あらおう, , ,,Wash your hands with soap,,,,비누로 손을 씻자,,,,　用肥皂　洗手吧,,,0,0,0,1,0,0,0,0,0,,Translated
3490,,　新品の人体解剖図が貼ってあります。, , ,,There's an anatomical drawing of the human body,tacked to the wall. It appears to be brand new.,,,새로운 인체해부도가 붙어 있습니다.,,,,　貼著全新的人體解剖圖。,,,0,0,0,1,0,0,0,0,0,,Translated
3491,,　脱脂綿、包帯、消毒用アルコールなど,　治療に使うものが綺麗に整頓されて,　しまってあります。,,"Cotton swabs, bandages, rubbing alcohol and various",other first aid items have been neatly arranged and,readied for use at a moment's notice.,,"탈지면, 붕대, 소독용 알코올 등",치료에 사용하는 것들이 깔끔하게,정돈되어 있습니다.,,　脫脂棉、繃帶、消毒用酒精等,　治療用的物品整齊地,　收納著。,0,0,0,1,0,0,0,0,0,,Translated
3492,,　水アカもなく、とてもきれいです。, , ,,"It's so clean, it practically shimmers.",,,,"물때도 없어, 너무나 깨끗합니다.",,,,　沒有水垢，非常乾淨。,,,0,0,0,1,0,0,0,0,0,,Translated
3493,,　暖かい光が明滅しています……, , ,,"It's emitting a warm, pleasant light.",,,,따스한 빛이 깜박이고 있습니다......,,,,　溫暖的光明滅著……,,,0,0,0,1,0,0,0,0,0,,Translated
