Index,JP_Name,JP_Page1,JP_Page2,JP_Page3,EN2_Name,EN2_Page1,EN2_Page2,EN2_Page3,KO_Name,KO_Page1,KO_Page2,KO_Page3,TC_Name,TC_Page1,TC_Page2,TC_Page3,NameFlag,VoiceNo_low,VoiceNo_high,Timing,VoiceAutoPage,TextSpeed,Button,AutoPage,ExtVoice,Translator_Notes,Status
0,,チャプター４のオープニングを見ますか？, , ,,View the Chapter 4 opening?,,,,챕터4 오프닝을 보겠습니까?,,,,要觀看第四章的開場嗎？, ,,0,0,0,1,0,0,0,0,0,,Translated
1,,はい,いいえ,,,Yes,No,,,네,아니오,,,是,否,,0,255,255,255,255,255,255,255,255,,Translated
2,母親,繭……　繭ちゃん。, , ,Mom,Mayu? Mayu?,,,모친,마유...... 마유.,,,母親,繭……　繭。, ,,1,189,26,1,0,0,0,0,0,,Translated
3,繭,なぁに？　もう遅刻しそう。, , ,Mayu,"What is it, Mom? I'm running late.",,,마유,왜? 지각하겠어.,,,繭,怎麼了？快要遲到了。, ,,1,9,8,1,0,0,0,0,0,,Translated
4,母親,今日で最後の登校ね……しっかり、皆さんに,お別れを言ってらっしゃいね。, ,Mom,This is your last day at Kisaragi. Make sure you,say your goodbyes and have a lot of fun with your,"friends, okay?",모친,오늘로 마지막 날이구나...... 꼭 애들한테,작별 인사를 하고 와야 한다.,,母親,今天是最後一次上學了……要好好跟大家,道別哦。, ,1,190,26,1,0,0,0,0,0,,Translated
5,繭,うん……, , ,Mayu,I will.,,,마유,응......,,,繭,嗯……, ,,1,10,8,1,0,0,0,0,0,,Translated
6,母親,ごめんなさいね……,お父さんの転勤のせいで。, ,Mom,I'm so sorry about this. All because your father,got transferred...,,모친,미안하구나......,아빠가 전근을 해서.,,母親,對不起呢……都是因為爸爸調職的關係。, ,,1,191,26,1,0,0,0,0,0,,Translated
7,繭,……いいの。私は……, , ,Mayu,It's okay! I'll be fine.,,,마유,...... 됐어. 나는......,,,繭,……沒關係的。我……, ,,1,11,8,1,0,0,0,0,0,,Translated
8,母親,お父さんがもっと、会社に抗議でもすれば,良かったんだけど……, ,Mom,I wish your father would've objected more strongly.,,,모친,아빠가 회사에 항의라도 했으면,좋았겠지만......,,母親,要是爸爸能更強硬地跟公司抗議就好了……, ,,1,192,26,1,0,0,0,0,0,,Translated
9,母親,お父さん、どうしても無理だって言うから。, , ,Mom,But he said there was nothing he could do about it.,,,모친,아빠가 그건 힘들다고 하니까.,,,母親,因為爸爸說無論如何都沒辦法。, ,,1,193,26,1,0,0,0,0,0,,Translated
10,母親,あなたが了解してくれたから、,良いようなものの……, ,Mom,"And since you didn't object, either... *sigh*","I swear, that man doesn't give this family any",consideration. All he thinks about is work...,모친,네가 이해해줬으니 망정이지......  하아~,아빠는 진정으로 가족을 생각하지 않는 사람이니까,,母親,雖然你有諒解……唉～,爸爸根本不把家人放在心上,,1,194,26,1,0,0,0,0,0,,Translated
11,繭,ん、行って来ます。, , ,Mayu,"Uh-huh. Well, I've gotta run. Bye!",,,마유,"응, 다녀올게.",,,繭,嗯，我出門了。, ,,1,12,8,1,0,0,0,0,0,,Translated
12,繭,（私は……）, , ,Mayu,(I...),,,마유,(나는......),,,繭,（我……）, ,,1,13,8,1,0,0,0,0,0,,Translated
13,繭,（お父さんとお母さんが揉めないでいて,　くれるなら、それでいいの）, ,Mayu,(I just want my mom and dad to get along...),,,마유,(아빠랑 엄마가 싸우지 않는다면,그걸로 족해),,繭,（只要爸爸和媽媽不吵架，那就夠了）, ,,1,14,8,1,0,0,0,0,0,,Translated
14,繭,……はっ。, , ,Mayu,*gasp*,,,마유,...... 핫.,,,繭,……啊。, ,,1,15,8,1,0,0,0,0,0,,Translated
15,繭,……？！　ここは……, , ,Mayu,Huh? ...Where am I...?,,,마유,......?!  여긴......,,,繭,……？！　這裡是……, ,,1,16,8,1,0,0,0,0,0,,Translated
16,繭,……あれ？　私、ひとり……？, , ,Mayu,Why...am I by myself?,,,마유,"...... 어라?  나, 혼자......?",,,繭,……咦？　我一個人……？, ,,1,17,8,1,0,0,0,0,0,,Translated
17,繭,ん……　んん？（ゴシゴシ）,なんで、泣いてるんだろう、私……, ,Mayu,And...nnng...wh-why...am I crying...?,,,마유,응...... 으응?  (비비적비비적),난 왜 울고 있는 거지......,,繭,嗯……嗯嗯？（揉眼睛）,為什麼……我在哭呢……,,1,18,8,1,0,0,0,0,0,,Translated
18,繭,繁兄ぃー……　先生ー……　篠崎さーん……, , ,Mayu,"Shig, bro, you there?",...Ms. Yui?,...Shinozaki...?,마유,시게 오빠~  선생님~  시노자키~,,,繭,繁哥～……老師～……篠崎～……, ,,1,19,8,1,0,0,0,0,0,,Translated
19,繭,……確かみんなと学園祭の片付けしてて……, , ,Mayu,"I was just in the classroom with everybody, taking",down the festival decorations...,,마유,...... 아마 모두 함께 학원제 정리를 하고......,,,繭,……記得和大家一起在收拾學園祭……, ,,1,20,8,1,0,0,0,0,0,,Translated
20,繭,やだ……ここ、何処……？, , ,Mayu,...God...,Where even is this?!,,마유,"어머...... 여긴, 어디지......?",,,繭,不要……這裡是哪裡……？, ,,1,21,8,1,0,0,0,0,0,,Translated
21,繭,え？　え？　や……やだ、　やだやだ,ヤダヤダヤダ！, ,Mayu,Where...? What...?,"No... No, please... No, no, no...","No, no, no, no...",마유,어?  어?  시...... 싫어  싫어 싫어,싫어 싫어 싫다고!,,繭,欸？欸？　不……不要不要,不要不要不要！,,1,22,8,1,1,0,0,0,0,,Translated
22,繭,ハァ、ハァ、ハァ、ハァ ……んっ。, , ,Mayu,*whimper* *whine* *wheeze*,,,마유,"하아, 하아, 하아, 하아...... 윽.",,,繭,呼、呼、呼、呼 ……嗯。, ,,1,23,8,1,1,0,0,0,0,,Translated
23,繭,（いけない、パニック起こしちゃだめ、繭）, , ,Mayu,"(Stop it! Stop it, Mayu! Don't succumb to panic!)",,,마유,"(안 돼, 패닉을 일으키면 안 돼, 마유)",,,繭,（不行，不能慌，繭）, ,,1,24,8,1,0,0,0,0,0,,Translated
24,繭,（こういう時は深呼吸して、何かおまじないを,　思いだすの……）, ,Mayu,"(Take a deep breath, and try to think of a charm",or something to get you through this!),*wheeze* *wheeze*,마유,(이럴 땐 심호흡을 하고,어떤 주술이 있는지 생각하는 거야......),,繭,（這種時候要深呼吸，想起什麼咒語……）, ,,1,25,8,1,0,0,0,0,0,,Translated
25,繭,（……そうだ）, , ,Mayu,(That's it!),,,마유,(...... 그렇지),,,繭,（……對了）, ,,1,26,8,1,0,0,0,0,0,,Translated
26,繭,（さっきの篠崎さんの……,　みんなとまた会えるおまじないは……）, ,Mayu,"(Shinozaki's charm! The one we all did, so we'd",be friends forever!),,마유,(좀 전에 시노자키가......,모두와 또 만날 수 있게 되는 주술을......),,繭,（剛才篠崎的……,　能和大家再見面的咒語……）,,1,27,8,1,0,0,0,0,0,,Translated
27,繭,（あれ……無い……　無い、無い！,　“幸せのサチコさん”の切れ端……）, ,Mayu,(Wait... It's gone? It's gone! I can't find it,anywhere! My Sachiko Ever After paper scrap...,gone!),마유,"(어라...... 없어...... 없어, 없어!",“행복을 부르는 사치코씨”의 조각......),,繭,（咦……沒有……　沒有、沒有！,　“幸運的サチコ小姐”的碎片……）,,1,28,8,1,0,0,0,0,0,,Translated
28,繭,（さっき……しまうのが惜しくて……,　手に持ってたから……？）, ,Mayu,(I was so sad to think that my time with everyone,"was over...but...I had it in my hand, I know I did!)",,마유,(좀 전에...... 넣어 두기 아까워서......,손에 들고 있었는데......?),,繭,（剛才……捨不得收起來……,　因為一直拿在手上……？）,,1,29,8,1,0,0,0,0,0,,Translated
29,繭,……そんなぁ……あの後、どうなったの？, , ,Mayu,...This sucks...,What happened after that?!,,마유,...... 그럴 수가...... 그 다음에 어떻게 된 거지?,,,繭,……怎麼會……那之後怎麼了？, ,,1,30,8,1,0,0,0,0,0,,Translated
30,繭,（ぐるるるるっ）,　う……お腹の調子も悪いや……, ,Mayu,*grumble*,My stomach...is in bad shape too...,,마유,(구르르르륵),으...... 배도 아파오네......,,繭,（咕嚕嚕嚕）,　嗚……肚子也不舒服……,,1,31,8,1,0,0,0,0,0,,Translated
31,繭,繭ったら緊張するとすぐ胃腸に来るんだから……, , ,Mayu,Why does stress always give me indigestion?!,,,마유,마유는 긴장을 하면 위장이 아파오니까......,,,繭,繭一緊張就會影響腸胃啊……, ,,1,32,8,1,0,0,0,0,0,,Translated
32,繭,……！？, , ,Mayu,...?!,,,마유,......!?,,,繭,……！？, ,,1,33,8,1,0,0,0,0,0,,Translated
33,,……ｷｬｯｷｬｯ,　……ｱﾊﾊﾊｯ……, ,,Heehee... Haha...,   Heeheehee... Hahaha...,,,...... 꺅 꺅,...... 아하하하......,,,……喀喀,　……啊哈哈哈……,,0,61,22,1,1,0,0,0,0,,Translated
34,繭,何……いまの……子達……, , ,Mayu,What...were they?,,,마유,뭐지...... 방금...... 아이들......,,,繭,什麼……剛才的……孩子們……, ,,1,34,8,1,0,0,0,0,0,,Translated
35,繭,……あの部屋に入ったよね……, , ,Mayu,They went in that room...,,,마유,...... 저 방에 들어갔지......,,,繭,……進了那個房間吧……, ,,1,35,8,1,0,0,0,0,0,,Translated
36,繭,……の、覗いてみようかな……, , ,Mayu,M-Maybe I should have a look...,,,마유,"...... 하, 한번 엿볼까......",,,繭,……要、要不要偷看一下……, ,,1,36,8,1,0,0,0,0,0,,Translated
37,哲志,はぁッ、はぁッ……,何か……道具はないか……, ,Satoshi,*pant* *pant*,Isn't there...anything...I can use...?!,,사토시,"허억, 허억......",뭔가...... 도구는 없는 건가......,,哲志,呼、呼……,有沒有……什麼工具……,,1,242,15,1,0,0,0,0,0,,Translated
38,直美,ケンカ別れしたままだったの……, , ,Naomi,We had a fight just before we parted ways.,,,나오미,싸우고 헤어졌어......,,,直美,是在吵架後分開的……, ,,1,6,12,1,0,0,0,0,0,,Translated
39,直美,あたしが悪かったのに……意地張っちゃって。, , ,Naomi,I was the one in the wrong...but I was too stubborn,to admit it.,,나오미,내 잘못인데...... 억지를 부려서.,,,直美,明明是我不好……卻耍性子了。, ,,1,7,12,1,0,0,0,0,0,,Translated
40,直美,次会ったら……世以子……死んでた……,, ,Naomi,And the next time I saw her...Seiko...was already,dead...,,나오미,다음에 보니...... 세이코...... 죽어 있었어......,,,直美,下次見到時……世以子……已經死了……,,,1,8,12,1,0,0,0,0,0,,Translated
41,直美,あたしのせいかも知れない。,ひどい事言っちゃったから……, ,Naomi,It might have even been my fault. I said some pretty,mean things to her...,,나오미,내 탓일지도 몰라.,심한 말을 했으니까......,,直美,也許是我的錯。,因為說了很過分的話……,,1,9,12,1,0,0,0,0,0,,Translated
42,直美,もうあやまる事も出来ない……！,う……ううーっ！, ,Naomi,And I can't even apologize anymore...,,,나오미,이젠 사과도 못해......!,으...... 으으~!,,直美,已經連道歉都做不到了……！,嗚……嗚嗚～！,,1,0,0,1,0,0,0,18,0,,Translated
43,哲志,直美……大丈夫だ。お前のせいじゃない。, , ,Satoshi,Naomi... It's all right. It's not your fault.,,,사토시,나오미...... 괜찮아. 네 탓이 아냐.,,,哲志,直美……沒事的。不是你的錯。, ,,1,0,0,1,0,0,0,0,0,,Translated
44,哲志,さっきお前も……　その……自分で、,首を吊っていたのは、判ってるか……？, ,Satoshi,You do realize that...you also...tried to hang,"yourself, right?",,사토시,좀 전에 너도......  그...... 네 손으로,"목을 매려고 한 건, 알아......?",,哲志,剛才你也……那個……你知道,自己差點上吊了嗎……？,,1,110,16,1,0,0,0,0,0,,Translated
45,直美,私が首を……？　……うそ……, , ,Naomi,I...did...?,...That's...not possible...,,나오미,내가 목을......?  ...... 거짓말......,,,直美,我上吊……？　……騙人……, ,,1,11,12,1,0,0,0,0,0,,Translated
46,直美,首の皮がヒリヒリして痛いよ……,……ほんとに私が？, ,Naomi,...But there is...a stinging pain...around my entire,neck... Did I really...?,,나오미,목이 쓸려서 아파......,...... 정말 내가?,,直美,脖子好痛……,……真的是我嗎？,,1,12,12,1,0,0,0,0,0,,Translated
47,哲志,やはり記憶がないのか……, , ,Satoshi,So you don't remember...,,,사토시,역시 기억이 없는 건가......,,,哲志,果然沒有記憶嗎……, ,,1,111,16,1,0,0,0,0,0,,Translated
48,直美,……。（ぞっ）, , ,Naomi,...,,,나오미,...... (오싹),,,直美,……。（發抖）, ,,1,13,12,1,0,0,0,0,0,,Translated
49,哲志,きっと篠原も、同じ……,普通の状態じゃ、なかったんだ。, ,Satoshi,I'm sure it was the same for Shinohara.,I don't think she knew what she was doing.,,사토시,"분명 시노하라도, 마찬가지로......","보통 상태가, 아니었던 거야.",,哲志,篠原一定也是一樣的……,不是正常的狀態。, ,1,112,16,1,0,0,0,0,0,,Translated
50,哲志,いくら悲観しても、篠原は、, , ,Satoshi,No matter how upset she was...she would never...,,,사토시,"아무리 비관한다 해도, 시노하라는",,,哲志,不管多麼悲觀，篠原她……, ,,1,113,16,1,0,0,0,0,0,,Translated
51,哲志,簡単に諦めて、自分を殺すような真似する奴じゃ,ないだろ……？, ,Satoshi,She wasn't the type to give up...on anything...,...much less kill herself over it...,,사토시,쉽게 포기하고 자신의 목숨을 끊는 녀석이,아니잖아......?,,哲志,不是那種會輕易放棄、自我了斷的人吧……？, ,,1,114,16,1,0,0,0,0,0,,Translated
52,直美,……。そうだよ……あり得ない……, , ,Naomi,You... You're right. She wouldn't do that!,,,나오미,...... 맞아...... 그럴 리 없어......,,,直美,……。是啊……不可能的……, ,,1,14,12,1,0,0,0,0,0,,Translated
53,直美,（……多分）, , ,Naomi,"(Probably not, anyway...)",,,나오미,(...... 아마도),,,直美,（……大概吧）, ,,1,15,12,1,0,0,0,0,0,,Translated
54,直美,……そう言えばさっき、あたし達と同い歳位の,女の子の幽霊に言われたわ。, ,Naomi,...Actually...there was this spirit who came to talk,to me... A girl about the same age as us...,,나오미,"...... 그러고 보니 좀 전에, 우리와 비슷한 나이의",여자 유령이 그랬어.,,直美,……說起來剛才，有個和我們差不多年紀的,女孩幽靈跟我說了。, ,1,16,12,1,0,0,0,0,0,,Translated
55,直美,この学校の呪いに触れていると、,精神を侵されて……“狂ってしまう”って。, ,Naomi,She said that anyone who's been touched by the curse,of this school will have their mind taken over...and,go crazy...,나오미,이 학교의 저주를 받으면,정신을 침식당해...... “미쳐 버린다”고.,,直美,她說如果接觸到這所學校的詛咒，,精神會被侵蝕……“會發瘋”。,,1,17,12,1,0,0,0,0,0,,Translated
56,哲志,精神を侵される……？, , ,Satoshi,Their mind...taken over?,,,사토시,정신을 침식당해......?,,,哲志,精神被侵蝕……？, ,,1,115,16,1,0,0,0,0,0,,Translated
57,哲志,（呪いも何も、こんな所に監禁されれば、,　誰だっておかしくなるとは思うが……）, ,Satoshi,"(Curse or no curse, I do get the feeling that",anyone trapped in here for long enough would,go insane.),사토시,"(저주고 뭐고, 이런 곳에 감금되면",누구든 이상해질 것 같은데......),,哲志,（詛咒什麼的，被關在這種地方，,不管是誰都會變得不正常吧……）,,1,116,16,1,0,0,0,0,0,,Translated
58,哲志,（どっちにしろ、ここに長く居るのは,　危険だって事だ……）, ,Satoshi,"(Clearly, we need to get out of this school as soon","as we possibly can. The longer we're here, the more",danger we're in.),사토시,(어쨌든 여기에 오래 있는 건,위험하다는 거군......),,哲志,（總之，待在這裡太久,是很危險的……）,,1,117,16,1,0,0,0,0,0,,Translated
59,哲志,（……気丈な直美や篠原でさえ……こんな事に,　なってしまうんだ）, ,Satoshi,"(If even Naomi and Shinohara, two of the strongest","people I know, can wind up like this...)",,사토시,(...... 기가 센 나오미와 시노하라조차...... 이렇게,되어 버렸고),,哲志,（……連堅強的直美和篠原都……,變成了這樣）, ,1,118,16,1,0,0,0,0,0,,Translated
60,哲志,（俺も含め、みんなヤバいぞ……,　一人になっちゃ駄目だ）, ,Satoshi,"(...then any one of us could be next, myself",included. We'd better make sure nobody's left,by themselves in here anymore.),사토시,"(나도 그렇고, 다들 위험해......",혼자가 되면 안 돼),,哲志,（包括我在內，大家都很危險……,不能一個人落單）,,1,119,16,1,0,0,0,0,0,,Translated
61,哲志,……とにかく。早くみんなと合流して、,此処を出ないとな。, ,Satoshi,It sounds like we need to hurry up and find the,"others, then get out of here.",,사토시,...... 어쨌든. 어서 모두와 합류해서,여길 나가자.,,哲志,……總之。得早點和大家會合，,離開這裡才行。, ,1,120,16,1,0,0,0,0,0,,Translated
62,直美,ええ……。,ねぇ、その女の子の霊に、この空間にはもう……, ,Naomi,"Yeah... That brings up something else, though. That",girl spirit also said that this school was its own,version of closed space...,나오미,응......,"저기, 그 여자 유령이, 이 공간엔 이제......",,直美,嗯……。,那個女孩幽靈說，這個空間裡已經……,,1,18,12,1,0,0,0,0,0,,Translated
63,直美,あたしと世以子しかいないって、言われてたのに, , ,Naomi,...and that Seiko and I were the only living beings,present.,,나오미,나와 세이코밖에 없다고 했는데,,,直美,只剩下我和世以子了，, ,,1,19,12,1,0,0,0,0,0,,Translated
64,直美,哲志どうして来れたの？, , ,Naomi,"So how did you get here, Satoshi?",,,나오미,사토시는 어떻게 왔어?,,,直美,哲志是怎麼過來的？, ,,1,20,12,1,0,0,0,0,0,,Translated
65,哲志,……？　そういえば校舎の雰囲気が違う……な……, , ,Satoshi,...Now that you mention it...there is a different,feeling in the air now than there was before...,,사토시,......?  그러고 보니 교사 분위기가 다른...... 데......,,,哲志,……？　這麼說來校舍的氣氛不一樣……啊……, ,,1,121,16,1,0,0,0,0,0,,Translated
66,＊,心配するキモチ　心を掻き乱す衝動……,それでいいのです。, ,*,Such concern for your friends...and all the impulses,"that go with it, spurring the heart into action...",It's a truly noble sentiment.,＊,걱정하는 마음  마음을 어지럽히는 충동......,그걸로 된 겁니다.,,＊,擔心的心情、擾亂內心的衝動……,這樣就好了。, ,1,60,9,1,0,0,0,0,0,,Translated
67,＊,逝きなさい、想い人のもとへ……, , ,*,Now go. Go to the one who occupies your thoughts...,,,＊,"가세요, 그 사람 곁으로......",,,＊,去吧，去你想念的人身邊……, ,,1,61,9,1,0,0,0,0,0,,Translated
68,＊,もう、遅いかも知れませんけれど……,クスクスクス……！ , ,*,...though you probably won't make it in time...,Ahahahahaha! Ahahahahaha! Ahahahahaha!,,＊,이미 늦은 걸지도 모르겠지만......,쿡쿡쿡......!,,＊,雖然也許已經太遲了……,嘻嘻嘻……！,,1,62,9,1,0,0,0,0,0,,Translated
69,哲志,……そうだ、俺もさっき、高校生くらいの,女子の霊に会って……, ,Satoshi,"Come to think of it, I was also approached by the",spirit of a high school girl...,,사토시,"...... 맞다, 나도 좀 전에 고등학생 정도 되는",여자 유령을 봤는데......,,哲志,……對了，我剛才也遇到了一個,高中生的女子幽靈……,,1,122,16,1,0,0,0,0,0,,Translated
70,哲志,気を失ったら、ここにいたんだ。,何者なんだ……一体？, ,Satoshi,"Shortly afterward, I lost consciousness, and woke",up not far from here. I wonder who she was...?,,사토시,"정신을 잃었더니, 여기로 왔어.",정체가 뭐야...... 대체?,,哲志,失去意識後，就在這裡了。,到底是什麼人呢……？,,1,123,16,1,0,0,0,0,0,,Translated
71,直美,わかんない……けど、哲志,多重空間を飛び越えて来た……とか？, ,Naomi,I'm not sure. But...it sounds like you somehow made,the leap from one closed space to another...,,나오미,"몰라...... 그럼, 사토시는",다중 공간을 뛰어넘어 왔다...... 든가?,,直美,不知道……但哲志你,是跨越了多重空間過來的……之類的？,,1,21,12,1,0,0,0,0,0,,Translated
72,哲志,（多重空間か……　隔てた相手に,　会うのは難しいと聞いたっけ……）, ,Satoshi,(Closed space... That first ghost we saw said that,"if two people were in different spaces, it would be",nearly impossible for them to meet...),사토시,(다중 공간...... 다른 공간에 있는 사람과는,만나기 힘들다고 들었는데......),,哲志,（多重空間嗎……聽說和不同空間的人,見面是很困難的……）,,1,124,16,1,0,0,0,0,0,,Translated
73,直美,う……っ, , ,Naomi,...Ahh...,,,나오미,윽......,,,直美,嗚……, ,,1,22,12,1,0,0,0,0,0,,Translated
74,哲志,ん？, , ,Satoshi,Huh?,,,사토시,응?,,,哲志,嗯？, ,,1,125,16,1,0,0,0,0,0,,Translated
75,直美,な、何でもない……ねぇ、哲志……, , ,Naomi,"I-It's nothing. Uhh, Satoshi...",,,나오미,"아, 아무것도 아냐...... 저기, 사토시......",,,直美,沒、沒什麼……那個，哲志……, ,,1,23,12,1,0,0,0,0,0,,Translated
76,直美,さっき……２階で、由香ちゃんの声が,聞こえたんだけど……, ,Naomi,I think I heard Yuka's voice on the second floor,earlier...,,나오미,"좀 전에...... 2층에서, 유카의 목소리가",들렸는데......,,直美,剛才……在二樓聽到了由香的聲音……, ,,1,24,12,1,0,0,0,0,0,,Translated
77,哲志,！　……本当か？　気を失ってる間に,はぐれちまったんだよ……, ,Satoshi,You did?! The two of us got separated when I lost,consciousness...,,사토시,!  ...... 정말이야?  정신을 잃은 동안,놓쳐 버렸어......,,哲志,！　……真的嗎？　失去意識的時候,就走散了……,,1,126,16,1,0,0,0,0,0,,Translated
78,哲志,駄目だ、こんな所に１人でいさせちゃ……あいつ、, , ,Satoshi,She can't be by herself in a place like this...,She'll never make it!,,사토시,"안 돼, 이런 곳에 혼자 뒀다간...... 그 녀석",,,哲志,不行，不能讓她一個人在這種地方……那傢伙, ,,1,127,16,1,0,0,0,0,0,,Translated
79,哲志,たしか１階の渡り廊下を越えて……, , ,Satoshi,"Last I saw her, she was heading out onto the",walkway between the two wings...,,사토시,아마 1층 바깥 복도를 지나......,,,哲志,記得是穿過一樓的走廊……, ,,1,128,16,1,0,0,0,0,0,,Translated
80,哲志,直美、来てくれ。こっちだ。, , ,Satoshi,"Come on, Naomi. This way!",,,사토시,"나오미, 이리 와 봐. 여기야.",,,哲志,直美，過來。這邊。, ,,1,129,16,1,0,0,0,0,0,,Translated
81,直美,え、ええ……, , ,Naomi,O-Okay...,,,나오미,"어, 응......",,,直美,嗯、嗯……, ,,1,25,12,1,0,0,0,0,0,,Translated
82,哲志,篠原……すまない。連れて行ってやりたいけど,……無理のようだ……, ,Satoshi,Shinohara... I'm sorry.,I wish I could take you with us...but it doesn't,seem like that's possible anymore.,사토시,시노하라...... 미안해. 데려가고 싶지만,...... 힘들 것 같아......,,哲志,篠原……對不起。雖然想帶你一起走,……但看來是沒辦法了……,,1,130,16,1,0,0,0,0,0,,Translated
83,哲志,許してくれ……, , ,Satoshi,"Please, forgive me.",,,사토시,용서해 줘......,,,哲志,原諒我……, ,,1,131,16,1,0,0,0,0,0,,Translated
84,直美,……っ……　うう……世以子……, , ,Naomi,*sob* Seiko...,,,나오미,...... 윽...... 으으...... 세이코......,,,直美,……　……世以子……, ,,1,26,12,1,0,0,0,0,0,,Translated
85,,　……に……ちゃぁーん,　うあぁぁーん……,　あぁーん,,Biiig broooootheeeeer...,Uwaaaaaaaaaaahhh...,,,...... 오...... 빠아~,우아아아앙~,아앙~,,　……哥……哥～,　嗚啊啊～……,　啊啊～,0,199,28,1,1,1,1,0,0,,Translated
86,哲志,……由香……！, , ,Satoshi,Yuka...!,,,사토시,...... 유카......!,,,哲志,……由香……！, ,,1,35,16,1,0,0,0,0,0,,Translated
87,哲志,……しまった、あいつ……,一人にしたままじゃないか。, ,Satoshi,"Dammit, I completely forgot... I left her all by",herself!,,사토시,"...... 이런, 저 녀석......",여전히 혼자 있잖아.,,哲志,……糟糕，那傢伙……,就這樣被我丟下了。, ,1,36,16,1,0,0,0,0,0,,Translated
88,哲志,確か、渡り廊下で小便するって、,一人で行かせたんだ。, ,Satoshi,She went outside to pee in the woods by the outdoor,walkway...,,사토시,아마 바깥 복도에서 소변을 본다고,혼자 나갔었지.,,哲志,記得是在走廊外面說要小便，,讓她一個人去的。, ,1,37,16,1,0,0,0,0,0,,Translated
89,哲志,くっ……待ってろ由香！, , ,Satoshi,"Wait for me, Yuka! I'm coming!",,,사토시,큭...... 기다려 유카!,,,哲志,可惡……等著我由香！, ,,1,38,16,1,0,0,0,0,0,,Translated
90,哲志,お前まで……お前まで失ったら……,, ,Satoshi,I've had enough loss for one day.,If I were to lose you too...,,사토시,너까지...... 너까지 잃으면......,,,哲志,連你都……連你都失去的話……,,,1,39,16,1,0,0,0,0,0,,Translated
91,,……大変だったんだから。　　　　　　　　, ,　,,"Well, it was tough, you know?",,,,...... 정말 큰일이었어.,,,,……真是嚇死人了。, ,　,0,214,11,1,1,0,0,0,0,,Translated
92,,……あははは。, , ,,Nahahahahaha!,,,,...... 아하하하.,,,,……啊哈哈。, ,,0,215,11,1,1,1,1,0,0,,Translated
93,,【厠】,　手前：男子学生用,　奥：女子学生用,,[Lavatories],BOYS ROOM to the left.,GIRLS ROOM at the end of the hall.,,【화장실】,앞 : 남학생용 화장실,안쪽 : 여학생용 화장실,,【廁所】,　前面：男學生用,　裡面：女學生用,0,0,0,1,0,0,0,0,0,,Translated
94,,……大変だったんだから。　　　　　　　, ,　,,"Well, it was tough, you know?",,,,...... 정말 큰일이었어.,,,,……真是嚇死人了。, ,　,0,214,11,1,1,0,0,0,0,,Translated
95,,……あははは。, , ,,Nahahahahaha!,,,,...... 아하하하.,,,,……啊哈哈。, ,,0,215,11,1,1,1,1,0,0,,Translated
96,,　篠原世以子の亡骸があります……, , ,,It's the body of Seiko Shinohara.,,,,시노하라 세이코의 유해가 있습니다......,,,,有篠原世以子的遺體……, ,,0,0,0,1,0,0,0,0,0,,Translated
97,,　細い首にロープの絞め跡が,　痛々しく刻まれています……, ,,Her neck's been squeezed into an hourglass shape,with a deep crimson rope burn at its center.,,,가는 목에 로프로 묶은 흔적이,애처롭게 남아 있습니다......,,,細細的脖子上留著繩子勒過的痕跡……, ,,0,0,0,1,0,0,0,0,0,,Translated
98,哲志,篠原……。, , ,Satoshi,Shinohara...,,,사토시,시노하라......,,,哲志,篠原……。, ,,1,174,16,1,0,0,0,0,0,,Translated
99,直美,うう……っ, , ,Naomi,*sob*,,,나오미,으으......,,,直美,嗚嗚……, ,,1,40,12,1,0,0,0,0,0,,Translated
100,直美,きゃっ！　　　　　　　　　　　　, , ,Naomi,Ack!,,,나오미,꺅!,,,直美,呀！　　　　　　　　　　　　, ,,1,27,12,1,1,0,0,0,0,,Translated
101,哲志,！　だ、大丈夫か？, , ,Satoshi,A-Are you okay?!,,,사토시,"!  괘, 괜찮아?",,,哲志,！　沒、沒事吧？, ,,1,132,16,1,0,0,0,0,0,,Translated
102,直美,んぐ……っ、けふっ……ごほっ, , ,Naomi,*sputter* *cough* *cough*,,,나오미,"으윽...... 윽, 쿨럭...... 콜록",,,直美,嗯……咳……咳咳, ,,1,28,12,1,0,0,0,0,0,,Translated
103,哲志,（さっきの首のダメージで,　身体の機能が狂っているのか……）, ,Satoshi,(The damage to her neck and throat may have been,worse than I assumed. It might have cut off oxygen,to her brain or something...),사토시,(좀 전에 목을 맨 탓에,몸의 기능이 이상해진 건가......),,哲志,（剛才脖子上的傷讓身體機能紊亂了嗎……）, ,,1,133,16,1,0,0,0,0,0,,Translated
104,直美,ごめん……めまいがして……,足がもつれて……ハァハァ, ,Naomi,Sorry. I suddenly...got really dizzy...and tripped,over my own feet...,,나오미,미안...... 현기증이 나서......,발이 꼬여서...... 하아 하아,,直美,抱歉……頭暈……,腳打結了……呼哈,,1,29,12,1,0,0,0,0,0,,Translated
105,直美,なんか……　視界が,白……い……　, ,Naomi,...and now everything's...turning...white...,,,나오미,뭔가...... 시야가,하...... 얘......,,直美,總覺得……視野變得,白……茫茫……,,1,30,12,1,1,0,0,0,0,,Translated
106,哲志,直美！　……気を失ったか……, , ,Satoshi,Naomi!,...Looks like she's lost consciousness...,,사토시,나오미!  ...... 정신을 잃었나......,,,哲志,直美！　……昏過去了嗎……, ,,1,134,16,1,0,0,0,0,0,,Translated
107,哲志,……少し、休ませてやらないとな……,さっき、確か保健室があったっけ……, ,Satoshi,I need to take her somewhere to rest.,Wasn't there a nurse's office or something around,here...?,사토시,...... 잠시 쉬게 해줘야겠군......,저기 보건실이 있었지......,,哲志,……得讓她休息一下才行……,剛才好像有保健室……,,1,135,16,1,0,0,0,0,0,,Translated
108,哲志,直美。, , ,Satoshi,Naomi...,,,사토시,나오미.,,,哲志,直美。, ,,1,164,16,1,0,0,0,0,0,,Translated
109,直美,哲志……もう一人にしないでよ……, , ,Naomi,Satoshi...,"Please, don't leave me alone in here like that!",,나오미,사토시...... 이젠 혼자 두지 마......,,,直美,哲志……不要再丟下我一個人……, ,,1,33,12,1,0,0,0,0,0,,Translated
110,哲志,すまない、由香を捜しに行ってたんだ。, , ,Satoshi,Sorry. I was out looking for Yuka.,,,사토시,"미안, 유카를 찾으러 갔었어.",,,哲志,抱歉，我去找由香了。, ,,1,165,16,1,0,0,0,0,0,,Translated
111,直美,そっか……じゃ、いい。,……由香ちゃん、いた？, ,Naomi,"Oh, okay... That makes sense.",...Did you find her?,,나오미,그래...... 그럼 됐고.,"유카, 있었어?",,直美,是嗎……那就好。,……由香，在嗎？,,1,34,12,1,0,0,0,0,0,,Translated
112,哲志,いや……さっきまで通路だったところが,壁に戻っていて、, ,Satoshi,No. The corridor that leads to where I saw her last,went back to being a wall.,,사토시,아니...... 좀 전까지 통로였던 곳에,벽이 생겨서,,哲志,不……剛才還是通道的地方,又變回牆壁了，,,1,166,16,1,0,0,0,0,0,,Translated
113,哲志,由香がいるはずの別館に行けなくなっていた。, , ,Satoshi,I can't find any way of getting to the other,building anymore.,,사토시,유카가 있던 별관에 갈 수 없게 됐어.,,,哲志,無法去由香所在的別館了。, ,,1,167,16,1,0,0,0,0,0,,Translated
114,直美,別館……そんなのが、あるの？, , ,Naomi,Other building...?,There's a whole other building?,,나오미,별관...... 그런 게 있었어?,,,直美,別館……有那種地方嗎？, ,,1,35,12,1,0,0,0,0,0,,Translated
115,哲志,ああ……, , ,Satoshi,Yeah...,,,사토시,어......,,,哲志,嗯……, ,,1,168,16,1,0,0,0,0,0,,Translated
116,哲志,やはり、さっき俺と由香、森繁のいた校舎と,ここは、違うようだ。, ,Satoshi,"Looks like the school Yuka, Morishige and I were",in is different from this one.,,사토시,"역시 여긴, 좀 전에 나와 유카, 모리시게가 있던 교사와",다른 곳인 것 같아.,,哲志,看來剛才我和由香、森繁所在的校舍,和這裡不同。, ,1,169,16,1,0,0,0,0,0,,Translated
117,哲志,……何とか、別空間の校舎に移動する手を,見つけないと……, ,Satoshi,We need to find some way of traveling from one,space to another...,,사토시,...... 어떻게든 다른 공간의 교사에 갈 방법을,찾아야 하는데......,,哲志,……得找到能移動到不同空間校舍的方法才行……, ,,1,170,16,1,0,0,0,0,0,,Translated
118,直美,そうね……, , ,Naomi,"That would be ideal, yeah.",,,나오미,그러게......,,,直美,是啊……, ,,1,36,12,1,0,0,0,0,0,,Translated
119,哲志,ってお前、なんで保健室の外にいるんだ？, , ,Satoshi,"Wait a minute... Why are you standing out here,",instead of waiting inside the infirmary?,,사토시,"어 너, 왜 보건실 밖에 있는 거야?",,,哲志,話說你怎麼在保健室外面？, ,,1,171,16,1,0,0,0,0,0,,Translated
120,直美,さっき……ここでね、黒いもやもやした、,霧みたいな人影に襲われたの。, ,Naomi,I was attacked in there earlier. By some kind of...,"black, shadowy mist.",,나오미,"좀 전에...... 여기에서 말야, 검고 자욱한",안개 같은 그림자가 날 덮쳤어.,,直美,剛才……在這裡，被一種黑霧般的,人影襲擊了。, ,1,37,12,1,0,0,0,0,0,,Translated
121,直美,だから、また襲われたら怖いから……,出て来ちゃった……, ,Naomi,So I was...a little scared to be in there. Afraid,it might attack me again.,,나오미,"그래서, 또 날 덮칠까봐 무서워서......",나와 버렸어......,,直美,所以……怕又被襲擊……,就出來了……,,1,38,12,1,0,0,0,0,0,,Translated
122,哲志,ほんとか……,それは、すまなかったな……, ,Satoshi,"You serious?! I'm...really sorry about that, then...",,,사토시,그랬어?,정말 미안하다......,,哲志,真的嗎……,那真是抱歉了……,,1,172,16,1,0,0,0,0,0,,Translated
123,直美,ううん……でもここ、何かいるから,あまり近寄らないでおこう。, ,Naomi,Don't worry about it. But...there's something in,"there, for sure. I think we should keep our",distance.,나오미,아니...... 여긴 뭔가 있으니까,가까이 가지 말자.,,直美,不會……但這裡有什麼東西，,還是別靠近比較好。, ,1,39,12,1,0,0,0,0,0,,Translated
124,哲志,ああ。そうしよう……, , ,Satoshi,No objections here.,,,사토시,그래. 그러자......,,,哲志,嗯。就這麼辦……, ,,1,173,16,1,0,0,0,0,0,,Translated
125,哲志,…………。, , ,Satoshi,...,,,사토시,............,,,哲志,…………。, ,,1,0,0,1,0,0,0,0,0,,Translated
126,哲志,直美、大丈夫かお前……, , ,Satoshi,"Naomi, you seem spacey... Are you all right?",,,사토시,"나오미, 너 괜찮아...?",,,哲志,直美，你還好嗎……, ,,1,187,18,1,0,0,0,0,0,,Translated
127,直美,世以子の……夢見てた。, , ,Naomi,I...dreamed about Seiko.,,,나오미,세이코...... 꿈을 꿨어.,,,直美,我……夢到世以子了。, ,,1,216,13,1,0,0,0,0,0,,Translated
128,哲志,！　……そうか, , ,Satoshi,Oh! ...Oh...,,,사토시,!  ...... 그래,,,哲志,！　……是嗎, ,,1,188,18,1,0,0,0,0,0,,Translated
129,直美,世以子……きっと苦しかったんだよ……, , ,Naomi,Seiko...must have really suffered...,,,나오미,세이코...... 정말 괴로웠을 거야......,,,直美,世以子……一定很痛苦吧……, ,,1,217,13,1,0,0,0,0,0,,Translated
130,直美,私に……わかって欲しくて……！, , ,Naomi,She just...wanted me to understand...,,,나오미,나한테...... 그걸 알게 하려고......!,,,直美,想要……讓我明白……！, ,,1,218,13,1,0,0,0,0,0,,Translated
131,哲志,直美……あまり悪いほうに考えるな。, , ,Satoshi,Naomi... Don't let it get to you...please...,,,사토시,나오미...... 너무 나쁘게 생각하지 마.,,,哲志,直美……別往壞處想。, ,,1,189,18,1,0,0,0,0,0,,Translated
132,直美,ううぅ……うぅ……, , ,Naomi,*sob*,,,나오미,우우우...... 우우......,,,直美,嗚嗚……嗚……, ,,1,219,13,1,0,0,0,0,0,,Translated
133,,　臓器特有の生臭さが,　通路全体に立ち込めています……, ,,The smell of exposed organs permeates the entire,hallway.,,,장기 특유의 비린내가,통로 전체에 퍼져 있습니다......,,,整個通道瀰漫著內臟特有的腥臭味……, ,,0,0,0,1,0,0,0,0,0,,Translated
134,,　おまえたちは,　ほんとうはお互いがきらい, ,,Admit it. You hate all your friends.,,,,사실 너희들은,서로를 미워하고 있어,,,其實你們彼此都討厭對方, ,,0,0,0,1,0,0,0,0,0,,Translated
135,,　いずれころしあう, , ,,"Eventually, you'll kill one another.",,,,언젠가 서로 죽이게 될 거야,,,,總有一天會互相殘殺, ,,0,0,0,1,0,0,0,0,0,,Translated
136,,【保健室】,　扉が閉まっています。, ,,[Infirmary],The door is locked.,,,【보건실】,문이 닫혀 있습니다.,,,【保健室】,　門關著。, ,0,0,0,1,0,0,0,0,0,,Translated
137,,　……力ずくで開けようとしますか？, , ,,Try to force it open?,,,,...... 힘을 줘 보겠습니까?,,,,　……要試著用力打開嗎？, ,,0,0,0,1,0,0,0,0,0,,Translated
138,,はい,いいえ,,,Yes,No,,,네,아니오,,,是,否,,0,255,255,255,255,255,255,255,255,,Translated
139,哲志,……駄目だ……, , ,Satoshi,No luck...,,,사토시,...... 안 열려......,,,哲志,……不行……, ,,1,158,16,1,0,0,0,0,0,,Translated
140,哲志,力を入れると、押し返されるみたいに開かない。, , ,Satoshi,"The more I push, the more the door pushes back.",I'm clearly not getting in there right now.,,사토시,힘을 주면 떠밀리듯 열리지 않는다.,,,哲志,越用力越像被推回來一樣打不開。, ,,1,159,16,1,0,0,0,0,0,,Translated
141,哲志,……何だ？　鍵は開いているのに……, , ,Satoshi,What the...? I know I left this door unlocked.,,,사토시,...... 뭐지? 잠겨 있지는 않은데......,,,哲志,……怎麼回事？　明明鎖是開的……, ,,1,154,16,1,0,0,0,0,0,,Translated
142,哲志,誰かが、向こうから開かないように,押さえているような感じだ……, ,Satoshi,It feels like someone on the other side is pushing,"against it, to keep me from getting in...",,사토시,누군가가 저쪽에서 열리지 않도록,밀고 있는 것 같은 느낌이야......,,哲志,感覺像是有人從對面抵住門,不讓我打開……,,1,155,16,1,0,0,0,0,0,,Translated
143,哲志,直美！？　いるのか？,ここを開けてくれ……！, ,Satoshi,"Naomi? Are you there?! If that's you, open the","door, please!",,사토시,나오미!?  있어?,열어줘......!,,哲志,直美！？　在嗎？,幫我開門……！,,1,156,16,1,0,0,0,0,0,,Translated
144,,……返事はありません。, , ,,There's no answer.,,,,...... 답이 없습니다.,,,,……沒有回應。, ,,0,0,0,1,0,0,0,0,0,,Translated
145,哲志,……直美じゃないのか？, , ,Satoshi,Is it...someone else...?,,,사토시,...... 나오미가 아닌가?,,,哲志,……不是直美嗎？, ,,1,157,16,1,0,0,0,0,0,,Translated
146,哲志,……う……っ, , ,Satoshi,...Ulgh...,,,사토시,...... 으...... 윽,,,哲志,……嗚……, ,,1,217,15,1,0,0,0,0,0,,Translated
147,哲志,……く、何だ……,頭が痛い……ここはどこだ？, ,Satoshi,Ooh...my head...,Wh-Where am I...?,,사토시,"......크으, 뭐야......",머리가 아파...... 여긴 어디야?,,哲志,……好痛……頭好痛……這裡是哪裡？, ,,1,218,15,1,0,0,0,0,0,,Translated
148,哲志,……っ。, , ,Satoshi,Ouugh...,,,사토시,...... 윽.,,,哲志,……。, ,,1,219,15,1,0,0,0,0,0,,Translated
149,哲志,……ここは……本館か？, , ,Satoshi,...I'm...in the main building...,,,사토시,...... 여긴...... 본관인가?,,,哲志,……這裡是……主樓嗎？, ,,1,220,15,1,0,0,0,0,0,,Translated
150,哲志,夢から覚めても また悪夢か……くそっ, , ,Satoshi,"Wake from a bad dream, and find myself in another...",Dammit!,,사토시,꿈에서 깨어났는데 또 악몽인가...... 젠장,,,哲志,從夢中醒來又是惡夢嗎……可惡, ,,1,221,15,1,0,0,0,0,0,,Translated
151,結衣,持田君！　大丈夫？　　　　　　　　, , ,Ms. Shishido,Mochida! Are you all right?!,,,유이,모치다 군!  괜찮아?,,,結衣,持田同學！　沒事吧？　　　　　　　　, ,,1,65,27,1,1,0,0,0,0,,Translated
152,哲志,結衣先生……！　よかった、会いたかったよ……, , ,Satoshi,Ms. Yui!,I can't believe it! I was just thinking about you!,,사토시,"유이 선생님......  다행이다, 보고 싶었어......",,,哲志,結衣老師……！　太好了，好想你……, ,,1,90,16,1,0,0,0,0,0,,Translated
153,結衣,私もよ……持田君、危ない所だったわね。, , ,Ms. Shishido,"And I you, Mochida. You were in trouble just now,",weren't you?,,유이,"나도...... 모치다 군, 위험했어.",,,結衣,我也是……持田同學，剛才很危險呢。, ,,1,66,27,1,0,0,0,0,0,,Translated
154,結衣,中嶋さんと篠原さんは残念だったけれど……, , ,Ms. Shishido,I feel so bad for Nakashima and Shinohara...,,,유이,나카시마와 시노하라는 유감이지만......,,,結衣,中嶋同學和篠原同學雖然很遺憾……, ,,1,67,27,1,0,0,0,0,0,,Translated
155,結衣,君だけでも、無事でいてくれて良かったわ……, , ,Ms. Shishido,...but I'm just so grateful to see that at the very,"least, you're still safe and sound!",,유이,너만이라도 무사해서 다행이야......,,,結衣,但至少你能平安無事真是太好了……, ,,1,68,27,1,0,0,0,0,0,,Translated
156,哲志,……っ先生……, , ,Satoshi,Ms. Yui...,,,사토시,...... 선생님......,,,哲志,……老師……, ,,1,91,16,1,0,0,0,0,0,,Translated
157,結衣,よく頑張ったわね……,さぁ、一緒に由香ちゃんやみんなを捜しましょう。, ,Ms. Shishido,"You've done very well. Now, come. We'll look for",Yuka and the others...together.,,유이,잘 했어......,"자, 함께 유카와 아이들을 찾아보자.",,結衣,你做得很好……來，一起去找由香和同學們吧。, ,,1,69,27,1,0,0,0,0,0,,Translated
158,哲志,……先生……。俺、もう疲れたよ……, , ,Satoshi,Ms. Yui...,I'm so...so tired...,,사토시,"...... 선생님...... 난, 지쳤어......",,,哲志,……老師……我已經累了……, ,,1,92,16,1,0,0,0,0,0,,Translated
159,結衣,よし……このドアを……橋に使って……！, , ,Ms. Shishido,All right! I can use this door...like a bridge...,,,유이,좋아...... 이 문을...... 다리 삼아......!,,,結衣,好……把這扇門……當橋……！, ,,1,70,27,1,0,0,0,0,0,,Translated
160,＊,持田君、こっち, , ,*,Mochida. This way.,,,＊,"모치다 군, 여기",,,＊,持田同學，這邊, ,,1,55,20,1,1,1,1,0,0,,Translated
161,哲志,……？, , ,Satoshi,...?,,,사토시,......?,,,哲志,……？, ,,1,223,15,1,0,0,0,0,0,,Translated
162,＊,直美をお願い……　あの娘、壊れちゃう, , ,*,"Please, take care of Naomi.",She's on the verge of snapping...,,＊,"나오미를 부탁해......  그 애, 망가질 거야",,,＊,直美拜託你了……那孩子快崩潰了, ,,1,56,20,1,1,1,1,0,0,,Translated
163,哲志,……誰だ？　誰かいるのか？, , ,Satoshi,...Who's there?,Who's speaking to me?,,사토시,...... 뭐야?  누구 있어?,,,哲志,……誰？　有人嗎？, ,,1,224,15,1,0,0,0,0,0,,Translated
164,哲志,今の声は……, , ,Satoshi,I could swear that sounded like...,,,사토시,방금 그 목소린......,,,哲志,剛才那個聲音是……, ,,1,225,15,1,0,0,0,0,0,,Translated
165,,……お兄ちゃぁぁーん……,　……ああぁぁーん、,　　うあぁぁぁーん……,,Biig brooootheeeeer...,Waaaaaaaaaaaaah!,,,...... 오빠아아아~ ......,  ...... 아아아앙~,    우아아아앙~ ......,,……哥哥～……,　……啊啊～,　　嗚啊啊～……,0,198,28,1,1,1,1,0,0,,Translated
166,哲志,由香……！, , ,Satoshi,Yuka...!,,,사토시,유카......!,,,哲志,由香……！, ,,1,222,15,1,0,0,0,0,0,,Translated
167,,【理科室】,　扉は開きそうにガタガタと揺れますが、,　どうしても開きません。,,[Science Lab],"The door is moving slightly, and seems unlocked, but",it won't open more than a tiny sliver.,,【과학실】,문은 열릴 듯 덜컥덜컥 흔들리지만,아무리 열려고 해도 열리지 않습니다.,,【理科室】,　門雖然搖晃似乎能打開，,　但怎麼也打不開。,0,0,0,1,0,0,0,0,0,,Translated
168,,　扉の後ろに、何かがつっかえて,　いるようです……, ,,It appears as if something is blocking it from the,other side.,,,문 뒤에 뭔가가,걸려 있는 것 같습니다......,,,　門後面好像有什麼東西卡住了……, ,,0,0,0,1,0,0,0,0,0,,Translated
169,哲志,上手くいったな。, , ,Satoshi,Nicely done in there.,,,사토시,됐다.,,,哲志,成功了。, ,,1,179,16,1,0,0,0,0,0,,Translated
170,哲志,……あれ？　お前もこの仕掛け、気付いてたのか？, , ,Satoshi,...In fact...you seemed totally unfazed. Did you,figure out what we needed to do on your own or,something?,사토시,...... 어라? 너도 이 장치를 알고 있었어?,,,哲志,……咦？你也發現這個機關了嗎？, ,,1,180,16,1,0,0,0,0,0,,Translated
171,直美,ええ……さっき、世以子と一緒にね。, , ,Naomi,Actually...I had to do something similar before...,with Seiko...,,나오미,응...... 좀 전에 세이코랑 같이.,,,直美,嗯……剛才和世以子一起。, ,,1,44,12,1,0,0,0,0,0,,Translated
172,哲志,そうか……　俺は、由香とだ。, , ,Satoshi,"Did you? Same here, but with Yuka...",,,사토시,"그래......  난, 유카랑 했어.",,,哲志,是嗎……　我是和由香一起。, ,,1,181,16,1,0,0,0,0,0,,Translated
173,直美,がんばろ。きっと会えるよ、由香ちゃん……, , ,Naomi,Let's keep moving. We'll find her. I know we will.,,,나오미,"힘내자. 분명 만날 수 있을 거야, 유카랑......",,,直美,加油。一定能見到由香的……, ,,1,45,12,1,0,0,0,0,0,,Translated
174,哲志,ああ……, , ,Satoshi,Yeah...,,,사토시,그래......,,,哲志,嗯……, ,,1,182,16,1,0,0,0,0,0,,Translated
175,哲志,直美を放っては行けないな……, , ,Satoshi,I can't just leave Naomi by herself in there...,,,사토시,나오미를 두고 갈 수는 없지......,,,哲志,不能把直美一個人丟下啊……, ,,1,177,16,1,0,0,0,0,0,,Translated
176,,携帯電話が落ちています。取りますか？, , ,,Someone's cell phone is lying on the ground.,Pick it up?,,,휴대전화가 떨어져 있습니다. 가져가겠습니까?,,,,有手機掉在地上。要撿嗎？, ,,0,0,0,1,0,0,0,0,0,,Translated
177,,はい,いいえ,,,Yes,No,,,네,아니오,,,是,否,,0,255,255,255,255,255,255,255,255,,Translated
178,,世以子の携帯　を取りました。, , ,,Acquired [Seiko's Cell Phone].,,,,세이코의 휴대전화를 얻었습니다.,,,,拿到了【世以子的手機】。, ,,0,0,0,1,0,0,0,0,0,,Translated
179,哲志,これは……篠原の携帯じゃないか。, , ,Satoshi,"This...is Shinohara's, isn't it...",,,사토시,이건...... 시노하라의 휴대전화 아냐.,,,哲志,這是……篠原的手機吧。, ,,1,67,16,1,0,0,0,0,0,,Translated
180,,　メール作成中に、此処に落とされたようです。,　メール画面が開かれたままになっています…… , ,,Seiko seemed to have been in the middle of texting,someone when she dropped her phone. The text entry,window is still open.,,"문자를 쓰던 중, 여기에 떨어뜨린 것 같습니다.",문자 화면이 열린 채로 있습니다......,,,似乎是在寫訊息時掉在這裡的。,　訊息畫面還開著……,,0,0,0,1,0,0,0,0,0,,Translated
181,,　哲志はメールの内容を読んでしまいました……, , ,,"While confirming the phone's owner, Satoshi wound up",inadvertently reading the whole thing.,,,사토시는 문자 내용을 보고 말았습니다......,,,,　哲志看到了訊息的內容……, ,,0,0,0,1,0,0,0,0,0,,Translated
182,哲志,篠原っ……, , ,Satoshi,Shinohara...,,,사토시,시노하라......,,,哲志,篠原……, ,,1,68,16,1,0,0,0,0,0,,Translated
183,哲志,（……すまん篠原、勝手に読んでしまった……）, , ,Satoshi,"(I'm sorry, Shinohara. I really didn't mean to...)",,,사토시,"(...... 미안 시노하라, 멋대로 봐서......)",,,哲志,（……抱歉篠原，擅自看了……）, ,,1,69,16,1,0,0,0,0,0,,Translated
184,哲志,（……これは……今は、,　直美には見せない方が良さそうだな）, ,Satoshi,"(I don't think Naomi should see this. Not now,",at any rate...),,사토시,(...... 이건...... 지금은,나오미에게 보여주지 않는 게 좋겠군),,哲志,（……這個……現在,　還是別給直美看比較好）, ,1,163,16,1,0,0,0,0,0,,Translated
185,哲志,（――！　赤い服の……）,　……き、君！　待ってくれ！, ,Satoshi,(...Girl in the red dress...),"Hey! Hey, you! Wait!",,사토시,(!! 붉은 옷......),"......아, 야!  기다려!",,哲志,（――！　紅衣的……）,　……你、你！　等一下！,,1,153,16,1,0,0,0,0,0,,Translated
186,,【用務員室】,　扉は鍵がかかっていて、開ける事が出来ません。, ,,[Custodian's Closet],The door is locked.,,,【수위실】,문은 잠겨 있어서 열 수 없습니다.,,,【校工室】,　門鎖著，無法打開。, ,0,0,0,1,0,0,0,0,0,,Translated
187,,　……部屋の中から、つけっ放しにされた,　ＴＶのノイズ音が聞こえます……, ,,"There's an erratic noise, like that of TV static,",coming from within.,,,...... 방 안에 틀어 둔,TV의 소음이 들려옵니다......,,,　……房間裡傳來電視沒關的雜訊聲……, ,,0,0,0,1,0,0,0,0,0,,Translated
188,哲志,ＴＶがあるのか……？, , ,Satoshi,"That is a television, isn't it...?",,,사토시,TV가 있나......?,,,哲志,有電視嗎……？, ,,1,183,16,1,0,0,0,0,0,,Translated
189,哲志,（そういえばさっき、別館の職員室で拾った,　ＤＶカセット）, ,Satoshi,(I did find that video cassette in the other,building...),,사토시,(그러고 보니 좀 전에 별관 교무실에서 주운,DV 카세트),,哲志,（說起來剛才在別館職員室撿到的,　ＤＶ卡帶）, ,1,184,16,1,0,0,0,0,0,,Translated
190,,　鬼碑忌　取材①,　2005 11 19　と,　ラベルに書いてあります。,,Satoshi removes the tape from his bag and rereads,the label: [Kibiki Research Data 2005-11-19],,,키비키 취재①,라벨에,2005 11 19 라고 적혀 있습니다.,,　鬼碑忌　採訪①,　2005 11 19　,　標籤上這樣寫著。,0,0,0,1,0,0,0,0,0,,Translated
191,哲志,（何かの手掛かりになるかも知れない、,　何とか見れないかな……）, ,Satoshi,(It might hold some important information. If only,"we had some way of watching it... Fingers crossed,",I guess!),사토시,(어떤 단서가 될지도 몰라.,이걸 어떻게 본다......),,哲志,（也許是什麼線索，,　要想辦法看看才行……）,,1,185,16,1,0,0,0,0,0,,Translated
192,,　用務員室の鍵　を使いますか？, , ,,Use the [Custodian's Key]?,,,,수위실 열쇠를 사용하겠습니까?,,,,要用【校工室的鑰匙】嗎？, ,,0,0,0,1,0,0,0,0,0,,Translated
193,,はい,いいえ,,,Yes,No,,,네,아니오,,,是,否,,0,255,255,255,255,255,255,255,255,,Translated
194,,【地下室】,　扉は釘で打ちつけてあり、,　開きそうにありません。,,[Basement],The door is nailed shut. It definitely won't be,opening anytime soon.,,【지하】 , 문은 못으로 박고 있고 , 엽니 것 같지는 않습니다.,,【地下室】,　門被釘子釘住了，,　似乎打不開。,0,0,0,1,0,0,0,0,0,,Translated
195,,“何人も立ち入りを禁ず”,　　　　　【天神小学校校長：柳堀隆峰】 , ,,Do not enter under any circumstances.,                    -Principal Takamine Yanagihori,,,누구든지 출입을 금한다, 【텐진 초등학교 교장】 ,,,“禁止任何人進入”,　　　　　【天神小學校校長：柳堀隆峰】, ,0,0,0,1,0,0,0,0,0,,Translated
196,,【４のＡ】,　扉は空間に固定されており、動きません。, ,,[Classroom 4-A],"The door seems attached to the wall, like a",sculpture. It won't budge in the slightest.,,【4－A】 , 문은 공간에 고정되어있어 움직이지 않습니다. ,,,【４年Ａ班】,　門固定在空間裡，動也不動。, ,0,0,0,0,0,0,0,0,0,,Translated
197,,　人の亡骸の傍に、,　ぼろぼろのメモ書きが落ちています。, ,,There's a yellowed sheet of notebook paper on the,floor next to the body.,,,사람 유해 곁에,너덜너덜한 메모가 떨어져 있습니다.,,,在人的遺體旁邊，,　掉著破爛的筆記。, ,0,0,0,1,0,0,0,0,0,,Translated
198,,　死ぬ前に力を振り絞って,　書き残した、メッセージのようです……, ,,The shakiness of the lettering and the contents of,the memorandum suggest that its writer was on the,verge of death well before pen touched paper.,,죽기 전에 힘을 쥐어짜내,남긴 메시지인 모양입니다......,,,似乎是死前用盡力氣,　寫下的訊息……, ,0,0,0,1,0,0,0,0,0,,Translated
199,＊,水が飲みたい……食料よりも何よりも、,渇きが辛い……, ,*,I need water so badly...,"I'm hungry, sure, but I can deal with the hunger.",It's the thirst I can't stand.,＊,"먹을 것보다, 물을 마시고 싶어......",갈증이 괴로워......,,＊,好想喝水……比起食物，,口渴更難受……,,1,0,0,1,0,0,0,0,0,,Translated
200,＊,一緒にいた松原は……智は、便所の手洗いに,溜まった汚水を飲んだが, ,*,"The other guy I was with, Satoshi Matsubara...",He tried drinking that filthy tap water from the,sink in the bathroom.,＊,함께 있던 마츠바라는...... 사토시는 화장실 세면대에,있던 오수를 마셨는데,,＊,在一起的松原……智他，喝了廁所洗手台,積存的髒水，,,1,0,0,1,0,0,0,0,0,,Translated
201,＊,直後に全部吐き出して喉と胸を掻きむしって,死んでしまった, ,*,"But he threw it all up almost immediately, and it",burned his chest and his throat so badly that he,wound up dying.,＊,그 직후 전부 토해내고 목과 가슴을 쥐어 뜯다,죽어 버렸어,,＊,但馬上全部吐出來，抓撓喉嚨和胸部,死掉了,,1,0,0,1,0,0,0,0,0,,Translated
202,＊,俺も唾を飲んだり……,色々したがやはり無理だ, ,*,"I've tried to think outside the box, even going so","far as to drink my own spit...but needless to say,",it didn't help matters one bit.,＊,나도 침을 삼키거나......,이것저것 다 해봤지만 역시 무리야,,＊,我也吞過口水……,試了很多方法但還是不行,,1,0,0,1,0,0,0,0,0,,Translated
203,＊,舌が腫れ上がり,喋る事ももう出来ない, ,*,My tongue's so swollen at this point that I can't,even talk.,,＊,혀가 부어올라서,말조차 할 수 없게 됐어,,＊,舌頭腫脹，已經無法說話了, ,,1,0,0,1,0,0,0,0,0,,Translated
204,＊,窓の外は大雨だ……あの雨を,汲むことが出来れば、智は助かった, ,*,"Ironically, it's been pouring outside since we got",here. If only I could've found a way to gather some,"of that rain water, Satoshi might still be alive.",＊,창밖에 비가 내려...... 저 비를,"마실 수만 있었다면, 사토시는 살았을 텐데",,＊,窗外下著大雨……如果能收集那些雨水，,智就不會死了,,1,0,0,1,0,0,0,0,0,,Translated
205,＊,口惜しい……酷い仕打ちだ、あんまりだ。,目の前に見えているのに……, ,*,It's almost as if someone's playing a cruel joke,on me -- showing me more water than I've ever seen,"before, but putting it just outside my reach.",＊,"분하다...... 가혹한 처사야, 너무해.",눈앞에 보이는데......,,＊,好不甘心……太殘酷了，太過分了。,明明就在眼前……,,1,0,0,1,0,0,0,0,0,,Translated
206,＊,別館があると何処かに書いてあったが……,見つからなかった……, ,*,Somebody wrote that there's a whole other wing at,"this school, accessed through an outdoor walkway...",but I never found it.,＊,어딘가에 별관이 있다고 적혀 있던데......,찾지 못했어......,,＊,雖然有寫說別館在某處……,但沒找到……,,1,0,0,1,0,0,0,0,0,,Translated
207,＊,最後の手段だ　自分の血でも,飲むと　しようか, ,*,"As a last resort, I'm going to try drinking my",own blood.,,＊,마지막 수단이다  내 피라도,마셔  볼까,,＊,最後的手段了，試試喝自己的血吧, ,,1,0,0,1,0,0,0,0,0,,Translated
208,＊,俺は、尼咲西高の2年4組の小島英将……,誰か、もしここから出る事が, ,*,My name is Hidemasa Kojima. I'm an 11th-grader in,class 2-4 at Amazaki West High. If anyone reading,this ever makes it out of here alive...,＊,난 아마자키 서고 2학년 4반 코지마 히데마사......,혹시 누군가 여기에서,,＊,我是尼咲西高２年４班的小島英將……,如果有人能從這裡逃出去，, ,1,0,0,1,0,0,0,0,0,,Translated
209,＊,出来たら……家族に……親父に、伝えて欲しい,俺の死を……, ,*,"...please, tell my family -- tell my father what",happened to me.,,＊,"나가게 되면...... 가족에게...... 아버지에게, 전해줘",내 죽음을......,,＊,請告訴我的家人……告訴父親,我的死訊……,,1,0,0,1,0,0,0,0,0,,Translated
210,＊,行方不明なんて……一生心配かけるなんて……,堪えられない……, ,*,I don't want to be a missing person for the rest of,his life. I hate the idea of him always wondering,"where I went, or if I'm even still alive...",＊,행방불명으로...... 평생 걱정을 끼치는 건......,견딜 수 없어......,,＊,行蹤不明……讓他一輩子擔心……,我受不了……,,1,0,0,1,0,0,0,0,0,,Translated
211,,　……その下は血飛沫が夥しく付着しており、,　真っ赤になっています。, ,,"It seems to continue, but the rest of it is","completely drenched in blood, rendering it",totally illegible.,,...... 그 아래는 피가 흩뿌려져,새빨갛게 되어 있습니다.,,,　……那下面沾滿了大量血跡，,　一片通紅。, ,0,0,0,1,0,0,0,0,0,,Translated
212,,　まだ死後、間も無い様子の高校生の亡骸です……, , ,,It's the body of a high-schooler. Whoever it is,"seems to have only just died mere hours, minutes",or even moments ago.,,아직 죽은 지 얼마 되지 않은 고등학생의 유해입니다......,,,,似乎是死後不久的高中生遺體……, ,,0,0,0,1,0,0,0,0,0,,Translated
213,,　酷く腐敗した死体があります……, , ,,It's a horribly decayed corpse with an absolutely,rancid odor.,,,심하게 부패된 사체가 있습니다......,,,,有一具嚴重腐敗的屍體……, ,,0,0,0,1,0,0,0,0,0,,Translated
214,,　殺ス……呪ぅ……ネェさま………, , ,,I'll kill you...,I'll curse you...,,,죽인다...... 저주할 거야...... 언니.........,,,,殺了你……詛咒你……姊姊………, ,,0,174,5,1,1,0,0,0,0,,Translated
215,,　ｸﾙｼｲ…憎ぃ……ネェさま……, , ,,It hurts so much...,I hate you...Sister...,,,괴로워... 미워...... 언니......,,,,好痛苦…好恨……姊姊……, ,,0,175,5,1,1,0,0,0,0,,Translated
216,哲志,……廊下が、……ない……, , ,Satoshi,It's...not here...,,,사토시,...... 복도가...... 없어......,,,哲志,……走廊……不見了……, ,,1,41,16,1,0,0,0,0,0,,Translated
217,哲志,何だ……これは、なんで壁が……, , ,Satoshi,Why... Why is there a wall here...?,,,사토시,"뭐야...... 이건, 왜 벽이......",,,哲志,什麼……為什麼會有牆……, ,,1,42,16,1,0,0,0,0,0,,Translated
218,哲志,さっきはこの先に別館が……何だよこれ……, , ,Satoshi,There was a whole other building...,What the hell is going on?!,,사토시,좀 전엔 이 앞에 별관이...... 뭐야 이건......,,,哲志,剛才這前面還有別館的……這是怎麼回事……, ,,1,43,16,1,0,0,0,0,0,,Translated
219,哲志,……由香！　由香……っ！, , ,Satoshi,Yuka... YUKA!!,,,사토시,...... 유카!  유카......!,,,哲志,……由香！　由香……！, ,,1,44,16,1,0,0,0,0,0,,Translated
220,哲志,……くっ……, , ,Satoshi,...Klgh...,,,사토시,...... 큭......,,,哲志,……可惡……, ,,1,45,16,1,0,0,0,0,0,,Translated
221,哲志,……いい加減にしてくれよ……っ, , ,Satoshi,Why must you torment me like this?!,,,사토시,...... 적당히 해라......,,,哲志,……適可而止吧……, ,,1,46,16,1,0,0,0,0,0,,Translated
222,,　……喪失感に打ちひしがれた俺は、,　立ちあがる気力を失くし, ,,"And so I sat there, lamenting the many losses I'd",suffered during my short time in this otherworldly,"school, without even the will to stand.",,...... 상실감에 기력을 잃은 나는,일어설 힘도 없어,,,　……被失落感擊垮的我，,　失去了站起來的力氣，, ,0,47,16,1,0,0,0,0,0,,Translated
223,,　その場にただ、座り込んでいた。, , ,,"I just kept on sitting, stewing in my misery.",,,,그저 그 자리에 앉아 있었다.,,,,　只是坐在那裡。, ,,0,48,16,1,0,0,0,0,0,,Translated
224,,　どれほどの時間が経っただろうか。, , ,,I couldn't even say how much time passed.,,,,시간이 얼마나 흘렀을까.,,,,　不知道過了多久。, ,,0,49,16,1,0,0,0,0,0,,Translated
225,,　突然、校舎が大きく揺れ始めた。, , ,,But the silence was broken by a sudden rumbling.,The entire building began to shake violently...,,,갑자기 교사가 크게 흔들리기 시작했다.,,,,　突然，校舍開始劇烈搖晃。, ,,0,50,16,1,0,0,0,0,0,,Translated
226,黒崎,刻命～。, , ,Kurosaki,Kizami!,,,쿠로사키,키자미~,,,黒崎,刻命～。, ,,1,184,22,1,0,0,0,0,0,,Translated
227,黒崎,小学生には親がついてなきゃ売りません,って書いてあったけど、, ,Kurosaki,The sign said elementary school students couldn't,buy them without a parent's permission...,,쿠로사키,초등학생은 부모님이 없으면 팔지 않습니다,라고 적혀 있었는데,,黒崎,小學生沒有家長陪同不能賣,雖然這樣寫著，,,1,185,22,1,0,0,0,0,0,,Translated
228,黒崎,売ってくれたぜ、ハムスター。,540円だったよ。, ,Kurosaki,...but they sold me a hamster anyway! And it was,only 540 yen!,,쿠로사키,"팔더라, 햄스터.",540엔이었어.,,黒崎,但還是賣給我了，倉鼠。,５４０日圓哦。,,1,186,22,1,0,0,0,0,0,,Translated
229,刻命,ハハッ。だろう？　……安い命だよな。, , ,Kizami,Heheh... Didn't I tell you? Their lives aren't worth,much at all...,,키자미,하핫. 그치?  ...... 값싼 목숨이군.,,,刻命,哈哈。對吧？　……真是廉價的生命啊。, ,,1,19,22,1,0,0,0,0,0,,Translated
230,黒崎,えっ？, , ,Kurosaki,What?,,,쿠로사키,뭐?,,,黒崎,欸？, ,,1,187,22,1,0,0,0,0,0,,Translated
231,刻命,……何でも無いよ。, , ,Kizami,"Oh, nothing...",,,키자미,...... 아무것도 아냐.,,,刻命,……沒什麼。, ,,1,20,22,1,0,0,0,0,0,,Translated
232,黒崎,で、どうすんだ？　コイツ。,可愛いよなぁ……お前が飼うの？, ,Kurosaki,"So what are we gonna do with it? Heh, look at how",cute he is! You wanna take care of him?,,쿠로사키,"그래서, 어쩔 거야?  이거.",정말 귀엽지...... 네가 키우려고?,,黒崎,那怎麼辦？　這傢伙。,好可愛啊……你要養嗎？,,1,188,22,1,0,0,0,0,0,,Translated
233,刻命,ハッ、冗ーー談。そんな生臭いモノ。, , ,Kizami,"Heh. You're kidding, right? That smelly thing?",,,키자미,"핫, 농담은. 그런 냄새나는 걸.",,,刻命,哈，開──玩笑。那種腥臭的東西。, ,,1,21,22,1,0,0,0,0,0,,Translated
234,黒崎,？　じゃぁ、なんで？, , ,Kurosaki,"Huh? So...what, then?",,,쿠로사키,"?  그럼, 왜?",,,黒崎,？　那為什麼？, ,,1,189,22,1,0,0,0,0,0,,Translated
235,刻命,凄いんだぜ……お前にも見せてやるよ。, , ,Kizami,Something really special. Wait'll you see it...,It's like nothing else.,,키자미,굉장해...... 너에게도 보여줄게.,,,刻命,很厲害的……也讓你看看。, ,,1,22,22,1,0,0,0,0,0,,Translated
236,刻命,命の終わる瞬間を。……よこせ、ソレ。, , ,Kizami,The end of a life. The very moment of death...,"Come on, give it here.",,키자미,"생명이 끝나는 순간을...... 내놔, 그거.",,,刻命,生命終結的瞬間。……拿來。, ,,1,23,22,1,0,0,0,0,0,,Translated
237,刻命,このカッターでな……（ゴクリ）, , ,Kizami,This box-cutter should do the trick... Heh...,,,키자미,이 커터로 말이지...... (꿀꺽),,,刻命,用這美工刀……（吞口水）, ,,1,24,22,1,0,0,0,0,0,,Translated
238,黒崎,……お前！　ば！　馬鹿何すん……, , ,Kurosaki,Wh-What? Are you stupid?! Why would you do that?!,,,쿠로사키,...... 너!  바!  바보 무슨......,,,黒崎,……你！　笨！　你在做什麼……, ,,1,0,0,1,0,0,0,12,0,,Translated
239,刻命,よく見てろよ……！　フククッ！, , ,Kizami,"Watch closely, now... Heheheh...",,,키자미,잘 봐......! 크크큭!,,,刻命,好好看著……！　呵呵呵！, ,,1,253,29,1,0,0,0,0,0,,Translated
240,＊,裕也！！　アンタ何してんの！？, , ,*,Yuuya! What do you think you're doing?!,,,＊,유야!!  너 뭐하는 거니!?,,,＊,裕也！！　你在做什麼！？, ,,1,204,5,1,0,0,0,0,0,,Translated
241,黒崎,うわっ、刻命の姉ちゃん……, , ,Kurosaki,Eep! It's Kizami's sister!,,,쿠로사키,"우왓, 키자미 누나......",,,黒崎,哇，刻命的姊姊……, ,,1,191,22,1,0,0,0,0,0,,Translated
242,刻命,……何もしてないよ。, , ,Kizami,Nothin'.,,,키자미,...... 아무것도 아냐.,,,刻命,……什麼也沒做啊。, ,,1,25,22,1,0,0,0,0,0,,Translated
243,刻命春奈,刃物、動物にあてがって何が『何もしてない』よ！,馬鹿！, ,Haruna Kizami,"Don't you 'nothing' me, you little asshole! You've",got a knife and an animal in your hands!,,키자미 하루나,칼을 동물한테 들이대는데 뭐가 『아무것도 아냐』니!,바보!,,刻命春奈,拿刀對著動物還說什麼「什麼也沒做」！,笨蛋！,,1,205,5,1,0,0,0,0,0,,Translated
244,刻命,まだ未遂なんだから『何もしてない』だろ……,ブツブツ……, ,Kizami,"Yeah, but I didn't do anything yet. So I'm not wrong","when I say 'nothing,' now, am I? (Stupid bitch...)",,키자미,아직 안 했으니까 『아무것도 아닌』 거 맞잖아......,중얼중얼......,,刻命,還沒做所以說「什麼也沒做」沒錯吧……,碎碎念……,,1,26,22,1,0,0,0,0,0,,Translated
245,刻命春奈,ハァ！？　アンタねぇ、,そういう事ばっかり言ってると、, ,Haruna Kizami,Are you for real?! You realize that no one likes,"a smartass, right?",,키자미 하루나,뭐어!?  너 말야,그런 짓만 하다간,,刻命春奈,蛤！？　你啊，,老說這種話的話，,,1,206,5,1,0,0,0,0,0,,Translated
246,刻命春奈,ホントに救いようのないクズ人間に,なっちゃうわよ！！　馬鹿ッ！, ,Haruna Kizami,"You'd better cool that sass mouth, or you'll grow up",to be even more of a good-for-nothing dirtbag than,you already are.,키자미 하루나,진짜 구제할 길이 없는 쓰레기가,되어 버린단 말야!!  이 바보야!,,刻命春奈,真的會變成無可救藥的廢物哦！！　笨蛋！, ,,1,207,5,1,0,0,0,0,0,,Translated
247,黒崎,き、刻命……俺コイツ飼うから、連れてくな。,（グイッ）じゃまた明日……, ,Kurosaki,"Uh, Kizami, give him here. I'll take care of the","little guy myself, okay? Okay! See you tomorrow!",,쿠로사키,"키, 키자미...... 이건 내가 키울 테니까, 가져갈게.",(꼬옥) 그럼 내일 봐......,,黒崎,刻、刻命……這隻我來養，我帶走了。,（搶）那明天見……,,1,192,22,1,0,0,0,0,0,,Translated
248,刻命春奈,……ハァッ。ったく、どうしてこんな子に……,（スタスタ）, ,Haruna Kizami,"*sigh* I swear, I don't know how he can put up with",you.,,키자미 하루나,"...... 하아. 참, 어쩌다 이런 애가......",(터벅터벅),,刻命春奈,……唉。真是的，怎麼會這樣的孩子……,（走開）,,1,208,5,1,0,0,0,0,0,,Translated
249,刻命,チッ。……ウッゼー……,何で俺が一番下なんだよ……, ,Kizami,Tch... Just shut the fuck up already. Why did I have,"to be the youngest, anyway?!",,키자미,칫...... 짜증나......,내가 왜 가장 아래인데......,,刻命,嘖。……真煩……,為什麼我是最小的……,,1,27,22,1,0,0,0,0,0,,Translated
250,刻命,下の兄弟がいたら超可愛がってやるのに。, , ,Kizami,"If I had a little brother of my own, I'd love the",shit out of him...,,키자미,내 아래 동생이 있었으면 정말 귀여워해줬을 텐데.,,,刻命,要是有弟弟的話我一定會超疼他的。, ,,1,28,22,1,0,0,0,0,0,,Translated
251,刻命,俺ならクソ姉や馬鹿ニィみたいな,無理解な兄貴には絶対ならねぇ。, ,Kizami,I sure as hell wouldn't be like my goddamned holier-,than-thou sister or my fucking retard of a brother.,"I'd listen to the little tyke, and respect him...",키자미,나라면 절대로 망할 누나랑 바보 형 같은,몰이해한 사람이 되지 않을 거야.,,刻命,我絕對不會像那個爛姊姊和白痴哥哥一樣,變成不理解人的兄長。, ,1,29,22,1,0,0,0,0,0,,Translated
252,刻命,『妹でもいたら』良かったのになぁ。,ハハハ。, ,Kizami,And if I had a little sister of my own...,Hahaha...,,키자미,『여동생이 있었으면』 좋았을 텐데.,하하하.,,刻命,『要是有妹妹就好了』啊。,哈哈哈。,,1,30,22,1,1,0,0,0,0,,Translated
253,哲志,はっ……！　また地震か……ちくしょう……っ, , ,Satoshi,Dammit... ANOTHER earthquake?!,You've gotta be kidding me!,,사토시,핫......!  또 지진인가...... 젠장......,,,哲志,啊……！　又是地震嗎……可惡……, ,,1,51,16,1,0,0,0,0,0,,Translated
254,哲志,……。, , ,Satoshi,*sigh*,,,사토시,......,,,哲志,……。, ,,1,52,16,1,0,0,0,0,0,,Translated
255,哲志,……しゃがんでても、仕方がないか。, , ,Satoshi,I won't get anywhere by wallowing in self-pity here.,,,사토시,...... 웅크리고만 있으면 아무것도 안 돼.,,,哲志,……蹲著也不是辦法。, ,,1,53,16,1,0,0,0,0,0,,Translated
256,哲志,由香……きっと助けに行くぞ。,……待っててくれ。, ,Satoshi,"Yuka... I swear I'll protect you. Please, wait for",me.,,사토시,유카...... 꼭 구해줄게.,...... 기다려 줘.,,哲志,由香……我一定會去救你的。,……等著我。,,1,54,16,1,0,0,0,0,0,,Translated
257,哲志,とにかく、直美のところへ戻るか……, , ,Satoshi,"...First things first, though, I need to go check",on Naomi...,,사토시,일단 나오미에게 가볼까......,,,哲志,總之，先回直美那裡吧……, ,,1,152,16,1,0,0,0,0,0,,Translated
258,哲志,なんでもいい、別館へ行く方法……,手掛かりを探すんだ。, ,Satoshi,I'm going to find a way back into that other,building if it kills me!,,사토시,"뭐든 좋아, 별관으로 갈 방법......",단서를 찾는 거야.,,哲志,不管是什麼，要去別館的方法……,找出線索。,,1,55,16,1,0,0,0,0,0,,Translated
259,哲志,……結衣先生に会いたい。, , ,Satoshi,...I wish Ms. Yui were here...,,,사토시,...... 유이 선생님 보고 싶다.,,,哲志,……好想見結衣老師。, ,,1,89,16,1,0,0,0,0,0,,Translated
260,,　棚の中に血のついた鋏（はさみ）が,　置かれています……, ,,"There's a pair of scissors on one of the shelves,",both its blades covered liberally in blood.,,,수납장 안에 피묻은 가위가,놓여 있습니다......,,,櫃子裡放著一把沾血的剪刀……, ,,0,0,0,0,0,0,0,0,0,,Translated
261,,　棚のガラスが割られ、中は空っぽに,　なっています……, ,,The glass door of the cabinet has been shattered.,The shelves are empty.,,,수납장 유리가 깨져서,안이 텅 비었습니다......,,,櫃子的玻璃被打破了，裡面空空的……, ,,0,0,0,1,0,0,0,0,0,,Translated
262,,　棚の中に血のついた鋏（はさみ）が,　置かれています……, ,,"There's a pair of scissors on one of the shelves,",both its blades covered liberally in blood.,,,수납장 안에 피묻은 가위가,놓여 있습니다......,,,櫃子裡放著一把沾血的剪刀……, ,,0,0,0,0,0,0,0,0,0,,Translated
263,,【今月の 目標】,　せっけんで　手を 洗おう,　お父さん、お母さんを,,[Monthly Goal],Let's all wash our hands --and remember our mommies,and daddies,,【이번 달 목표】,비누로 손을 씻자,"아빠, 엄마를",,【本月目標】,　用肥皂　洗手吧,　爸爸、媽媽,0,0,0,1,0,0,0,0,0,,Translated
264,,　思い出して泣こう,　もう帰れないのだから, ,,Remember them and cry,because we can't go home anymore,,,생각하며 울자,이젠 못 돌아가니까,,,　想著他們哭吧,　因為已經回不去了,,0,0,0,1,0,0,0,0,0,,Translated
265,,　机の上に『Diary』と書かれた,　血まみれのノートが置いてありますが……, ,,There's a blood-spattered notebook on the desk with,the word 'DIARY' written in bold letters at the top.,,,책상 위에 『Diary』라고 적힌,피투성이 노트가 놓여 있지만......,,,桌子上放著一本寫著『Diary』的沾血筆記本……, ,,0,0,0,1,0,0,0,0,0,,Translated
266,,　記念館の模型のように机の上に固定されていて、,　手に取る事も開く事も出来ません……, ,,"Like some sort of prop, however, it's practically",molded into the desk. It can't be moved or opened.,,,기념관에 있는 모형처럼 책상 위에 고정되어 있어서,손에 들 수도 펼칠 수도 없습니다......,,,但就像固定在桌子上方的空間裡一樣，,無法拿起來也無法翻開……, ,0,0,0,1,0,0,0,0,0,,Translated
267,直美,すぅ……すぅ……　　　　　　　　　　　　　, , ,Naomi,...,,,나오미,스으...... 스으......,,,直美,呼嚕……呼嚕……　　　　　　　　　　　　　, ,,1,31,12,1,1,0,0,0,0,,Translated
268,哲志,……呼吸は綺麗だし……大丈夫、かな……, , ,Satoshi,Her breathing seems normal.,I guess...she's okay...,,사토시,"...... 호흡은 정상이고...... 문제, 없겠지......",,,哲志,……呼吸很平穩……應該沒事吧……, ,,1,136,16,1,0,0,0,0,0,,Translated
269,哲志,由香を捜してくるよ。,……直美、ここで休んで待っててくれ。, ,Satoshi,I need to go find Yuka.,Naomi... You stay here and rest up.,,사토시,유카를 찾아올게.,"...... 나오미, 여기에서 쉬고 있어.",,哲志,我去找由香。,……直美，你在這裡休息等著。, ,1,137,16,1,0,0,0,0,0,,Translated
270,哲志,一人になるのは俺もお前も危険だが……, , ,Satoshi,I know it's dangerous for either of us to be by,ourselves...,,사토시,나도 너도 혼자 있는 건 위험하지만......,,,哲志,我知道一個人待著對你我都很危險……, ,,1,138,16,1,0,0,0,0,0,,Translated
271,哲志,妹を放っとく訳にもいかない……,とにかく、すぐ戻ってくるよ。, ,Satoshi,"...but that goes for my little sister, too.",I can't just ignore her. I'll be back real,"soon, I swear.",사토시,동생을 놔두고 갈 수는 없어......,"어쨌든, 금방 올게.",,哲志,但也不能丟下妹妹不管……,總之，我馬上回來。, ,1,139,16,1,0,0,0,0,0,,Translated
272,,　白い棚の中には、薬品類が並んでいます。,　ひと瓶、持ち出したようなホコリの跡が,　あります。,,The shelves are lined with various medicines and,"tonics. There's a conspicuous gap circled with dust,",suggesting someone removed a bottle just recently.,,하얀 수납장 안에는 약품이 진열되어 있습니다.,병 하나를 꺼낸 듯한,먼지 자국이 보입니다.,,白色櫃子裡排放著藥品。,　有一個瓶子被拿走的灰塵痕跡。, ,0,0,0,1,0,0,0,0,0,,Translated
273,,　蛇口をひねっても、キィ、キィと乾いた,　金属音がするだけで水は全く出てきません……, ,,"The handle turns with a loud squeak, but not a drop",of water comes out.,,,"수도꼭지를 돌려도 끼익, 끼익","메마른 금속음만이 들릴 뿐, 물은 나오지 않습니다.",,,轉動水龍頭也只發出乾澀的金屬聲，,完全沒有水流出來……, ,0,0,0,1,0,0,0,0,0,,Translated
274,,　中には薬剤のビンなどが整然と並んでいます。, , ,,Vast quantities of medicines and tonics are lined up,on each of the shelves.,,,안에는 약품병이 가지런히 늘어서 있습니다.,,,,裡面整齊地排放著藥品瓶等物品。, ,,0,0,0,0,0,0,0,0,0,,Translated
275,,　古いストーブがあります。, , ,,It's an old-fashioned space heater.,,,,낡은 난로가 있습니다.,,,,有座舊暖爐。, ,,0,0,0,0,0,0,0,0,0,,Translated
276,,　中に灰が大量に溜まっていて、,　火は点きそうにありません……, ,,"Unfortunately, it's so full of ash that it'll",probably never light again.,,,안에 대량의 재가 쌓여 있어서,불을 붙일 수 없습니다.,,,裡面堆滿了大量的灰燼，,似乎無法點火……, ,0,0,0,0,0,0,0,0,0,,Translated
277,凍孤,死にたくない……死にたくない……, , ,Tohko,I don't want to die...,I don't want to die...,,토우코,죽기 싫어...... 죽기 싫어......,,,凍孤,不想死……不想死……, ,,1,35,21,1,0,0,0,0,0,,Translated
278,凍孤,死にたくない……殺さないで……,ううぅ（ガチガチガチ）, ,Tohko,I don't want to die...,Please don't kill me...,*shiver* *chatter*,토우코,죽기 싫어...... 죽이지 마......,우우우  (덜덜덜),,凍孤,不想死……不要殺我……,嗚嗚（發抖發抖發抖）,,1,48,21,1,0,0,0,0,0,,Translated
279,哲志,……結衣先生に会いたい。, , ,Satoshi,...I wish Ms. Yui were here...,,,사토시,...... 유이 선생님 보고 싶다.,,,哲志,……好想見結衣老師。, ,,1,89,16,1,0,0,0,0,0,,Translated
280,＊,ひぃぃあああーっ！　いゃあぁぁぁーっ！, , ,*,YAAAAAAAAAAAGGH!!,NOOOOOOOOOO!!,,＊,꺄아아아악~!  싫어어어어~!,,,＊,咿啊啊啊～！　不要啊啊～！, ,,1,21,21,1,1,0,0,0,0,,Translated
281,哲志,な、何だ、落ち着いてくれ！, , ,Satoshi,I-It's okay! Calm down! I'm a friend!,,,사토시,"뭐, 뭐야, 진정해!",,,哲志,冷、冷靜點！, ,,1,56,16,1,0,0,0,0,0,,Translated
282,＊,……ハァッ、ハァッ, , ,*,*pant* *wheeze*,,,＊,"...... 하악, 하악",,,＊,……呼、呼, ,,1,22,21,1,0,0,0,0,0,,Translated
283,哲志,だ、大丈夫か……？, , ,Satoshi,A-Are you all right?,,,사토시,"괘, 괜찮아......?",,,哲志,沒、沒事吧……？, ,,1,57,16,1,0,0,0,0,0,,Translated
284,＊,う……うう、たすケて……たすケて！, , ,*,*sob* Please...help me...,"Help me, please!",,＊,"우...... 우우, 살려 줘...... 살려 줘!",,,＊,嗚……嗚嗚，救救我……救救我！, ,,1,23,21,1,0,0,0,0,0,,Translated
285,哲志,（！　……前歯が折れてる……尋常じゃないな）, , ,Satoshi,(Her front tooth is missing...,and it doesn't look like an accident...),,사토시,(!  ...... 앞니가 부러졌어...... 이거 심각한데),,,哲志,（！　……門牙斷了……這不正常）, ,,1,58,16,1,0,0,0,0,0,,Translated
286,哲志,俺は如月学園２年の持田って言うんだけど……,君は？, ,Satoshi,"My, uh... My name is Mochida. I'm an 11th-grade",student at a school called Kisaragi Academy.,And you are?,사토시,난 키사라기 학원 2학년인 모치다라고 하는데......,너는?,,哲志,我是如月学園二年級的持田……,你呢？,,1,59,16,1,0,0,0,0,0,,Translated
287,＊,……ひくっ、ひくっ……,わ、私は……白檀高等学校の２年……,霧崎(きりさき)……凍孤(とうこ),*,*sniffle* My... My name...is Tohko Kirisaki.,I'm an 11th-grader...at Byakudan High.,,＊,"...... 흑, 흑......","나, 나는...... 뱌쿠단 고등학교 2학년......",키리사키...... 토우코,＊,……嗚、嗚……,我、我是……白檀高中二年級……,霧崎……凍孤,1,24,21,1,0,0,0,0,0,,Translated
288,哲志,……そうか。君は、どうしてここに？, , ,Satoshi,Okay. And may I ask...how you got here?,,,사토시,"...... 그래. 너는, 왜 여기 있어?",,,哲志,……是嗎。你怎麼會在這裡？, ,,1,60,16,1,0,0,0,0,0,,Translated
289,凍孤,インターネットにあった……ひっく,おまじなイを……試したら, ,Tohko,There was... *hic* There was...this charm...from,the internet...and we tried it...,,토우코,인터넷에 나온...... 흑,주술을...... 시험했더니,,凍孤,在網路上找到的……嗚,咒語……試了一下, ,1,25,21,1,0,0,0,0,0,,Translated
290,凍孤,みんな、ここに……, , ,Tohko,And all of us...were brought here...,,,토우코,"다들, 여기에......",,,凍孤,大家……都在這裡……, ,,1,26,21,1,0,0,0,0,0,,Translated
291,哲志,おまじないか……同じだな、俺達と……, , ,Satoshi,"A charm... Same as us, then.",,,사토시,"주술이라...... 우리랑, 같구나......",,,哲志,咒語嗎……和我們一樣啊……, ,,1,61,16,1,0,0,0,0,0,,Translated
292,凍孤,……最初……みんなで、一緒に此処を出ようって……。,そしたら……, ,Tohko,They all...said we'd try to get out of here...,together...but then...,,토우코,"...... 처음엔...... 모두 함께, 여길 나가자고 했는데......",그랬는데......,,凍孤,……一開始……大家說要一起離開這裡……,然後……,,1,27,21,1,0,0,0,0,0,,Translated
293,凍孤,友達の一人が……裕也が……,おかしくなって、ううゥ……, ,Tohko,...one of them...Y-Yuuya...went out of his mind...,and he...he...aaaaaaahhh...,,토우코,친구 중 한 명...... 유야가......,"이상해져서, 우우우......",,凍孤,其中一個朋友……裕也他……,變得不正常了，嗚嗚……,,1,28,21,1,0,0,0,0,0,,Translated
294,凍孤,急に、友達を階段から蹴り落として……殺して……, , ,Tohko,...he pushed one of my friends down the stairs...,...he killed him...,,토우코,"갑자기, 친구를 계단에서 걷어차서...... 죽이고......",,,凍孤,突然把朋友從樓梯踹下去……殺了他……, ,,1,29,21,1,0,0,0,0,0,,Translated
295,凍孤,ひくっ……笑いながら、その死体を弄びはじめたの。,……うぅぅッ, ,Tohko,"*sob* ...then, with a smile on his face...",he started playing with the body!,,토우코,"흑...... 웃으면서, 그 사체를 갖고 놀기 시작했어.",...... 우우우,,凍孤,嗚……笑著開始玩弄那具屍體。,……嗚嗚,,1,30,21,1,0,0,0,0,0,,Translated
296,凍孤,私、必死に逃げてきた……, , ,Tohko,I ran...as quickly as I could...,,,토우코,"난, 필사적으로 도망쳤어......",,,凍孤,我拼了命逃出來的……, ,,1,31,21,1,0,0,0,0,0,,Translated
297,哲志,……なんて事だ……, , ,Satoshi,That's horrible...,,,사토시,...... 어떻게 된 거야......,,,哲志,……怎麼會這樣……, ,,1,62,16,1,0,0,0,0,0,,Translated
298,凍孤,……くるっ……みんな、狂っちゃうんだ……, , ,Tohko,*hic* ...Everyone...,...Everyone's going to go crazy in here!,,토우코,"...... 미...... 다들, 미쳐 버릴 거야......",,,凍孤,……大家都……會發瘋的……, ,,1,32,21,1,0,0,0,0,0,,Translated
299,凍孤,アハヒヒヒ！　誰も信用できない！,離れろ！　向こうへ行け！, ,Tohko,AHAHAHAHA! I can't trust anyone...,Go! Get away from me!,,토우코,아하히히히!  아무도 못 믿어!,떨어져!  저리 가!,,凍孤,啊哈哈！　誰都不能相信！,走開！　滾遠點！,,1,33,21,1,0,0,0,0,0,,Translated
300,哲志,わ、わかったよ……とにかく落ち着いてくれ。, , ,Satoshi,"O-Okay, I'll go... Just please, try to stay calm...",,,사토시,"아, 알았어...... 일단 진정해.",,,哲志,好、好的……總之你先冷靜下來。, ,,1,63,16,1,0,0,0,0,0,,Translated
301,凍孤,離れろォ――ッ！！, , ,Tohko,GET AWAY!!,,,토우코,떨어지라고~~!!,,,凍孤,滾開――！！, ,,1,34,21,1,1,0,0,0,0,,Translated
302,凍孤,お前も　私を　殺ヒにきたのか！！, , ,Tohko,Have you... Have you come to kill me too?!,,,토우코,너도  날  죽이러 온 거지!!,,,凍孤,你也是來殺我的嗎！！, ,,1,36,21,1,0,0,0,0,0,,Translated
303,,はい,いいえ,,,Yes,No,,,네,아니오,,,是,否,,0,255,255,255,255,255,255,255,255,,Translated
304,凍孤,アハヒヒヒヒ！　そんな事はさせたくない！, , ,Tohko,AHAHAHAHA! I won't let you!,,,토우코,아하히히히히!  그렇게는 안 되지!,,,凍孤,啊哈哈！　我不會讓你得逞的！, ,,1,37,21,1,0,0,0,0,0,,Translated
305,哲志,ち、ちがう、落ち着いてくれ！,さっき話しただろう？, ,Satoshi,"N-No, of course not! Get ahold of yourself!","We just talked, remember?",,사토시,"아, 아냐, 좀 진정해!",좀 전에 말했잖아?,,哲志,不、不是的，冷靜點！,剛才不是說過了嗎？,,1,70,16,1,0,0,0,0,0,,Translated
306,凍孤,今日の宿題も終ってなイのに殺されてたまるかァ！, , ,Tohko,I ain't done with my homework yet...so you think,I'm just gonna sit back and LET YOU KILL ME?!,,토우코,오늘 숙제도 안 끝났는데 죽을 수는 없어!,,,凍孤,今天的作業都還沒做完怎麼能死啊！, ,,1,38,21,1,0,0,0,0,0,,Translated
307,哲志,！ （この娘、鋏(はさみ)を持ってる！）, , ,Satoshi,*gasp*,(She's got a pair of scissors!),,사토시,"!  (이 애, 가위를 갖고 있어!)",,,哲志,！　（這女孩拿著剪刀！）, ,,1,71,16,1,0,0,0,0,0,,Translated
308,哲志,……うッ！　……く, , ,Satoshi,Ulk...grk...,,,사토시,...... 윽!  ...... 크,,,哲志,……嗚！　……咳, ,,1,72,16,1,0,0,0,0,0,,Translated
309,哲志,……ん゛うッ！, , ,Satoshi,Nlllg...,,,사토시,...... 으  윽  !,,,哲志,……嗚！, ,,1,73,16,1,0,0,0,0,0,,Translated
310,哲志,う……く……　あ……, , ,Satoshi,Urk...khk...ahhgh...,,,사토시,으...... 크...... 아......,,,哲志,嗚……咳……啊……, ,,1,74,16,1,0,0,0,0,0,,Translated
311,凍孤,……！　あ……ご、ごめんなさい……, , ,Tohko,Ah...!,I-I'm so sorry!,,토우코,"......!  아...... 미, 미안해......",,,凍孤,……！　啊……對、對不起……, ,,1,43,21,1,0,0,0,0,0,,Translated
312,哲志,……！,（さ、刺されたのか俺は？……嘘だろ……！）, ,Satoshi,(My God... I've been stabbed!),,,사토시,......!,"(나, 난 찔린 건가? ...... 거짓말이지......!)",,哲志,……！,（我、我被刺中了嗎？……騙人的吧……！）,,1,82,16,1,0,0,0,0,0,,Translated
313,凍孤,いやあぁぁ！　きゃああぁぁぁ！！, , ,Tohko,N-NOOOOOOOOOO!!,AAAAAAAAAAGGGGHH!!,,토우코,꺄아아아아! 꺄아아아아아!!,,,凍孤,不要啊啊！　呀啊啊啊！！, ,,1,44,21,1,0,0,0,0,0,,Translated
314,哲志,（いや……大丈夫みたいだ……なぜだ？）, , ,Satoshi,(...But...I'm okay? How is that possible...?),,,사토시,(아니...... 괜찮은가본데...... 어째서?),,,哲志,（不……好像沒事……為什麼？）, ,,1,83,16,1,0,0,0,0,0,,Translated
315,,　胸ポケットに入れていた、世以子の携帯電話が、, , ,,"When Satoshi found Seiko's cell phone, he went to","put it in his pants pocket, but Naomi's was already","there, and there wasn't enough room for both.",,"가슴 주머니에 들어 있던, 세이코의 휴대전화가",,,,　放在胸前口袋裡的世以子的手機，, ,,0,0,0,1,0,0,0,0,0,,Translated
316,,　偶然、鋏(はさみ)の刃を受け止めたようです。, , ,,So he put it in his breast pocket instead. And that,just so happened to be the exact spot where Tohko's,scissors struck him. The impact was fully absorbed.,,우연히 가윗날을 막아낸 모양입니다.,,,,　偶然擋住了剪刀的刀刃。, ,,0,0,0,1,0,0,0,0,0,,Translated
317,哲志,篠原……お前が……, , ,Satoshi,Shinohara... You...,,,사토시,시노하라...... 네가......,,,哲志,篠原……是你……, ,,1,84,16,1,0,0,0,0,0,,Translated
318,凍孤,だ、大丈夫ですか？, , ,Tohko,A-Are you okay?,,,토우코,"괘, 괜찮아?",,,凍孤,沒、沒事吧？, ,,1,45,21,1,0,0,0,0,0,,Translated
319,哲志,……！　ふざけるな！, , ,Satoshi,What the hell is wrong with you?!,,,사토시,......!  집어치워!,,,哲志,……！　別鬧了！, ,,1,86,16,1,0,0,0,0,0,,Translated
320,凍孤,ヒィッ！！, , ,Tohko,Eep!,,,토우코,히익!!,,,凍孤,咿！！, ,,1,46,21,1,1,0,0,0,0,,Translated
321,哲志,こんな鋏、何処から持って来たんだ！, , ,Satoshi,"Where did you get these scissors, anyway?!",,,사토시,"이런 가위, 어디에서 난 거야!",,,哲志,這剪刀是從哪裡來的！, ,,1,87,16,1,0,0,0,0,0,,Translated
322,,　……鋏を部屋の隅に投げ捨てました。, , ,,Satoshi threw the pair of scissors into the corner,of the room.,,,...... 가위를 방구석에 던졌습니다.,,,,　……把剪刀扔到了房間角落。, ,,0,0,0,1,0,0,0,0,0,,Translated
323,凍孤,ううううぅぅぅ～　　　　　　　,ううううぅぅぅ～　　　　　　　　　　　, ,Tohko,Ahhhhhh...,  Ahhhhhhhh...,    Ahhhhhhhhhh...,토우코,우우우우우우우~,우우우우우우우~,,凍孤,嗚嗚嗚嗚～　　　　　　　,嗚嗚嗚嗚～　　　　　　　　　　　,,1,47,21,1,1,0,0,0,0,,Translated
324,哲志,（……駄目だ、この娘はまともに話が出来る,　状態じゃない……）, ,Satoshi,(It's no use. She's too far gone for,conversation...),,사토시,"(...... 틀렸어, 이 앤 제대로 얘길 할 수 있는",상태가 아냐......),,哲志,（……不行，這女孩的狀態,　沒法正常對話……）,,1,88,16,1,0,0,0,0,0,,Translated
325,凍孤,……！　あ……ご、ごめんなさい……, , ,Tohko,Ah...!,I-I'm so sorry!,,토우코,"......!  아...... 미, 미안해......",,,凍孤,……！　啊……對、對不起……, ,,1,39,21,1,0,0,0,0,0,,Translated
326,哲志,う……やばい、血が……止まらない……, , ,Satoshi,Ulg... Damn...,Can't...stop...bleeding...,,사토시,"으...... 위험해, 피가...... 안 멈춰......",,,哲志,嗚……糟了，血……止不住……, ,,1,75,16,1,0,0,0,0,0,,Translated
327,哲志,い……痛てぇーっ……,くッ……　動脈切ったか……, ,Satoshi,It...hurts...,I think...you struck...an artery...,,사토시,아...... 아파~ ......,큭...... 동맥이 끊어진 건가......,,哲志,好……好痛……,咳……割到動脈了嗎……,,1,76,16,1,0,0,0,0,0,,Translated
328,凍孤,いやあぁぁ！　きゃああぁぁぁ！！, , ,Tohko,N-NOOOOOOOOOO!!,AAAAAAAAAAGGGGHH!!,,토우코,꺄아아아아!  꺄아아아아아아!!,,,凍孤,不要啊啊！　呀啊啊啊！！, ,,1,40,21,1,0,0,0,0,0,,Translated
329,哲志,うっ……何だ……　さ……寒い……,やば……　死……死ぬぞ、これ……, ,Satoshi,I'm...so...cold...,I think...I'm...dying...,,사토시,윽...... 뭐야...... 추...... 추워......,"위험...... 주...... 죽겠다, 이거......",,哲志,嗚……怎麼……好……好冷……,糟……會……會死……,,1,77,16,1,0,0,0,0,0,,Translated
330,哲志,ぐ……ッ　う……　痛い……　,痛いッ……　くっ！, ,Satoshi,Ulgh... So...cold... Coooold...,,,사토시,으...... 윽...... 아파......,아파...... 큭!,,哲志,咕……　嗚……　好痛……,好痛……　咳！,,1,78,16,1,0,0,0,0,0,,Translated
331,凍孤,あああぁぁぁぁ～！, , ,Tohko,AAAAAAAAGGGGHHH!!,,,토우코,아아아아아아아~!,,,凍孤,啊啊啊啊～！, ,,1,41,21,1,0,0,0,0,0,,Translated
332,哲志,由香……由香ッ,お前を……ひとりに……, ,Satoshi,Yuka...I'm sorry...,You're...on your own now...,,사토시,유카...... 유카,너를...... 혼자......,,哲志,由香……由香,要把你……一個人……,,1,79,16,1,0,0,0,0,0,,Translated
333,哲志,由香……迎えに……,…………, ,Satoshi,I'll...come for you...,,,사토시,유카를...... 만나러......,............,,哲志,由香……去接你……,…………,,1,80,16,1,1,1,1,0,0,,Translated
334,哲志,由……, , ,Satoshi,Yu...k...,,,사토시,유......,,,哲志,由……, ,,1,81,16,1,1,1,1,0,0,,Translated
335,直美,すぅ……すぅ……, , ,Naomi,...,,,나오미,새근...... 새근......,,,直美,呼嚕……呼嚕……, ,,1,32,12,1,1,0,0,0,0,,Translated
336,哲志,いつも気の強いコイツが……,随分ぼろぼろになっちまったな……, ,Satoshi,She's always been so strong-willed. I hate seeing,her like this...,,사토시,언제나 기가 센 이 녀석이......,이렇게 너덜너덜해졌어......,,哲志,總是這麼強勢的這傢伙……,變得這麼憔悴了……,,1,140,16,1,0,0,0,0,0,,Translated
337,哲志,……。, , ,Satoshi,...,,,사토시,......,,,哲志,……。, ,,1,141,16,1,0,0,0,0,0,,Translated
338,,　机の上に古いタイプのライトがあります。,　スイッチをＯＮにしても、ライトが点きません……, ,,"It's an old-style desk lamp, but it doesn't seem to",work anymore. The switch does nothing.,,,책상 위에 낡은 타입의 전등이 있습니다.,스위치를 켰지만 불이 켜지지 않습니다......,,,桌子上有盞舊檯燈。,　按下開關也不會亮……, ,0,0,0,1,0,0,0,0,0,,Translated
339,直美,すぅ……すぅ……, , ,Naomi,...,,,나오미,스으...... 스으......,,,直美,呼嚕……呼嚕……, ,,1,32,12,1,1,0,0,0,0,,Translated
340,哲志,いつも気の強いコイツが……,随分ぼろぼろになっちまったな……, ,Satoshi,She's always been so strong-willed. I hate seeing,her like this...,,사토시,언제나 기가 센 이 녀석이......,이렇게 너덜너덜해졌어......,,哲志,總是這麼強勢的這傢伙……,變得這麼憔悴了……,,1,140,16,1,0,0,0,0,0,,Translated
341,哲志,……。, , ,Satoshi,...,,,사토시,......,,,哲志,……。, ,,1,141,16,1,0,0,0,0,0,,Translated
342,直美,世以子……胸の血が……,とまんないよ……うぅ……, ,Naomi,Seiko...,I can't...stop the bleeding from your chest...,,나오미,세이코...... 가슴에서 피가......,안 멈춰...... 으으......,,直美,世以子……胸口的血……,止不住啊……嗚……,,1,195,13,1,0,0,0,0,0,,Translated
343,世以子,はぁ……　はぁ……, , ,Seiko,*shallow breathing*,,,세이코,하아...... 하아......,,,世以子,呼……　呼……, ,,1,77,20,1,0,0,0,0,0,,Translated
344,世以子,わ～……ほんとに……目の前が白くなってきた……, , ,Seiko,Whoa... Everything's going white...all around me...,,,세이코,와~ ...... 정말...... 눈앞이 새하얘졌네......,,,世以子,哇……真的……眼前變白了……, ,,1,78,20,1,0,0,0,0,0,,Translated
345,世以子,直美……私……死んだら悲しんでくれる？, , ,Seiko,Naomi? When I die...will you be sad?,,,세이코,나오미...... 내가...... 죽으면 슬퍼해줄 거야?,,,世以子,直美……我死了……你會傷心嗎？, ,,1,79,20,1,0,0,0,0,0,,Translated
346,直美,悲しいよ！　……死なないでよ……, , ,Naomi,Of course I'll be sad! Don't you dare die on me!,,,나오미,그럼 슬프지! ...... 죽지 마......,,,直美,當然會傷心啊！　……不准死……, ,,1,196,13,1,0,0,0,0,0,,Translated
347,世以子,私……死んだら……ここに置いて、,すぐ出口、探してよね……,絶対、助かってよ……直美。,Seiko,"If I do...I want you to leave me here, and","find a way out of this school...because I know,",Naomi... I know you'll make it...,세이코,내가...... 죽으면...... 여기에 두고,"곧장 출구를, 찾으러 가......","꼭, 살아아 해...... 나오미.",世以子,我……死了的話……把我留在這裡，,馬上去找出口哦……,一定要活下去……直美。,1,80,20,1,0,0,0,0,0,,Translated
348,直美,世以子死んだら……もう……あたし, , ,Naomi,"If you die, Seiko...I...I don't think...",,,나오미,세이코가 죽으면...... 난...... 더 이상,,,直美,世以子死了的話……我……已經……, ,,1,197,13,1,0,0,0,0,0,,Translated
349,世以子,大丈夫……直美には持田君がいる……,私がいなくなっても、彼なら、直美ささえられる。, ,Seiko,It'll be okay. You have Mochida. Even if I'm not,around...he'll take care of you.,,세이코,괜찮아...... 나오미에게는 모치다 군이 있어......,"내가 없더라도, 걔라면, 나오미를 받쳐 줄 거야.",,世以子,沒事的……直美有持田同學在……,就算我不在，他也會支持直美的。,,1,81,20,1,0,0,0,0,0,,Translated
350,直美,何……言ってんのよ……ううう……,バカじゃ……ないの……？, ,Naomi,What are you saying?! *sob* You're an...idiot...,,,나오미,무슨...... 말이야...... 으으으......,바보...... 아냐......?,,直美,你……在說什麼啊……嗚嗚……,你……是笨蛋嗎……？,,1,198,13,1,0,0,0,0,0,,Translated
351,世以子,あ～あ～、直美、ハナ出てるよ……,まったく、この子のこんな顔……,クラスの誰も見たことないだろうねぇ,Seiko,"Ahhh, look at you... Your nose is all runny...",I'll bet nobody else in class has ever seen,you with so much snot before...,세이코,"아~ 아~  나오미, 콧물 나온다......","하여간, 네 이런 얼굴......",반 애들은 본 적 없겠지,世以子,啊～啊～，直美，流鼻涕了……,這孩子的這種表情……班上沒人見過吧,,1,82,20,1,0,0,0,0,0,,Translated
352,直美,……うるさいなぁ, , ,Naomi,What is wrong with you?!,,,나오미,...... 시끄럽네,,,直美,……吵死了啦, ,,1,199,13,1,0,0,0,0,0,,Translated
353,世以子,私、もうカクゴできたよ。,置いてって。……先行ってね直美。, ,Seiko,"I'm ready for this, Naomi. Don't feel bad about",leaving me behind. Just...go...,,세이코,"난, 이제 각오했어.",놔두고 가...... 먼저 가 나오미.,,世以子,我已經做好覺悟了。,丟下我吧。……你先走，直美。,,1,83,20,1,0,0,0,0,0,,Translated
354,直美,………………, , ,Naomi,...,,,나오미,..................,,,直美,………………, ,,1,0,0,1,0,0,0,0,0,,Translated
355,世以子,直美？, , ,Seiko,...Naomi?,,,세이코,나오미?,,,世以子,直美？, ,,1,84,20,1,0,0,0,0,0,,Translated
356,直美,わかったから……心配しないで、安心して。, , ,Naomi,All right already! Don't worry about me. Relax...,,,나오미,"알았으니까...... 걱정하지 마, 안심해.",,,直美,知道了啦……別擔心，安心吧。, ,,1,201,13,1,0,0,0,0,0,,Translated
357,世以子,……寒くなってきた……, , ,Seiko,...I'm cold...,,,세이코,...... 추워졌네......,,,世以子,……變冷了……, ,,1,85,20,1,0,0,0,0,0,,Translated
358,直美,世以子……, , ,Naomi,Seiko...,,,나오미,세이코......,,,直美,世以子……, ,,1,202,13,1,0,0,0,0,0,,Translated
359,世以子,しまった……私……,キッスもしたことないまま死んじゃうのかー……, ,Seiko,Damn... I just realized...I'm going to die...,without ever kissing anyone...,,세이코,이런...... 나......,키스도 못하고 죽는 건가......,,世以子,糟了……我……,該不會到死都沒接過吻吧……,,1,86,20,1,0,0,0,0,0,,Translated
360,世以子,ねぇ……直美……キスしない？, , ,Seiko,"Will you...kiss me, Naomi?",,,세이코,저기...... 나오미...... 키스 할래?,,,世以子,喂……直美……要不要接吻？, ,,1,87,20,1,0,0,0,0,0,,Translated
361,直美,え？　……な、何……, , ,Naomi,Huh? S-Seriously...?,,,나오미,"어?  ...... 뭐, 무슨......",,,直美,欸？　……什、什麼……, ,,1,203,13,1,0,0,0,0,0,,Translated
362,世以子,感覚ぐらい知っときたいよ……, , ,Seiko,I just want to know what it feels like...,,,세이코,감각은 알아 두고 싶어서......,,,世以子,至少想知道是什麼感覺嘛……, ,,1,88,20,1,0,0,0,0,0,,Translated
363,直美,ば、馬鹿な事言ってないの……, , ,Naomi,D-Don't be stupid...,,,나오미,"무, 무슨 바보 같은 소리야......",,,直美,別、別說傻話了……, ,,1,204,13,1,0,0,0,0,0,,Translated
364,世以子,大丈夫だよ、女同士だし……,ファーストキスにはなんないって。, ,Seiko,It'll be okay. It's between us girls. You won't,have to count it as your first kiss.,,세이코,"괜찮아, 여자끼리니까......",퍼스트 키스엔 안 들어가.,,世以子,沒事的，都是女生嘛……,不會算初吻的。,,1,89,20,1,0,0,0,0,0,,Translated
365,直美,そういう問題じゃ……, , ,Naomi,That's not the poin--,,,나오미,그런 문제가......,,,直美,那不是那個問題……, ,,1,0,0,1,1,0,0,7,0,,Translated
366,世以子,直美……, , ,Seiko,--Naomi...,,,세이코,나오미......,,,世以子,直美……, ,,1,0,0,1,0,0,0,0,0,,Translated
367,,キスする,キスしない,,,Kiss her,Don't kiss her,,,키스한다,키스하지 않는다,,,吻她,不吻她,,0,255,255,255,255,255,255,255,255,,Translated
368,,　ん……っ, , ,,*smooch*,,,,응......,,,,　嗯……, ,,0,206,13,1,0,0,0,0,0,,Translated
369,世以子,へへ……もらっちゃった……,直美のキッス。, ,Seiko,Heheh... I got...kissed by Naomi...,,,세이코,헤헤...... 받아 버렸다......,나오미의 키스.,,世以子,嘿嘿……得到了……,直美的吻。,,1,90,20,1,0,0,0,0,0,,Translated
370,直美,うぅー, , ,Naomi,Uhh...uh-huh...,,,나오미,으으~,,,直美,嗚～, ,,1,207,13,1,0,0,0,0,0,,Translated
371,世以子,人の唇ってやわらかいんだねぇ～, , ,Seiko,Your lips are a lot softer than I thought they'd,be...,,세이코,사람의 입술은 부드럽구나~,,,世以子,人的嘴唇好柔軟啊～, ,,1,91,20,1,0,0,0,0,0,,Translated
372,直美,……ビックリだね。, , ,Naomi,Same here.,,,나오미,...... 놀라워.,,,直美,……好驚訝呢。, ,,1,208,13,1,0,0,0,0,0,,Translated
373,世以子,…………, , ,Seiko,...,,,세이코,............,,,世以子,…………, ,,1,0,0,1,0,0,0,0,0,,Translated
374,直美,…………, , ,Naomi,...,,,나오미,............,,,直美,…………, ,,1,209,13,1,0,0,0,0,0,,Translated
375,直美,！　……世以子……泣いてるの？, , ,Naomi,...Seiko... Are you...crying...?,,,나오미,!  ...... 세이코...... 너 우니?,,,直美,！　……世以子……你在哭嗎？, ,,1,210,13,1,0,0,0,0,0,,Translated
376,世以子,……どうしよう直美……,私、死にたく、なくなってきちゃった……, ,Seiko,"...Why, Naomi...?",I was ready...but now...I don't want to die...,,세이코,...... 어쩌지 나오미......,"나, 죽기가 싫어졌어......",,世以子,……怎麼辦直美……,我……變得不想死了……,,1,93,20,1,0,0,0,0,0,,Translated
377,直美,！　……世以子ぉ……, , ,Naomi,...!,Seiko...!,,나오미,!  ...... 세이코오......,,,直美,！　……世以子……, ,,1,211,13,1,0,0,0,0,0,,Translated
378,世以子,ひっく……　ひっく……,やだ……　死にたく……死にたくなぁーい, ,Seiko,*hic* *hic* *sniffle*,No... I...I...,...I don't...want...to die...,세이코,흑......  흑......,싫어...... 죽기...... 죽기 싫어~,,世以子,嗚……　嗚……,不要……　不想……我不想死～,,1,94,20,1,0,0,0,0,0,,Translated
379,世以子,もっともっと……,直美と一緒にいたーい……, ,Seiko,"I want to be with you, Naomi...",I want to be with you always...,,세이코,계속 계속......,나오미랑 같이 있고 싶어~ ......,,世以子,好想好想……,和直美在一起～……,,1,95,20,1,0,0,0,0,0,,Translated
380,直美,世以子……！　世以子！……ううぅぅ……！, , ,Naomi,Seiko... Seiko...! *sob*,,,나오미,세이코......!  세이코! ...... 우우우우......!,,,直美,世以子……！　世以子！……嗚嗚……！, ,,1,212,13,1,0,0,0,0,0,,Translated
381,直美,あっ……！, , ,Naomi,...!,,,나오미,앗......!,,,直美,啊……！, ,,1,213,13,1,0,0,0,0,0,,Translated
382,直美,はぁ、はぁ、はぁ……夢……？, , ,Naomi,*pant* *pant* *pant*,...It was all...a dream...?,,나오미,"하아, 하아, 하아...... 꿈......?",,,直美,呼、呼、呼……夢……？, ,,1,214,13,1,0,0,0,0,0,,Translated
383,直美,……っはぁ、はぁ……なんて夢みるの……, , ,Naomi,What the hell kind of dream was that?!,,,나오미,"...... 하아, 하아...... 무슨 꿈을 꾼 거야......",,,直美,……呼、呼……怎麼會做這種夢……, ,,1,215,13,1,0,0,0,0,0,,Translated
384,哲志,……直美！, , ,Satoshi,...Naomi!,,,사토시,...... 나오미!,,,哲志,……直美！, ,,1,226,15,1,0,0,0,0,0,,Translated
385,哲志,大丈夫か、おい……, , ,Satoshi,Hey! Are you all right?,,,사토시,괜찮아? 야......,,,哲志,沒事吧……, ,,1,227,15,1,0,0,0,0,0,,Translated
386,哲志,……っ。, , ,Satoshi,Wh...?,,,사토시,...... 윽.,,,哲志,……。, ,,1,228,15,1,0,0,0,0,0,,Translated
387,哲志,直美……, , ,Satoshi,Naomi...,,,사토시,나오미......,,,哲志,直美……, ,,1,229,15,1,0,0,0,0,0,,Translated
388,哲志,あれは……直美の携帯じゃないか。, , ,Satoshi,Isn't that...Naomi's cell phone?,,,사토시,저건...... 나오미 휴대전화 아냐.,,,哲志,那是……直美的手機吧。, ,,1,230,15,1,0,0,0,0,0,,Translated
389,,　無残な白骨死体が、横たわっています……, , ,,There are skeletal remains sprawled across the floor,here.,,,끔찍한 백골 사체가 누워 있습니다......,,,,有一具慘不忍睹的白骨遺體躺在地上……, ,,0,0,0,1,0,0,0,0,0,,Translated
390,,　……電話に出ますか？, , ,,Answer the phone?,,,,...... 전화를 받아보겠습니까?,,,,　……要接電話嗎？, ,,0,0,0,1,0,0,0,0,0,,Translated
391,,はい,いいえ,,,Yes,No,,,네,아니오,,,是,否,,0,255,255,255,255,255,255,255,255,,Translated
392,哲志,……。, , ,Satoshi,...,,,사토시,......,,,哲志,……。, ,,1,231,15,1,0,0,0,0,0,,Translated
393,,　た・す・け・て・く・れ, , ,,H e l p   m e . . .,,,,살·려·줘,,,,　救・命・啊, ,,0,195,5,1,1,0,0,0,0,,Translated
394,,　た・す・け・て・く・れ, , ,,H e l p   m e . . .,,,,살·려·줘,,,,　救・命・啊, ,,0,196,5,1,1,0,0,0,0,,Translated
395,＊,直美？　直美なの？, , ,*,Naomi? Are you there?!,,,＊,나오미?  나오미니?,,,＊,直美？是直美嗎？, ,,1,220,9,1,1,0,0,0,0,,Translated
396,＊,……返事をして！　ねぇ！, , ,*,Answer me! Please!,,,＊,...... 대답해! 제발!,,,＊,……回答我！　喂！, ,,1,221,9,1,1,0,0,0,0,,Translated
397,＊,直美！　声を聞かせて……！,ああぁぁ……！, ,*,"Naomi! Please, just let me hear your voice! *sob*",,,＊,나오미!  목소리를 들려줘......!,아아아아......!,,＊,直美！　讓我聽聽你的聲音……！,啊啊……！,,1,222,9,1,1,0,0,0,0,,Translated
398,＊,お願い……何か喋って, ……お母さんよ、直美！, ,*,"Please... Just say something! I'm your mom, Naomi!",,,＊,부탁이야...... 아무 말이나 해봐,"...... 엄마야, 나오미!",,＊,求求你……說點什麼,……我是媽媽啊，直美！,,1,223,9,1,1,0,0,0,0,,Translated
399,＊,神様ぁ！　……うぅぅぅ,あの子を……無事に……, ,*,"God, please...don't let anything have happened to",her!,,＊,하느님!  ...... 우우우우,그 앨...... 무사히......,,＊,老天爺啊！　……嗚嗚嗚,那孩子……要平安無事……,,1,224,9,1,1,0,0,0,0,,Translated
400,哲志,！ ……もしもし……！ あの……っ, , ,Satoshi,...Hello? Hello?!,,,사토시,!  ...... 여보세요......! 저기......,,,哲志,！　……喂喂……！　那個……, ,,1,232,15,1,0,0,0,0,0,,Translated
401,,　た・す・け・て・く・れ　　　　　, , ,,H e l p   m e . . .,,,,살·려·줘,,,,　救・命・啊　　　　　, ,,0,196,5,1,1,0,0,0,0,,Translated
402,,　た・す・け・て・く・れ　　　　　, , ,,H e l p   m e . . .,,,,살·려·줘,,,,　救・命・啊　　　　　, ,,0,197,5,1,1,0,0,0,0,,Translated
403,,　た・す・け・て・く・れ　　　　　, , ,,H e l p   m e . . .,,,,살·려·줘,,,,　救・命・啊　　　　　, ,,0,198,5,1,1,0,0,0,0,,Translated
404,哲志,……うわぁっ！, , ,Satoshi,Uwaagh!!,,,사토시,...... 우와앗!,,,哲志,……哇啊！, ,,1,233,15,1,0,0,0,0,0,,Translated
405,哲志,……何なんだ……いい加減にしてくれよ……, , ,Satoshi,What the hell?!,This place needs to cut the crap already...,,사토시,...... 뭐야...... 제발 적당히 좀 해라......,,,哲志,……搞什麼……適可而止吧……, ,,1,234,15,1,0,0,0,0,0,,Translated
406,哲志,棄てていく訳にもいかないか……, , ,Satoshi,"...I can't just leave it, though...",,,사토시,버리고 갈 수도 없고......,,,哲志,也不能丟著不管啊……, ,,1,235,15,1,0,0,0,0,0,,Translated
407,,直美の携帯　を取りました。, , ,,Acquired [Naomi's Cell Phone].,,,,나오미의 휴대전화를 얻었습니다.,,,,拿到了【直美的手機】。, ,,0,0,0,1,0,1,0,0,0,,Translated
408,哲志,確か、１階から渡り廊下に行けた筈だ。, , ,Satoshi,"The walkway was just at the bottom of these stairs,",to the right...,,사토시,"아마, 1층으로 가면 바깥 복도로 갈 수 있을 거야.",,,哲志,記得從一樓應該能走到走廊。, ,,1,40,16,1,0,0,0,0,0,,Translated
409,哲志,確か、１階から渡り廊下に行けた筈だ, , ,Satoshi,"The walkway was just at the bottom of these stairs,",to the right...,,사토시,"아마, 1층으로 가면 바깥 복도로 갈 수 있을 거야.",,,哲志,記得從一樓應該能走到走廊。, ,,1,40,16,1,0,0,0,0,0,,Translated
410,哲志,直美が……このままでは危険だ、戻ろう。, , ,Satoshi,Naomi...is in real danger. I need to go back!,,,사토시,"나오미가...... 이대로는 위험해, 돌아가자.",,,哲志,直美……這樣下去太危險了，回去吧。, ,,1,243,15,1,0,0,0,0,0,,Translated
411,哲志,……直美……っ, , ,Satoshi,...Naomi...,,,사토시,...... 나오미......,,,哲志,……直美……, ,,1,16,16,1,0,0,0,0,0,,Translated
412,哲志,……直美の所へ……行こう。, , ,Satoshi,I should...go pay my respects...,,,사토시,...... 나오미에게...... 가자.,,,哲志,……去直美那裡吧。, ,,1,17,16,1,0,0,0,0,0,,Translated
413,哲志,今の音が気になる……, , ,Satoshi,I need to know what I just heard...,,,사토시,방금 난 소리가 신경 쓰여......,,,哲志,剛才的聲音讓人在意……, ,,1,239,15,1,0,0,0,0,0,,Translated
414,哲志,誰か……しゃべっている？, , ,Satoshi,Is someone...talking...?,,,사토시,누군가...... 대화 중인가?,,,哲志,有人在……說話？, ,,1,236,15,1,0,0,0,0,0,,Translated
415,哲志,……？, , ,Satoshi,...?,,,사토시,......?,,,哲志,……？, ,,1,223,15,1,0,0,0,0,0,,Translated
416,哲志,そんな馬鹿な……さっき俺……声を聞いたのに……, , ,Satoshi,That's impossible... I heard her voice...,"She spoke to me, just a few minutes ago!",,사토시,이럴 수가...... 틀림없이...... 목소리를 들었는데......,,,哲志,怎麼可能……剛才我明明聽到了聲音……, ,,1,108,16,1,0,0,0,0,0,,Translated
417,直美,世以子…… 世以子……！,うううぅぅぅ……, ,Naomi,Seiko... Seiko...,*sob*,,나오미,세이코...... 세이코......!,우우우우우우......,,直美,世以子……世以子……！,嗚嗚嗚……,,1,5,12,1,0,0,0,0,0,,Translated
418,哲志,降ろしてやろう、このままじゃ可哀想だ。, , ,Satoshi,Let's get her down. I'd...feel bad leaving her,like that...,,사토시,"내려주자, 이대로 두긴 불쌍해.",,,哲志,把她放下來吧，這樣太可憐了。, ,,1,109,16,1,0,0,0,0,0,,Translated
419,哲志,（よし……、これで高さが得られたぞ……）, , ,Satoshi,(Okay...now I've got some leverage.),,,사토시,(좋아...... 이걸로 높이는 확보했어......),,,哲志,（好……這樣就夠高了……）, ,,1,3,16,1,0,0,0,0,0,,Translated
420,哲志,ッあ！, , ,Satoshi,Ack!,,,사토시,아!,,,哲志,啊！, ,,1,4,16,1,0,0,0,0,0,,Translated
421,直美,ギィッ！　　　　　　　　　　　　, , ,Naomi,GLGH!,,,나오미,기익!,,,直美,嘎！　　　　　　　　　　　　, ,,1,239,11,1,1,0,0,0,0,,Translated
422,哲志,うっ……ぁ、直美！　……直美！, , ,Satoshi,Oof... AHHH! Naomi! NAOMI!!,,,사토시,"윽...... 아, 나오미!  ...... 나오미!",,,哲志,嗚……啊、直美！　……直美！, ,,1,5,16,1,0,0,0,0,0,,Translated
423,,　足場にしようとしたバケツは…… ,　何が入っていたのか、内側の腐蝕が酷く, ,,"Whatever was in that bucket, it must have been",pretty damned corrosive...,,,발판으로 삼았던 양동이는......,뭐가 들어 있었는지 내부 부식이 심해서,,,　用來當墊腳的水桶……,　裡面不知道裝了什麼，內側腐蝕嚴重，, ,0,0,0,1,0,0,0,0,0,,Translated
424,,　上に乗って、直美の脚をそれぞれ,　腕で抱えなおした途端に底が抜けた。, ,,The bottom gave way under the combined weight of,"me and Naomi, just as I was starting to lift her",to safety.,,양동이 위에 서서 나오미의 다리를,양팔로 고쳐 잡으려고 하자마자 바닥이 꺼지고 말았다.,,,　站在上面、用雙臂重新托住直美的腿時，,　桶底就脫落了。, ,0,0,0,1,0,0,0,0,0,,Translated
425,,　二人分の体重が一挙に……,　直美の首に負担を与えた。, ,,We both came crashing down...but I'm the only one,who made it all the way to the floor.,,,두 명분의 체중이 전부......,나오미의 목에 쏠렸다.,,,　兩人的體重一下子……,　全部加在直美的脖子上。, ,0,0,0,1,0,0,0,0,0,,Translated
426,,　細い首の骨は即座に破砕し……, , ,,Naomi was dropped back into her noose with such,force that it instantly snapped her brittle neck.,,,가는 목뼈는 곧장 부러져......,,,,　細細的頸骨瞬間碎裂……, ,,0,0,0,1,0,0,0,0,0,,Translated
427,,　直美が僅かに繋ぎとめた、小さな命の灯は,　消えた。, ,,The tiny spark of life she had left in her was,suddenly and unceremoniously extinguished.,,,간신히 이어 온 작은 생명의 불꽃은,꺼지고 말았다.,,,　直美僅存的一點生命之火，,　就此熄滅了。, ,0,0,0,1,0,0,0,0,0,,Translated
428,,　俺がこの手で、, , ,,And it's my fault...,,,,내가 이 손으로,,,,　是我親手……, ,,0,0,0,1,0,0,0,0,0,,Translated
429,,　俺が……この手で、……殺してしまった！, , ,,I killed her...with my own bare hands...,,,,내가...... 이 손으로...... 죽이고 말았어!,,,,　是我……親手……殺了她！, ,,0,0,0,1,0,0,0,0,0,,Translated
430,哲志,うあぁぁーーッ！, , ,Satoshi,UWAAAAAAAAGH!!,,,사토시,우아아악~~!,,,哲志,啊啊――！, ,,1,6,16,1,1,0,0,0,0,,Translated
431,,……ビックリしたんだよー　　　　　　　　, , ,,I certainly was surprised!,,,,...... 깜짝 놀랐다니까~,,,,……嚇了一大跳呢　　　　　　, ,,0,216,11,1,1,0,0,0,0,,Translated
432,,……ふーん, , ,,Hmm-hmm!,,,,...... 흐응~,,,,……嗯～, ,,0,217,11,1,1,0,0,0,0,,Translated
433,,　流れずに溜まった水が澱んでいます。, , ,,It's full of stagnant water that clearly has nowhere,to go. The drain must be totally clogged...but with,what?,,흐르지 못한 물이 고여 있습니다.,,,,積存不動的水已經發臭了。, ,,0,0,0,1,0,0,0,0,0,,Translated
434,,　白く膜を張った表面に髪の毛が浮かび、,　ひどく不快な有様です……, ,,It's full of dirty human hairs with a thin white,film of mold around each and every one of them.,,,하얀 막이 쳐진 표면에 머리카락이 떠 있어서,매우 불쾌한 모습입니다......,,,表面浮著一層白膜和頭髮，,　非常令人不快的樣子……, ,0,0,0,1,0,0,0,0,0,,Translated
435,哲志,っ……！, , ,Satoshi,*gasp*,,,사토시,윽......!,,,哲志,……！, ,,1,249,15,1,0,0,0,0,0,,Translated
436,,　数時間前、いつもの教室で、笑っていた友達が, , ,,A good friend who'd been smiling and laughing with,me in the classroom only a few hours earlier...,,,"몇 시간 전, 언제나 교실에서 웃던 친구가",,,,幾個小時前，還在教室裡笑著的朋友，, ,,0,7,16,1,0,0,0,0,0,,Translated
437,,　こんな薄暗い個室で,　死体になって吊り下がっている。, ,,"...was now dead, dangling limply from the ceiling in","a dismal, dingy bathroom stall.",,,이런 어두운 화장실 칸 안에,사체가 되어 매달려 있다.,,,　現在卻在昏暗的隔間裡,　變成屍體吊掛著。, ,0,8,16,1,0,0,0,0,0,,Translated
438,,　ただ恐ろしかった。その事実が怖かった。, , ,,The mere fact that this had actually occurred was,more frightening to me than any ghost.,,,그저 무서웠다. 그 사실이 무서웠다.,,,,只是覺得可怕。那個事實令人恐懼。, ,,0,9,16,1,0,0,0,0,0,,Translated
439,,　気が付くと俺は、必死で駆け出していた。, , ,,"When I finally came back to my senses, I found","myself running, as if my life depended on it.",,,"정신을 차려 보니, 난 필사적으로 달리고 있었다.",,,,回過神來，我已經拼命跑了起來。, ,,0,10,16,1,0,0,0,0,0,,Translated
440,,　ただその場から、“死体”から離れたかった。, , ,,I think I just wanted to get out of there...,to get away from her body...,,,"그저 그 자리에서, “사체”로부터 멀리 떨어지고 싶었다.",,,,只是想逃離那個地方，逃離“屍體”。, ,,0,11,16,1,0,0,0,0,0,,Translated
441,,……腕に絡み付いた、『あの感触』を,振り払いたかった。, ,,To free myself from the crushing presence of,death...,,,"...... 팔에 감긴, 『그 감촉』을",털어내고 싶었다.,,,想甩掉纏繞在手臂上的“那股觸感”。, ,,0,12,16,1,0,0,0,0,0,,Translated
442,,　そう、無かった事にしたかったんだ……, , ,,I really think...I just wanted to pretend like it,never happened.,,,"그래, 없었던 일로 하고 싶었던 거야......",,,,對，只是想當作沒發生過……, ,,0,13,16,1,0,0,0,0,0,,Translated
443,,（これは夢だ、現実のはずがない）, , ,,(It's all a dream. It can't be real...),,,,"(이건 꿈이야, 현실이 아냐)",,,,（這是夢，不可能是現實）, ,,0,14,16,1,0,0,0,0,0,,Translated
444,,　だが、錯乱状態は すぐに解け、,　……俺は。, ,,But my compromised mental state couldn't hold me,back for long. I knew I had to face her again...,,,하지만 착란 상태는 곧장 풀려,...... 나는.,,,但錯亂狀態很快就解除了，,　……我。, ,0,15,16,1,0,0,0,0,0,,Translated
445,,　……鏡のふちには錆びや苔（こけ）が,　大量に付着し、とても不潔な様相です……, ,,There's a thick crust of mold and mildew formed,around the edge of the mirror. Just being near it,would make anyone feel diseased.,,...... 거울 가장자리에 녹과 이끼가 잔뜩 붙어 있어서,매우 불결해 보입니다,,,　……鏡子邊緣附著大量鏽斑和苔蘚，,　非常不衛生的樣子……, ,0,0,0,1,0,0,0,0,0,,Translated
446,,　……排水溝からは、吐き気を催す,　悪臭がします……, ,,There's a nauseating smell emanating from the drain.,,,,...... 배수구에서는 구역질나는,악취가 납니다......,,,　……排水溝傳來令人作嘔的,　惡臭……, ,0,0,0,1,0,0,0,0,0,,Translated
447,,　歯肉の付いた歯が数本、流しに落ちています……, , ,,"Numerous teeth are floating in the stagnant water,",many with gums still attached.,,,"잇몸이 달린 치아가 몇 개, 싱크대에 떨어져 있습니다......",,,,　幾顆帶著牙齦的牙齒掉在水槽裡……, ,,0,0,0,1,0,0,0,0,0,,Translated
448,,　個室の中に、人の気配がします……, , ,,You sense a presence behind the stall door.,,,,"화장실 칸 안에서, 사람의 기척이 느껴집니다......",,,,　隔間裡有人……, ,,0,0,0,1,0,0,0,0,0,,Translated
449,,……グ　ヒゅ……,  ……ッ　……ァ, ,,Glgh... Hrng...,Urk... Ahhhlk...,,,...... 으  히유......,...... 윽  ...... 아,,,……咕　呼……,　……　……啊,,0,234,11,1,1,0,0,0,0,,Translated
450,哲志,！？, , ,Satoshi,?!,,,사토시,!?,,,哲志,！？, ,,1,240,15,1,0,0,0,0,0,,Translated
451,,蹴り破る,やめる,,,Kick in the door,Walk away,,,발로 찬다,그만둔다,,,踹破,算了,,0,255,255,255,255,255,255,255,255,,Translated
452,哲志,……直美！　バカ、何やってるんだ！, , ,Satoshi,Naomi...!,Dumbass! What the hell do you think you're doing?!,,사토시,"...... 나오미!  바보, 뭐하는 거야!",,,哲志,……直美！　笨蛋，你在做什麼！, ,,1,241,15,1,0,0,0,0,0,,Translated
453,哲志,（ど、どうする……どうする……！）, , ,Satoshi,(Wh-What do I do? What do I do?!),,,사토시,"(어, 어쩌지...... 어쩌지......!)",,,哲志,（怎、怎麼辦……怎麼辦……！）, ,,1,250,15,1,0,0,0,0,0,,Translated
454,,足場の台を探しに行く,身体に触れて支える,,,Find object to stand on,Try to hold her up,,,발판을 찾으러 간다,몸으로 받친다,,,去找墊腳的東西,抱住她的身體支撐,,0,255,255,255,255,255,255,255,255,,Translated
455,哲志,（……とにかく、首を絞めるロープを,　緩めなければ……！）, ,Satoshi,(I need to do something to loosen that rope around,her neck...),,사토시,(...... 일단 목을 맨 로프를,풀어야 해......!),,哲志,（……總之，得把脖子上的繩子,　鬆開才行……！）,,1,251,15,1,0,0,0,0,0,,Translated
456,,肩車する,壁に身体を押し付ける,,,Hoist her up on shoulders,Push her against the wall,,,목말을 태운다,벽으로 몸을 밀어붙인다,,,讓她騎在肩上,把她壓在牆上,,0,255,255,255,255,255,255,255,255,,Translated
457,哲志,待ってろ……！, , ,Satoshi,Hold on!,,,사토시,기다려......!,,,哲志,等著……！, ,,1,252,15,1,0,0,0,0,0,,Translated
458,哲志,ふッ……！, , ,Satoshi,Rrrrg...,,,사토시,훅......!,,,哲志,喝……！, ,,1,253,15,1,0,0,0,0,0,,Translated
459,直美,……ックヒっ！　ハァ、ハァ、ヒィーッ、ヒィー, , ,Naomi,*gasp* *pant*,,,나오미,"...... 흐힉!  하아, 하아, 히익~ 히이~",,,直美,……呼！　哈啊、哈啊、咿～、咿～, ,,1,237,11,1,1,0,0,0,0,,Translated
460,哲志,（よし、呼吸が戻った！）,　……直美！　……しっかりしろ……っ！, ,Satoshi,"(Good, she's breathing!)",Naomi! Stay with me!,,사토시,"(좋아, 호흡이 돌아왔어!)",...... 나오미!  ...... 정신 차려......!,,哲志,（好，恢復呼吸了！）,　……直美！　……振作點……！,,1,254,15,1,0,0,0,0,0,,Translated
461,哲志,今……首のロープ、……ほどいてやるからな！, , ,Satoshi,I'm going to loosen that rope!,,,사토시,지금...... 목에 걸린 로프를...... 풀어줄 테니까!,,,哲志,現在……就幫你把脖子上的繩子……解開！, ,,1,255,15,1,0,0,0,0,0,,Translated
462,,そのまま解こうとする,足元のバケツを台に使う,,,Reach behind to unfasten,Stand on bucket at feet,,,그대로 푼다,발밑에 있는 양동이를 발판으로 사용한다,,,直接解開,把腳邊的水桶當墊腳,,0,255,255,255,255,255,255,255,255,,Translated
463,哲志,くッ……見えない……,……っ　こ、これか……？, ,Satoshi,Rrg... I can't see what I'm doing...,I-Is this it...?,,사토시,큭...... 안 보여......,"...... 윽  이, 이건가......?",,哲志,咳……看不見……,……這、這個嗎……？,,1,0,16,1,0,0,0,0,0,,Translated
464,,　肩車をしたまま、しなだれた直美の上半身を……,　壁と頭で挟んで支え、手探りで首のロープをほどく, ,,"While still supporting Naomi on his shoulders, with",her upper body drooping between the back wall of the,bathroom and his head...,,"목말을 태운 채로, 늘어진 나오미의 상반신을......","벽과 머리로 받치고, 손으로 목에 감긴 로프를 풀어",,,　維持著肩負的姿勢，將直美軟垂的上半身……,　用牆壁和頭夾住支撐，摸索著解開脖子的繩子, ,0,0,0,1,0,0,0,0,0,,Translated
465,,　何とか助ける事が出来たようだ……, , ,,...Satoshi reached behind him and fiddled with the,"knots at the base of the noose. Somehow or another,",he managed to loosen the rope's grip.,,겨우 나오미를 구할 수 있었다......,,,,　總算成功救下來了……, ,,0,0,0,1,0,0,0,0,0,,Translated
466,哲志,（そうだ、足元のこのバケツを,　踏み台に……）, ,Satoshi,(Maybe...I can get more leverage...if I stand on,this bucket...),,사토시,"(그래, 발밑에 있는 양동이를",발판으로......),,哲志,（對了，把腳邊的這個水桶,　當作墊腳……）,,1,1,16,1,0,0,0,0,0,,Translated
467,直美,あ……が, , ,Naomi,*choke*,,,나오미,아......,,,直美,啊……嘎, ,,1,238,11,1,1,0,0,0,0,,Translated
468,哲志,……ダメだ、体が吊られている状態では、,余計に首が絞まる……！, ,Satoshi,It's not working... As long as she's suspended from,"above, all that'll do is tighten the rope's grip!",,사토시,"...... 안 돼, 몸이 매달려 있는 상태에서는",목이 더 조일 거야......!,,哲志,……不行，身體懸吊著的狀態，,反而會勒得更緊……！,,1,2,16,1,0,0,0,0,0,,Translated
469,,　中にはもう、誰もいません……, , ,,There's no longer anyone in the stall.,,,,이제 안에는 아무도 없습니다......,,,,裡面已經沒人了……, ,,0,0,0,1,0,0,0,0,0,,Translated
470,,　中嶋直美の亡骸があります……, , ,,It's the body of Naomi Nakashima.,,,,나카시마 나오미의 유해가 있습니다......,,,,有中嶋直美的遺體……, ,,0,0,0,1,0,0,0,0,0,,Translated
471,,　空ろな表情には、生前の聡明さは,　見る影もなくなっています。, ,,"Her eyes are open, but empty. There's no trace of",life left to be seen.,,,"공허한 표정에, 생전의 총명함은",전혀 보이지 않습니다.,,,空洞的表情中，,　已看不到生前聰慧的痕跡。, ,0,0,0,1,0,0,0,0,0,,Translated
472,哲志,く……っ, , ,Satoshi,Damn...,,,사토시,크......,,,哲志,可……, ,,1,32,16,1,0,0,0,0,0,,Translated
473,哲志,何て事だ、何て……ううっ……, , ,Satoshi,Why...? Why is this happening?! Aaaaah...,,,사토시,"뭐야 이건, 뭐냐고...... 으으......",,,哲志,怎麼會這樣……嗚……, ,,1,31,16,1,0,0,0,0,0,,Translated
474,哲志,……っ, , ,Satoshi,...,,,사토시,...... 윽.,,,哲志,……。, ,,1,24,16,1,0,0,0,0,0,,Translated
475,,　強烈なアンモニア臭がたちこめています……, , ,,The smell of ammonia is almost staggering here.,,,,강렬한 암모니아 냄새가 퍼져 있습니다......,,,,強烈的阿摩尼亞氣味瀰漫著……, ,,0,0,0,1,0,0,0,0,0,,Translated
476,,　蛇口をひねっても反応はありません……, , ,,"Even turning the handle all the way, not a drop of",water emerges from the faucet.,,,수도꼭지를 틀어도 반응이 없습니다......,,,,轉動水龍頭也沒有反應……, ,,0,0,0,1,0,0,0,0,0,,Translated
477,,　長い髪の毛が排水口に絡まって、,　汚水が溜まっています……, ,,The drain is completely stopped up with long strands,"of black hair, and the basin is filled with dirty",water.,,긴 머리카락이 배수구를 막고 있어서,오수가 고여 있습니다......,,,長長的頭髮纏在排水口，,積滿了髒水……, ,0,0,0,1,0,0,0,0,0,,Translated
478,,　ゴボボボッ、と蛇口から不快な音がしています……, , ,,The faucet makes an unpleasant sound of clanging,"pipes when the handle is turned, but no water comes",out.,,수도꼭지에서 부글부글하는 불쾌한 소리가 들려 옵니다......,,,,水龍頭發出咕嚕咕嚕的,不愉快聲音……, ,0,0,0,1,0,0,0,0,0,,Translated
479,,　扉は硬く閉まっており、開きません。, , ,,The door is shut and locked. There's no indication,that anyone's inside.,,,문은 단단히 잠겨 있어서 열리지 않습니다.,,,,門緊閉著，打不開。, ,,0,0,0,1,0,0,0,0,0,,Translated
480,哲志,はぁ、はぁ……おい、直美！,しっかりしろ……！, ,Satoshi,...Naomi! Hey! You're all right now! Breathe!,,,사토시,"하아, 하아...... 야, 나오미!",정신 차려......!,,哲志,呼、呼……喂，直美！,振作點……！,,1,96,16,1,0,0,0,0,0,,Translated
481,直美,ヒィィーッ　クハァー,……ヒィィーッ　ックハァ, ,Naomi,*pant* *wheeze*,,,나오미,히이익~ 우하아~,...... 히이이~ 우하아,,直美,咿～　咳啊～,……咿～　咳啊,,1,242,11,1,1,0,0,0,0,,Translated
482,直美,ゲホ ガハ ゴホッ！,ヒューッ、ヒューッ……, ,Naomi,*cough* *cough* *choke* *wheeze*,,,나오미,콜록 허억 콜록!,휴~ 휴~ ......,,直美,咳咳　嘎哈　咳咳！,呼～、呼～……,,1,243,11,1,1,0,0,0,0,,Translated
483,哲志,よし、ゆっくりだ……,そう、ゆっくり呼吸を整えるんだ……, ,Satoshi,"That's it. Easy, now. Just like that...","Breathe in and breathe out, slow and steady...",,사토시,"좋아, 천천히......","그래, 천천히 호흡을 가다듬어......",,哲志,好，慢慢來……,對，慢慢調整呼吸……,,1,97,16,1,0,0,0,0,0,,Translated
484,直美,う……ぁ……　……さ、哲志……？, , ,Naomi,...,...S...Satoshi...?,,나오미,"으...... 아......  ...... 사, 사토시......?",,,直美,嗚……啊……　……哲、哲志……？, ,,1,244,11,1,0,0,0,0,0,,Translated
485,哲志,ああ。大丈夫か？　あんまり驚かすなよ……, , ,Satoshi,"Yeah, it's me. Are you all right?",You really had me scared there for a minute...,,사토시,그래. 괜찮아?  너무 놀래키지 마......,,,哲志,嗯。沒事吧？　別嚇我啊……, ,,1,98,16,1,0,0,0,0,0,,Translated
486,直美,う……う……うううぅぅ……, , ,Naomi,*weep* *sob*,,,나오미,우...... 우...... 우우우우우......,,,直美,嗚……嗚……嗚嗚……, ,,1,245,11,1,0,0,0,0,0,,Translated
487,哲志,！？　ど、どうした、痛むのか？, , ,Satoshi,Wh-What... What's wrong? Are you in pain?,,,사토시,"!? 왜, 왜 그래, 어디 아파?",,,哲志,！？　怎、怎麼了，哪裡痛嗎？, ,,1,99,16,1,0,0,0,0,0,,Translated
488,直美,ばか……　もっと早く来てよ……, , ,Naomi,Dumbass... *hic* Get here sooner next time.,,,나오미,바보...... 좀 빨리 오란 말야......,,,直美,笨蛋……　早點來啊……, ,,1,246,11,1,0,0,0,0,0,,Translated
489,直美,ひっく……, , ,Naomi,*sob*,,,나오미,흑......,,,直美,嗚……, ,,1,247,11,1,0,0,0,0,0,,Translated
490,直美,うえぇぇぇん……　っ……うえぇぇん, , ,Naomi,*weep* *moan*,,,나오미,우에에에엥...... 윽...... 우에에엥,,,直美,嗚嗚……　……嗚嗚, ,,1,248,11,1,0,0,0,0,0,,Translated
491,直美,ひっく……ひっく,（きゅっ……）, ,Naomi,*hic* *hic*,,,나오미,흑...... 흑,(와락......),,直美,嗚……嗚,（緊抱……）,,1,249,11,1,0,0,0,0,0,,Translated
492,哲志,……あ……っと、お前……, , ,Satoshi,Uh... Wh-What's...?,,,사토시,"...... 아...... 어, 너......",,,哲志,……啊……呃、妳……, ,,1,100,16,1,0,0,0,0,0,,Translated
493,直美,あ……ご、ごめん……, , ,Naomi,Ah! S-Sorry...,,,나오미,"아...... 미, 미안......",,,直美,啊……抱、抱歉……, ,,1,250,11,1,0,0,0,0,0,,Translated
494,直美,や、嫌だよね。何してるんだろあたし……, , ,Naomi,Wh-What's wrong with me? What am I doing?!,,,나오미,"나, 나도 참. 뭘 하는 건지......",,,直美,討、討厭吧。我在做什麼啊……, ,,1,251,11,1,0,0,0,0,0,,Translated
495,,はい,いいえ,,,That wasn't like you.,No need to apologize.,,,네,아니오,,,不像妳啊,不用道歉,,0,255,255,255,255,255,255,255,255,,Translated
496,哲志,お前らしくないな、くっつくなよ。,ハハ……, ,Satoshi,That definitely wasn't like you. You're usually not,much of a hugger. Haha...,,사토시,"너답지 않아, 달라붙지 마.",하하......,,哲志,不像妳啊，別黏著我。,哈哈……,,1,101,16,1,0,0,0,0,0,,Translated
497,直美,……うん……　……ごめんね。, , ,Naomi,...Guess not...,...Sorry...,,나오미,...... 응......  ...... 미안해.,,,直美,……嗯……　……對不起。, ,,1,252,11,1,0,0,0,0,0,,Translated
498,哲志,っ……ないさ……, , ,Satoshi,There's...no need...,,,사토시,지...... 않아......,,,哲志,……不會……, ,,1,102,16,1,0,0,0,0,0,,Translated
499,直美,え……？, , ,Naomi,Huh?,,,나오미,어......?,,,直美,欸……？, ,,1,253,11,1,0,0,0,0,0,,Translated
500,哲志,……その……嫌じゃ……, , ,Satoshi,No need...to apologize...,,,사토시,...... 그게...... 싫지......,,,哲志,……那個……不討厭……, ,,1,103,16,1,0,0,0,0,0,,Translated
501,直美,…………, , ,Naomi,...,,,나오미,............,,,直美,…………, ,,1,254,11,1,0,0,0,0,0,,Translated
502,哲志,……その、大丈夫か？　首……, , ,Satoshi,"Um, is...is your neck okay?",,,사토시,"...... 저기, 괜찮아?  목은......",,,哲志,……那個，沒事吧？　脖子……, ,,1,104,16,1,0,0,0,0,0,,Translated
503,直美,あたし……？　どうしてたのかな。,……外の、階段から落ちた後、, ,Naomi,"My neck? ...What was I doing, anyway?","I fell down the stairs, and then...",,나오미,나......? 어떻게 된 걸까.,...... 바깥 계단에서 떨어지고 나서,,直美,我……？　我做了什麼呢。,……從外面的樓梯摔下來後，, ,1,255,11,1,0,0,0,0,0,,Translated
504,直美,気が付いたら哲志がいた。, , ,Naomi,"...when I came to, you were here.",,,나오미,정신이 드니 사토시가 있었어.,,,直美,回過神來就看到哲志在。, ,,1,0,12,1,0,0,0,0,0,,Translated
505,哲志,記憶がないのか？, , ,Satoshi,You don't remember anything?,,,사토시,기억이 없어?,,,哲志,沒有記憶嗎？, ,,1,105,16,1,0,0,0,0,0,,Translated
506,直美,ええ……。階段から落ちて、, , ,Naomi,I guess not. After I fell...,,,나오미,응...... 계단에서 떨어지고,,,直美,嗯……。從樓梯摔下來，, ,,1,1,12,1,0,0,0,0,0,,Translated
507,直美,足が凄い音したから、折れたと思ったけど……, , ,Naomi,"...I heard a snap in my leg, and figured I'd broken",it...,,나오미,발에 굉장한 소리가 나서 부러진 줄 알았는데......,,,直美,腳發出很大的聲音，以為斷了……, ,,1,2,12,1,0,0,0,0,0,,Translated
508,直美,くじいた時に世以子が巻いてくれた、,板が折れただけみたい……, ,Naomi,...but it turned out it was just the splint that,Seiko had used on my sprained ankle earlier.,,나오미,삐었을 때 세이코가 갖다 댔던,널빤지가 부러졌나봐......,,直美,但好像只是世以子幫我包的,木板斷掉了……,,1,3,12,1,0,0,0,0,0,,Translated
509,哲志,篠原か、そう言えばさっき声が……,……何処に行ったんだ？, ,Satoshi,Shinohara? I think I heard her voice a little bit,ago. Any idea where she went?,,사토시,시노하라? 그러고 보니 좀 전에 목소리가......,...... 어디 간 거야?,,哲志,篠原？說起來剛才聽到了聲音……,……她去哪裡了？,,1,106,16,1,0,0,0,0,0,,Translated
510,直美,世以子……　世以子は……, , ,Naomi,Seiko... Seiko is...,,,나오미,세이코...... 세이코는......,,,直美,世以子……世以子她……, ,,1,4,12,1,0,0,0,0,0,,Translated
511,哲志,……？, , ,Satoshi,Hmm?,,,사토시,......?,,,哲志,……？, ,,1,107,16,1,0,0,0,0,0,,Translated
512,,それ見てアタシ、何か岸沼を,ぶん殴ってやりたくなってさぁ。, ,,"When I saw it happen, though, I just wanted to smack",Kishinuma upside the head!,,,"그걸 보고, 왠지 키시누마를",한대 때리고 싶어져서 말야.,,,看到那之後我就想揍岸沼一頓。, ,,0,222,11,1,1,0,0,0,0,,Translated
513,,あはは、直美何それ？　ジェラシー？, , ,,"Bwahahaha! Oh, dear Naomi...do I detect a hint of",jealousy?,,,"아하하, 나오미 뭐야 그건?  질투야?",,,,啊哈哈，直美那是什麼？　嫉妒？, ,,0,223,11,1,1,0,0,0,0,,Translated
514,,……わかんないけど、その後あの二人、,すんごいケンカしてたよ。, ,,"Maybe, maybe not. All I know is, right afterward,",the two of them got into a huge fight.,,,"...... 잘 모르겠지만, 그 다음 그 둘",엄청 싸웠어.,,,不確定，但之後那兩個人,大吵了一架。, ,0,224,11,1,1,0,0,0,0,,Translated
515,,あはははは！　ウケるー。,あは、私も見たかったよー, ,,Gahahaha! That's priceless! I wish I could've seen,it!,,,아하하하하!  웃기다.,"아하, 나도 보고 싶었는데.",,,啊哈哈哈哈！　超好笑。,啊哈，我也想看看啊,,0,225,11,1,1,0,0,0,0,,Translated
516,,いや、見てないからそんな事言えるんだよ。　　　　, , ,,I don't think you'd be so keen on it if you were,there. It wasn't a pretty sight.,,,"아니, 안 봐서 그런 말이 나오는 거야.",,,,不，就是因為沒看到才說得出口。, ,,0,226,11,1,1,0,0,0,0,,Translated
517,,そうかなー, , ,,I dunno...,,,,그런가~,,,,是嗎～, ,,0,227,11,1,1,0,0,0,0,,Translated
518,,実際見たら引くよ、ゼッタイ。, , ,,I have a feeling I would've enjoyed it anyway!,,,,그걸 보면 진짜 싫어질걸.,,,,真的看到的話會嚇到的，絕對。, ,,0,228,11,1,1,0,0,0,0,,Translated
519,,ぷくくく, , ,,*chuckle*,,,,쿠쿠쿡,,,,噗呼呼, ,,0,229,11,1,1,0,0,0,0,,Translated
520,,男子ってホントバカだよね～。,……可愛いんだけど。, ,,Boys are such idiots.,"...Cute, though.",,,남자는 정말 바보구나~,...... 귀엽지만.,,,男生真是笨蛋呢～。,……不過很可愛就是了。,,0,230,11,1,1,0,0,0,0,,Translated
521,,あは、そんな事言って。直美、持田君のことが, , ,,"Neheh... Mochida in particular, right, Naomi?",,,,"아하, 그래 놓고. 나오미는 모치다 군을",,,,啊哈，說這種話。直美對持田同學, ,,0,231,11,1,1,0,0,0,0,,Translated
522,哲志,だ、誰かいるのか？, , ,Satoshi,I-Is someone in there?,,,사토시,"누, 누구 있어?",,,哲志,有、有人嗎？, ,,1,237,15,1,0,0,0,0,0,,Translated
523,哲志,……！　な……直美っ, , ,Satoshi,...N-Naomi...!,,,사토시,......!  나...... 나오미,,,哲志,……！　直……直美, ,,1,244,15,1,0,0,0,0,0,,Translated
524,哲志,助け……　お前……！　うそだろ……, , ,Satoshi,I'm... I'll...save...,...No...!,,사토시,구해......  너......!  거짓말이지......,,,哲志,救……　妳……！　騙人的吧……, ,,1,245,15,1,0,0,0,0,0,,Translated
525,哲志,（……間に……合わなかった……,　のか……？）, ,Satoshi,(I...didn't...make it...),,,사토시,(...... 내가...... 늦은......,건가......?),,哲志,（……來……不及了……,　嗎……？）,,1,246,15,1,0,0,0,0,0,,Translated
526,哲志,う……うぅ、嘘だ……嘘だ……っ, , ,Satoshi,"No... No, it can't be...",,,사토시,"으...... 으으, 거짓말이지...... 거짓말이지......",,,哲志,嗚……嗚、騙人……騙人的……, ,,1,247,15,1,0,0,0,0,0,,Translated
527,哲志,うあぁぁーーッ！, , ,Satoshi,UWAAAAAAAAGH!!,,,사토시,우아아아~~!,,,哲志,啊啊――！, ,,1,248,15,1,1,0,0,30,0,,Translated
528,哲志,直美……, , ,Satoshi,Naomi...,,,사토시,나오미......,,,哲志,直美……, ,,1,18,16,1,0,0,0,0,0,,Translated
529,哲志,……直美……すまない……, , ,Satoshi,Naomi... I'm so sorry...,,,사토시,...... 나오미...... 미안해......,,,哲志,……直美……對不起……, ,,1,19,16,1,0,0,0,0,0,,Translated
530,哲志,お前を……助けてやれなかった……, , ,Satoshi,I couldn't...save you...,,,사토시,널...... 구하지 못했어......,,,哲志,沒能……救妳……, ,,1,20,16,1,0,0,0,0,0,,Translated
531,哲志,俺の……俺のせいだ……, , ,Satoshi,It's... It's my fault...,,,사토시,나...... 나 때문에......,,,哲志,是……是我的錯……, ,,1,21,16,1,0,0,0,0,0,,Translated
532,哲志,俺はどうすればいい……？, , ,Satoshi,What do I do now...?,,,사토시,난 어쩌면 좋아......?,,,哲志,我該怎麼辦……？, ,,1,22,16,1,0,0,0,0,0,,Translated
533,哲志,……っ, , ,Satoshi,*sob*,,,사토시,...... 윽.,,,哲志,……。, ,,1,23,16,1,0,0,0,0,0,,Translated
534,,　……割れた眼鏡が置かれてています……, , ,,There's a pair of broken eyeglasses on the ground.,,,,...... 깨진 안경이 놓여 있습니다......,,,,　……有一副破碎的眼鏡……, ,,0,0,0,1,0,0,0,0,0,,Translated
535,,でね、世以子聞いてよ、, , ,,"So Seiko, did you hear?",,,,"그래서 말야, 세이코 들어봐",,,,然後呢，世以子你聽我說，, ,,0,218,11,1,1,0,0,0,0,,Translated
536,,ん？　なになに？, , ,,"Hmm? What is it, what is it?",,,,응? 뭔데 뭔데?,,,,嗯？什麼什麼？, ,,0,219,11,1,1,0,0,0,0,,Translated
537,哲志,……！？, , ,Satoshi,...?!,,,사토시,......!?,,,哲志,……！？, ,,1,238,15,1,0,0,0,0,0,,Translated
538,,振り向いたらね、岸沼が、哲志の股触ってんのよ！, , ,,Kishinuma bumped into Satoshi turning around,"earlier, and totally touched his crotch!",,,"돌아봤더니, 키시누마가 사토시 다리를 만지고 있더라고!",,,,轉頭一看，岸沼在摸哲志的胯下哦！, ,,0,220,11,1,1,0,0,0,0,,Translated
539,,ギャー！　マジ！？　ひゃー,……ちょっと萌える～！, ,,"Bwaha! Seriously?! Hahaha... I like it, I like it!",,,,꺄~!  정말!?  햐~,...... 그거 좀 끌리는데~!,,,呀！　真的！？　哈～,……這有點萌～！,,0,221,11,1,1,0,0,0,0,,Translated
540,哲志,！　篠原……お前まで……, , ,Satoshi,*gasp*,Shinohara...,Not you too...,사토시,!  시노하라...... 너까지......,,,哲志,！　篠原……連妳也……, ,,1,25,16,1,0,0,0,0,0,,Translated
541,哲志,くそっ……何だよ……何なんだよ,, ,Satoshi,Dammit... Why?,Why would you do this?!,,사토시,젠장...... 뭐야...... 뭐냐고,,,哲志,可惡……為什麼……為什麼啊,, ,1,26,16,1,0,0,0,0,0,,Translated
542,哲志,何で……っ、何でこんな事になるんだ！, , ,Satoshi,Why... Why did it have to come to this?!,,,사토시,왜......  왜 이렇게 되는 거야!,,,哲志,為什麼……　為什麼會變成這樣！, ,,1,27,16,1,0,0,0,0,0,,Translated
543,哲志,うう……っ、何で、俺達が……,死ななきゃいけないんだ！, ,Satoshi,Why do we have to die here?!,,,사토시,"으으...... 왜, 우리가......",죽어야 하는 거야!,,哲志,嗚嗚……　為什麼，我們……,非得死不可！,,1,28,16,1,0,0,0,0,0,,Translated
544,哲志,返せよみんなを！　ちくしょうッ！！, , ,Satoshi,"GIVE THEM BACK, YOU PIECE OF SHIT SCHOOL!",,,사토시,모두를 돌려줘!  젠장!!,,,哲志,把大家還給我！　可惡！！, ,,1,29,16,1,0,0,0,0,0,,Translated
545,哲志,ちくしょう……ッ, , ,Satoshi,GODDAMMIT ALL!!,,,사토시,젠장......,,,哲志,可惡……, ,,1,30,16,1,0,0,0,0,0,,Translated
546,,　篠原世以子の亡骸があります……, , ,,It's the body of Seiko Shinohara.,,,,시노하라 세이코의 유해가 있습니다......,,,,有篠原世以子的遺體……, ,,0,0,0,1,0,0,0,0,0,,Translated
547,,　いつもの明るい表情は,　消え失せてしまっています。, ,,"Her usual bright, cheery expression is nowhere to","be seen, and the realization suddenly hits you that",it will never be seen again.,,언제나 보던 그 밝은 표정은,사라지고 말았습니다.,,,她平時開朗的表情已經消失無蹤了。, ,,0,0,0,1,0,0,0,0,0,,Translated
548,哲志,……篠原……っ, , ,Satoshi,Shinohara...,,,사토시,...... 시노하라......,,,哲志,……篠原……, ,,1,34,16,1,0,0,0,0,0,,Translated
549,哲志,……くっ, , ,Satoshi,...,,,사토시,...... 큭,,,哲志,……咳, ,,1,33,16,1,0,0,0,0,0,,Translated
550,,　中にはもう、誰もいません……, , ,,There's no longer anyone in the stall.,,,,이제 안에는 아무도 없습니다......,,,,裡面已經沒人了……, ,,0,0,0,1,0,0,0,0,0,,Translated
551,,　月　日　　日番　東雲／管乃, , ,,    -  -,                    [Day duty: Shinonome／Kanno],,,  월  일      일째  시노노메/칸노,,,,　月　日　　值日　東雲／管乃, ,,0,0,0,0,0,0,0,0,0,,Translated
552,,　窓の外には、うっそうと繁った森の木々が見えます。, , ,,"Outside the window, so dimly lit as to be almost","imperceptible, looms a sheer wall of dense foliage",stretching as far as the eye can see.,,창밖에는 울창하게 우거진 나무들이 보입니다.,,,,窗外可以看到茂密的樹林。, ,,0,0,0,0,0,0,0,0,0,,Translated
553,,　遠くが全く見渡せません……, , ,,There's not even a hint of what may lie beyond it.,,,,먼 곳은 전혀 안 보입니다......,,,,完全看不到遠處……, ,,0,0,0,1,0,0,0,0,0,,Translated
554,哲志,……直美！　今だ！　ソイツを取ってくれ！, , ,Satoshi,Naomi! Now! Grab it!,,,사토시,...... 나오미!  지금이야!  그걸 잡아!,,,哲志,……直美！　就是現在！　抓住它！, ,,1,178,16,1,0,0,0,0,0,,Translated
555,直美,オッケー……取れたよ！, , ,Naomi,Okay! Got it!,,,나오미,오케이~ ...... 잡았어!,,,直美,ＯＫ……抓到了！, ,,1,43,12,1,0,0,0,0,0,,Translated
556,,用務員室の鍵　を取りました。, , ,,Acquired [Custodian's Key].,,,,수위실 열쇠를 얻었습니다.,,,,拿到了【校工室的鑰匙】。, ,,0,0,0,1,0,0,0,0,0,,Translated
557,哲志,……直美！　今だ！　ソイツを取ってくれ！, , ,Satoshi,Naomi! Now! Grab it!,,,사토시,...... 나오미!  지금이야!  그걸 잡아!,,,哲志,……直美！　就是現在！　抓住它！, ,,1,178,16,1,0,0,0,0,0,,Translated
558,直美,オッケー……取れたよ！, , ,Naomi,Okay! Got it!,,,나오미,오케이~ ...... 잡았어!,,,直美,ＯＫ……抓到了！, ,,1,43,12,1,0,0,0,0,0,,Translated
559,,用務員室の鍵　を取りました。, , ,,Acquired [Custodian's Key].,,,,수위실 열쇠를 얻었습니다.,,,,拿到了【校工室的鑰匙】。, ,,0,0,0,1,0,0,0,0,0,,Translated
560,哲志,また光が移動しているな……,直美、ここで待っててくれないか？, ,Satoshi,The light's changed positions again.,"Naomi, would you mind waiting here for a sec?",,사토시,또 빛이 이동하는데......,"나오미, 여기에서 기다려 볼래?",,哲志,光又在移動了……,直美，你能在這裡等一下嗎？,,1,176,16,1,0,0,0,0,0,,Translated
561,直美,ええ、わかったわ。, , ,Naomi,Sure. No problem.,,,나오미,"응, 알았어.",,,直美,嗯，知道了。, ,,1,41,12,1,0,0,0,0,0,,Translated
562,直美,……っ寒いね……お腹冷えちゃう。, , ,Naomi,It's really cold in here. I'm getting chilled,to the bone...,,나오미,...... 춥네...... 배가 아파와.,,,直美,……好冷啊……肚子都冷了。, ,,1,42,12,1,0,0,0,0,0,,Translated
563,哲志,また光が移動しているな……,直美、ここで待っててくれないか？, ,Satoshi,The light's changed positions again.,"Naomi, would you mind waiting here for a sec?",,사토시,또 빛이 이동하는데......,"나오미, 여기에서 기다려 볼래?",,哲志,光又在移動了……,直美，你能在這裡等一下嗎？,,1,176,16,1,0,0,0,0,0,,Translated
564,直美,ええ、わかったわ。, , ,Naomi,Sure. No problem.,,,나오미,"응, 알았어.",,,直美,嗯，知道了。, ,,1,41,12,1,0,0,0,0,0,,Translated
565,直美,……っ寒いね……お腹冷えちゃう。, , ,Naomi,It's really cold in here. I'm getting chilled,to the bone...,,나오미,...... 춥네...... 배가 아파와.,,,直美,……好冷啊……肚子都冷了。, ,,1,42,12,1,0,0,0,0,0,,Translated
566,哲志,この仕掛けは……覚えがあるな。, , ,Satoshi,Not this again...,,,사토시,이 장치는...... 본 기억이 있는데.,,,哲志,這個機關……好像見過。, ,,1,64,16,1,0,0,0,0,0,,Translated
567,哲志,あの光……逃げてしまうから、一人じゃ,捕まえるのは無理だな……, ,Satoshi,"With the light jumping back and forth like that,",I'll never be able to get the object by myself.,,사토시,저 빛...... 도망쳐 버려서,혼자 잡는 건 어렵겠군......,,哲志,那道光……會逃走，一個人,要抓住是不可能的……,,1,65,16,1,0,0,0,0,0,,Translated
568,哲志,誰かに、協力してもらわないと……, , ,Satoshi,Someone else will have to lend me a hand...,,,사토시,누군가가 도와주지 않으면......,,,哲志,得找人幫忙才行……, ,,1,66,16,1,0,0,0,0,0,,Translated
569,哲志,この仕掛けは……覚えがあるな。, , ,Satoshi,Not this again...,,,사토시,이 장치는...... 본 기억이 있는데.,,,哲志,這個機關……好像見過。, ,,1,64,16,1,0,0,0,0,0,,Translated
570,哲志,あの光……逃げてしまうから、一人じゃ,捕まえるのは無理だな……, ,Satoshi,"With the light jumping back and forth like that,",I'll never be able to get the object by myself.,,사토시,저 빛...... 도망쳐 버려서,혼자 잡는 건 어렵겠군......,,哲志,那道光……會逃走，一個人,要抓住是不可能的……,,1,65,16,1,0,0,0,0,0,,Translated
571,哲志,誰かに、協力してもらわないと……, , ,Satoshi,Someone else will have to lend me a hand...,,,사토시,누군가가 도와주지 않으면......,,,哲志,得找人幫忙才行……, ,,1,66,16,1,0,0,0,0,0,,Translated
572,,　でこぼこのやかんが置いてあります……, , ,,"It's an old, beat-up kettle.",,,,찌그러진 주전자가 놓여 있습니다......,,,,有一個凹凸不平的水壺……, ,,0,0,0,1,0,0,0,0,0,,Translated
573,,　1975年 11月18日,　まで日付が×で消されています……, ,,"Every day up through November 18th, 1975 is crossed",off with a big X.,,,1975년 11월 18일,까지 날짜가 ×로 지워져 있습니다......,,,到1975年11月18日,　之前的日期都被打叉劃掉了……, ,0,0,0,1,0,0,0,0,0,,Translated
574,,　汚れてぼろぼろのふすま戸があります……, , ,,"It's an old Japanese-style 'fusuma' sliding door,",presumably opening to a closet. It's torn and,stained in equal measure throughout its surface.,,더럽고 너덜너덜한 장지문이 있습니다......,,,,有一扇髒汙破爛的紙門……, ,,0,0,0,1,0,0,0,0,0,,Translated
575,哲志,（……気味が悪いな……,　ここだけは開けてはいけない気がする……）, ,Satoshi,(Something seems off about this closet. I get the,feeling this is one door we shouldn't open...),,사토시,(...... 으스스한걸......,여기만 안 열리는 것 같아......),,哲志,（……真詭異……,　感覺只有這裡不該打開……）,,1,192,16,1,0,0,0,0,0,,Translated
576,,　古いストーブがあります。, , ,,It's an old-fashioned space heater.,,,,낡은 난로가 있습니다.,,,,有座舊暖爐。, ,,0,0,0,0,0,0,0,0,0,,Translated
577,,　天板に何かが溶けてこびり付いたような,　跡が残っています……, ,,Something sticky seems to have melted all over its,surface. There are stains everywhere.,,,책상 위에 뭔가가 녹아 달라붙은 듯한,자국이 남아 있습니다......,,,上面有東西融化黏住的痕跡……, ,,0,0,0,1,0,0,0,0,0,,Translated
578,,【ルポライター記事２】があります。,……読みますか？, ,,There's a magazine article here from a publication,called [Strange But True: Stories of the Occult].,It's a followup to a previous report. Read it?,,【르포 라이터 기사 2】가 있습니다.,...... 읽겠습니까?,,,有【報導作家文章２】。,……要閱讀嗎？,,0,0,0,1,0,0,0,0,0,,Translated
579,,はい,いいえ,,,Yes,No,,,네,아니오,,,是,否,,0,255,255,255,255,255,255,255,255,,Translated
580,,■猟奇実話ルポ・実在,する呪われた学校の過去を,追った！２　鬼碑忌コウ,,[Strange But True: Stories of the Occult],Chasing Down the Hidden Past of the Cursed School,Building - followup               by Kou Kibiki,,■ 엽기 실화 르포,실재하는 저주받은 학교의 과거를,파헤친다! 2    키비키 코우,,■獵奇紀實報導・追蹤,　真實存在的被詛咒學校的過去！２　鬼碑忌コウ,,0,0,0,1,0,0,0,0,0,,Translated
581,,　天神小学校校長・,　柳堀 隆峰（たかみね）に寵愛されていた……,　その息子ヨシカズ。,,"Let's talk a bit more about Yoshikazu Yanagihori,",beloved son of Heavenly Host Elementary's Principal,Takamine Yanagihori.,,텐진초등학교 교장,야나기호리 타카미네에게 총애를 받던......,그의 아들 요시카즈.,,　天神小學校校長・,　柳堀隆峰所寵愛的……,　他的兒子義一。,0,21,6,1,0,0,0,0,0,,Translated
582,,　校内では教師として教鞭を振るい、,　生来快活な性質であったが, ,,"The man was a born instructor, pure and simple.","He took up the mantle as soon as he could, and",performed his duties with peerless panache.,,교내에서는 교사로서 교편을 잡았고,본디 쾌활한 성격이었으나,,,　在校內擔任教師，,　天生性格開朗，, ,0,22,6,1,0,0,0,0,0,,Translated
583,,　突然発症した原因不明の脳障害から、,　少しずつ自我を失い始める。, ,,"But then the illness struck, and little by little,",his winning personality gave way to pure instinct.,He was slowly losing all sense of identity.,,돌연 발생한 원인 불명의 뇌장애로 인해,조금씩 자아를 잃기 시작한다.,,,　但因突然發病的原因不明腦障礙，,　開始逐漸失去自我。, ,0,23,6,1,0,0,0,0,0,,Translated
584,,　解り易く表現するならその症状は、, 『精神の子供返り』とでも言おうか、, ,,"Although the cause of this illness was unknown, its","effects were anything but. Simply put, the good",teacher had begun reverting to a childlike state.,,그 증상을 알기 쉽게 표현한다면,『정신이 어려졌다』고 할 수 있을 것이다.,,,　若簡單描述其症狀，,　可以說是「精神回到了孩童時期」，, ,0,24,6,1,0,0,0,0,0,,Translated
585,,　亡き母親から 幼少の頃に貰った、,　小さな文化人形を,　常に持ち歩くようになり、,,He began carrying an antique doll with him at all,"times -- a memento from a long-forgotten festival,","perhaps, given to him by his late mother.",,"그 후, 어릴 적 죽은 모친이 준",작은 문화인형을,항상 가지고 다니게 되었고,,　他開始隨身攜帶一件,　幼時已故母親給他的,　小人偶，,0,25,6,1,0,0,0,0,0,,Translated
586,,　授業中に突然号泣を始め,　講義を投げ出すような奇行も,　しばしば。,,His behavior during class degraded quickly. More,"often than not, his lectures would cease before the","period's end, and he'd begin wailing mournfully.",,수업 중에 돌연 울부짖는 것을 시작으로,강의를 내팽개치는 기행도,여러 번.,,　上課中突然放聲大哭、,　丟下講課等奇行也,　時常發生。,0,26,6,1,0,0,0,0,0,,Translated
587,,『事件』の起こる数ヶ月前には既に、,　相手からの言葉を理解する事は,　出来ても……,,"Finally, several months prior to the kidnapping and","murder incident, Yoshikazu reached a point where he",could no longer communicate his thoughts.,,『사건』이 일어나기 수개월 전에 이미,상대의 말을 이해하는 것은,가능했지만......,,　在「事件」發生前數個月，,　雖然還能理解,　對方的話……,0,27,6,1,0,0,0,0,0,,Translated
588,,　自ら言葉を発し 意思を伝える事は,　困難な状態になっていたようだ。, ,,"Although he could still understand others, he became",virtually incapable of forming words without intense,focus.,,직접 말하고 의사를 전달하는 것은,곤란한 상태였던 모양이다.,,,　但似乎已經很難,　自己開口表達意思了。, ,0,28,6,1,0,0,0,0,0,,Translated
589,,　児童４名連続誘拐殺害犯・,　柳堀ヨシカズの口から、, ,,"Given all the evidence mounted against him,",Yoshikazu Yanagihori was arrested on multiple counts,"of kidnapping, murder and desecration of the dead.",,아동 4명 연속 유괴 살해범,야나기호리 요시카즈의 입에서,,,　兒童四名連續綁架殺害犯・,　柳堀義一口中，, ,0,29,6,1,0,0,0,0,0,,Translated
590,,　誘拐から殺害に至るまでの具体的な経緯が,　語られる事は、ついになかった。, ,,"But due to his mental condition, he was never able","to confess his involvement in these crimes, nor even",properly discuss them with authorities.,,유괴부터 살해에 이르기까지의 구체적인 경위가,"나오는 일은, 끝내 없었다.",,,　始終沒有說出,　從綁架到殺害的具體經過。, ,0,30,6,1,0,0,0,0,0,,Translated
591,,　私は、犯人逮捕時にすんでの所で,　救出された女子児童……, ,,Everything hinged on the testimony of the sole,"survivor: one Sachiko Shinozaki, age 7.",,,나는 범인 체포 때 가까스로,구출된 여자아이......,,,　我追查了在逮捕犯人時,　千鈞一髮之際被救出的女童……, ,0,31,6,1,0,0,0,0,0,,Translated
592,,　篠崎サチコさん（当時７才）の,　その後を追ってみた。, ,,In search of the truth behind the less scientific,"afflictions this incident spurned, I of course chose",to follow the trail of this mysterious little girl.,,시노자키 사치코 양 (당시 7살)의,뒤를 쫓았다.,,,　篠崎サチコ（當時７歲）,　之後的動向。, ,0,32,6,1,0,0,0,0,0,,Translated
593,,　新聞を賑わせた犯人逮捕時の写真では、,　赤いワンピースの印象的だったこの女児は, ,,Those who have seen the infamous newspaper photos,accompanying this story may remember Sachiko best,as the girl with the strikingly unusual red dress.,,지면을 장식한 범인 체포 당시 사진에 나온,빨간 원피스가 인상적이었던 그 여아는,,,　在登上報紙的逮捕現場照片中，,　這位身穿紅連衣裙的少女給人印象深刻，, ,0,33,6,1,0,0,0,0,0,,Translated
594,,　現場で同い年の子供達が次々と,　惨殺されるのを目撃してしまった、,　不幸なる生存者だ。,,It's hard not to feel sympathy for someone so,young forced to watch other children her age,"being tortured and killed, one by one.",,현장에서 같은 나이의 아이들이 차례로,참살당하는 것을 목격하고 만,불행한 생존자다.,,　她是在現場目睹同年齡孩子們,　接連慘遭殺害的,　不幸倖存者。,0,34,6,1,0,0,0,0,0,,Translated
595,,　心の闇を掘り起こすようで,　酷であろうとは承知していたが……,　真実を追う為だ。,,"And certainly, if I were to find Ms. Shinozaki and","secure an interview, there would be some real moral",concerns about digging up such painful memories...,,마음 속 어둠을 끄집어내는 것이나 마찬가지라,가혹한 처사라는 것은 잘 알고 있지만......,진실을 쫓기 위해서다.,,　我知道這像是揭開內心黑暗，,　可能很殘酷……,　但為了追尋真相。,0,35,6,1,0,0,0,0,0,,Translated
596,,　計算すれば、既に成人して十年以上も,　経っている筈だ。,　……現在の彼女からなら、,,"...but then again, she's been a full-grown and",(hopefully) well-adjusted adult for over ten,years at this point.,,"계산해 보면, 이미 성인이 되고 10년 이상이",흘러야 한다.,...... 현재의 그녀라면,,　算算的話，她應該已經成年超過十年了。,　……如果是現在的她，, ,0,36,6,1,0,0,0,0,0,,Translated
597,,　犯行時のリアルな証言を,　聞きだせると踏んだのだ……, ,,"By now, she should be able to look back upon these","horrific events with some objectivity, and give a",more thorough account of what happened that day...,,범행 시 리얼한 증언을,들을 수 있을 거라 생각했다......,,,　應該能問出犯案時真實的證言吧……, ,,0,37,6,1,0,0,0,0,0,,Translated
598,哲志, ！　……消えた…！？, , ,Satoshi,Who turned out the lights...?,,,사토시,!  불이 꺼졌어...!?,,,哲志, ！　……消失了…！？, ,,1,186,16,1,0,0,0,0,0,,Translated
599,直美,なに……？　何で……！？, , ,Naomi,What the...? What's going on?,,,나오미,뭐야......?  어째서......!?,,,直美,什麼……？　為什麼……！？, ,,1,46,12,1,0,0,0,0,0,,Translated
600,直美,なにここ……凄く、寒い……, , ,Naomi,Why is it...so cold?,,,나오미,"뭐야 여긴...... 너무, 추워......",,,直美,這裡是……好冷……, ,,1,47,12,1,0,0,0,0,0,,Translated
601,哲志,それに何か、……臭うな……, , ,Satoshi,"Ugh, something...really smells...",,,사토시,그리고 뭔가...... 냄새가 나는데......,,,哲志,而且還有什麼……　有味道……, ,,1,187,16,1,0,0,0,0,0,,Translated
602,哲志,真っ暗だ……どこかに部屋の電気の,スイッチはないか……？, ,Satoshi,And it's pitch black in here. Can you find a light,switch anywhere?,,사토시,새까매...... 방 어딘가에,전등 스위치가 있을 텐데......?,,哲志,一片漆黑……有沒有哪裡有電燈開關……？, ,,1,188,16,1,0,0,0,0,0,,Translated
603,直美,ええ……どこか……　んー……と, , ,Naomi,I'll try. Uhh...hmm...,,,나오미,응...... 어딘가...... 응~ ...... 아,,,直美,嗯……哪裡……　嗯～……, ,,1,48,12,1,0,0,0,0,0,,Translated
604,直美,あった！, , ,Naomi,Found it!,,,나오미,있다!,,,直美,找到了！, ,,1,49,12,1,0,0,0,0,0,,Translated
605,哲志,おっ……　サンキュ。, , ,Satoshi,Whew. Thanks.,,,사토시,오...... 땡큐.,,,哲志,哦……謝啦。, ,,1,189,16,1,0,0,0,0,0,,Translated
606,直美,う……くさい……　カビだけの匂いじゃ,ないよね、これ……, ,Naomi,"Man, it does stink in here. And it's...not just","mold, is it...",,나오미,으...... 냄새 나...... 곰팡내만 나는 건,"아니지, 이거......",,直美,嗚……好臭……這不只是黴味吧……, ,,1,50,12,1,0,0,0,0,0,,Translated
607,哲志,ああ……, , ,Satoshi,Probably not...,,,사토시,어......,,,哲志,嗯……, ,,1,190,16,1,0,0,0,0,0,,Translated
608,直美,あれ……なんだろ……, , ,Naomi,Huh. That's odd...,,,나오미,어라...... 뭐지......,,,直美,咦……那是什麼……, ,,1,51,12,1,0,0,0,0,0,,Translated
609,哲志,どうした？, , ,Satoshi,What is?,,,사토시,왜 그래?,,,哲志,怎麼了？, ,,1,191,16,1,0,0,0,0,0,,Translated
610,直美,ううん、なんでもない。, , ,Naomi,Oh...nothing.,,,나오미,"아니, 아무것도 아냐.",,,直美,沒什麼。, ,,1,52,12,1,0,0,0,0,0,,Translated
611,直美,（なんだろ、既視感……？,　この部屋、見覚えがあるような気がする） , ,Naomi,(It's like deja vu. I could swear I've seen this,room before...),,나오미,"(뭐지, 기시감......?","이 방, 본 기억이 있는 것 같아)",,直美,（怎麼回事，既視感……？,　總覺得見過這個房間……）,,1,53,12,1,0,0,0,0,0,,Translated
612,,　犯行現場で唯一生き残った,　赤いワンピースの女児、,　篠崎サチコ……,,"Sachiko Shinozaki. The little girl in the red dress,",and the only survivor of the horrific murders that,occurred in Heavenly Host Elementary School.,,범행 현장에서 유일하게 살아남은,빨간 원피스를 입은 여아,시노자키 사치코......,,　在犯罪現場唯一倖存下來的,　穿紅連衣裙的女童，,　篠崎サチコ……,0,38,6,1,0,0,0,0,0,,Translated
613,,　……サチコの家族は事件後、,　怯えるように他県へ移って行ったと,　されている。,,"Following the incident, Sachiko's family fled from","the area, moving to another prefecture to escape",the frightful memories that remained here.,,...... 사치코의 가족은 사건 후,도망치듯 다른 현으로 이사를,갔다고 전해진다.,,　……サチコ的家人在事件後，,　似乎害怕地搬到了,　其他縣。,0,39,6,1,0,0,0,0,0,,Translated
614,,　驚いた事に、この篠崎家についての記述は,　この事柄以外、, ,,"Strangely, however, I've been unable to locate any",other records of the Shinozaki family.,,,"놀랍게도, 이 시노자키가에 대한 기술은",이것 이외에는,,,　令人驚訝的是，關於這個篠崎家，,　除了這件事以外，, ,0,40,6,1,0,0,0,0,0,,Translated
615,,　当時の書類や文献の何処を見ても、,　何を見ても見当たらない。, ,,"No matter where I look, the only information I can",find about them comes from newspaper reports on the,Heavenly Host murders.,,당시 서류와 문헌 어떤 것을 봐도,전혀 나와 있지 않다.,,,　無論查看當時的何種文件或文獻，,　都找不到任何記載。, ,0,41,6,1,0,0,0,0,0,,Translated
616,,　惨劇の舞台となった学校や,　現役校長の嫡男による凄惨な犯行、, ,,"Granted, when an elementary school becomes the stage","for a grisly incident such as this, perpetrated by",none other than the principal's own son...,,참극의 무대가 된 학교와,현역 교장의 장남에 의한 처참한 범행,,,　悲劇發生所在的學校,　和現任校長長子的殘酷罪行，, ,0,42,6,1,0,0,0,0,0,,Translated
617,,　そのスキャンダラスな,　背景の取材に目が眩み、, ,,...it stands to reason that the scandal would serve,"as the primary focus for public interest, with all",other details fading into the background.,,그 불명예스러운,배경에 눈이 멀어,,,　令人對這醜聞,　背後的採訪著迷，, ,0,43,6,1,0,0,0,0,0,,Translated
618,,　この小さな生存者の聴取が,　疎かになったのではと予想したが……,　そうではなかった。,,"So of course, after learning that Sachiko was safe,",further news of her whereabouts was largely ignored,in favor of the media circus surrounding the school.,,이 작은 생존자에게,소홀했던 것은 아닌가 하고 예상했지만......,그렇지 않았다.,,　我曾猜測對這名小倖存者的問話,　可能被忽視了……,　但並非如此。,0,44,6,1,0,0,0,0,0,,Translated
619,,　だれも、サチコのその後を辿る事が、,　出来なかったのだ。, ,,But there's more to it than that. People weren't,just uninterested in learning of Sachiko's history,or whereabouts...there was simply no data to be had.,,"아무도 사치코, 그녀의 뒤를 쫓을 수가",없었던 것이다.,,,　沒有人能夠,　追查到サチコ之後的去向。, ,0,45,6,1,0,0,0,0,0,,Translated
620,,　天神小学校の,　開校当初から閉鎖されていた地下室で、,　行方不明だった児童達の,,The four missing children were found in a basement,"room at Heavenly Host Elementary School, unused and",officially sealed since the building's construction.,,텐진초등학교,개교 당초부터 폐쇄된 지하실에서,행방불명이었던 아이들의,,　在天神小學校,　自開校以來便封閉的地下室中，,　失蹤的兒童們的,0,46,6,1,0,0,0,0,0,,Translated
621,,　亡骸が発見された時の現場は、,　まさに酸鼻極まる凄惨な光景だった。, ,,"When authorities entered, they were greeted with",an inhumanly horrific sight.,,,유해가 발견되었을 때의 현장은,참으로 무참하기 이를 데 없는 광경이었다.,,,　遺體被發現時，,　現場正是慘不忍睹的景象。, ,0,47,6,1,0,0,0,0,0,,Translated
622,,　鑑識の調査の結果、凶器は逮捕時に,　犯人が手にしていた、, 【大きな裁ち切り鋏】と断定。,,"Based upon the evidence at hand, the murder weapon",was determined to be a pair of large sewing,scissors found in the hands of the accused.,,"감식 조사 결과, 흉기는 체포 당시",범인이 손에 들고 있던,【커다란 절단 가위】로 단정.,,　根據鑑識調查結果，,　兇器被斷定為犯人被捕時,　手中所握的【大型裁縫剪刀】。,0,48,6,1,0,0,0,0,0,,Translated
623,,　躊躇があったのか、,　男のものにしては軽めの力で、,　しかし執拗に,,Investigators suspected some hesitation on the man's,"part, however, as the deceased victims' wounds did",not indicate that his full strength had been used.,,주저한 것인지,남자의 것 치고는 가볍게,그러나 집요하게,,　不知是否有所猶豫，,　以男子而言力道較輕，,　但卻執拗地,0,49,6,1,0,0,0,0,0,,Translated
624,,　殺意を持って犯行に及んだ事は,　確実であった。, ,,"Nonetheless, he had clearly acted with extreme",malicious intent.,,,살의를 가지고 범행에 들어간 것은,확실했다.,,,　帶著殺意犯下罪行,　是確定的。, ,0,50,6,1,0,0,0,0,0,,Translated
625,,　公式発表では、児童たちの死因は, 『舌を切り取られた事による失血死』と,　されていたが、,,The official cause of death for the three murdered,children has been listed as 'loss of blood following,removal of the tongue.',,"공식 발표로는, 아이들의 사인은",『혀를 절단당한 것으로 인한 실혈사』로,되어 있으나,,　官方公布兒童們的死因為,　「因舌頭被割除導致的失血死亡」，, ,0,51,6,1,0,0,0,0,0,,Translated
626,,　実際にはもっと惨たらしい,　凶行が行われていた。, ,,But the actual state of affairs was not quite so,"clinical, nor even so 'pleasant' (if you can",believe it).,,실제로는 더욱 더 참혹한,범행이 이루어졌다.,,,　但實際上發生了,　更加慘烈的暴行。, ,0,52,6,1,0,0,0,0,0,,Translated
627,,　以下は、規制により,　メディアで報道されていない,　殺害の手口である。,,The following details have been extrapolated from,information previously unreleased to the public --,"or at least, previously unreported by news outlets.",,이하 내용은 규제로 인해,언론에 보도되지 못한,살해 수법이다.,,　以下是因法規限制,　未在媒體上報導的,　殺人手法。,0,53,6,1,0,0,0,0,0,,Translated
628,,　現場で惨劇を目撃した,　サチコの証言に基いている。, ,,These details of the crime are based on the official,police testimony of Sachiko Shinozaki herself.,,,현장에서 참극을 목격했던,사치코의 증언에 기반한다.,,,　基於在現場目擊慘劇的,　サチコ的證詞。, ,0,54,6,1,0,0,0,0,0,,Translated
629,,　手足を縛られ,　目隠しをされた被害者達は、,　一人ずつ距離をおいて寝かされ,,"Evidently, the victims were bound, blindfolded and",spaced out on the floor...,,,손발을 묶이고,눈가리개를 한 피해자들은,한 명씩 거리를 두고 눕혀,,　手腳被綁、被矇住眼睛的受害者們,　被隔開一定距離躺下，, ,0,55,6,1,0,0,0,0,0,,Translated
630,,　順番に殺されていった, , ,,"...then killed, one by one.",,,,순서대로 죽임을 당했다.,,,,　依次被殺害。, ,,0,56,6,1,0,0,0,0,0,,Translated
631,,　ひとりは、,　鋏（はさみ）で腹部をメッタ刺しにされた上に,　臓器を抜き取られショック死。,,One was repeatedly stabbed in the abdomen with the,"aforementioned pair of scissors, then had many of",his internal organs forcefully dug out.,,한 명은,가위로 복부를 마구 찔린 후,장기를 뽑혀 쇼크사.,,　一人被剪刀多次刺穿腹部，,　內臟被掏出，死於休克。, ,0,57,6,1,0,0,0,0,0,,Translated
632,,　臓器は地下室の土床に粗雑に埋められた。, , ,,His discarded innards were found partially buried,beneath the earthen floor of the basement room.,,,장기는 지하실 흙바닥에 조잡하게 묻혀 있었다.,,,,　內臟被粗魯地埋在地下室的土中。, ,,0,58,6,1,0,0,0,0,0,,Translated
633,,　ひとりは、,　鋏で数十回にも渡って頬を刺され、,　口から上の顎部がちぎれ死亡。,,Another was stabbed in the head dozens upon dozens,"of times, to such an extent that all flesh and bone",above her jawline was essentially minced away.,,한 명은,가위로 수십 회에 걸쳐 볼을 찔려,입 위의 턱부분이 끊어져 사망.,,　一人被剪刀刺穿臉頰數十次，,　嘴以上的下顎部分被撕裂死亡。, ,0,59,6,1,0,0,0,0,0,,Translated
634,,　ひとりは、,　鋏で眼球を何度も刺された上に……, ,,The third victim was stabbed in the left eye an,indeterminate number of times...,,,한 명은,가위로 안구를 몇 번이고 찔린 후......,,,　一人被剪刀多次刺穿眼球後……, ,,0,60,6,1,0,0,0,0,0,,Translated
635,,　スープのように潰れた目玉を穿り出され、,　苦しみ抜いた末に失血死に至る。, ,,...until her eyeball became soup-like in,consistency. She was eventually just left like,"that, slowly bleeding to death in horrible agony.",,스프처럼 찌부러진 눈알을 후벼 파내어져,고통에 몸부림친 끝에 실혈사에 이른다.,,,　被挖出如湯般潰爛的眼珠，,　痛苦掙扎後失血死亡。, ,0,61,6,1,0,0,0,0,0,,Translated
636,,　その後、何故か犯人は、三人の遺体から,　舌を鋏で切断している。, ,,"Strangely, it was only after these mutilations had",already been inflicted that the killer went back,and severed the victims' tongues.,,"그 후, 범인은 무슨 이유인지 세 유해의",혀를 가위로 절단한다.,,,　之後，犯人不知為何,　用剪刀切斷了三具遺體的舌頭。, ,0,62,6,1,0,0,0,0,0,,Translated
637,,　……執筆している私も胸の悪くなる、,　正に悪魔の所業である。, ,,Learning the truth about these proceedings is,"shocking even to me, and makes it nearly impossible",to accept the murderer as anything but a monster.,,...... 집필 중인 나조차 섬뜩해지는,실로 악마와 같은 소행이다.,,,　……連執筆的我都不禁作嘔，,　簡直是惡魔的行徑。, ,0,63,6,1,0,0,0,0,0,,Translated
638,,　児童３人が惨殺される中,　唯一生き残った少女サチコ。,　……保護された後、,,And bearing witness to every moment of this was a,"7-year-old girl named Sachiko. In many ways, she's",the most pitiable and long-suffering of them all.,,아동 3명이 참살되던 와중,유일하게 살아남은 소녀 사치코.,...... 보호된 후,,　在３名兒童慘遭殺害時,　唯一倖存的少女サチコ。,　……被保護後，,0,64,6,1,0,0,0,0,0,,Translated
639,,　泣きじゃくる彼女の証言から,　追求が進み、ヨシカズは送検された。, ,,"But it was through her tearful, frightened testimony",that Yoshikazu Yanagihori was officially charged.,,,흐느껴 우는 그녀의 증언을 통해,"추궁이 이어져, 요시카즈는 송검되었다.",,,　根據她哭訴的證詞,　追查真相，義一被移送法辦。, ,0,65,6,1,0,0,0,0,0,,Translated
640,,　言い換えるなら彼を犯人確定に,　追い込んだ張本人である,　彼女には,,"Now, going back to the hunt for information on this","unfortunate girl's whereabouts, it was her words",that ultimately led to Yoshikazu's sentencing.,,말을 바꾸면 그를 범인으로,몰고 간 장본인이기도 한,그녀에게는,,　換句話說，她就是,　將他定罪為犯人的,　關鍵人物，,0,66,6,1,0,0,0,0,0,,Translated
641,,　自宅の所在も、家族構成も,　一切の記録が残っていない, ,,"Therefore, it comes as no real surprise that",sensitive information pertaining to her and her,family would be withheld. That's to be expected.,,"자택 주소, 가족 구성에 대한 기록이",전혀 남아있지 않다,,,　但她家的地址、家庭成員,　都沒有留下任何記錄。, ,0,67,6,1,0,0,0,0,0,,Translated
642,,　……と言うより、,　はっきり言えば 存在していた痕跡が,　全く無いのだ。,,"What's not expected, however, is that there's not",even the slightest trace of this information left,to find. It's as if it simply never existed.,,...... 고 하기보다,분명히 말하면 존재하고 있던 흔적이,전혀 없는 것이다.,,　……或者說，,　明確來講，存在過的痕跡,　完全沒有。,0,68,6,1,0,0,0,0,0,,Translated
643,,　ここからは仮説になる。,　果してこれは本当に……, ,,"Therefore, I cannot help but consider alternate","possible explanations...and I remind you, this is",mere conjecture...,,지금부터는 가설이다.,과연 이건 정말......,,,　以下只是假說。,　這真的是……, ,0,69,6,1,0,0,0,0,0,,Translated
644,,　ヨシカズの犯行なのか？, , ,,...but one question keeps nagging at the back of,my mind: Was Yoshikazu Yanagihori really the,murderer of the three victims?,,요시카즈의 범행일까?,,,,　是義一的罪行嗎？, ,,0,70,6,1,0,0,0,0,0,,Translated
645,,　児童達を殺害したのは、,　本当にヨシカズなのか？, ,,Is it possible this crime was not actually,perpetrated by him at all?,,,아동들을 살해한 것은,정말 요시카즈일까?,,,　殺害兒童的，,　真的是義一嗎？, ,0,71,6,1,0,0,0,0,0,,Translated
646,,　後期のヨシカズは,　言葉による他人とのコンタクトは,　不自由だったとはいえ,,"Think about it. In his final days, Yoshikazu was",incapable of communicating with others through,speech.,,후반 요시카즈는,말을 통한 타인과의 접촉은,어려웠지만,,　後期的義一,　雖然與他人用語言交流,　有困難，,0,72,6,1,0,0,0,0,0,,Translated
647,,　基本的には大人しく、,　他人に危害を加えるような性質では,　なかった。,,"And despite his childlike reversion, he'd always",been a personable and friendly man. As the saying,"goes, he wouldn't have hurt a fly.",,기본적으로는 얌전했고,타인에게 위해를 가하는 성격이,아니었다.,,　但基本上性格溫順，,　並非會傷害他人的,　性格。,0,73,6,1,0,0,0,0,0,,Translated
648,,　これは彼を取り巻いていた親戚や,　付近住民の証言も聞くことが出来たので,　確実だ。,,"All his relatives, friends and neighbors confirmed","as much, shocked to hear that such a kindly man",could commit these unconscionable atrocities.,,이것은 그를 둘러싸고 있던 친척과,인근 주민의 증언을 들었기 때문에,확실하다.,,　這是我聽取了他周圍親戚和,　附近居民證言後,　確定的。,0,74,6,1,0,0,0,0,0,,Translated
649,,　突然このような凶行に走る,　道理が無いのである。, ,,"He certainly had no motive for the crime, either.",There was nothing for him to gain from it.,,,돌연 이와 같은 범행을 할,이유가 없었던 것이다.,,,　他沒有理由突然做出,　這種暴行。, ,0,75,6,1,0,0,0,0,0,,Translated
650,,　一方、それまで健康であった,　ヨシカズの父親、, ,,"Then again, he may simply have lost his mind.",Look at his father...,,,"한편, 그때까지 건강했던",요시카즈의 부친,,,　另一方面，一直以來都很健康的,　義一的父親，, ,0,76,6,1,0,0,0,0,0,,Translated
651,,　柳堀校長が突然、奇怪な言動や行動を,　取り始めたのもこの時期だ。, ,,It was around this same time that Principal Takamine,Yanagihori suddenly began speaking in tongues and,acting in a most peculiar way...,,"야나기호리 교장이 돌연, 기괴한 언동과 행동을",취하기 시작한 것도 이 시기다.,,,　柳堀校長也突然開始,　出現奇怪的言行，,　也是在此時期。,0,77,6,1,0,0,0,0,0,,Translated
652,,　何かに取り憑かれたように,　屋敷の壁一面に意味不明の,　漢字の羅列を書き殴ったり、,,...not to mention scribbling incomprehensible,"gibberish all over his walls, as if possessed.",,,뭔가에 씌인 듯,저택 벽면에 의미를 알 수 없는,한자 나열을 갈겨 쓰거나,,　像是被什麼附身般,　在宅邸牆壁上寫滿了,　意義不明的漢字排列，,0,78,6,1,0,0,0,0,0,,Translated
653,,　何者かに怯えるように,　部屋の隅に篭り、大声で喚いたり暴れたり、, ,,He seemed frightened of someone and would often,"be found crouching in the corner of his office,","moaning and thrashing, when visitors came by.",,누군가에게 겁을 먹은 듯,"방구석에 박혀, 큰소리를 치고 날뛰는 등",,,　又像是害怕什麼,　躲在房間角落大聲喊叫、,　暴躁不安，,0,79,6,1,0,0,0,0,0,,Translated
654,,　こちらも相当な事態になっていた。, , ,,If he could wind up in such a beleaguered state with,"no warning, then perhaps so too could his son...",,,이쪽도 상당히 심각한 상태였다.,,,,　可見他也處於相當嚴重的狀況。, ,,0,80,6,1,0,0,0,0,0,,Translated
655,,　ＴＶの上にハンディー録画カメラが乗っています。,　テープは入っていません。, ,,There's a Video8 camcorder lying on top of the TV.,Its cassette deck is empty.,,,TV 위에 핸디 녹화 카메라가 있습니다.,테이프는 들어 있지 않습니다.,,,電視上放著一台手持攝錄機。,　裡面沒有卡帶。, ,0,0,0,1,0,0,0,0,0,,Translated
656,,　カメラ本体のバッテリーも切れており、,　液晶モニターも電源が入りません……, ,,"Its batteries also seem to have run out, however,",as the LCD display isn't turning on.,,,카메라 본체의 배터리도 다 되어,액정 모니터가 켜지지 않습니다......,,,攝影機本身的電池也沒電了，,　液晶螢幕也無法開機……, ,0,0,0,1,0,0,0,0,0,,Translated
657,哲志,どうしてこんな、新しい年代のものがあるんだ……？, , ,Satoshi,What is something this recent doing in a place this,old?,,사토시,어떻게 이런 최신 물건이 있는 거지......?,,,哲志,為什麼這裡會有這麼新時代的東西……？, ,,1,193,16,1,0,0,0,0,0,,Translated
658,直美,あたし達みたいに、現代から連れて来られた人の,持ち物とか……？, ,Naomi,"Maybe it belonged to someone who was brought here,",like us...,,나오미,우리처럼 현대에서 온,사람 건가......?,,直美,就像我們一樣，是從現代被帶來的人,的東西吧……？,,1,54,12,1,0,0,0,0,0,,Translated
659,哲志,なるほど、そうかもな……, , ,Satoshi,"Yeah, that does make sense...",,,사토시,"과연, 그럴지도......",,,哲志,原來如此，說不定……, ,,1,194,16,1,0,0,0,0,0,,Translated
660,哲志,でも、ＴＶに入力端子も付いてないし、,バッテリーも切れてるから、使えないな……, ,Satoshi,"Unfortunately, there's no cord here to hook it up","to the TV, and it's out of batteries...so it doesn't",look like we'll be able to get much use out of it.,사토시,하지만 TV에 입력단자도 없고,배터리도 없어서 못 쓰겠는걸......,,哲志,但是電視沒有輸入端子，,電池也沒電了，不能用啊……, ,1,195,16,1,0,0,0,0,0,,Translated
661,,　流しには、カビの生えた茶葉が,　散乱しています……, ,,"There are old, moldy tea leaves floating in the",stagnant water.,,,싱크대에는 곰팡이가 슨 찻잎이,어지럽게 널려 있습니다......,,,水槽裡散落著發霉的茶葉……, ,,0,0,0,1,0,0,0,0,0,,Translated
662,,　棚の中には【宿直日誌】と書かれたノートと、,　ぼろぼろの紙切れがあります。, ,,"Inside the cabinet, there's a notebook labeled",'Night Guard Logbook' and a few crumpled pieces,of paper.,,수납장 안에는 【숙직일지】라고 적힌 노트와,너덜너덜한 메모가 있습니다.,,,櫃子裡有一本寫著【值夜日誌】的筆記本和,破爛的紙片。, ,0,0,0,1,0,0,0,0,0,,Translated
663,,“天＊小＊＊監禁＊アー,　募集のお知らせ”, ,,'Heave___ _ost E__menta__ __h_ol Confinement Tou_,-- Now taking applications! --',,,“텐*초*** 감금 *어,모집 알림”,,,“天＊小＊＊監禁＊了,　招募通知”, ,0,0,0,1,0,0,0,0,0,,Translated
664,,　紙には、人の名前が,　たくさん列記されていますが……, ,,The sheets of paper contain what appears to be,a seemingly endless list of names.,,,종이에는 사람의 이름이,잔뜩 적혀 있지만......,,,紙上列了很多人名……, ,,0,0,0,1,0,0,0,0,0,,Translated
665,,　字が かすれて、,　はっきりと読む事が出来ません……, ,,"The lettering is worn, however, making it impossible",to confirm exactly what's written.,,,글씨가 바래서,제대로 읽을 수가 없습니다......,,,但字跡模糊，,　無法清楚辨識……, ,0,0,0,1,0,0,0,0,0,,Translated
666,,【天神小学校　校長／,　　　柳堀隆峰　近影】, ,,[Photograph of Principal Takamine Yanagihori],,,,【텐진초등학교  교장/,야나기호리 타카미네 씀】,,,【天神小學校　校長／,　　　柳堀隆峰　近照】,,0,0,0,1,0,0,0,0,0,,Translated
667,刻命,……アハ。, , ,Kizami,Hah!,,,키자미,...... 아하.,,,刻命,……啊哈。, ,,1,221,6,1,0,0,0,0,0,,Translated
668,由香,きゃーっ！, , ,Yuka,Eyaaaaaagh!!,,,유카,꺄악~!,,,由香,呀～！, ,,1,200,28,1,0,0,0,0,0,,Translated
669,由香,う……う……（ブルブルブル）, , ,Yuka,*hic* *hic* *shudder*,,,유카,으...... 으...... (덜덜덜),,,由香,嗚……嗚……（發抖發抖發抖）, ,,1,201,28,1,0,0,0,0,0,,Translated
670,刻命,どうしたんだい、由香ちゃん。, , ,Kizami,"What's the matter, Yuka?",,,키자미,"왜 그래, 유카.",,,刻命,怎麼了，由香？, ,,1,222,6,1,0,0,0,0,0,,Translated
671,由香,……っぱい……　いっぱい……し……, , ,Yuka,They're... *hic*,...all full...,,유카,...... 뜩......  잔뜩...... 죽......,,,由香,……滿了……　滿滿的……死……, ,,1,202,28,1,0,0,0,0,0,,Translated
672,刻命,？, , ,Kizami,Hmm?,,,키자미,?,,,刻命,？, ,,1,223,6,1,0,0,0,0,0,,Translated
673,刻命,……アァイ！！, , ,Kizami,...HOO!,,,키자미,...... 아아이!!,,,刻命,……啊啊！！, ,,1,234,6,1,1,0,0,0,0,,Translated
674,刻命,…………。, , ,Kizami,*wheeze* Ha...ha...haha...ha...,Hooo...hahaha...ha... *pant* *pant*,,키자미,............,,,刻命,…………。, ,,1,235,6,1,0,0,0,0,0,,Translated
675,刻命,由香ちゃん、これじゃ,おしっこ出来ないね……？, ,Kizami,"Poor little Yuka. With all those bodies in there,",you'll never be able to relieve yourself!,,키자미,"유카, 이래서는",오줌을 못 싸겠는걸......?,,刻命,由香，這樣的話,沒辦法尿尿吧……？,,1,236,6,1,0,0,0,0,0,,Translated
676,由香,……。（ブルブルブル）, , ,Yuka,*shiver*,,,유카,...... (덜덜덜),,,由香,……。（發抖發抖發抖）, ,,1,204,28,1,0,0,0,0,0,,Translated
677,刻命,……さァ～, , ,Kizami,"Well, then...heh...",,,키자미,...... 자아~,,,刻命,……那～麼, ,,1,237,6,1,0,0,0,0,0,,Translated
678,刻命,行こうか？, , ,Kizami,...shall we be off?,,,키자미,갈까?,,,刻命,走吧？, ,,1,238,6,1,0,0,0,0,0,,Translated
679,刻命,（僕の……妹……！）, , ,Kizami,(...my...dear...little...sister...),,,키자미,(나의...... 여동생......!),,,刻命,（我的……妹妹……！）, ,,1,239,6,1,0,0,0,0,0,,Translated
680,刻命,（……フククククッ）, , ,Kizami,(Hahahahaha...),,,키자미,(...... 크크크크크큭),,,刻命,（……呵呵呵呵呵）, ,,1,240,6,1,1,0,0,0,0,,Translated
681,,　封印破りの水晶塊　が砕け散りました。, , ,,The [Crystal of Unsealing] shattered.,,,,봉인해제 수정괴가 깨졌습니다,,,,【破封印的水晶塊】碎裂四散。, ,,0,0,0,1,0,0,0,0,0,,Translated
682,,【女学生用　厠】,　みだりに悪戯をしてはならない、,　発覚の際は厳罰に処す。,,[Girls' Lavatory],No unauthorized teasing or trickery. Anyone caught,horsing around will be severely punished.,,【여학생용 화장실】,멋대로 장난을 치지 말 것,발각되면 엄벌에 처한다,,【女學生用　廁所】,　不得隨意惡作劇，,　一旦發現將受嚴懲,0,0,0,1,0,0,0,0,0,,Translated
683,刻命,っ！　な……なんだ……誰がこんな事を……？, , ,Kizami,Wh-What the hell? Who did this?!,,,키자미,윽!  뭐...... 뭐야...... 누가 이런 짓을......?,,,刻命,！　什……什麼……誰做了這種事……？, ,,1,224,6,1,0,0,0,0,0,,Translated
684,刻命,いや……じ、自殺か？, , ,Kizami,...Or...did they...do it themselves...?,,,키자미,"아니...... 자, 자살인가?",,,刻命,不……是、自殺嗎？, ,,1,225,6,1,0,0,0,0,0,,Translated
685,,　……中の遺体にぶつかって、扉が開きません。, , ,,The body inside is too near the stall door. Every,"time you try to open it, it just slams into the",corpse and bounces closed.,,...... 안에 있는 유해에 부딪혀서 문을 열 수 없습니다.,,,,　……撞到裡面的遺體，門打不開。, ,,0,0,0,1,0,0,0,0,0,,Translated
686,刻命,……凄い悪臭だ……, , ,Kizami,...That's quite a stench...,,,키자미,...... 굉장한 악취다......,,,刻命,……好強烈的惡臭……, ,,1,226,6,1,0,0,0,0,0,,Translated
687,,　得体の知れない、煮こごりのような,　ゼリー状の粘液がこびり付いています……, ,,It's virtually coated in some sort of unidentifiable,mucus.,,,정체 모를 생선 조림 같은,젤리 상태의 점액이 달라붙어 있습니다......,,,沾滿了來路不明的、,　如果凍般的黏液……, ,0,0,0,1,0,0,0,0,0,,Translated
688,,　血塗（まみ）れの手で触った跡が、,　べっとりと付いたコンパクトミラーが,　立っています……,,"There's a compact mirror here with sticky, bloody",handprints all over it.,,,피투성이 손으로 만진 흔적이,잔뜩 남아있는 화장 거울이,있습니다......,,　沾滿血手印的化妝鏡,　立在那裡……, ,0,0,0,1,0,0,0,0,0,,Translated
689,刻命,クラスの女子が持ってるような、俺達の年代の,デザインだな……, ,Kizami,"Seems like a pretty modern design, similar to what",a lot of girls in my class use.,,키자미,"반 여자애들이 가지고 있을 법한, 우리 시대",디자인이군......,,刻命,像是班上女生會拿的，我們年代的,設計呢……, ,1,227,6,1,0,0,0,0,0,,Translated
690,刻命,……こんな所に閉じ込められて、, , ,Kizami,After being trapped in here for a while...,,,키자미,...... 이런 데 갇혀서,,,刻命,……被困在這種地方，, ,,1,228,6,1,0,0,0,0,0,,Translated
691,刻命,化粧鏡で見る自分の顔は、どう映るんだろうか……, , ,Kizami,...I wonder how the owner's face must have looked,the last time she took this thing out...,,키자미,"화장 거울에 비친 자신의 모습은, 어떻게 보일까......",,,刻命,用化妝鏡看到自己的臉，會是什麼樣子呢……, ,,1,229,6,1,0,0,0,0,0,,Translated
692,,白い陶器の洗面台に、おびただしい量の血の跡が,ぼたぼたと付着し、乾いています……, ,,"The white, ceramic basin has a whole lot of red,",dried blood stains all over it.,,,하얀 도자기 세면대에 대량의 핏자국이,질척질척 말라 붙어 있습니다......,,,白色陶瓷洗手台上，,　滴落著大量乾涸的血跡……, ,0,0,0,1,0,0,0,0,0,,Translated
693,刻命,沢山の命が終わったんだな、此処で……, , ,Kizami,A great many lives ended in this room...,,,키자미,"수많은 목숨이 끝난 거군, 여기에서......",,,刻命,很多生命在這裡結束了啊……, ,,1,230,6,1,0,0,0,0,0,,Translated
694,刻命,…………, , ,Kizami,...,,,키자미,............,,,刻命,…………, ,,1,231,6,1,0,0,0,0,0,,Translated
695,刻命,…………プッ。, , ,Kizami,Hua...ha...,,,키자미,............ 풋.,,,刻命,…………噗。, ,,1,232,6,1,0,0,0,0,0,,Translated
696,,　……中の遺体にぶつかって、扉が開きません。, , ,,The body inside is too near the stall door. Every,"time you try to open it, it just slams into the",corpse and bounces closed.,,"...... 안에 유해가 끼어 있어서, 문이 열리지 않습니다.",,,,　……撞到裡面的遺體，門打不開。, ,,0,0,0,1,0,0,0,0,0,,Translated
697,,　足元に、名札を見つけました。, , ,,There's a student ID name tag on the floor outside.,,,,발밑에 있던 명찰을 찾았습니다.,,,,　腳邊找到了名牌。, ,,0,0,0,1,0,0,0,0,0,,Translated
698,,　……中の遺体にぶつかって、扉が開きません。, , ,,The body inside is too near the stall door. Every,"time you try to open it, it just slams into the",corpse and bounces closed.,,"...... 안에 유해가 끼어 있어서, 문이 열리지 않습니다.",,,,　……撞到裡面的遺體，門打不開。, ,,0,0,0,1,0,0,0,0,0,,Translated
699,,　……中の遺体にぶつかって、扉が開きません。, , ,,The body inside is too near the stall door. Every,"time you try to open it, it just slams into the",corpse and bounces closed.,,"...... 안에 유해가 끼어 있어서, 문이 열리지 않습니다.",,,,　……撞到裡面的遺體，門打不開。, ,,0,0,0,1,0,0,0,0,0,,Translated
700,,　足元に、名札を見つけました。, , ,,There's a student ID name tag on the floor outside.,,,,발밑에 있던 명찰을 찾았습니다.,,,,　腳邊找到了名牌。, ,,0,0,0,1,0,0,0,0,0,,Translated
701,,　……中の遺体にぶつかって、扉が開きません。, , ,,The body inside is too near the stall door. Every,"time you try to open it, it just slams into the",corpse and bounces closed.,,"...... 안에 유해가 끼어 있어서, 문이 열리지 않습니다.",,,,　……撞到裡面的遺體，門打不開。, ,,0,0,0,1,0,0,0,0,0,,Translated
702,,　個室には、逃げ込めそうにありません。, , ,,Doesn't seem like a particularly viable hiding,spot.,,,화장실 칸 안으로는 도망칠 수 없을 것 같습니다.,,,,似乎無法逃進隔間。, ,,0,0,0,1,0,0,0,0,0,,Translated
703,,　個室には。逃げ込めそうにありません。, , ,,Doesn't seem like a particularly viable hiding,spot.,,,화장실 칸 안으로는 도망칠 수 없을 것 같습니다.,,,,似乎無法逃進隔間。, ,,0,0,0,1,0,0,0,0,0,,Translated
704,,　鏡は水垢が酷く付着し、よく見えません……, , ,,The mirror is covered in fuzzy mildew. You can't,make much of anything out.,,,거울에 물때가 잔뜩 끼어 있어서 잘 안 보입니다......,,,,鏡子附著嚴重的水垢，看不太清楚……, ,,0,0,0,1,0,0,0,0,0,,Translated
705,,　排水孔から、ゴポッ、ゴポッと不快な音が,　鳴っています。, ,,The faucet makes an unpleasantly thick-sounding,"'glug, glug' when the handle is turned, but no",water comes out.,,"배수구에서 부글, 부글",불쾌한 소리가 납니다.,,,排水孔傳來咕嚕、咕嚕的不愉快聲響。, ,,0,0,0,1,0,0,0,0,0,,Translated
706,,　強烈な臭気を放っています……, , ,,The stench is unlike anything you've ever,experienced before...,,,강렬한 악취를 풍기고 있습니다......,,,,散發著強烈的臭味……, ,,0,0,0,1,0,0,0,0,0,,Translated
707,,　便器の排水孔からゴポッ、ゴポッと空気の固まりが,　噴き出す音が鳴っています。, ,,"The urinal drain is making a sputtering sound, as",if it's ready to spew its sundry contents all over,the room at any moment.,,"변기 배수구에서 부글, 부글",공기 방울이 나오는 소리가 들려 옵니다.,,,馬桶排水孔傳來咕嚕、咕嚕的,空氣噴出的聲音。, ,0,0,0,1,0,0,0,0,0,,Translated
708,あゆみ,……寒いなぁ……。, , ,Ayumi,Sure is...cold...,,,아유미,...... 춥네......,,,あゆみ,……好冷啊……。, ,,1,13,1,1,0,0,0,0,0,,Translated
709,あゆみ,先生も岸沼君も、何処行っちゃったんだろう……, , ,Ayumi,"Where the hell did Ms. Yui and Kishinuma go,",anyway?!,,아유미,"선생님도 키시누마 군도, 어딜 간 거지......",,,あゆみ,老師和岸沼同學都跑去哪裡了……, ,,1,14,1,1,0,0,0,0,0,,Translated
710,あゆみ,一人にしないでよ……　怖いよ……グスッ, , ,Ayumi,"Don't leave me by myself! I'm scared, you know...",,,아유미,혼자 두지 마......  무서워...... 훌쩍,,,あゆみ,不要丟下我一個人……　好可怕……吸, ,,1,15,1,1,0,0,0,0,0,,Translated
711,あゆみ,……最初の教室に戻ってみようかな……, , ,Ayumi,Maybe I...should try going back...to room 1-A...,,,아유미,...... 처음 있던 교실로 돌아가볼까......,,,あゆみ,……要回到最初的教室看看嗎……, ,,1,16,1,1,0,0,0,0,0,,Translated
712,あゆみ,……こっちの校舎は長くいると、頭痛くなるし……, , ,Ayumi,If I stay in this other school building for too,"long, my head's really going to start pounding...",,아유미,...... 이쪽 교사는 오래 있으면 머리가 아파지니까......,,,あゆみ,……在這邊的校舍待久了，頭會痛……, ,,1,17,1,1,0,0,0,0,0,,Translated
713,あゆみ,……。, , ,Ayumi,...,,,아유미,......,,,あゆみ,……。, ,,1,18,1,1,0,0,0,0,0,,Translated
714,あゆみ,……！？, , ,Ayumi,...?!,,,아유미,......!?,,,あゆみ,……！？, ,,1,19,1,1,0,0,0,0,0,,Translated
715,あゆみ,やだ……もう……！, , ,Ayumi,Stop it! Just stop it already!,,,아유미,더는...... 싫어......!,,,あゆみ,不要……已經……！, ,,1,20,1,1,0,0,0,0,0,,Translated
716,あゆみ,えっ？, , ,Ayumi,Huh?!,,,아유미,어?,,,あゆみ,欸？, ,,1,21,1,1,0,0,0,0,0,,Translated
717,あゆみ,ひっ……！, , ,Ayumi,AGGH!,,,아유미,힉......!,,,あゆみ,咿……！, ,,1,22,1,1,0,0,0,0,0,,Translated
718,あゆみ,……。 今の子……, , ,Ayumi,...That was...,,,아유미,...... 방금 그 애......,,,あゆみ,……。剛才那孩子……, ,,1,23,1,1,0,0,0,0,0,,Translated
719,あゆみ,鈴本さんを殺した霊たちの輪には、,いなかった子だわ。, ,Ayumi,...the girl who wasn't involved in Suzumoto's,death...,,아유미,스즈모토를 죽인 유령들 중엔,없던 애야.,,あゆみ,不是殺死鈴本同學的那些幽靈中的孩子。, ,,1,24,1,1,0,0,0,0,0,,Translated
720,あゆみ,どうしてだろう……とても寂しそうな感じ……, , ,Ayumi,She seemed different from the others...lonelier...,...But why?,,아유미,어째서지...... 너무나 슬픈 느낌......,,,あゆみ,為什麼呢……看起來好寂寞……, ,,1,25,1,1,0,0,0,0,0,,Translated
721,女児の霊,……かえひて……かえひてええぇぇぇぇ……, , ,Girl Spirit,Gihh it back...,GIHH IT BACK!!,,여자아이 유령,...... 돌려줘...... 돌려줘어어어어어어어......,,,女児の霊,……還給我……還給我啊啊啊啊……, ,,1,66,22,1,1,1,1,0,0,,Translated
722,良樹,……うわっ！！, , ,Yoshiki,Ahh!,,,요시키,...... 우왓!!,,,良樹,……哇！！, ,,1,2,24,1,0,0,0,0,0,,Translated
723,あゆみ,（目が！　合っ……）, , ,Ayumi,(Sh-She's staring right at...!),,,아유미,(눈이!  맞......),,,あゆみ,（對上眼了！　……）, ,,1,69,1,1,1,0,0,0,0,,Translated
724,あゆみ,……ひ……っ！, , ,Ayumi,Aaahh!,,,아유미,...... 히...... 익!,,,あゆみ,……咿……！, ,,1,70,1,1,0,0,0,0,0,,Translated
725,,　女児の霊の　真っ黒な瞳が, , ,,"The deep, black socket where the girl spirit's left",eye once sat transfixes Ayumi's gaze.,,,여자아이 유령의 새까만 눈동자가,,,,　女孩幽靈的漆黑瞳孔, ,,0,0,0,1,0,0,0,0,0,,Translated
726,,　ゆっくりと　大きくなってゆく, , ,,It begins slowly expanding in size.,,,,차츰 커져간다,,,,　緩緩地變大, ,,0,0,0,1,0,0,0,0,0,,Translated
727,良樹,う、うああああ, , ,Yoshiki,U-Uwaaaaagh!,,,요시키,"우, 우아아아아",,,良樹,嗚、嗚啊啊啊, ,,1,3,24,1,0,0,0,0,0,,Translated
728,あゆみ,あっ……あ……　か、からだが……, , ,Ayumi,Ulgh...gh...ghh...gh... I...I can't...,,,아유미,"앗...... 아...... 모, 몸이......",,,あゆみ,啊……啊……　身、身體……, ,,1,71,1,1,0,0,0,0,0,,Translated
729,あゆみ,動かない……っ　……うぅっ……, , ,Ayumi,...move my body...,,,아유미,안 움직여...... 으...... 으윽......,,,あゆみ,動不了……　……嗚……, ,,1,72,1,1,0,0,0,0,0,,Translated
730,,　女児の顔は不自然に大きくなり,　今やあゆみの視界いっぱいに広がっている。, ,,"The girl's socket continues to grow, slowly and",methodically enveloping Ayumi until only blackness,remains.,,여자아이의 얼굴은 부자연스럽게 커져,지금은 아유미의 시야에 가득  들어갈 정도다.,,,女孩的臉不自然地變大，,　現在已經充滿了あゆみ的整個視野。, ,0,0,0,1,0,0,0,0,0,,Translated
731,,　表情を全く感じさせない,　真っ黒い眼窩（か）の窪みの奥に, ,,The world vanishes into nothingness as the empty,"cavity becomes an all-encompassing void, blotting",out the whole of existence.,,표정을 전혀 느낄 수 없는,새까만 안와의 움푹 패인 부분에,,,在完全感覺不到表情的,　漆黑眼窩深處，, ,0,0,0,1,0,0,0,0,0,,Translated
732,,　小さく光る、白い顔が見える。, , ,,"Suddenly, in the distance, a tiny white face breaks","through the darkness, shining with its own unnatural",light.,,작게 빛나는 하얀 얼굴이 보인다.,,,,可以看到一個小小的、發光的白色臉龐。, ,,0,0,0,1,0,0,0,0,0,,Translated
733,あゆみ,……っ、怖い……！　怖い……！,怖いよぉ……！　いやぁ！, ,Ayumi,"...No... No, please... Please, no... I'm so",scared... Please!,,아유미,"...... 윽, 무서워......!  무서워......!",무섭다고......! 꺄아!,,あゆみ,……好可怕……！　好可怕……！,好可怕……！　不要！,,1,73,1,1,0,0,0,0,0,,Translated
734,,　白い顔は笑ったり歪んだり,　小刻みに表情を変えながら次第にはっきりと,　見えてくる。,,"The face seems distorted, as if being viewed through",water. Its expression shifts and wobbles for a bit,"until finally, with some effort, the image clears.",,하얀 얼굴은 웃고 일그러지고,규칙적으로 표정을 바꾸며,차츰 선명해진다.,,白色的臉時而笑時而扭曲，,　不斷變化著表情，逐漸變得清晰。, ,0,0,0,1,0,0,0,0,0,,Translated
735,,　……どこか見覚えのある顔だ。, , ,,You've seen this face before.,,,,...... 어디에서 본 기억이 있는 얼굴이다.,,,,　……一張似曾相識的臉。, ,,0,0,0,1,0,0,0,0,0,,Translated
736,あゆみ,誰か！　誰かぁ……！　いやああぁぁ……！！, , ,Ayumi,"Somebody! SOMEBODY! PLEASE, HEEEEEEELP!!",,,아유미,제발! 누가 좀......!  꺄아아아아......!!,,,あゆみ,誰來！　誰來……！　不要啊啊……！！, ,,1,74,1,1,1,0,0,0,0,,Translated
737,女児の霊,……かえひて……,かえひてええぇぇぇぇ……, ,Girl Spirit,Gihh it back...,   Gihh it back!,,여자아이 유령,...... 돌려줘......,돌려줘어어어어어......,,女児の霊,……還給我……,還給我啊啊啊啊……,,1,62,22,1,1,0,1,0,0,,Translated
738,あゆみ,きゃあぁぁ！, , ,Ayumi,YAAAGH!!,,,아유미,꺄아아아!,,,あゆみ,呀啊啊！, ,,1,136,1,1,0,0,0,0,0,,Translated
739,女児の霊,わはひのめェ……　かえひてェェェ―……, , ,Girl Spirit,Gihh me back...my eye...,,,여자아이 유령,내 눈......  돌려줘어어어어......,,,女児の霊,我的眼睛……　還給我啊啊――……, ,,1,63,22,1,1,0,1,0,0,,Translated
740,あゆみ,どっちの舌だかわからないよ！, , ,Ayumi,How am I supposed to know whose tongue we've got?!,,,아유미,누구 혀인지 모른단 말야!,,,あゆみ,不知道是誰的舌頭啊！, ,,1,137,1,1,0,0,0,0,0,,Translated
741,,【遺体の一部】を,いま差し出しますか？, ,,Pull out the tongue bag?,,,,지금 【유해의 일부】를,건네주겠습니까?,,,要現在交出【遺體的一部分】嗎？, ,,0,0,0,1,0,0,0,0,0,,Translated
742,,はい,いいえ,,,Yes,No,,,네,아니오,,,是,否,,0,255,255,255,255,255,255,255,255,,Translated
743,あゆみ,（―合ってて！）,　つじ　ときこちゃん……！, ,Ayumi,(Please be the right one...),Tokiko...Tsuji!,,아유미,(제발 맞아라!),츠지 토키토......!,,あゆみ,（拜託要是對的！）,　辻　時子……！,,1,138,1,1,0,0,0,0,0,,Translated
744,女児の霊,……, , ,Girl Spirit,...,,,여자아이 유령,......,,,女児の霊,……, ,,1,64,22,1,1,0,1,0,0,,Translated
745,あゆみ,返してあげるよ……受け取って！, , ,Ayumi,"This is yours, isn't it?",...I'm giving it back!,,아유미,돌려줄게...... 받아줘!,,,あゆみ,還給你……收下吧！, ,,1,139,1,1,0,0,0,0,0,,Translated
746,,　【遺体の一部】を差し出しました。, , ,,Offered the spirit [Tokiko's Tongue].,,,,【유해의 일부】를 건네주었습니다.,,,,　交出了【遺體的一部分】。, ,,0,0,0,1,0,0,0,0,0,,Translated
747,女児の霊,カアアァァァーーーッ！, , ,Girl Spirit,*hiss*,,,여자아이 유령,카아아아아악~~~!,,,女児の霊,嘎啊啊啊―――！, ,,1,65,22,1,1,0,1,0,0,,Translated
748,良樹,……うわっ！！, , ,Yoshiki,Uwagh!,,,요시키,...... 우왓!!,,,良樹,……哇！！, ,,1,114,24,1,0,0,0,0,0,,Translated
749,あゆみ,……ひ……っ！,（間違ったの！？）, ,Ayumi,Ahh! Did we pick the wrong girl?!,,,아유미,...... 히...... 익!,(틀린 거야!?),,あゆみ,……咿……！,（搞錯了嗎！？）,,1,140,1,1,0,0,0,0,0,,Translated
750,,　女児の霊の　真っ黒な瞳が, , ,,"The deep, black socket where the girl spirit's left",eye once sat transfixes Ayumi's gaze.,,,여자아이 유령의 새까만 눈동자가,,,,　女孩幽靈的漆黑瞳孔, ,,0,0,0,1,0,0,0,0,0,,Translated
751,,　ゆっくりと　大きくなってゆく, , ,,It begins slowly expanding in size.,,,,차츰 커져간다,,,,　緩緩地變大, ,,0,0,0,1,0,0,0,0,0,,Translated
752,良樹,う、うああああ, , ,Yoshiki,U-Uwaaaaagh!,,,요시키,"우, 우아아아아",,,良樹,嗚、嗚啊啊啊, ,,1,115,24,1,0,0,0,0,0,,Translated
753,あゆみ,あっ……あ……　か、からだが……, , ,Ayumi,Ulgh...gh...ghh...gh... I...I can't...,,,아유미,"앗...... 아...... 모, 몸이......",,,あゆみ,啊……啊……　身、身體……, ,,1,141,1,1,0,0,0,0,0,,Translated
754,あゆみ,動かない……っ　……うぅっ……, , ,Ayumi,...move my body...,,,아유미,안 움직여...... 으...... 으윽......,,,あゆみ,動不了……　……嗚……, ,,1,142,1,1,0,0,0,0,0,,Translated
755,,　女児の顔は不自然に大きくなり,　今やあゆみの視界いっぱいに広がっている。, ,,"The girl's socket continues to grow, slowly and",methodically enveloping Ayumi until only blackness,remains.,,여자아이의 얼굴은 부자연스럽게 커져,지금은 아유미의 시야에 가득  들어갈 정도다.,,,女孩的臉不自然地變大，,　現在已經充滿了あゆみ的整個視野。, ,0,0,0,1,0,0,0,0,0,,Translated
756,,　表情を全く感じさせない,　真っ黒い眼窩（か）の窪みの奥に, ,,The world vanishes into nothingness as the empty,"cavity becomes an all-encompassing void, blotting",out the whole of existence.,,표정을 전혀 느낄 수 없는,새까만 안와의 움푹 패인 부분에,,,在完全感覺不到表情的,　漆黑眼窩深處，, ,0,0,0,1,0,0,0,0,0,,Translated
757,,　小さく光る、白い顔が見える。, , ,,"Suddenly, in the distance, a tiny white face breaks","through the darkness, shining with its own unnatural",light.,,작게 빛나는 하얀 얼굴이 보인다.,,,,可以看到一個小小的、發光的白色臉龐。, ,,0,0,0,1,0,0,0,0,0,,Translated
758,あゆみ,……っ、怖い……！　怖い……！,怖いよぉ……！　いやぁ！, ,Ayumi,"...No... No, please... Please, no... I'm so",scared... Please!,,아유미,"...... 윽, 무서워......!  무서워......!",무섭다고......! 꺄아!,,あゆみ,……好可怕……！　好可怕……！,好可怕……！　不要！,,1,143,1,1,0,0,0,0,0,,Translated
759,,　白い顔は笑ったり歪んだり,　小刻みに表情を変えながら次第にはっきりと,　見えてくる。,,"The face seems distorted, as if being viewed through",water. Its expression shifts and wobbles for a bit,"until finally, with some effort, the image clears.",,하얀 얼굴은 웃고 일그러지고,규칙적으로 표정을 바꾸며,차츰 선명해진다.,,白色的臉時而笑時而扭曲，,　不斷變化著表情，逐漸變得清晰。, ,0,0,0,1,0,0,0,0,0,,Translated
760,,　……どこか見覚えのある顔だ。, , ,,You've seen this face before.,,,,...... 어디에서 본 기억이 있는 얼굴이다.,,,,　……一張似曾相識的臉。, ,,0,0,0,1,0,0,0,0,0,,Translated
761,あゆみ,誰か！　誰かぁ……！　いやああぁぁ……！！, , ,Ayumi,"Somebody! SOMEBODY! PLEASE, HEEEEEEELP!!",,,아유미,제발! 누가 좀......!  꺄아아아아......!!,,,あゆみ,誰來！　誰來……！　不要啊啊……！！, ,,1,144,1,1,1,0,0,0,0,,Translated
762,あゆみ,（……駄目、危険すぎるわ）, , ,Ayumi,(This is starting to feel like a bad idea!),,,아유미,"(...... 안 돼, 너무 위험해)",,,あゆみ,（……不行，太危險了）, ,,1,145,1,1,0,0,0,0,0,,Translated
763,あゆみ,……もう一人の霊が来る！　逃げましょ！, , ,Ayumi,The other ghost is headed this way. We have to run!,,,아유미,유령이 하나 더 오고 있어!  도망치자!,,,あゆみ,……另一個幽靈來了！　快逃！, ,,1,146,1,1,0,0,0,0,0,,Translated
764,女児の霊,……かえひて……,かえひてええぇぇぇぇ……, ,Girl Spirit,Gihh it back...,    Gihh it back!,,여자아이 유령,...... 돌려줘......,돌려줘어어어어어어......,,女児の霊,……還給我……,還給我啊啊啊啊……,,1,66,22,1,1,0,1,0,0,,Translated
765,良樹,……うわっ！！, , ,Yoshiki,Ahh!,,,요시키,...... 우왓!!,,,良樹,……哇！！, ,,1,119,24,1,0,0,0,0,0,,Translated
766,あゆみ,（目が！　合っ……）, , ,Ayumi,(Sh-She's staring right at...!),,,아유미,(눈이!  맞......),,,あゆみ,（對上眼了！　……）, ,,1,69,1,1,1,0,0,0,0,,Translated
767,あゆみ,……ひ……っ！, , ,Ayumi,Aaahh!,,,아유미,...... 히...... 익!,,,あゆみ,……咿……！, ,,1,70,1,1,0,0,0,0,0,,Translated
768,,　女児の霊の　真っ黒な瞳が, , ,,"The deep, black socket where the girl spirit's left",eye once sat transfixes Ayumi's gaze.,,,여자아이 유령의 새까만 눈동자가,,,,　女孩幽靈的漆黑瞳孔, ,,0,0,0,1,0,0,0,0,0,,Translated
769,,　ゆっくりと　大きくなってゆく, , ,,It begins slowly expanding in size.,,,,차츰 커져간다,,,,　緩緩地變大, ,,0,0,0,1,0,0,0,0,0,,Translated
770,良樹,う、うああああ, , ,Yoshiki,U-Uwaaaaagh!,,,요시키,"우, 우아아아아",,,良樹,嗚、嗚啊啊啊, ,,1,120,24,1,0,0,0,0,0,,Translated
771,あゆみ,あっ……あ……　か、からだが……, , ,Ayumi,Ulgh...gh...ghh...gh... I...I can't...,,,아유미,"앗...... 아...... 모, 몸이......",,,あゆみ,啊……啊……　身、身體……, ,,1,71,1,1,1,0,0,0,0,,Translated
772,あゆみ,動かない……っ　……うぅっ……, , ,Ayumi,...move my body...,,,아유미,안 움직여...... 으...... 으윽......,,,あゆみ,動不了……　……嗚……, ,,1,72,1,1,0,0,0,0,0,,Translated
773,,　女児の顔は不自然に大きくなり,　今やあゆみの視界いっぱいに広がっている。, ,,"The girl's socket continues to grow, slowly and",methodically enveloping Ayumi until only blackness,remains.,,여자아이의 얼굴은 부자연스럽게 커져,지금은 아유미의 시야에 가득  들어갈 정도다.,,,女孩的臉不自然地變大，,　現在已經充滿了あゆみ的整個視野。, ,0,0,0,1,0,0,0,0,0,,Translated
774,,　表情を全く感じさせない,　真っ黒い眼窩（か）の窪みの奥に, ,,The world vanishes into nothingness as the empty,"cavity becomes an all-encompassing void, blotting",out the whole of existence.,,표정을 전혀 느낄 수 없는,새까만 안와의 움푹 패인 부분에,,,在完全感覺不到表情的,　漆黑眼窩深處，, ,0,0,0,1,0,0,0,0,0,,Translated
775,,　小さく光る、白い顔が見える。, , ,,"Suddenly, in the distance, a tiny white face breaks","through the darkness, shining with its own unnatural",light.,,작게 빛나는 하얀 얼굴이 보인다.,,,,可以看到一個小小的、發光的白色臉龐。, ,,0,0,0,1,0,0,0,0,0,,Translated
776,あゆみ,……っ、怖い……！　怖い……！,怖いよぉ……！　いやぁ！, ,Ayumi,"...No... No, please... Please, no... I'm so",scared... Please!,,아유미,"...... 윽, 무서워......!  무서워......!",무섭다고......! 꺄아!,,あゆみ,……好可怕……！　好可怕……！,好可怕……！　不要！,,1,73,1,1,0,0,0,0,0,,Translated
777,,　白い顔は笑ったり歪んだり,　小刻みに表情を変えながら次第にはっきりと,　見えてくる。,,"The face seems distorted, as if being viewed through",water. Its expression shifts and wobbles for a bit,"until finally, with some effort, the image clears.",,하얀 얼굴은 웃고 일그러지고,규칙적으로 표정을 바꾸며,차츰 선명해진다.,,白色的臉時而笑時而扭曲，,　不斷變化著表情，逐漸變得清晰。, ,0,0,0,1,0,0,0,0,0,,Translated
778,,　……どこか見覚えのある顔だ。, , ,,You've seen this face before.,,,,...... 어디에서 본 기억이 있는 얼굴이다.,,,,　……一張似曾相識的臉。, ,,0,0,0,1,0,0,0,0,0,,Translated
779,あゆみ,誰か！　誰かぁ……！　いやああぁぁ……！！, , ,Ayumi,"Somebody! SOMEBODY! PLEASE, HEEEEEEELP!!",,,아유미,제발! 누가 좀......!  꺄아아아아......!!,,,あゆみ,誰來！　誰來……！　不要啊啊……！！, ,,1,74,1,1,1,0,0,0,0,,Translated
780,文化人形,しく…… しく……　　　　　　　　　, , ,Antique Doll,*weep* *weep*,,,문화인형,훌쩍...... 훌쩍......,,,文化人形,嗚……　嗚……　　　　　　　　　, ,,1,27,5,1,1,0,1,0,0,,Translated
781,＊,しく…… しく……　　　　　　　　　　　, , ,*,*weep* *weep*,,,＊,훌쩍...... 훌쩍......,,,＊,嗚……　嗚……　　　　　　　　　　　, ,,1,26,5,1,1,0,1,0,0,,Translated
782,あゆみ,……？　声が聞こえる……, , ,Ayumi,...!,Where...is that coming from...?,,아유미,......?  목소리가 들려......,,,あゆみ,……？　聽到了聲音……, ,,1,32,1,1,0,0,0,0,0,,Translated
783,あゆみ,……人形の『ミカちゃん電話』みたいな,声だわ……近い, ,Ayumi,"Sounds muffled, like one of those toy Micca doll",telephones...but it's definitely close...,,아유미,...... 괴담 『미카 인형의 전화』 같은,목소리야...... 가까워,,あゆみ,……像是人偶的「美佳電話」,那樣的……很近, ,1,33,1,1,0,0,0,0,0,,Translated
784,あゆみ,……！　この子だ……,文化人形がまた喋ってる……！, ,Ayumi,*gasp* It's that damned doll! It's making noises,again!,,아유미,......!  얘구나......,문화인형이 또 말을 하고 있어......!,,あゆみ,……！　是這孩子……,文化人偶又在說話了……！,,1,34,1,1,0,0,0,0,0,,Translated
785,文化人形,しく…… しく……　　　　　　　　　　, , ,Antique Doll,*weep* *weep*,,,문화인형,훌쩍...... 훌쩍......,,,文化人形,嗚……　嗚……　　　　　　　　　　, ,,1,27,5,1,1,0,1,0,0,,Translated
786,文化人形,しく…… しく……　　　　　　　　, , ,Antique Doll,*weep* *weep*,,,문화인형,훌쩍...... 훌쩍......,,,文化人形,嗚……　嗚……　　　　　　　　, ,,1,27,5,1,1,0,1,0,0,,Translated
787,文化人形,アカ……イ　……扉カラ,午ヘ……六　酉ヘ……拾参, ,Antique Doll,from  red  door,six  steps  horse,thirteen  paces  rooster,문화인형,빨...... 간   ...... 문에서,오(5)로...... 여섯  유(6)로...... 열셋,,文化人形,從紅……色　……門,五(午)步　……六(酉)步……十三,,1,28,5,1,1,0,0,0,0,,Translated
788,＊,しく…… しく……　　　　　　　　　　　, , ,*,*weep* *weep*,,,＊,훌쩍...... 훌쩍......,,,＊,嗚……　嗚……　　　　　　　　　　　, ,,1,26,5,1,1,0,1,0,0,,Translated
789,あゆみ,……？　声が聞こえる……, , ,Ayumi,...!,Where...is that coming from...?,,아유미,......?  목소리가 들리는데......,,,あゆみ,……？　聽到了聲音……, ,,1,32,1,1,0,0,0,0,0,,Translated
790,あゆみ,……人形の『ミカちゃん電話』みたいな,声だわ……近い, ,Ayumi,"Sounds muffled, like one of those toy Micca doll",telephones...but it's definitely close...,,아유미,...... 괴담 『미카 인형의 전화』 같은,목소리야...... 가까워,,あゆみ,……像是人偶的「美佳電話」,那樣的……很近, ,1,33,1,1,0,0,0,0,0,,Translated
791,あゆみ,……！　この子だ……,文化人形がまた喋ってる……！, ,Ayumi,*gasp* It's that damned doll! It's making noises,again!,,아유미,......!  얘구나......,문화인형이 또 말을 하고 있어......!,,あゆみ,……！　是這孩子……,文化人偶又在說話了……！,,1,34,1,1,0,0,0,0,0,,Translated
792,文化人形,しく…… しく……　　　　　　　　　　, , ,Antique Doll,*weep* *weep*,,,문화인형,훌쩍...... 훌쩍......,,,文化人形,嗚……　嗚……　　　　　　　　　　, ,,1,27,5,1,1,0,1,0,0,,Translated
793,,　よく見ると床板が割れ、床下の暗闇に,　何か 袋のような物が見えています。, ,,One of the floorboards here is slightly raised.,"Peering through the crack, you can just barely make",out some sort of bag in the dark recesses below.,,잘 보니 바닥 틈 어두운 곳에,어떤 봉투 같은 것이 보입니다.,,,仔細一看地板有裂縫，,　縫隙的黑暗中可以看到,　一個袋子般的東西。,0,0,0,1,0,0,0,0,0,,Translated
794,,　……手を入れてみますか？, , ,,Try to pull it out?,,,,...... 손을 넣어보겠습니까?,,,,　……要伸手進去嗎？, ,,0,0,0,1,0,0,0,0,0,,Translated
795,,はい,いいえ,,,Yes,No,,,네,아니오,,,是,否,,0,255,255,255,255,255,255,255,255,,Translated
796,,ごそり。, , ,,*shuffle*,,,,부스럭.,,,,沙沙。, ,,0,0,0,1,0,0,0,0,0,,Translated
797,,　床下から、血まみれの小さな麻袋が,　出てきました……, ,,"With a bit of fidgeting, you were able to remove the",item from its compartment. It's a small bag made of,hemp and stained liberally with blood.,,바닥 아래에서 피투성이인 작은 마대 자루가,나왔습니다......,,,　從地板下拿出了一個沾血的小麻袋……, ,,0,0,0,1,0,0,0,0,0,,Translated
798,,　麻袋には小学校の名札が,　付けられています。, ,,There's a name tag attached to the front.,,,,마대 자루에는 초등학교 명찰이,달려 있습니다.,,,麻袋上掛著小學的名牌。, ,,0,0,0,1,0,0,0,0,0,,Translated
799,,　天神小学校,　３の５　　よしざわ　りょう, ,,Heavenly Host Elementary School,"Class 3-5, [Ryou Yoshizawa]",,,텐진초등학교,3-5      요시자와  료,,,天神小學校,　３之５　　吉沢　涼, ,0,0,0,1,0,0,0,0,0,,Translated
800,良樹,な……何が入ってんだよ。み 見てくれよ。, , ,Yoshiki,"Wh-What's gonna be inside, I wonder?","Here, have a look.",,요시키,"뭐...... 뭐가 들어 있는 거야. 봐, 봐봐.",,,良樹,裡……裡面裝了什麼。看、看看吧。, ,,1,4,24,1,0,0,0,0,0,,Translated
801,あゆみ,やよ！　なんで私が！　……岸沼君が見てよ！, , ,Ayumi,No way! I'm not touching that thing! YOU look!,,,아유미,싫어!  내가 왜!  ...... 키시누마 군이 봐봐!,,,あゆみ,不要！　為什麼是我！　……岸沼同學你看！, ,,1,75,1,1,0,0,0,0,0,,Translated
802,良樹,……気持ち悪ィな……,（ゴソッ、パサッ）, ,Yoshiki,Ulggh... I have a bad feeling about this...,,,요시키,...... 기분 나쁜데......,"(주섬, 주섬)",,良樹,……真噁心……,（窸窣、啪沙）,,1,5,24,1,0,0,0,0,0,,Translated
803,良樹,……うわアァ！！　　　　　　　　　　　　, , ,Yoshiki,UWAAAGH!!,,,요시키,...... 우와아아!!,,,良樹,……哇啊！！　　　　　　　　　　　　, ,,1,6,24,1,1,0,0,0,0,,Translated
804,あゆみ,な、なな何、何？　何よ！, , ,Ayumi,Wh-Wh...What? What is it? What's in the bag?!,,,아유미,"뭐, 뭐뭐뭐야, 뭐야?  뭔데!",,,あゆみ,什、什麼什麼什麼？　什麼？　什麼啊！, ,,1,76,1,1,0,0,0,0,0,,Translated
805,良樹,み、見てみりゃいいだろ……自分で, , ,Yoshiki,See for yourself!,,,요시키,"보, 보면 알잖아...... 직접",,,良樹,看、看看不就知道了……自己看, ,,1,7,24,1,0,0,0,0,0,,Translated
806,あゆみ,ヒッ！！, , ,Ayumi,Eek!,,,아유미,힉!!,,,あゆみ,咿！！, ,,1,77,1,1,0,0,0,0,0,,Translated
807,,　……袋の中には、,　切り取られた人間の舌が入っていました……, ,,The bag appears to contain a severed human tongue.,,,,...... 자루 안에는,사람의 잘린 혀가 들어 있습니다......,,,　……袋子裡裝著,　被割下來的人類舌頭……, ,0,0,0,1,0,0,0,0,0,,Translated
808,文化人形,しく……しく……,ｶｴｼﾃ……ｶｴｼﾃ, ,Antique Doll,*weep* *weep*,re turn  it,re turn  it,문화인형,훌쩍...... 훌쩍......,돌려줘...... 돌려줘,,文化人形,嗚……嗚……,還給我……還給我,,1,29,5,3,1,1,1,0,0,,Translated
809,あゆみ,この名札……この小学校にいた,男の子のよ……ﾊｧ、ﾊｧ, ,Ayumi,This...name tag...,It's...a boy's name...,,아유미,이 명찰...... 이 초등학교에 있던,"남자아이 거야...... 하아, 하아",,あゆみ,這個名牌……是這所小學的,男孩的……呼、呼,,1,78,1,1,0,0,0,0,0,,Translated
810,あゆみ,きっと……あの幽霊の名前！,ﾊｧ……ﾊｧ……, ,Ayumi,It must be...the ghost of the little boy...,*gasp* *pant*,,아유미,분명...... 그 유령의 이름!,하아...... 하아......,,あゆみ,一定是……那個幽靈的名字！,呼……呼……,,1,79,1,1,0,0,0,0,0,,Translated
811,あゆみ,……げほっ、けほっ……,……ヒュー、ヒュー, ,Ayumi,*cough* *hack* *choke*,,,아유미,"...... 콜록, 콜록......",...... 후~  후~,,あゆみ,……咳咳、咳咳……,……呼～、呼～,,1,80,1,1,0,0,0,0,0,,Translated
812,良樹,……篠崎！, , ,Yoshiki,Shinozaki...!,,,요시키,...... 시노자키!,,,良樹,……篠崎！, ,,1,8,24,1,0,0,0,0,0,,Translated
813,あゆみ,……ゼェー、ハァー……,……ハァ、ハァ……, ,Ayumi,*pant* *pant* *gulp* *pant*,,,아유미,...... 허억~  하아~,"...... 하아, 하아......",,あゆみ,……呼～、哈～……,……哈啊、哈啊……,,1,81,1,1,0,0,0,0,0,,Translated
814,良樹,……ど、どうするそれ……,うぇッ、きついな……, ,Yoshiki,"What do we do with it? Ulgh, it's so nasty...",,,요시키,"...... 어, 어쩔 거야 그거......","우엑, 심한데......",,良樹,……怎、怎麼辦……,嘔、好難受……,,1,9,24,1,0,0,0,0,0,,Translated
815,あゆみ,返してあげよう……この遺体の、一部を……, , ,Ayumi,We give it back...to its rightful owner...,,,아유미,돌려주자...... 이 유해의 일부를......,,,あゆみ,還給他們吧……這遺體的一部分……, ,,1,82,1,1,0,0,0,0,0,,Translated
816,良樹,はァ！？　しょ、正気かよ……？！, , ,Yoshiki,Huhh? You out of your mind?!,,,요시키,"뭐어!?  제, 제정신이야......?!",,,良樹,蛤！？　你、你瘋了嗎……？！, ,,1,10,24,1,0,0,0,0,0,,Translated
817,,遺体の一部（男児）　を取りました。, , ,,Acquired [Ryou's Tongue].,,,,유해의 일부(남아)를 얻었습니다.,,,,拿到了【遺體的一部分（男孩）】。, ,,0,0,0,1,0,0,0,0,0,,Translated
818,,苦し……ぃ　痛……いィィ, , ,,It hurts...,It hurts so much...,,,괴로...... 워  아...... 파아아,,,,好痛……好痛啊啊, ,,0,176,5,1,1,0,0,0,0,,Translated
819,,　…………,　死んでも……痛いよ……,　痛い……　痛いぃー……,,Even in death...it still hurts...,Now...and always...,,,............,죽어도...... 아파......,아파...... 아파......,,　…………,　死了也……好痛……,　好痛……好痛――……,0,177,5,1,1,0,0,0,0,,Translated
820,,　人の亡骸の傍に、,　ぼろぼろのメモ書きが落ちています。, ,,"There's an old, crumpled-up piece of paper next to",the body.,,,사람의 유해 곁에,너덜너덜한 메모가 떨어져 있습니다.,,,人的遺體旁邊，,　掉著破爛的筆記。, ,0,0,0,1,0,0,0,0,0,,Translated
821,,　由真は、もう疲れました, , ,,"Well, Yuma, guess this is as far as you go.","Exhaustion has set in, so it looks like it's",the end of the road.,,유마는 이제 지쳤습니다,,,,由真已經累了。, ,,0,0,0,1,0,0,0,0,0,,Translated
822,,　クラスメートのともえ君……,　水姫ともえ君は、,　渡り廊下から外の樹海に入って,,My classmate Tomoe Mizuki climbed the fence around,the outdoor walkway and slipped into the woods,outside the school.,,친구 토모에 군......,미즈키 토모에 군은,바깥 복도를 통해 수해로 들어가,,同學智惠……水姫智惠同學，,　從走廊進入外面的樹海，, ,0,0,0,1,0,0,0,0,0,,Translated
823,,　もう３日、帰ってきて,　くれません。, ,,"It's been three days now, and she still hasn't come",back.,,,3일째 돌아오지,않았습니다.,,,已經三天沒有回來了。, ,,0,0,0,1,0,0,0,0,0,,Translated
824,,　顎から上のない女児の幽霊に,　追い掛け回されて、, ,,"All the while, I've been stuck here getting chased",around by the ghost of a girl with nothing above,her jawline.,,턱 위가 없는 여자아이 유령에게,쫓겨 다니다,,,被沒有下巴的女孩幽靈,　追著跑，, ,0,0,0,1,0,0,0,0,0,,Translated
825,,　足首を捻ったり手首を,　ガラスで怪我したり、,もう　散々です,,"And I've not only twisted my ankle, but also","got glass cuts all over my wrists, so I'm in",no condition to keep running.,,발목을 삐고,손목을 유리에 부딪혀 다치고,이젠 한계입니다,,腳踝扭傷、手腕被玻璃割傷，,　已經快不行了。, ,0,0,0,1,0,0,0,0,0,,Translated
826,,　チョキン、チョキンと,　鋏の音が聞こえます……,　耳鳴りでしょうか,,"I keep hearing this snip, snip, snip sound of","scissors, everywhere I go. I can't tell if it's","real, or if it's just a ringing in my ears.",,"철컹, 철컹",가위 소리가 들려옵니다......,이명일까요,,喀嚓、喀嚓地,　聽到剪刀的聲音……,　是耳鳴嗎,0,0,0,1,0,0,0,0,0,,Translated
827,,　もういっそ楽に……なりたい, , ,,"I wish I'd just die already -- get it over with,",so I can finally rest.,,,이젠 차라리...... 편해지고 싶어요,,,,乾脆讓我輕鬆一點吧……, ,,0,0,0,1,0,0,0,0,0,,Translated
828,,　あの女児の霊みたいに、,　わたしの首も切り落と, ,,Maybe I can have my head cut off at the jaw like,that li,,,그 여자아이 유령처럼,제 목도 떨,,,像那個女孩幽靈一樣，,　把我的脖子也砍掉, ,0,0,0,1,0,0,0,0,0,,Translated
829,, , , ,,,,,, , , ,, , ,,0,0,0,1,0,0,0,6,0,,Translated
830,,ｸｽｯ…　　　　　　　,　ｸｽｯ…　　　　　　　　, ,,*giggle*,,,,쿡...,  쿡...,,,嘻……　　　　　,　嘻……　　　　　　　　, ,0,91,14,1,1,0,0,0,0,,Translated
831,,【５のＡ】,　教室はありません。, ,,[Classroom 5-A],"There's a sign, but no classroom...",,,【5-A】,교실은 없습니다.,,,【５年Ａ班】,　沒有教室。, ,0,0,0,1,0,0,0,0,0,,Translated
832,,【５のＡ】,　教室はありません。, ,,[Classroom 5-A],"There's a sign, but no classroom...",,,【5-A】,교실은 없습니다.,,,【５年Ａ班】,　沒有教室。, ,0,0,0,1,0,0,0,0,0,,Translated
833,,　大きさから判断すると,　中高生の遺体のようです……, ,,"Judging by size, these appear to be the remains of",a junior or senior high school student.,,,크기로 보아,중고등학생의 유해인 모양입니다......,,,　從大小判斷，,　似乎是中學生的遺體……, ,0,0,0,1,0,0,0,0,0,,Translated
834,,【用務員室】,　扉は鍵がかかっていて、,　開ける事が出来ません。,,[Custodian's Closet],The door is locked.,,,【수위실】,문이 잠겨 있어서,열 수 없습니다.,,【校工室】,　門鎖著，,　無法打開。,0,0,0,1,0,0,0,0,0,,Translated
835,,　……部屋の中から、つけっ放しにされた,　ＴＶのノイズ音が聞こえます……, ,,"There's an erratic noise, like that of TV static,",coming from within.,,,방 안에 틀어 둔,TV의 소음이 들려옵니다......,,,　……房間裡傳來電視沒關的雜訊聲……, ,,0,0,0,1,0,0,0,0,0,,Translated
836,女児の霊,ゴボゴボゴボッ, , ,Girl Spirit,*gurgle* *gurgle*,,,여자아이 유령,꼬로로록,,,女児の霊,咕嚕咕嚕咕嚕, ,,1,6,21,1,1,0,1,0,0,,Translated
837,良樹,うわあぁぁっ！　こ、こいつ……アゴから上が、, , ,Yoshiki,Uwaaagh! She's...got no head above her chin!,,,요시키,"우와아아악!  이, 이 자식...... 턱 위가",,,良樹,哇啊！　這、這傢伙……下巴以上……, ,,1,116,24,1,0,0,0,0,0,,Translated
838,女児の霊,ゴボゴボゴボ, , ,Girl Spirit,*gurgle* *gulp* *gurgle*,,,여자아이 유령,꼬로록,,,女児の霊,咕嚕咕嚕咕嚕, ,,1,7,21,1,1,0,1,0,0,,Translated
839,良樹,ひィッ……！, , ,Yoshiki,*gasp*,,,요시키,히익......!,,,良樹,咿……！, ,,1,117,24,1,0,0,0,0,0,,Translated
840,あゆみ,どっちの舌だかわからないよ！, , ,Ayumi,How am I supposed to know whose tongue we've got?!,,,아유미,누구 혀인지 모른단 말야!,,,あゆみ,不知道是誰的舌頭啊！, ,,1,147,1,1,0,0,0,0,0,,Translated
841,,【遺体の一部】を,いま差し出しますか？, ,,Pull out the tongue bag?,,,,지금 【유해의 일부】를,건네주겠습니까?,,,要現在交出【遺體的一部分】嗎？, ,,0,0,0,1,0,0,0,0,0,,Translated
842,,はい,いいえ,,,Yes,No,,,네,아니오,,,是,否,,0,255,255,255,255,255,255,255,255,,Translated
843,女児の霊,ゴボゴボゴボ, , ,Girl Spirit,*gurgle* *gasp* *gurgle*,,,여자아이 유령,꼬로록,,,女児の霊,咕嚕咕嚕咕嚕, ,,1,8,21,1,1,0,1,0,0,,Translated
844,,　女児の霊は、首の断面から血を噴き出しながら、,　ゆっくりと、あゆみのほうへ近寄って来ます……, ,,The little girl's spirit is staggering toward,"Ayumi, blood gushing up from her gaping cross-",section of head as she walks.,,여자아이 유령은 머리 절단면으로부터 피를 뿜으며,"천천히, 아유미에게 다가옵니다......",,,　女孩幽靈一邊從脖子的斷面噴出血液，,　一邊慢慢地朝あゆみ靠近……, ,0,0,0,1,0,0,0,0,0,,Translated
845,あゆみ,（―合ってて！）,　つじ　ときこちゃん……！, ,Ayumi,(Please be the right one...),Tokiko...Tsuji!,,아유미,(제발 맞아라!),츠지 토키토......!,,あゆみ,（拜託要是對的！）,　辻　時子……！,,1,148,1,1,0,0,0,0,0,,Translated
846,女児の霊,……！（ピクッ）, , ,Girl Spirit,...!,,,여자아이 유령,......! (깜짝),,,女児の霊,……！（嚇一跳）, ,,1,9,21,1,1,1,1,0,0,,Translated
847,あゆみ,返してあげるよ……受け取って！, , ,Ayumi,"This is yours, isn't it?",...I'm giving it back!,,아유미,돌려줄게...... 받아줘!,,,あゆみ,還給你……收下吧！, ,,1,149,1,1,0,0,0,0,0,,Translated
848,,　【遺体の一部】　を差し出しました。, , ,,Offered the spirit [Tokiko's Tongue].,,,,【유해의 일부】를 건네주었습니다.,,,,　交出了【遺體的一部分】。, ,,0,0,0,1,0,0,0,0,0,,Translated
849,女児の霊,ごぼっ……　　けほっけほっ、けほっ, , ,Girl Spirit,*sputter*,*cough* *cough*,,여자아이 유령,"꼬록......  콜록 콜록, 콜록",,,女児の霊,咕嚕……　咳咳咳、咳咳, ,,1,10,21,1,0,0,0,0,0,,Translated
850,良樹,……？　どうなったんだ？, , ,Yoshiki,Wh-What...happened...?,,,요시키,......?  어떻게 된 거야?,,,良樹,……？　怎麼了？, ,,1,118,24,1,0,0,0,0,0,,Translated
851,あゆみ,……もう一人の霊が来る！　逃げましょ！, , ,Ayumi,The other ghost is headed this way. We have to run!,,,아유미,유령이 하나 더 오고 있어!  도망치자!,,,あゆみ,……另一個幽靈來了！　快逃！, ,,1,150,1,1,0,0,0,0,0,,Translated
852,あゆみ,（……駄目、危険すぎるわ）, , ,Ayumi,(This is starting to feel like a bad idea!),,,아유미,"(...... 안 돼, 너무 위험해)",,,あゆみ,（……不行，太危險了）, ,,1,151,1,1,0,0,0,0,0,,Translated
853,あゆみ,……もう一人の霊が来る！　逃げましょ！, , ,Ayumi,The other ghost is headed this way. We have to run!,,,아유미,유령이 하나 더 오고 있어!  도망치자!,,,あゆみ,……另一個幽靈來了！　快逃！, ,,1,152,1,1,0,0,0,0,0,,Translated
854,女児の霊,……かえひて……,かえひてええぇぇぇぇ……, ,Girl Spirit,Gihh it back...,GIHH IT BACK!!,,여자아이 유령,...... 돌려줘......,돌려줘어어어어어......,,女児の霊,……還給我……,還給我啊啊啊啊……,,1,67,22,1,0,0,0,0,0,,Translated
855,女児の霊,ゴボボ……ゴボボッ（ブチュッ、ビュッ）, , ,Girl Spirit,*gurgle*,,,여자아이 유령,"꼬록...... 꼬로록 (주륵, 주륵)",,,女児の霊,咕嚕……咕嚕（噗滋、咻）, ,,1,11,21,1,0,0,0,0,0,,Translated
856,良樹,ひィッ……！, , ,Yoshiki,*gasp*,,,요시키,히익......!,,,良樹,咿……！, ,,1,143,24,1,0,0,0,0,0,,Translated
857,あゆみ,（この子は片目がない……もう一人は、頭がない……）, , ,Ayumi,(This girl's missing an eye...,And the other one's missing most of her head...),,아유미,(이 앤 한쪽 눈이 없어......  다른 앤 머리가 없고......),,,あゆみ,（這個孩子少了一隻眼睛……另一個沒有頭……）, ,,1,179,1,1,0,0,0,0,0,,Translated
858,あゆみ,（返してあげるべき体の部分が、,　これじゃ足りてない……どうしよう）, ,Ayumi,(All we've got are tongues! Is that going to be,enough? What do we do?!),,아유미,(이럼 돌려줘야 할 부분이,모자란데...... 어쩌지),,あゆみ,（要歸還的身體部分，,　這樣還不夠……怎麼辦）, ,1,180,1,1,0,0,0,0,0,,Translated
859,,【遺体の一部】を,いま差し出しますか？, ,,Pull out the tongue bags?,,,,지금 【유해의 일부】를,건네주겠습니까?,,,要現在交出【遺體的一部分】嗎？, ,,0,0,0,1,0,0,0,0,0,,Translated
860,,はい,いいえ,,,Yes,No,,,네,아니오,,,是,否,,0,255,255,255,255,255,255,255,255,,Translated
861,女児の霊,んう　う　う　う……ッ,グググ……アア゛ァ゛ァ゛, ,Girl Spirit,*pant* *pant* *hic*,*sob* *cry*,,여자아이 유령,우우  우  우  우......,그그그...... 아아  아  아,,女児の霊,嗚　嗚　嗚　嗚……,咕咕……啊啊啊,,1,68,22,1,0,0,0,0,0,,Translated
862,,　女児の霊はうなだれ、しきりと体を,　左右に揺らしています……, ,,"The girls lower their heads (or what's left of it,",in one case) and begin rocking slowly back and,forth as if feeling anxious.,,"여자아이 유령은 고개를 숙이고, 몸을 계속",좌우로 흔들고 있습니다......,,,　女孩幽靈低下頭，,　不停地左右搖晃身體……, ,0,0,0,1,0,0,0,0,0,,Translated
863,あゆみ,かんの　ゆきちゃん,つじ　ときこちゃん……, ,Ayumi,Yuki Kanno...,Tokiko Tsuji...,,아유미,칸노 유키,츠지 토키코......,,あゆみ,菅野　雪,辻　時子……, ,1,181,1,1,0,0,0,0,0,,Translated
864,女児の霊,……！（ピクッ）, , ,Both Spirits,*gasp*,,,여자아이 유령,......! (깜짝),,,女児の霊,……！（嚇一跳）, ,,1,75,22,1,1,0,1,0,0,,Translated
865,あゆみ,返してあげる、これ……あなた達のものでしょう。, , ,Ayumi,These are for you. They're yours...aren't they?,,,아유미,"돌려줄게,  이거...... 너희들 거지.",,,あゆみ,還給你們，這……是你們的吧。, ,,1,182,1,1,0,0,0,0,0,,Translated
866,, 【遺体の一部】　を２つ、差し出しました。, , ,,Handed over the two bags.,,,,【유해의 일부】를 2개 건네주었습니다.,,,, 交出了【遺體的一部分】兩份。, ,,0,0,0,1,0,0,0,0,0,,Translated
867,女児の霊,……。, , ,Girl Spirit,...,,,여자아이 유령,......,,,女児の霊,……。, ,,1,70,22,1,0,0,0,0,0,,Translated
868,女児の霊,……ほねぇあん, , ,Girl Spirit,Hanhh you...,,,여자아이 유령,...... 언니,,,女児の霊,……謝謝你, ,,1,71,22,1,0,0,0,0,0,,Translated
869,女児の霊,……おねぇさん ありがとう。,……, ,Girl Spirit,Thank you very much.,,,여자아이 유령,...... 언니 고마워.,......,,女児の霊,……謝謝你，大姐姐。, ,,1,72,22,1,0,0,0,0,0,,Translated
870,あゆみ,……ハァッ……　ハァッ……, , ,Ayumi,*pant* *pant*,,,아유미,...... 하아...... 하아......,,,あゆみ,……呼……　呼……, ,,1,183,1,1,1,0,1,0,0,,Translated
871,あゆみ,ゼェ、ゼェ……　んっ、ぷ……, , ,Ayumi,*pant* *pant* *hack*,,,아유미,"헤엑, 헤엑...... 으, 후......",,,あゆみ,呼、呼……　嗯、噗……, ,,1,184,1,1,0,0,0,0,0,,Translated
872,良樹,……スゲー、やったな篠崎。これで３人か。, , ,Yoshiki,We did it...,"We did it, Shinozaki! All three of them!",,요시키,...... 좋아~ 잘 했어 시노자키. 이걸로 3명이군.,,,良樹,……太好了，做到了篠崎。這樣就三個了。, ,,1,135,24,1,0,0,0,0,0,,Translated
873,良樹,……あと一人、赤い服の……, , ,Yoshiki,All that's left is the girl in the re--,,,요시키,"...... 이젠 나머지 한 명, 빨간 옷......",,,良樹,……還剩一個，穿紅衣服的……, ,,1,0,0,1,0,0,0,10,0,,Translated
874,あゆみ,もういや！, , ,Ayumi,--NO! NO MORE!,,,아유미,이젠 싫어!,,,あゆみ,已經夠了！, ,,1,252,29,1,0,0,0,0,0,,Translated
875,あゆみ,幽霊と喋ってると……どんどん自分が,死に近付いていく感覚がする……, ,Ayumi,"Every time I talk to these ghosts, I feel like I'm",getting closer and closer to death myself!,,아유미,유령과 얘길 하고 있으면...... 나 자신이 점점,죽음에 가까워져 가는 감각이 느껴서......,,あゆみ,和幽靈說話的時候……感覺自己,越來越接近死亡……,,1,185,1,1,0,0,0,0,0,,Translated
876,あゆみ,わかる！？　……だんだん、自分の死に顔が、, , ,Ayumi,Do you have any idea what that's like?! I keep,picturing how I'll look when I'm dead...and I'm,not even trying!,아유미,넌 아니!?  ...... 점점 내가 죽은 얼굴이,,,あゆみ,你懂嗎！？　……漸漸地，自己死後的樣子，, ,,1,186,1,1,1,0,0,0,0,,Translated
877,あゆみ,頭の中に、はっきりと浮かんでくるの！,凄く嫌なイメージ……！！, ,Ayumi,It just pops into my head all on its own!,And it's such a horrible image!,,아유미,머릿속에 선명하게 떠올라!,정말 끔찍한 이미지로......!!,,あゆみ,會清晰地浮現在腦海裡！,非常可怕的畫面……！！,,1,187,1,1,0,0,0,0,0,,Translated
878,あゆみ,帰りたい……帰りたいよ！,お母さん……　お姉ちゃん……！, ,Ayumi,I want to go home...,I just want to go home!,"Back to my mom, and my sister...",아유미,집에 가고 싶어...... 가고 싶다고!,엄마...... 언니......!,,あゆみ,想回家……想回家啊！,媽媽……姊姊……！,,1,188,1,1,0,0,0,0,0,,Translated
879,あゆみ,……持田くん…… , , ,Ayumi,...and Mochida...,,,아유미,...... 모치다 군......,,,あゆみ,……持田同學……, ,,1,189,1,1,0,0,0,0,0,,Translated
880,良樹,……っ。, , ,Yoshiki,...,,,요시키,...... 윽.,,,良樹,……。, ,,1,137,24,1,0,0,0,0,0,,Translated
881,良樹,……篠崎……, , ,Yoshiki,Shinozaki...,,,요시키,...... 시노자키......,,,良樹,……篠崎……, ,,1,138,24,1,0,0,0,0,0,,Translated
882,良樹,……わかった。次、俺がやるからよ……だから、, , ,Yoshiki,"All right. Next one is mine, then, okay?",,,요시키,...... 알았어. 다음은 내가 할 테니까...... 그러니까,,,良樹,……知道了。下次我來做……所以，, ,,1,139,24,1,0,0,0,0,0,,Translated
883,良樹,……しっかり……　うわっ！, , ,Yoshiki,So just try to pull yourself toge--,Whaa?!,,요시키,...... 정신...... 우왓!,,,良樹,……振作……哇！, ,,1,140,24,1,1,0,0,0,0,,Translated
884,良樹,うぉっ、また地震か……！, , ,Yoshiki,"Goddammit, not again!",,,요시키,"우옷, 또 지진이냐......!",,,良樹,哦，又是地震嗎……！, ,,1,141,24,1,0,0,0,0,0,,Translated
885,良樹,何だ、こ、これ……でかいぞ！, , ,Yoshiki,"This one's big, too!",,,요시키,"뭐야, 이, 이거...... 큰데!",,,良樹,什麼，這、這個……好大！, ,,1,142,24,1,0,0,0,0,0,,Translated
886,あゆみ,きゃーーっ！！　　　　　　　　　　, , ,Ayumi,EEEEEEK!!,,,아유미,꺄~~!!,,,あゆみ,呀――！！　　　　　　　　　　, ,,1,190,1,1,1,0,0,0,0,,Translated
887,, ,　う　う　う　う　う　うう, ,, ,  ...Ooooooooooaaaaaaahhhhh...,,,우  우  우  우  우  우우,,,, ,　嗚　嗚　嗚　嗚　嗚　嗚嗚,,0,79,26,1,1,0,0,0,0,,Translated
888,あゆみ,（……駄目、危険すぎるわ）, , ,Ayumi,(This is starting to feel like a bad idea!),,,아유미,"(...... 안 돼, 너무 위험해)",,,あゆみ,（……不行，太危險了）, ,,1,191,1,1,0,0,0,0,0,,Translated
889,あゆみ,……もう一人の霊が来る！,……逃げましょ！, ,Ayumi,The other ghost is headed this way. We have to run!,,,아유미,...... 유령이 하나 더 올 거야!,...... 도망치자!,,あゆみ,……另一個幽靈要來了！,……快逃！,,1,192,1,1,0,0,0,0,0,,Translated
890,女児の霊,……かえひて……,かえひてええぇぇぇぇ……, ,Girl Spirit,Gihh it back...,GIHH IT BACK!!,,여자아이 유령,...... 돌려줘......,돌려줘어어어어어......,,女児の霊,……還給我……,還給我啊啊啊啊……,,1,73,22,1,1,0,1,0,0,,Translated
891,あゆみ,（この子は片目がない……）, , ,Ayumi,(This girl's missing an eye...),,,아유미,(이 앤 한쪽 눈이 없어......),,,あゆみ,（這個孩子少了一隻眼睛……）, ,,1,167,1,1,0,0,0,0,0,,Translated
892,あゆみ,（返してあげるべき体の部分が、,　これじゃ足りてない……どうしよう）, ,Ayumi,(All we've got is a tongue! Is that going to be,enough? What do we do?!),,아유미,(이럼 돌려줘야 할 부분이,모자란데...... 어쩌지),,あゆみ,（要歸還的身體部分，,　這樣還不夠……怎麼辦）, ,1,168,1,1,0,0,0,0,0,,Translated
893,,【遺体の一部】を,　いま差し出しますか？, ,,Pull out the tongue bag?,,,,지금 【유해의 일부】를,건네주겠습니까?,,,要現在交出【遺體的一部分】嗎？, ,,0,0,0,1,0,0,0,0,0,,Translated
894,,はい,いいえ,,,Yes,No,,,네,아니오,,,是,否,,0,255,255,255,255,255,255,255,255,,Translated
895,女児の霊,んう　う　う　う……ッ,グググ……アア゛ァ゛ァ゛, ,Girl Spirit,*pant* *pant* *hic*,*sob* *cry*,,여자아이 유령,우우  우  우  우......,그그그...... 아아  아  아,,女児の霊,嗚　嗚　嗚　嗚……,咕咕……啊啊啊,,1,74,22,1,1,0,1,0,0,,Translated
896,,　女児の霊はうなだれ、しきりと体を,　左右に揺らしています……, ,,The girl lowers her head and begins rocking slowly,back and forth.,,,"여자아이 유령은 고개를 숙이고, 몸을 계속",좌우로 흔들고 있습니다......,,,　女孩幽靈低下頭，,　不停地左右搖晃身體……, ,0,0,0,1,0,0,0,0,0,,Translated
897,あゆみ,かんの　ゆきちゃん　……？, , ,Ayumi,Yuki...Kanno?,,,아유미,칸노 유키......?,,,あゆみ,菅野　雪……？, ,,1,169,1,1,0,0,0,0,0,,Translated
898,女児の霊,……！（ピクッ）, , ,Girl Spirit,*gasp*,,,여자아이 유령,......! (깜짝),,,女児の霊,……！（嚇一跳）, ,,1,69,22,1,1,0,0,0,0,,Translated
899,あゆみ,返してあげる、これ……あなたのものでしょう。, , ,Ayumi,"This is for you. It...is yours, isn't it?",,,아유미,"돌려줄게,  이거...... 네 거지.",,,あゆみ,還給你，這……是你的吧。, ,,1,170,1,1,0,0,0,0,0,,Translated
900,, 【遺体の一部】　を差し出しました。, , ,,Offered the spirit [Yuki's Tongue].,,,,【유해의 일부】를 건네주었습니다.,,,, 交出了【遺體的一部分】。, ,,0,0,0,1,0,0,0,0,0,,Translated
901,女児の霊,……。, , ,Girl Spirit,...,,,여자아이 유령,......,,,女児の霊,……。, ,,1,76,22,1,0,0,0,0,0,,Translated
902,女児の霊,……ほねぇあん, , ,Girl Spirit,Hanhh you...,,,여자아이 유령,...... 언니,,,女児の霊,……謝謝你, ,,1,77,22,1,0,0,0,0,0,,Translated
903,女児の霊,……おねぇさん ありがとう。, , ,Girl Spirit,Thank you very much.,,,여자아이 유령,...... 언니 고마워.,,,女児の霊,……謝謝你，大姐姐。, ,,1,78,22,1,0,0,0,0,0,,Translated
904,あゆみ,……ハァッ……　ハァッ……, , ,Ayumi,*pant* *pant*,,,아유미,...... 하악...... 하악......,,,あゆみ,……呼……　呼……, ,,1,171,1,1,1,0,0,0,0,,Translated
905,あゆみ,ゼェ、ゼェ……　んっ、ぷ……, , ,Ayumi,*pant* *pant* *hack*,,,아유미,"헤엑, 헤엑...... 으, 후......",,,あゆみ,呼、呼……　嗯、噗……, ,,1,172,1,1,0,0,0,0,0,,Translated
906,良樹,……スゲー、やったな篠崎。これで３人か。, , ,Yoshiki,We did it...,"We did it, Shinozaki! All three of them!",,요시키,...... 좋아~ 잘 했어 시노자키. 이걸로 3명이군.,,,良樹,……太好了，做到了篠崎。這樣就三個了。, ,,1,144,24,1,0,0,0,0,0,,Translated
907,良樹,……あと一人、赤い服の……, , ,Yoshiki,All that's left is the girl in the re--,,,요시키,"...... 이젠 나머지 한 명, 빨간 옷......",,,良樹,……還剩一個，穿紅衣服的……, ,,1,0,0,1,0,0,0,11,0,,Translated
908,あゆみ,もういや！, , ,Ayumi,--NO! NO MORE!,,,아유미,이젠 싫어!,,,あゆみ,已經夠了！, ,,1,0,0,1,0,0,0,0,0,,Translated
909,あゆみ,幽霊と喋ってると……どんどん自分が,死に近付いていく感覚がする……, ,Ayumi,"Every time I talk to these ghosts, I feel like I'm",getting closer and closer to death myself!,,아유미,유령과 얘길 하고 있으면...... 나 자신이 점점,죽음에 가까워져 가는 감각이 느껴서......,,あゆみ,和幽靈說話的時候……感覺自己,越來越接近死亡……,,1,173,1,1,0,0,0,0,0,,Translated
910,あゆみ,わかる！？　……だんだん、自分の死に顔が, , ,Ayumi,Do you have any idea what that's like?! I keep,picturing how I'll look when I'm dead...and I'm,not even trying!,아유미,넌 아니!?  ...... 점점 내가 죽은 얼굴이,,,あゆみ,你懂嗎！？　……漸漸地，自己死後的樣子，, ,,1,174,1,1,0,0,0,0,0,,Translated
911,あゆみ,頭の中に、はっきりと浮かんでくるの！,凄く嫌なイメージ……！！, ,Ayumi,It just pops into my head all on its own!,And it's such a horrible image!,,아유미,머릿속에 선명하게 떠올라!,정말 끔찍한 이미지로......!!,,あゆみ,會清晰地浮現在腦海裡！,非常可怕的畫面……！！,,1,175,1,1,0,0,0,0,0,,Translated
912,あゆみ,帰りたい……帰りたいよ！,お母さん……　お姉ちゃん……！, ,Ayumi,I want to go home...,I just want to go home!,"Back to my mom, and my sister...",아유미,집에 가고 싶어...... 가고 싶다고!,엄마...... 언니......!,,あゆみ,想回家……想回家啊！,媽媽……姊姊……！,,1,176,1,1,0,0,0,0,0,,Translated
913,あゆみ,……持田くん…… , , ,Ayumi,...and Mochida...,,,아유미,...... 모치다 군......,,,あゆみ,……持田同學……, ,,1,177,1,1,0,0,0,0,0,,Translated
914,良樹,……っ。, , ,Yoshiki,...,,,요시키,...... 윽.,,,良樹,……。, ,,1,146,24,1,0,0,0,0,0,,Translated
915,良樹,……篠崎……, , ,Yoshiki,Shinozaki...,,,요시키,...... 시노자키......,,,良樹,……篠崎……, ,,1,147,24,1,0,0,0,0,0,,Translated
916,良樹,……わかった。次、俺がやるからよ……,だから、, ,Yoshiki,"All right. Next one is mine, then, okay?",,,요시키,...... 알았어. 다음은 내가 할 테니까......,그러니까,,良樹,……知道了。下次我來做……,所以，,,1,148,24,1,0,0,0,0,0,,Translated
917,良樹,……しっかり……うわっ！, , ,Yoshiki,So just try to pull yourself toge--,Whaa?!,,요시키,...... 정신...... 우왓!,,,良樹,……振作……哇！, ,,1,149,24,1,0,0,0,0,0,,Translated
918,良樹,うぉっ、また地震か……！, , ,Yoshiki,"Goddammit, not again!",,,요시키,"우옷, 또 지진이냐......!",,,良樹,哦，又是地震嗎……！, ,,1,150,24,1,0,0,0,0,0,,Translated
919,良樹,何だ、こ、これ……でかいぞ！, , ,Yoshiki,"This one's big, too!",,,요시키,"뭐야, 이, 이거...... 큰데!",,,良樹,什麼，這、這個……好大！, ,,1,151,24,1,0,0,0,0,0,,Translated
920,あゆみ,きゃーーっ！！, , ,Ayumi,EEEEEEK!!,,,아유미,꺄~~!!,,,あゆみ,呀――！！, ,,1,178,1,1,1,0,0,0,0,,Translated
921,, ,　う　う　う　う　う　うう, ,, ,  ...Ooooooooooaaaaaaahhhhh...,,,우  우  우  우  우  우우,,,, ,　嗚　嗚　嗚　嗚　嗚　嗚嗚,,0,80,26,1,1,0,0,0,0,,Translated
922,良樹,……っ！, , ,Yoshiki,...!,,,요시키,...... 윽!,,,良樹,……！, ,,1,113,24,1,0,0,0,0,0,,Translated
923,あゆみ,どっちに渡せばいいの！？, , ,Ayumi,Which one do we give it to?!,,,아유미,누구한테 주면 되는데!?,,,あゆみ,要給哪一個！？, ,,1,135,1,1,0,0,0,0,0,,Translated
924,,　床の裂け目が閉じて、歩けるようになっています。, , ,,Though the floor here had clearly collapsed,"previously, the gap seems to have mysteriously",closed up on its own. It feels completely solid.,,"바닥 틈이 메워져, 지나갈 수 있게 되었습니다.",,,,地板的裂縫合上了，可以通行。, ,,0,0,0,1,0,0,0,0,0,,Translated
925,あゆみ,あっちは空気が重たくて、耳鳴りがしちゃう……, , ,Ayumi,Let's not go that way. The air...is really heavy.,It makes my ears ring.,,아유미,저쪽은 공기가 무거워서 귀가 울려......,,,あゆみ,那邊空氣很沉重，會耳鳴……, ,,1,28,1,1,0,0,0,0,0,,Translated
926,良樹,別館なんかあんのか……気付かなかったな。, , ,Yoshiki,Can't believe there's a second wing to this place.,I had no idea...,,요시키,별관이 있었구나...... 눈치 못 챘다.,,,良樹,竟然有別館……我都沒注意到。, ,,1,11,24,1,0,0,0,0,0,,Translated
927,あゆみ,一旦、最初の教室に……１のＡに戻ろう。, , ,Ayumi,Best head back to 1-A before going any farther.,Just to check in.,,아유미,일단 처음 교실...... 1-A로 가자.,,,あゆみ,先回最初的教室……１年Ａ班吧。, ,,1,29,1,1,0,0,0,0,0,,Translated
928,,　……張り紙でも床でも、気になる部分があったら,　とにかく調べてみるんだ……, ,,"When something catches your eye, such as a","poster on the wall or an item on the floor, walk",over and examine it.,,"...... 벽보든 바닥이든, 신경 쓰이는 부분이 있으면",무조건 조사해 보는 거야......,,,　……無論是海報還是地板，有可疑的地方,　總之先調查看看……, ,0,0,0,1,0,0,0,0,0,,Translated
929,,　……あきらめるな……, , ,,Never give up.,,,,...... 포기하지 마......,,,,　……不要放棄……, ,,0,0,0,1,0,0,0,0,0,,Translated
930,,　まだ死後、間もない様子の中学生の亡骸です……, , ,,It's the body of a middle-schooler. Whoever it is,"seems to have only just died mere hours, minutes",or even moments ago.,,아직 죽은 지 얼마 되지 않은 듯한 중학생의 유해입니다......,,,,似乎是死後不久的中學生遺體……, ,,0,0,0,1,0,0,0,0,0,,Translated
931,,　明日が当たり前のように, , ,,Treat tomorrow like a certainty.,,,,내일이 당연한 것처럼,,,,把明天當作理所當然, ,,0,0,0,1,0,0,0,0,0,,Translated
932,,　生きている事が実感,　明日の日直は立花さん,　だったっけ,,"If you're alive now, trust that you'll still be","alive then. If I recall, it's Tachibana's turn",for day duty tomorrow...,,살아온 것을 실감해,내일 당번은 타치바나,였던가,,感受活著的實感，,明天的值日是立花同學,　對吧,0,0,0,1,0,0,0,0,0,,Translated
933,,　学校に……行きたい,　もう来ないなんていやだ, ,,I want to go back to class. I hate the idea that,I might not be able to ever again.,,,학교에...... 가고 싶어,더는 안 온다니 싫어,,,好想去學校……,不想再也來不了,,0,0,0,1,0,0,0,0,0,,Translated
934,,　もっとまじめに,　もっとほんきで, ,,I swear I'll take my schoolwork more seriously from,now on.,,,더 진지하게,더 진심으로,,,更認真一點，,更真心一點,,0,0,0,1,0,0,0,0,0,,Translated
935,,　まだ死後、間もない様子の亡骸です……, , ,,Whoever this is seems to have only just died mere,"hours, minutes or even moments ago.",,,아직 죽은 지 얼마 되지 않은 듯한 유해입니다......,,,,似乎是死後不久的遺體……, ,,0,0,0,1,0,0,0,0,0,,Translated
936,,　おめでとう！,　心から祝福する, ,,Congratulations on your arrival!,Our most heartfelt blessings we offer to thee!,,,축하해!,마음속으로 축복할게,,,恭喜！,　衷心祝福你, ,0,0,0,1,0,0,0,0,0,,Translated
937,,　おめでとう！,　心から祝福する, ,,Congratulations on your arrival!,Our most heartfelt blessings we offer to thee!,,,축하해!,마음속으로 축복할게,,,恭喜！,　衷心祝福你, ,0,0,0,1,0,0,0,0,0,,Translated
938,,　君の死を待つ,　みんなで死ねばまた会える, ,,We'll be anxiously awaiting your death. And once,"everyone's dead, that's when we'll all be able to",meet again.,,네 죽음을 기다린다,모두 죽으면 또 만날 수 있어,,,等待你的死亡，,大家一起死的話就能再見面了, ,0,0,0,1,0,0,0,0,0,,Translated
939,,　そうしたら克服だ！, , ,,"And then, the conquest begins!",,,,그러면 극복이야!,,,,這樣就能克服了！, ,,0,0,0,1,0,0,0,0,0,,Translated
940,あゆみ,あ……っ（クラッ）　　　　　　　　　, , ,Ayumi,Ack!,,,아유미,아...... (어질),,,あゆみ,啊……（踉蹌）　　　　　　　　　, ,,1,38,1,1,1,0,0,0,0,,Translated
941,あゆみ,痛いっ！, , ,Ayumi,Oww...,,,아유미,아얏!,,,あゆみ,好痛！, ,,1,39,1,1,0,0,0,0,0,,Translated
942,,　……大きなガラスの破片が落ちている床に,　手を付いてしまい、, ,,Ayumi's hands landed squarely in the middle of a sea,of broken glass from a fallen light fixture.,,,...... 큰 유리 파편이 떨어져 있는 바닥에,손을 대다가,,,　……手撐到了有玻璃碎片的地板上，, ,,0,0,0,1,0,0,0,0,0,,Translated
943,,　右手の人差し指と親指の間の皮が、,　大きく裂けてしまっています。, ,,The skin between the index finger and thumb on her,right hand was cut wide open.,,,오른손 검지와 엄지 사이 피부가,크게 찢어졌습니다.,,,右手食指和拇指之間的皮膚,　被割開了很大的傷口。, ,0,0,0,1,0,0,0,0,0,,Translated
944,あゆみ,（う……んっ……痛い　……血が……,　ハンカチで止めなきゃ）, ,Ayumi,"(Oooooh... Ow, ow, ow... It's bleeding pretty badly.",I hope the handkerchief can stop it...),,아유미,(으...... 읏...... 아파...... 피가......,손수건으로 막아야겠어),,あゆみ,（嗚……嗯……好痛……血……,　得用手帕止血）, ,1,40,1,1,0,0,0,0,0,,Translated
945,あゆみ,（……そっか……私 昨日から貧血,　始まってたっけ）, ,Ayumi,"(Just found out I'm anemic yesterday, too.","Great timing, huh...)",,아유미,(...... 그래...... 나 어제부터,빈혈이 왔었지),,あゆみ,（……是嗎……我從昨天開始貧血,　就發作了）, ,1,41,1,1,0,0,0,0,0,,Translated
946,あゆみ,（それでめまいがしたんだ……休まなきゃ）, , ,Ayumi,(Starting to get dizzy now... Not good.,I need to sit down or something...),,아유미,(그래서 어지러웠던 거구나...... 쉬어야겠다),,,あゆみ,（所以才會頭暈……得休息才行）, ,,1,42,1,1,0,0,0,0,0,,Translated
947,あゆみ,ふぅっ……, , ,Ayumi,*sigh*,,,아유미,후우......,,,あゆみ,呼……, ,,1,43,1,1,0,0,0,0,0,,Translated
948,結衣,はぁ……はぁ……何とか……　脱出できたわ……, , ,Ms. Shishido,*pant* *pant*,I don't know how...but I made it out in one piece...,,유이,하아...... 하아...... 겨우...... 탈출했네......,,,結衣,呼……呼……總算……　逃出來了……, ,,1,71,27,1,0,0,0,0,0,,Translated
949,結衣,！　　　　　　　, , ,Ms. Shishido,Eep!,,,유이,!,,,結衣,！　　　　　　　, ,,1,72,27,1,0,0,0,6,0,,Translated
950,結衣,し……下……誰もいなかったかしら……, , ,Ms. Shishido,Uhh...sure hope nobody was down there...,,,유이,아...... 아래엔...... 아무도 없었나......,,,結衣,下……下面……應該沒人吧……, ,,1,73,27,1,0,0,0,0,0,,Translated
951,結衣,あん゛ッ！　……ん……んん……っう, , ,Ms. Shishido,OW!!,Oooooohh...,,유이,아앗!  ...... 응...... 으응...... 읏,,,結衣,啊！　……嗯……嗯嗯……, ,,1,74,27,1,0,0,0,0,0,,Translated
952,結衣,……い……痛い, , ,Ms. Shishido,This...really...hurts...,,,유이,...... 아...... 아파,,,結衣,……好……好痛, ,,1,75,27,1,0,0,0,0,0,,Translated
953,結衣,右腕の骨が……　完全に、中で折れて、,離れちゃってるわね……, ,Ms. Shishido,Right arm...is broken...,Completely dislocated...,,유이,"오른팔 뼈가...... 안에서, 완전히 부러져서",떨어졌어......,,結衣,右手臂的骨頭……　完全在裡面斷掉了，,分離了……,,1,76,27,1,0,0,0,0,0,,Translated
954,結衣,筋肉と皮膚だけで、繋がってる感じだわ……,うぅっ……ひどい痛み……, ,Ms. Shishido,Feels like...it's clinging together...by muscles and,"sinew alone... God, it hurts so much...",,유이,근육과 피부로만 이어진 느낌이야......,으윽...... 너무 아파......,,結衣,感覺只靠肌肉和皮膚連著……,嗚……好痛……,,1,77,27,1,0,0,0,0,0,,Translated
955,結衣,手……　ううッ……も、持ってないと……, , ,Ms. Shishido,Have to...UURGH!...hold it together...with my,hand...,,유이,"손......  으윽...... 자, 잡고 있어야......",,,結衣,手……　嗚……得、得按住才行……, ,,1,78,27,1,0,0,0,0,0,,Translated
956,結衣,はぁはぁ……　んん……ッ, , ,Ms. Shishido,*pant* *pant* Nnnnng...,,,유이,하아 하아......  으응......,,,結衣,呼哈……　嗯嗯……, ,,1,79,27,1,1,0,0,0,0,,Translated
957,結衣,篠崎さん……岸沼くん……,無事で……　無事でいてね。, ,Ms. Shishido,Shinozaki... Kishinuma...,Please...be okay...,,유이,시노자키...... 키시누마 군......,무사히......  잘 있어야 해......,,結衣,篠崎同學……岸沼同學……,要平安……　要平安啊。,,1,80,27,1,0,0,0,0,0,,Translated
958,結衣,先生……　今行くからね。, , ,Ms. Shishido,I'm coming...to find you...,,,유이,선생님...... 지금 갈게.,,,結衣,老師……　現在就去找你們。, ,,1,81,27,1,0,0,0,0,0,,Translated
959,あゆみ,ここは……　行けない……, , ,Ayumi,I can't go this way.,,,아유미,여긴...... 못 가......,,,あゆみ,這裡……不能走……, ,,1,84,1,1,0,0,0,0,0,,Translated
960,あゆみ,もう一度、あんな姿の鈴本さんを見たら……, , ,Ayumi,I can't...bring myself...to see Suzumoto like,that again...,,아유미,또 한 번 그런 모습의 스즈모토를 봤다간......,,,あゆみ,要是再看到一次那樣子的鈴本同學……, ,,1,85,1,1,0,0,0,0,0,,Translated
961,あゆみ,きっと私、……,……もう狂っちゃう……, ,Ayumi,I feel like...I'll lose my mind...,,,아유미,분명 난......,미쳐 버릴 거야......,,あゆみ,我一定……會發瘋的……, ,,1,86,1,1,0,0,0,0,0,,Translated
962,良樹,……俺もだよ……クソ、なんでこんな事に……, , ,Yoshiki,I know just what you mean...,"Goddammit, why did she have to die like that?!",,요시키,"나도 그래...... 망할, 어쩌다 이렇게......",,,良樹,……我也是……可惡，為什麼會這樣……, ,,1,12,24,1,0,0,0,0,0,,Translated
963,あゆみ,あ……っ（クラッ）　　　　　　　　, , ,Ayumi,Ack!,,,아유미,아......  (비틀),,,あゆみ,啊……（踉蹌）　　　　　　　　, ,,1,38,1,1,1,0,0,0,0,,Translated
964,あゆみ,痛いっ！, , ,Ayumi,Oww...,,,아유미,아얏!,,,あゆみ,好痛！, ,,1,39,1,1,0,0,0,0,0,,Translated
965,,　……大きなガラスの破片が落ちている床に,　手を付いてしまい、, ,,Ayumi's hands landed squarely in the middle of a sea,of broken glass from a fallen light fixture.,,,...... 큰 유리 파편이 떨어져 있는 바닥에,손을 대다가,,,　……手撐到了有玻璃碎片的地板上，, ,,0,0,0,1,0,0,0,0,0,,Translated
966,,　右手の人差し指と親指の間の皮が、,　大きく裂けてしまっています。, ,,The skin between the index finger and thumb on her,right hand was cut wide open.,,,오른손 검지와 엄지 사이 피부가,크게 찢어졌습니다.,,,右手食指和拇指之間的皮膚,　被割開了很大的傷口。, ,0,0,0,1,0,0,0,0,0,,Translated
967,あゆみ,（う……んっ……痛い　……血が……,　ハンカチで止めなきゃ）, ,Ayumi,"(Oooooh... Ow, ow, ow... It's bleeding pretty badly.",I hope the handkerchief can stop it...),,아유미,(으...... 읏...... 아파...... 피가......,손수건으로 막아야겠어),,あゆみ,（嗚……嗯……好痛……血……,　得用手帕止血）, ,1,40,1,1,0,0,0,0,0,,Translated
968,あゆみ,（……そっか……私 昨日から貧血,　始まってたっけ）, ,Ayumi,"(Just found out I'm anemic yesterday, too.","Great timing, huh...)",,아유미,(...... 그래...... 나 어제부터,빈혈이 왔었지),,あゆみ,（……是嗎……我從昨天開始貧血,　就發作了）, ,1,41,1,1,0,0,0,0,0,,Translated
969,あゆみ,（それでめまいがしたんだ……休まなきゃ）, , ,Ayumi,(Starting to get dizzy now... Not good.,I need to sit down or something...),,아유미,(그래서 어지러웠던 거구나...... 쉬어야겠다),,,あゆみ,（所以才會頭暈……得休息才行）, ,,1,42,1,1,0,0,0,0,0,,Translated
970,あゆみ,ふぅっ……, , ,Ayumi,*sigh*,,,아유미,후우......,,,あゆみ,呼……, ,,1,43,1,1,0,0,0,0,0,,Translated
971,,よく見ると床板が割れ、床下の暗闇に,白いものが見えています。, ,,One of the floorboards here is slightly raised.,"Peering through the crack, you can just barely make",out something white in the dark recesses below.,,잘 보니 바닥 틈 어두운 곳에,하얀 것이 보입니다.,,,仔細一看地板有裂縫，,　縫隙的黑暗中可以看到白色的東西。, ,0,0,0,1,0,0,0,0,0,,Translated
972,,……手を入れてみますか？, , ,,Try to pull it out?,,,,...... 손을 넣어보겠습니까?,,,,　……要伸手進去嗎？, ,,0,0,0,1,0,0,0,0,0,,Translated
973,,はい,いいえ,,,Yes,No,,,네,아니오,,,是,否,,0,255,255,255,255,255,255,255,255,,Translated
974,,ごそり。, , ,,*shuffle*,,,,부스럭.,,,,沙沙。, ,,0,0,0,1,0,0,0,0,0,,Translated
975,,床下から、     ,血まみれの小さな麻袋が、出てきました……, ,,"With a bit of fidgeting, you were able to remove the",item from its compartment. It's a small bag made of,hemp and stained liberally with blood.,,바닥 아래에서 ,피투성이인 작은 마대 자루가 나왔습니다......,,,從地板下拿出了一個沾血的小麻袋……, ,,0,0,0,1,0,0,0,0,0,,Translated
976,,麻袋には小学校の名札が付けられています。, , ,,An elementary-schooler's student ID name tag is,attached to the front of it.,,,마대 자루에는 초등학교 명찰이 달려 있습니다.,,,,麻袋上掛著小學的名牌。, ,,0,0,0,1,0,0,0,0,0,,Translated
977,,天神小学校,１の６　　つじ　ときこ, ,,Heavenly Host Elementary School,"Class 1-6, [Tokiko Tsuji]",,,텐진초등학교,1-6      츠지  토키코,,,天神小學校,　１之６　　辻　時子, ,0,0,0,1,0,0,0,0,0,,Translated
978,,　袋の中には、,　切り取られた人間の舌が入っていました……, ,,The bag appears to contain a severed human tongue.,,,,자루 안에는,사람의 잘린 혀가 들어 있습니다......,,,　袋子裡裝著,　被割下來的人類舌頭……, ,0,0,0,1,0,0,0,0,0,,Translated
979,良樹,……う…っぷ。, , ,Yoshiki,Ullgh...,,,요시키,...... 우... 욱.,,,良樹,……嗚…噁。, ,,1,112,24,1,0,0,0,0,0,,Translated
980,あゆみ,……女の子の名前……, , ,Ayumi,It's a girl's name...,,,아유미,...... 여자애 이름......,,,あゆみ,……女孩的名字……, ,,1,134,1,1,0,0,0,0,0,,Translated
981,,遺体の一部（女児１） 　を取りました。, , ,,Acquired [Tokiko's Tongue].,,,,유해의 일부(여아1)을 얻었습니다.,,,,拿到了【遺體的一部分（女孩１）】。, ,,0,0,0,1,0,0,0,0,0,,Translated
982,,古びたバケツの中には、何も入っていません……, , ,,There's a rusted bucket on the ground.,It's empty.,,,낡은 양동이 안에는 아무것도 들어 있지 않습니다......,,,,舊水桶裡什麼都沒有……, ,,0,0,0,1,0,0,0,0,0,,Translated
983,,【２のＡ】,　扉は模型のようにガチリと固定されており、,　開ける事が出来ません。,,[Classroom 2-A],"The door seems attached to the wall, like a",sculpture. It won't budge in the slightest.,,【2-A】,문은 모형처럼 딱 고정되어,열 수 없습니다.,,【２年Ａ班】,　門像模型一樣固定住，無法打開。, ,0,0,0,0,0,0,0,0,0,,Translated
984,,　きみもおいでよ,　ぼくらはまってる, ,,Come and join us. We'll be waiting.,,,,너도 이리 와,우린 기다릴게,,,你也過來吧,　我們在等你, ,0,0,0,1,0,0,0,0,0,,Translated
985,,　まってるからね, , ,,Waiting impatiently.,,,,기다릴 테니까,,,,會等你的, ,,0,0,0,1,0,0,0,0,0,,Translated
986,,　たすかるわけがないので,　ある, ,,"It's not like you're going to be rescued, after all.",,,,살 수 있을 리가,없다,,,不可能得救的，, ,,0,0,0,1,0,0,0,0,0,,Translated
987,,　ぼくたちはもうばんさく,　つきた, ,,We already tried everything we could to get out.,We exhausted every possibility.,,,우린 이제 어쩔 도리가,없다,,,我們已經走投無路了, ,,0,0,0,1,0,0,0,0,0,,Translated
988,,　これから何日か生きられる,　として, ,,You might live another few days -- maybe even a week,"or two, if you tough it out.",,,앞으로 며칠 살 수 있다고,치면,,,就算還能活幾天, ,,0,0,0,1,0,0,0,0,0,,Translated
989,,　いつまで何も食べずに,　いられる？, ,,But can you stand to live that long with nothing,to eat?,,,언제까지 먹지 않고,살 수 있을까?,,,你能不吃東西撐多久？, ,,0,0,0,1,0,0,0,0,0,,Translated
990,,　いつまで何も飲まずに,　いられる？, ,,Nothing to drink?,,,,언제까지 마시지 않고,살 수 있을까?,,,你能不喝水撐多久？, ,,0,0,0,1,0,0,0,0,0,,Translated
991,,　いつまで同じ服装で,　いられる？, ,,No change of clothes?,,,,언제까지 같은 옷을,입고 있을까?,,,你能一直穿同一件衣服撐多久？, ,,0,0,0,1,0,0,0,0,0,,Translated
992,,　しんだほうがらくなので,　ある, ,,Dying is just a whole lot easier.,,,,차라리 죽는 게,편하다,,,死了比較輕鬆, ,,0,0,0,1,0,0,0,0,0,,Translated
993,,　きみもおいでよ,　ぼくらはまってる, ,,"So come on, join us. We're all waiting for you.",,,,너도 이리 와,우린 기다릴게,,,你也過來吧,　我們在等你, ,0,0,0,1,0,0,0,0,0,,Translated
994,,　なに、死ぬのは簡単だちょっと想像すれば……,　いくらでも方法はある, ,,It might even be fun. There are so many ways to die!,Just imagine the possibilities!,,,"뭐, 죽는 건 간단해 조금만 상상해 보면......",방법은 얼마든지 있어,,,什麼嘛，死很簡單的，稍微想像一下……,　方法要多少有多少, ,0,0,0,1,0,0,0,0,0,,Translated
995,,　まってるからね,　まってるからね, ,,"But don't tarry. We're waiting, after all. Waiting",to welcome you...,,,기다릴게,기다릴게,,,會等你的,　會等你的, ,0,0,0,1,0,0,0,0,0,,Translated
996,あゆみ,……う……うぅぅぅぅ……！, , ,Ayumi,Gllllllggggghhh...grrrrrrgggghhhh...,,,아유미,...... 으...... 으으으으으......!,,,あゆみ,……嗚……嗚嗚嗚……！, ,,1,62,1,1,0,0,0,0,0,,Translated
997,あゆみ,うるさい！　うるさい！　うるさいッ！, , ,Ayumi,Shut up! Shut up shut up shut UP!,,,아유미,시끄러!  시끄러!  시끄러!,,,あゆみ,吵死了！　吵死了！　吵死了！, ,,1,63,1,1,0,0,0,0,0,,Translated
998,良樹,お、落ち着け篠崎！, , ,Yoshiki,"C-Calm down, Shinozaki!","(Someone's sick idea of a joke, I guess...)",,요시키,"지, 진정해 시노자키!",,,良樹,冷、冷靜點篠崎！, ,,1,0,24,1,0,0,0,0,0,,Translated
999,あゆみ,ううぅぅぅ……, , ,Ayumi,*sob* *sob*,,,아유미,으으으으으......,,,あゆみ,嗚嗚嗚……, ,,1,64,1,1,0,0,0,0,0,,Translated
1000,,　よく見ると床板が割れ、床下の暗闇に,　何か、袋のような物が見えています。, ,,One of the floorboards here is slightly raised.,"Peering through the crack, you can just barely make",out something shiny in the dark recesses below.,,잘 보니 바닥 틈 어두운 곳에,어떤 봉투 같은 것이 보입니다.,,,仔細一看地板有裂縫，,　縫隙的黑暗中可以看到,　一個袋子般的東西。,0,0,0,1,0,0,0,0,0,,Translated
1001,,　……手を入れてみますか？, , ,,Try to pull it out?,,,,...... 손을 넣어보겠습니까?,,,,　……要伸手進去嗎？, ,,0,0,0,1,0,0,0,0,0,,Translated
1002,,はい,いいえ,,,Yes,No,,,네,아니오,,,是,否,,0,255,255,255,255,255,255,255,255,,Translated
1003,,ごそり。, , ,,*shuffle*,,,,부스럭.,,,,沙沙。, ,,0,0,0,1,0,0,0,0,0,,Translated
1004,,　床下から、時計のネジのような、,　小さなキーが出て来ました……, ,,"From beneath the floorboards, you manage to fish",out a crank-like key that resembles the winder from,an old-fashioned pocket watch.,,바닥 아래에서 시계 나사 같은,작은 키가 나왔습니다......,,,　從地板下拿出了一個像時鐘發條般的,　小鑰匙……, ,0,0,0,1,0,0,0,0,0,,Translated
1005,良樹,……なんだ、こりゃ？,扉の鍵じゃなさそうだな……, ,Yoshiki,The heck is this? Doesn't look like it would fit,any door I know...,,요시키,"...... 뭐야, 이건?",문 열쇠는 아닌 것 같은데......,,良樹,……這是什麼？,看起來不像門的鑰匙……,,1,28,24,1,0,0,0,0,0,,Translated
1006,,　小さなキー　を取りました。, , ,,Acquired [Winder].,,,,작은 키를 얻었습니다.,,,,拿到了【小鑰匙】。, ,,0,0,0,1,0,0,0,0,0,,Translated
1007,,【２のＡ】,　扉は模型のように固定されており、,　開ける事が出来ません。,,[Classroom 2-A],"The door seems attached to the wall, like a",sculpture. It won't budge in the slightest.,,【2-A】,문은 모형처럼 딱 고정되어,열 수 없습니다.,,【２年Ａ班】,　門像模型一樣固定住，無法打開。, ,0,0,0,1,0,0,0,0,0,,Translated
1008,あゆみ,ハァッ。ハァッ。（ガチガチガチ）, , ,Ayumi,*wheeze* *wheeze* *chatter*,,,아유미,하악. 하악.  (덜덜덜),,,あゆみ,哈啊。哈啊。（喀喀喀喀）, ,,1,99,1,1,0,0,0,0,0,,Translated
1009,良樹,篠崎……お前、ホントは強かったんだな。,怖がりじゃ、ねぇよ。, ,Yoshiki,"I'm impressed, Shinozaki. You're far stronger than","I thought. Totally fearless, in fact.",,요시키,"시노자키...... 너, 실은 강했구나.",겁쟁이가 아냐.,,良樹,篠崎……你其實很堅強呢。,不是膽小鬼。, ,1,22,24,1,0,0,0,0,0,,Translated
1010,あゆみ,怖かったわよ……今も、わけ判んないもの。, , ,Ayumi,I was scared out of my mind! My brain is still,struggling to make sense of all this!,,아유미,무서웠어...... 지금도 뭐가 뭔지 모르겠어.,,,あゆみ,很可怕啊……現在也搞不清楚狀況。, ,,1,100,1,1,0,0,0,0,0,,Translated
1011,良樹,そうか……でもなんか今の幽霊、消えたし……,成仏、成功っぽくね？, ,Yoshiki,"O-Okay...but look, the ghost is gone. I guess...",we really managed to appease it!,,요시키,그래...... 그래도 방금 그 유령도 사라졌고......,"성불, 성공 아냐?",,良樹,是嗎……但剛才的幽靈消失了……,好像成功成佛了？,,1,23,24,1,0,0,0,0,0,,Translated
1012,良樹,だ……大丈夫か？, , ,Yoshiki,Are... Are you all right?,,,요시키,괘...... 괜찮냐?,,,良樹,沒、沒事吧？, ,,1,24,24,1,0,0,0,0,0,,Translated
1013,良樹,ま……とりあえず拭けよ。涙と、鼻水。, , ,Yoshiki,You...should probably dry your tears and blow,"your nose, at least...",,요시키,뭐...... 일단은 닦아. 눈물이랑 콧물.,,,良樹,總……總之先擦一擦吧。眼淚和鼻涕。, ,,1,25,24,1,0,0,0,0,0,,Translated
1014,あゆみ,……チーン！（ブーッ！）, , ,Ayumi,*snork*,,,아유미,...... 페엥~! (피~!),,,あゆみ,……哼～！（呼～！）, ,,1,0,0,1,0,0,0,7,0,,Translated
1015,良樹,うわァお前、俺の制服で！, , ,Yoshiki,Ack! What the hell?! Not on my shirt!,,,요시키,"우와아 너, 내 교복으로!",,,良樹,哇啊你，用我的制服！, ,,1,250,29,1,0,0,0,0,0,,Translated
1016,あゆみ,（ズルッ）そういうの、言わないでって、,　言ったでしょ！, ,Ayumi,Didn't I tell you before that you shouldn't say,things like that?!,,아유미,"(주륵) 그런 건, 말하지 말라고",했지!,,あゆみ,（吸）這種話，,不是說過不要說了嗎！,,1,102,1,1,0,0,0,0,0,,Translated
1017,良樹,ガキかよお前……うわッ、ひっでェ,……ったく, ,Yoshiki,"What are you, two?! ...Ulgh... That's really gross!",,,요시키,"네가 어린애냐...... 우왓, 심하다",...... 거참,,良樹,你是小孩嗎……哇，真髒,……真是的,,1,26,24,1,0,0,0,0,0,,Translated
1018,良樹,（ヤベーな……　いつもはこんな事、,　する奴じゃないのに……篠崎）, ,Yoshiki,(Not good. She's not normally like this.,Shinozaki...),,요시키,(큰일인데...... 평소엔 이런 짓,하는 녀석이 아닌데...... 시노자키),,良樹,（糟了……平常不是會做這種事,的人啊……篠崎）,,1,27,24,1,0,0,0,0,0,,Translated
1019,,　棚の中に,　血のついた鋏（はさみ）が置かれています……, ,,"There's a pair of scissors on one of the shelves,",both its blades covered liberally in blood.,,,수납장 안에,피묻은 가위가 놓여 있습니다......,,,　櫃子裡放著一把沾血的剪刀……, ,,0,0,0,0,0,0,0,0,0,,Translated
1020,,　机の上に『Diary』と書かれた,　血塗れのノートが置いてありますが……, ,,There's a blood-spattered notebook on the desk with,the word 'DIARY' written in bold letters at the top.,,,책상 위에 『Diary』라고 적힌,피투성이 노트가 있지만......,,,桌子上放著一本寫著『Diary』的沾血筆記本……, ,,0,0,0,1,0,0,0,0,0,,Translated
1021,,　記念館の模型のように机の上に固定されていて、,　手に取る事も開く事も出来ません……, ,,"Like some sort of prop, however, it's practically",molded into the desk. It can't be moved or opened.,,,책상 위 공간에 딱 고정되어,손에 들 수도 펼쳐 볼 수도 없습니다.,,,但就像固定在桌子上方的空間裡一樣，,無法拿起來也無法翻開……, ,0,0,0,1,0,0,0,0,0,,Translated
1022,,　蛇口をひねってもキィ、キィと乾いた,　金属音がするだけで水は全く出てきません……, ,,"The handle turns with a loud squeak, but not a drop",of water comes out.,,,"수도꼭지를 틀어도 끼이, 끼이 마른",금속음이 날 뿐 물은 전혀 나오지 않습니다......,,,轉動水龍頭也只發出乾澀的金屬聲，,完全沒有水流出來……, ,0,0,0,1,0,0,0,0,0,,Translated
1023,,　ラベルが酸化して茶色くなった、,　得体の知れない薬品のビンが並んでいます……, ,,"There are countless old, expired medicine bottles","on the shelves, with faded yellow labels.",,,라벨이 산화하여 색이 바랜,정체 모를 약품병이 진열되어 있습니다......,,,標籤氧化變黃的、,來路不明的藥品瓶排列著……, ,0,0,0,1,0,0,0,0,0,,Translated
1024,,【今月の目標】,　したの ぬきかた　その２, ,,[Monthly Goal],How To Remove A Tongue part 2 (draft),,,【이번 달 목표】,혀를 뽑는 방법  2번째,,,【本月目標】,　舌頭的取出方法　其２, ,0,0,0,1,0,0,0,0,0,,Translated
1025,,　おおきな　はさみで,　したを　きったら, ,,Cut the tongue with a pair of big scissors.,,,,큰 가위로,혀를 자르면,,,　用大剪刀,　剪下舌頭後，, ,0,0,0,1,0,0,0,0,0,,Translated
1026,,　にくあつで　あたたかい,　その　したにくが　だれのものか, ,,It's so thick and warm! But how will you know whose,"tongue it is later, when you have a bunch more?",,,그 두툼하고 따뜻한,혀가 누구 것인지,,,　那厚實溫暖的,　舌肉是誰的，, ,0,0,0,1,0,0,0,0,0,,Translated
1027,,　わからなく　ならない,　よう、なふだを　つけて,　おきましょう,,Simple: Label it with a name tag!,,,,잘 알아볼 수 있도록,명찰을,달아둡시다,,　為了不搞混,　記得別上,　名牌哦,0,0,0,1,0,0,0,0,0,,Translated
1028,,　したにくは　やわらかいので　あんぜんピンで ,　じゅうぶん　ささります, ,,"The tongue is very tender and squishy, so stick the","safety pin in deep, to keep the label from slipping",away.,,혀는 부드러워서 안전핀으로도,충분합니다,,,　舌肉很柔軟，用安全別針,　就能牢牢固定住, ,0,0,0,1,0,0,0,0,0,,Translated
1029,,　人体解剖図が壁に貼ってあります……, , ,,There's an anatomical diagram of the human body,tacked to the wall.,,,벽에 인체 해부도가 붙어 있습니다......,,,,牆上貼著人體解剖圖……, ,,0,0,0,0,0,0,0,0,0,,Translated
1030,,　今にもこぼれ落ちそうな臓器の絵,　ひとつひとつから、血のような赤い染みが,　浮き出しています。,,"Looking closely, each individual organ seems to be","bloodstained and swollen, as if it could burst",forth with a spray of gore at any moment.,,당장이라도 쏟아져 내릴 것만 같은 장기 그림.,그 장기 하나하나에 묻어 있는 피와 같은 붉은 자국이,더욱 진하게 보입니다.,,每一幅快要滴下來的臟器圖畫上，,都浮現出血紅色的污漬。, ,0,0,0,1,0,0,0,0,0,,Translated
1031,,　白い棚の中には、アルコールなどの,　薬品が並んでいます。, ,,Vast quantities of medicine and tonics are lined up,on each of the shelves.,,,하얀 수납장 안에는 알코올 등,약품이 진열되어 있습니다.,,,白色櫃子裡排放著酒精等藥品。, ,,0,0,0,1,0,0,0,0,0,,Translated
1032,良樹,（うッ……！,　目が……合っちまった……！）, ,Yoshiki,(Crap! He's looking right at me!),,,요시키,(윽......!,눈이...... 맞아 버렸어......!),,良樹,（嗚……！,　對上眼了……！）,,1,18,24,1,0,0,0,0,0,,Translated
1033,＊,オ゛ア゛ア゛ア゛ァ゛ァ゛……　　　　　　　　, , ,*,Oaaaaaaauuuuuuggghhh...,,,＊,오  아  아  아  아  아  ......,,,＊,噢啊啊啊啊……　　　　　　　　, ,,1,73,14,1,1,0,0,0,0,,Translated
1034,良樹,う、うああああ, , ,Yoshiki,UwaaAAHH!!,,,요시키,"우, 우아아아아",,,良樹,嗚、嗚啊啊啊, ,,1,19,24,1,0,0,0,0,0,,Translated
1035,あゆみ,“よしざわ　りょう”君！, , ,Ayumi,Ryou Yoshizawa!,,,아유미,“요시자와 료” 군!,,,あゆみ,“吉沢　涼”同學！, ,,1,90,1,1,0,0,0,0,0,,Translated
1036,＊,……！（ピクッ）, , ,*,...!,,,＊,......! (깜짝),,,＊,……！（嚇一跳）, ,,1,74,14,1,0,0,0,0,0,,Translated
1037,あゆみ,知ってるわよ……あなたの、名前。, , ,Ayumi,That's right. I know your name!,,,아유미,알고 있어...... 네 이름.,,,あゆみ,我知道哦……你的名字。, ,,1,91,1,1,0,0,0,0,0,,Translated
1038,,【遺体の一部】を,　いま差し出しますか？, ,,Show him the tongue?,,,,지금 【유해의 일부】를,건네주겠습니까?,,,要現在交出【遺體的一部分】嗎？, ,,0,0,0,1,0,0,0,0,0,,Translated
1039,,はい,いいえ,,,Yes,No,,,네,아니오,,,是,否,,0,255,255,255,255,255,255,255,255,,Translated
1040,あゆみ,可哀想だとは思う……けど、同情はしない。, , ,Ayumi,I feel bad for what happened to you...but I can't,sympathize with what you're doing.,,아유미,"불쌍하다고는 생각...... 하지만, 동정은 안 해.",,,あゆみ,雖然覺得你可憐……但不會同情你。, ,,1,92,1,1,0,0,0,0,0,,Translated
1041,あゆみ,辛いからって他人を巻き込んで……,こんな所に閉じ込めて、, ,Ayumi,Hurting strangers because of your own despair...,pulling them into a horrible place like this...,,아유미,괴롭다고 다른 사람을 말려들게 하고......,이런 곳에 가두고,,あゆみ,因為痛苦就把別人捲進來……,關在這種地方，, ,1,93,1,1,0,0,0,0,0,,Translated
1042,あゆみ,大事な私の友達を殺した、あなた達を, , ,Ayumi,...and killing them! You killed our dear friend!,,,아유미,내 소중한 친구들을 죽인 너희들을,,,あゆみ,殺了我重要的朋友，你們這些人, ,,1,94,1,1,0,0,0,0,0,,Translated
1043,あゆみ,……私は絶対許さない！, , ,Ayumi,I can never forgive you for that!,,,아유미,...... 난 절대로 용서 못해!,,,あゆみ,……我絕對不會原諒！, ,,1,95,1,1,0,0,0,0,0,,Translated
1044,良樹,（篠崎……）, , ,Yoshiki,(Shinozaki...),,,요시키,(시노자키......),,,良樹,（篠崎……）, ,,1,20,24,1,0,0,0,0,0,,Translated
1045,あゆみ,……けど、これはあなたの物だから……,返してあげる。, ,Ayumi,But...this is yours. It's part of your body.,So...I'm going to give it back to you.,,아유미,...... 하지만 이건 너희 거니까......,돌려줄게.,,あゆみ,……但這是你的東西……,還給你。, ,1,96,1,1,0,0,0,0,0,,Translated
1046,,【遺体の一部】　を差し出しました。, , ,,Handed over [Ryou's Tongue].,,,,【유해의 일부】를 건네주었습니다.,,,,　交出了【遺體的一部分】。, ,,0,0,0,1,0,0,0,0,0,,Translated
1047,＊,……。　ぼふの、　ふぃは……, , ,*,My hummhh...,,,＊,"......  내,  혀......",,,＊,……。　我的、　舌頭……, ,,1,75,14,1,1,0,0,0,0,,Translated
1048,＊,ぼくの、舌……, , ,*,My tongue...,,,＊,"내,  혀......",,,＊,我的舌頭……, ,,1,76,14,1,0,0,0,0,0,,Translated
1049,＊,おねえちゃん、ありがとう。, , ,*,"Thank you, Miss...",,,＊,"누나, 고마워.",,,＊,大姐姐，謝謝你。, ,,1,77,14,1,0,0,0,0,0,,Translated
1050,あゆみ,……っ。,（グスッ……グスッ）, ,Ayumi,*gasp* *pant* *pant* *wheeze*,,,아유미,...... 윽!,(훌쩍...... 훌쩍),,あゆみ,……。,（吸……吸）,,1,97,1,1,0,0,0,0,0,,Translated
1051,良樹,うわっ！　なんだ？, , ,Yoshiki,Wha?! What's going on?!,,,요시키,우왓! 뭐야?,,,良樹,哇！　怎麼了？, ,,1,21,24,1,0,0,0,0,0,,Translated
1052,あゆみ,……？！, , ,Ayumi,Aaah!,,,아유미,......?!,,,あゆみ,……？！, ,,1,98,1,1,0,0,0,0,0,,Translated
1053,良樹,……うわっ！！, , ,Yoshiki,Ahh!,,,요시키,...... 우왓!!,,,良樹,……哇！！, ,,1,2,24,1,0,0,0,0,0,,Translated
1054,あゆみ,（目が！　合っ……）, , ,Ayumi,(H-He's staring right at...!),,,아유미,(눈이!  맞......),,,あゆみ,（對上眼了！　……）, ,,1,153,1,1,0,0,0,0,0,,Translated
1055,あゆみ,……ひ……っ！, , ,Ayumi,Aaahh!,,,아유미,...... 히...... 익!,,,あゆみ,……咿……！, ,,1,154,1,1,0,0,0,0,0,,Translated
1056,,　男児の霊の　真っ黒な瞳が, , ,,"The deep, black iris of the boy spirit's left eye",transfixes Ayumi's gaze.,,,남자아이 유령의 새까만 눈동자가,,,,　男孩幽靈的漆黑瞳孔, ,,0,0,0,1,0,0,0,0,0,,Translated
1057,,　ゆっくりと　大きくなってゆく, , ,,It begins slowly expanding in size.,,,,차츰 커져간다,,,,　緩緩地變大, ,,0,0,0,1,0,0,0,0,0,,Translated
1058,良樹,う、うああああ, , ,Yoshiki,U-Uwaaaaagh!,,,요시키,"우, 우아아아아",,,良樹,嗚、嗚啊啊啊, ,,1,19,24,1,0,0,0,0,0,,Translated
1059,あゆみ,あっ……あ……　か、からだが……, , ,Ayumi,Ulgh...gh...ghh...gh... I...I can't...,,,아유미,"앗...... 아...... 모, 몸이......",,,あゆみ,啊……啊……　身、身體……, ,,1,155,1,1,0,0,0,0,0,,Translated
1060,あゆみ,動かない……っ　……うぅっ……, , ,Ayumi,...move my body...,,,아유미,안 움직여...... 으...... 으윽......,,,あゆみ,動不了……　……嗚……, ,,1,156,1,1,0,0,0,0,0,,Translated
1061,,　男児の顔は不自然に大きくなり,　今やあゆみの視界いっぱいに広がっている。, ,,"The boy's iris continues to grow, slowly and",methodically enveloping Ayumi until only blackness,remains.,,남자아이의 얼굴은 부자연스럽게 커져,지금은 아유미의 시야에 가득  들어갈 정도다.,,,男孩的臉不自然地變大，,　現在已經充滿了あゆみ的整個視野。, ,0,0,0,1,0,0,0,0,0,,Translated
1062,,　表情を全く感じさせない,　真っ黒い眼窩（か）の窪みの奥に, ,,The world vanishes into nothingness as the soulless,"muscle becomes an all-encompassing void, blotting",out the whole of existence.,,표정을 전혀 느낄 수 없는,새까만 안와의 움푹 패인 부분에,,,在完全感覺不到表情的,　漆黑眼窩深處，, ,0,0,0,1,0,0,0,0,0,,Translated
1063,,　小さく光る、白い顔が見える。, , ,,"Suddenly, in the distance, a tiny white face breaks","through the darkness, shining with its own unnatural",light.,,작게 빛나는 하얀 얼굴이 보인다.,,,,可以看到一個小小的、發光的白色臉龐。, ,,0,0,0,1,0,0,0,0,0,,Translated
1064,あゆみ,……っ、怖い……！　怖い……！,怖いよぉ……！　いやぁ！, ,Ayumi,"...No... No, please... Please, no... I'm so",scared... Please!,,아유미,"...... 윽, 무서워......!  무서워......!",무섭다고......! 꺄아!,,あゆみ,……好可怕……！　好可怕……！,好可怕……！　不要！,,1,157,1,1,0,0,0,0,0,,Translated
1065,,　白い顔は笑ったり歪んだり,　小刻みに表情を変えながら次第にはっきりと,　見えてくる。,,"The face seems distorted, as if being viewed through",water. Its expression shifts and wobbles for a bit,"until finally, with some effort, the image clears.",,하얀 얼굴은 웃고 일그러지고,규칙적으로 표정을 바꾸며,차츰 선명해진다.,,白色的臉時而笑時而扭曲，,　不斷變化著表情，逐漸變得清晰。, ,0,0,0,1,0,0,0,0,0,,Translated
1066,,　……どこか見覚えのある顔だ。, , ,,You've seen this face before.,,,,...... 어디에서 본 기억이 있는 얼굴이다.,,,,　……一張似曾相識的臉。, ,,0,0,0,1,0,0,0,0,0,,Translated
1067,あゆみ,誰か！　誰かぁ……！,いやああぁぁ……！！, ,Ayumi,"Somebody! SOMEBODY! PLEASE, HEEEEEEELP!!",,,아유미,제발! 누가 좀......!,꺄아아아아......!!,,あゆみ,誰來！　誰來……！,不要啊啊……！！,,1,158,1,1,1,1,1,0,0,,Translated
1068,,　古いストーブがあります。, , ,,It's an old-fashioned space heater.,,,,낡은 난로가 있습니다.,,,,有座舊暖爐。, ,,0,0,0,0,0,0,0,0,0,,Translated
1069,,　中に灰が大量に溜まっていて、,　火は点きそうにありません……, ,,"Unfortunately, it's so full of ash that it'll",probably never light again.,,,안에 대량의 재가 쌓여 있어서,불을 붙일 수 없습니다.,,,裡面堆滿了大量的灰燼，,似乎無法點火……, ,0,0,0,0,0,0,0,0,0,,Translated
1070,,　机の上に『Diary』と書かれた,　血塗れのノートが置いてありますが……, ,,There's a blood-spattered notebook on the desk with,the word 'DIARY' written in bold letters at the top.,,,책상 위에 『Diary』라고 적힌,피투성이 노트가 있지만......,,,桌子上放著一本寫著『Diary』的沾血筆記本……, ,,0,0,0,1,0,0,0,0,0,,Translated
1071,,　記念館の模型のように机の上に固定されていて、,　手に取る事も開く事も出来ません……, ,,"Like some sort of prop, however, it's practically",molded into the desk. It can't be moved or opened.,,,책상 위 공간에 딱 고정되어,손에 들 수도 펼쳐 볼 수도 없습니다.,,,但就像固定在桌子上方的空間裡一樣，,無法拿起來也無法翻開……, ,0,0,0,1,0,0,0,0,0,,Translated
1072,,　投げ捨てた文化人形が床に転がっています……,　……拾いますか？, ,,The antique doll you threw down earlier is still,lying here. Pick it up?,,,내팽개쳐진 문화인형이 바닥에 널브러져 있습니다......,...... 줍겠습니까?,,,被丟棄的文化人偶滾在地上……,　……要撿起來嗎？,,0,0,0,1,0,0,0,0,0,,Translated
1073,,拾う,拾わない,,,Yes,No,,,줍는다,줍지 않는다,,,撿起來,不撿,,0,255,255,255,255,255,255,255,255,,Translated
1074,,　古い文化人形　を取りました。, , ,,Acquired [Antique Doll].,,,,낡은 문화인형을 얻었습니다.,,,,拿到了【舊文化人偶】。, ,,0,0,0,1,0,0,0,0,0,,Translated
1075,あゆみ,あれ……私の蝋燭がこんな所に移動してる……, , ,Ayumi,Hmm? What's my candle doing here?,,,아유미,어라...... 내 양초가 여기로 옮겨져 있어......,,,あゆみ,咦……我的蠟燭怎麼移到這裡來了……, ,,1,30,1,1,0,0,0,0,0,,Translated
1076,あゆみ,外の通路に置いたはずなのに……,誰か動かしたのかな？, ,Ayumi,"I'm sure I left it outside, in the hallway. Did",someone move it?,,아유미,바깥 통로에 놔뒀는데......,누가 옮긴 거지?,,あゆみ,明明放在外面的走廊……,是誰動了嗎？,,1,31,1,1,0,0,0,0,0,,Translated
1077,あゆみ,あれ……私の蝋燭がこんな所に移動してる……, , ,Ayumi,Hmm? What's my candle doing here?,,,아유미,어라...... 내 양초가 여기로 옮겨져 있어......,,,あゆみ,咦……我的蠟燭怎麼移到這裡來了……, ,,1,30,1,1,0,0,0,0,0,,Translated
1078,あゆみ,外の通路に置いたはずなのに……,誰か動かしたのかな？, ,Ayumi,"I'm sure I left it outside, in the hallway. Did",someone move it?,,아유미,바깥 통로에 놔뒀는데......,누가 옮긴 거지?,,あゆみ,明明放在外面的走廊……,是誰動了嗎？,,1,31,1,1,0,0,0,0,0,,Translated
1079,,　古い新聞紙（上半分）が落ちています。,　……読みますか？, ,,There's a torn piece of newspaper on the ground.,Looks like the top half of an article.,,,낡은 신문지(윗부분)이 떨어져 있습니다......,...... 읽겠습니까?,,,有一張舊報紙（上半部）掉在地上……,　……要閱讀嗎？,,0,0,0,1,0,0,0,0,0,,Translated
1080,,読まない,読む,,,Don't read it,Read it,,,읽지 않는다,읽는다,,,不讀,讀,,0,255,255,255,255,255,255,255,255,,Translated
1081,,●天神 町民広報●●,　天神小学校校長,　柳堀隆峰氏の光と影,,[Tenjin Public Relations],The Light and Dark Sides of Heavenly Host,Elementary's Principal Takamine Yanagihori,,●텐진 지역 공보●,텐진초등학교 교장,야나기호리 타카미네의 빛과 그림자,,●天神　町民公報●●,　天神小學校校長,　柳堀隆峰氏的光與影,0,0,0,1,0,0,0,0,0,,Translated
1082,,　一九五二年に,　この町の中心に新築された,　『天神小学校』は、,,Ground was broken for Tenjin's municipal 'Heavenly,Host' elementary school building in 1952.,,,1952년,이 지역 중심에 신축된,『텐진초등학교』는,,　一九五二年,　建於此鎮中心的,　『天神小學校』，,0,0,0,1,0,0,0,0,0,,Translated
1083,,　一校も小学校のなかった,　天神町に明るい光を,　もたらした。,,"It quickly became a source of pride for the town,",as no elementary school had stood within Tenjin's,borders at all prior to its construction.,,초등학교가 하나도 없었던,텐진에 밝은 빛을,내려주었다.,,　為原本沒有一所小學的,　天神町帶來了,　光明。,0,0,0,1,0,0,0,0,0,,Translated
1084,,　隣町の学校まで,　時間をかけて通っていた子供達に、,　大きな恩恵を与えたのである。,,Primary schoolers had previously been commuting,"to neighboring towns for class, so for them in","particular, Heavenly Host truly was a godsend.",,인근 지역 학교에,오랜 시간을 들여 등교하던 아이들에게,큰 은혜를 내린 것이다.,,　對原本要花時間,　到鄰鎮上學的孩子們,　給予了極大的恩惠。,0,0,0,1,0,0,0,0,0,,Translated
1085,,　天神小に初代校長として就任した,　柳堀隆峰（やなぎほり　たかみね）氏は、, ,,The coveted position of principal for this new,learning institution was awarded to a man named,Takamine Yanagihori.,,텐진초에 초대 교장으로 취임한,야나기호리 타카미네 씨는,,,　就任天神小首任校長的,　柳堀隆峰氏，, ,0,0,0,1,0,0,0,0,0,,Translated
1086,,　その温厚な人柄と、確実に成果を伴わせる,　教育指揮から町民の信望も厚く, ,,Yanagihori quickly became popular amongst the,"townsfolk for his charismatic personality, his",work ethic and his firm but fair school policies.,,온후한 인품과 확실한 성과를 수반한,교육 지휘로 지역 주민의 신망이 두터웠고,,,　以其溫厚的人品和,　確有成效的教育指揮,　深受鎮民信賴，,0,0,0,1,0,0,0,0,0,,Translated
1087,,　生徒数は常に満員で、机や椅子を増やして,　運営をしていた程であった。, ,,Registration and attendance soared well beyond the,"school's capacity, necessitating frequent desk and",chair reorders and even general building expansion.,,학생 수는 항상 만원이라 책상과 의자를 늘려,운영할 정도였다.,,,　學生人數始終滿員，,　甚至需要增加桌椅來營運。, ,0,0,0,1,0,0,0,0,0,,Translated
1088,,　流れに棹（さお）差す天神小だったが、, , ,,"Essentially, due to Yanagihori's unwavering","dedication, Heavenly Host became a cornerstone",of life within the humble town of Tenjin.,,이렇게 순탄하게 운영되던 텐진초에,,,,　天神小雖然一帆風順地發展著，, ,,0,0,0,1,0,0,0,0,0,,Translated
1089,,　ある時、大きな波風の立つ事件が起こる, , ,,But all that began to change on the dawn of one,"fateful day, with an incident that would set the",stage for Heavenly Host's rapid fall from grace...,,"어느 날, 큰 풍파가 닥치게 된다.",,,,　但某一天，一起掀起巨大風波的事件發生了。, ,,0,0,0,1,0,0,0,0,0,,Translated
1090,,　*** **** **,　*******, ,,__________________________________________,__________________________________________,__________________________________________,,*** **** **,*******,,,　*** **** **,　*******,,0,0,0,1,0,0,0,0,0,,Translated
1091,,　そこから先は、新聞が破られており,　読む事が出来ません。, ,,(The newspaper is torn at this point. The bottom,half of the article is missing.),,,그 다음은 신문이 찢어져서,읽을 수 없습니다.,,,　從那裡開始報紙被撕破，,　無法閱讀。, ,0,0,0,1,0,0,0,0,0,,Translated
1092,あゆみ,……！　いる……霊が……, , ,Ayumi,...!,There's a spirit here!,,아유미,......!  유령이...... 있어......,,,あゆみ,……！　有……幽靈在……, ,,1,65,1,1,0,0,0,0,0,,Translated
1093,良樹,ほんとにいやがる……, , ,Yoshiki,I see him too...,,,요시키,진짜 있네......,,,良樹,真的在……, ,,1,1,24,1,0,0,0,0,0,,Translated
1094,あゆみ,気をつけて……,……目を合わせちゃ、駄目よ……, ,Ayumi,Be careful. Don't make eye contact.,,,아유미,조심해......,"...... 눈을 맞추면, 안 돼......",,あゆみ,小心……,……不能對上視線……,,1,66,1,1,0,0,0,0,0,,Translated
1095,あゆみ,……気をつけないと……, , ,Ayumi,Back away slowly...,,,아유미,...... 조심해야겠어......,,,あゆみ,……得小心才行……, ,,1,67,1,1,0,0,0,0,0,,Translated
1096,あゆみ,…………。, , ,Ayumi,...,,,아유미,............,,,あゆみ,…………。, ,,1,108,1,1,0,0,0,0,0,,Translated
1097,良樹,……目、合ったらヤバいんだろ？, , ,Yoshiki,"I know, no eye contact, right?",,,요시키,...... 눈을 맞추면 위험하잖아?,,,良樹,……對上眼就糟了吧？, ,,1,13,24,1,0,0,0,0,0,,Translated
1098,あゆみ,うん……だけど……, , ,Ayumi,Yeah...but...,,,아유미,응...... 그치만......,,,あゆみ,嗯……但是……, ,,1,87,1,1,0,0,0,0,0,,Translated
1099,,【遺体の一部】　を差し出しても、,　男児の霊はこちらを見ようとしません……, ,,"Ayumi produces the boy's tongue from her bag, but",nothing seems to be attracting his attention. He,simply isn't noticing it.,,【유해의 일부】를 건네주어도,남자아이 유령은 이쪽을 보려고 하지 않습니다......,,,即使交出了【遺體的一部分】，,男孩幽靈也不看向這邊……, ,0,0,0,1,0,0,0,0,0,,Translated
1100,あゆみ,……この子に……　これを返すには……,これを、見せるには……, ,Ayumi,In order to give him back his tongue...he needs to,see it...to know we have it...,,아유미,...... 이 애한테......  이걸 돌려주려면......,이걸 보여주려면......,,あゆみ,……要把這個……還給這孩子的話……,要讓他看到這個……,,1,88,1,1,0,0,0,0,0,,Translated
1101,良樹,正面から視界にいれる……か？, , ,Yoshiki,"So it's gotta be directly in his field of vision,",huh...?,,요시키,정면으로 가야...... 하나?,,,良樹,要讓他從正面看到……嗎？, ,,1,14,24,1,0,0,0,0,0,,Translated
1102,良樹,や、無理だろ、目ェ合わせてこいつに、,憑き殺されたらどうすんだよ。, ,Yoshiki,"Not gonna happen. If his eyes meet mine, I'm dead,",right? And then what?,,요시키,"아니, 그건 무리야, 눈을 맞추다가",씌어서 죽으면 어쩌려고.,,良樹,不、不行吧，對上眼睛的話,被附身殺死了怎麼辦。,,1,15,24,1,0,0,0,0,0,,Translated
1103,良樹,それにお前、震えてるじゃねぇか……, , ,Yoshiki,...W-Wait... Hold up. I've never seen you shake,like that before...,,요시키,"그리고 너, 떨고 있잖아......",,,良樹,而且你也在發抖啊……, ,,1,16,24,1,0,0,0,0,0,,Translated
1104,良樹,じゃ……、俺が……　や……、やろう……, , ,Yoshiki,"...A-All right, then...I guess...a man's gotta do",what a man's gotta do!,,요시키,그럼...... 내가...... 하...... 할게......,,,良樹,那……我來……做……做吧……, ,,1,17,24,1,0,0,0,0,0,,Translated
1105,あゆみ,……いい。（ブルブルブル）, , ,Ayumi,...He's all yours...,,,아유미,...... 됐어 (덜덜덜),,,あゆみ,……好。（發抖發抖發抖）, ,,1,89,1,1,0,0,0,0,0,,Translated
1106,男児の霊,…………。, , ,Boy Spirit,...,,,남자아이 유령,............,,,男児の霊,…………。, ,,1,72,14,1,1,0,0,0,0,,Translated
1107,あゆみ,（……駄目……目をあわせちゃ、駄目……）, , ,Ayumi,"(No, stop. You can't let his gaze meet yours!)",,,아유미,"(...... 안 돼...... 눈을 맞추면, 안 돼......)",,,あゆみ,（……不行……對上眼睛的話……不行……）, ,,1,68,1,1,0,0,0,0,0,,Translated
1108,文化人形,しく……しく……, , ,Antique Doll,*weep* *weep*,,,문화인형,흑...... 흑......,,,文化人形,嗚……嗚……, ,,1,33,5,1,0,0,0,0,0,,Translated
1109,良樹,ま、また喋り出したぞ……, , ,Yoshiki,Here we go again!,,,요시키,"어, 또 말한다......",,,良樹,又、又開始說話了……, ,,1,121,24,1,0,0,0,0,0,,Translated
1110,良樹,今度は、何処だってんだよ……？, , ,Yoshiki,Where the hell's it gonna take us this time?!,,,요시키,이번엔 또 어디야......?,,,良樹,這次又在哪裡……？, ,,1,122,24,1,0,0,0,0,0,,Translated
1111,文化人形,しく……しく……, , ,Antique Doll,*weep* *weep*,,,문화인형,흑...... 흑......,,,文化人形,嗚……嗚……, ,,1,34,5,1,1,0,1,0,0,,Translated
1112,文化人形,オ友達ノ子ガ　ブツカッタ……, , ,Antique Doll,where  your  friend  was  splattered,,,문화인형,친구가 부딪힌......,,,文化人形,朋友　被砸到的地方……, ,,1,35,5,1,1,0,1,0,0,,Translated
1113,文化人形,『壁』ノ　真下ノ　床ノ下……, , ,Antique Doll,the  floorboards  beneath  that  wall,,,문화인형,『벽』 바로 아래 바닥 아래......,,,文化人形,那面『牆』正下方的　地板下……, ,,1,36,5,1,1,0,1,0,0,,Translated
1114,文化人形,潰レタ　死体ノ　ソノ　下ヨ, , ,Antique Doll,right  under  her  globby  entrails,,,문화인형,찌부러진 사체 아래야,,,文化人形,在那　壓扁的　屍體　下面, ,,1,37,5,1,1,0,1,0,0,,Translated
1115,文化人形,血ガ床下ニ　染ミテ来テ, , ,Antique Doll,where  the  floor  dips  and  the  blood  pools,,,문화인형,피가 바닥에 물들어서,,,文化人形,血滲到地板下, ,,1,38,5,1,1,0,1,0,0,,Translated
1116,文化人形,ポタポタ、ポタポタ, , ,Antique Doll,drip  drop  drip  drop,,,문화인형,"뚝뚝, 뚝뚝",,,文化人形,滴答、滴答, ,,1,39,5,1,1,0,1,0,0,,Translated
1117,文化人形,クサイクサイ、ニガイニガイ, , ,Antique Doll,smelly  smelly  icky  icky,,,문화인형,"냄새 냄새, 괴로워 괴로워",,,文化人形,好臭好臭、好苦好苦, ,,1,40,5,1,1,0,1,0,0,,Translated
1118,文化人形,ハヤク　ココカラ　取リ出シテ！, , ,Antique Doll,get  in  there  good  and,d i g   i t   o u t !,,문화인형,얼른 여기에서 꺼내줘!,,,文化人形,快點　從這裡　挖出來！, ,,1,41,5,1,1,0,1,0,0,,Translated
1119,文化人形,　ｹﾀｹﾀｹﾀｹﾀ！,　ｹﾀｹﾀｹﾀｹﾀｹﾀ！, ,Antique Doll,Eeeeheheheheheheheheh!,Eeeeheheheheheheheheh!,,문화인형,깔깔깔깔!,  깔깔깔깔깔깔!,,文化人形,　喀喀喀喀！,　喀喀喀喀喀！,,1,42,5,1,1,0,1,0,0,,Translated
1120,あゆみ,いやあああああぁぁぁぁぁ！！！, , ,Ayumi,Nooooooo...,,,아유미,꺄아아아아아아아아아!!!,,,あゆみ,不要啊啊啊啊啊啊！！！, ,,1,159,1,1,1,0,0,0,0,,Translated
1121,あゆみ,きゃああああああああ―――――ッ！！！, , ,Ayumi,NOOOOOOOOOOOOO!!,,,아유미,꺄아아아아아아아악~~~~~!!!,,,あゆみ,呀啊啊啊啊啊―――――！！！, ,,1,160,1,1,0,0,0,0,0,,Translated
1122,良樹,くッ……ふざけんなよ、くそ人形！, , ,Yoshiki,"You getting a good laugh out of this, you sick",son of a bitch?!,,요시키,"큭...... 집어치워, 망할 인형!",,,良樹,可惡……別鬧了，該死的人偶！, ,,1,123,24,1,0,0,0,0,0,,Translated
1123,良樹,そんなとこにあるもの……, , ,Yoshiki,"God, if that's where it is...",,,요시키,그런 데 있는 걸......,,,良樹,放在那種地方的東西……, ,,1,124,24,1,0,0,0,0,0,,Translated
1124,良樹,取って……来れるかよ……っ, , ,Yoshiki,...I'm not sure...we can EVER bring ourselves to get,it...,,요시키,어떻게...... 꺼내란 말야......,,,良樹,怎麼……拿得到啊……, ,,1,125,24,1,0,0,0,0,0,,Translated
1125,＊,……誰かいるのか？, , ,*,Is someone there?,,,＊,...... 누구 있어?,,,＊,……有人嗎？, ,,1,143,8,1,0,0,0,0,0,,Translated
1126,良樹,森繁！　無事だったか……！, , ,Yoshiki,Morishige! You're alive!,,,요시키,모리시게!  무사했냐......!,,,良樹,森繁！　你沒事啊……！, ,,1,126,24,1,0,0,0,0,0,,Translated
1127,森繁,やぁ、岸沼……。それに委員長。,そちらも無事で何より……, ,Morishige,"Ahh, Kishinuma. And our class rep! I'm very glad",to see you both safe and sound.,,모리시게,"야아, 키시누마...... 그리고 반장.",너희도 무사해서 다행이야......,,森繁,呀……岸沼。還有班長。,你們也平安真是太好了……,,1,144,8,1,0,0,0,0,0,,Translated
1128,あゆみ,ぐすん、ぐすん……ううぅぅ……, , ,Ayumi,*sob* *sob* *moan*,,,아유미,"훌쩍, 훌쩍...... 우우우우......",,,あゆみ,嗚、嗚……嗚嗚……, ,,1,161,1,1,0,0,0,0,0,,Translated
1129,森繁,？　どうしたの……？, , ,Morishige,Hmm? What happened?,,,모리시게,?  왜 그래......?,,,森繁,？　怎麼了……？, ,,1,145,8,1,0,0,0,0,0,,Translated
1130,良樹,ちょっとな……。お前、何処にいたんだ？, , ,Yoshiki,It's...a long story.,So where have you been?,,요시키,"조금...... 너, 어디 있었어?",,,良樹,有點事……。你在哪裡？, ,,1,127,24,1,0,0,0,0,0,,Translated
1131,森繁,別館のほうにいたんだけど、さっき急に,気を失ったみたいで、, ,Morishige,"I was in the second wing until a short while ago,",but suddenly lost consciousness...,,모리시게,"별관에 있었는데, 좀 전에 갑자기",정신을 잃어서,,森繁,剛才在別館那邊，,突然失去了意識，, ,1,146,8,1,0,0,0,0,0,,Translated
1132,森繁,気が付いたら、なんか校舎の雰囲気が,変わってて……, ,Morishige,"...and when I woke up here, it felt as if the air",had somehow changed.,,모리시게,"정신을 차리고 보니, 교사의 분위기가",바뀌어서......,,森繁,醒來後感覺校舍的氣氛,好像變了……,,1,147,8,1,0,0,0,0,0,,Translated
1133,森繁,あと、持田と、持田の妹にも会ったよ。, , ,Morishige,"Oh, yes, and I did briefly cross paths with Mochida",and his sister.,,모리시게,그리고 모치다랑 걔 동생과도 만났어.,,,森繁,還有，我遇到了持田和他妹妹。, ,,1,148,8,1,0,0,0,0,0,,Translated
1134,良樹,ほ、ほんとか！　あいつらも、無事なのか？, , ,Yoshiki,Y-You did?! So they're okay too?!,,,요시키,"저, 정말이야! 그 녀석들, 무사하냐?",,,良樹,真、真的嗎！　他們也平安嗎？, ,,1,128,24,1,0,0,0,0,0,,Translated
1135,森繁,うん……なんか、妹がはぐれてた,みたいだけど。, ,Morishige,They are. Though when I next ran into Mochida's,"sister, it seemed she and her brother had parted",ways...,모리시게,"응...... 왠지, 동생은",혼자 있던 것 같았지만.,,森繁,嗯……不過他妹妹好像,和哥哥走散了。, ,1,149,8,1,0,0,0,0,0,,Translated
1136,あゆみ,……森繁くん。, , ,Ayumi,"Uh, Morishige?",,,아유미,...... 모리시게 군.,,,あゆみ,……森繁同學。, ,,1,162,1,1,0,0,0,0,0,,Translated
1137,あゆみ,それ……手に持ってるもの……, , ,Ayumi,What...is that...in your hand?,,,아유미,그거...... 손에 들고 있는 거......,,,あゆみ,你手裡拿的那個……, ,,1,163,1,1,0,0,0,0,0,,Translated
1138,良樹,……っ！, , ,Yoshiki,Ah...!,,,요시키,...... 윽!,,,良樹,……！, ,,1,129,24,1,0,0,0,0,0,,Translated
1139,,　森繁の手には、血まみれの小さな麻袋が,　握られていました……, ,,Morishige appears to be grasping a blood-soaked,pouch in his hands.,,,"모리시게의 손에는, 피투성이인 작은 마대 자루가",쥐어져 있었습니다......,,,　森繁手裡握著一個沾血的小麻袋……, ,,0,0,0,1,0,0,0,0,0,,Translated
1140,森繁,！　……あ…ああ、これ？,この先の通路の床下で、えっと……, ,Morishige,"Hmm? Oh, this? I, uh, found it under the floorboards",in the hallway...,,모리시게,"!  ...... 아... 아아, 이거?","요 앞 통로 바닥에, 으음......",,森繁,！　……啊、啊，這個？,在走廊的地板下找到的，呃……,,1,150,8,1,0,0,0,0,0,,Translated
1141,森繁,みつけたんだけど……, , ,Morishige,...just up these stairs.,,,모리시게,있던 걸 찾은 건데......,,,森繁,找到的……, ,,1,151,8,1,0,0,0,0,0,,Translated
1142,あゆみ,…………, , ,Ayumi,...,,,아유미,............,,,あゆみ,…………, ,,1,164,1,1,0,0,0,0,0,,Translated
1143,森繁,何かのマジナイ？　これ……要るの？, , ,Morishige,Is it some kind of charm? Do you want it?,,,모리시게,무슨 주술?  이거...... 필요해?,,,森繁,是什麼咒語嗎？　這個……需要嗎？, ,,1,152,8,1,0,0,0,0,0,,Translated
1144,森繁,じゃ……渡しとくよ。,俺は今、人捜しで、それどころじゃないんだ。, ,Morishige,"Please, take it. I'm merely searching for a certain","someone, so I have no need for charms at the present",time.,모리시게,그럼...... 줄게.,"난 지금, 사람을 찾아야 해서, 그런 걸 할 때가 아냐.",,森繁,那……給你吧。,我現在在找人，沒空管這個。, ,1,153,8,1,0,0,0,0,0,,Translated
1145,,　遺体の一部（女児２）　を受け取りました。, , ,,Received another tongue bag from Morishige.,,,,유해의 일부 (여아2) 를 받았습니다.,,,,　收到了【遺體的一部分（女孩２）】。, ,,0,0,0,1,0,0,0,0,0,,Translated
1146,,　麻袋には小学校の名札が、付けられています。, , ,,"As with the others, there's a student ID name tag",attached to the front.,,,마대 자루에는 초등학교 명찰이 달려 있습니다.,,,,麻袋上掛著小學的名牌。, ,,0,0,0,1,0,0,0,0,0,,Translated
1147,,　天神小学校,　５の２　　かんの　ゆき, ,,Heavenly Host Elementary School,"Class 5-2, [Yuki Kanno]",,,텐진초등학교,5-2      칸노  유키,,,天神小學校,　５之２　　菅野　雪, ,0,0,0,1,0,0,0,0,0,,Translated
1148,森繁,じゃ、ね……。何だよ委員長、その目は。, , ,Morishige,"Well, I should be going now. Is something wrong,",class rep? You look like you've seen a ghost...,,모리시게,"그럼, 가볼게...... 뭐야 반장, 그 눈은.",,,森繁,那，再見……。班長，那是什麼眼神。, ,,1,154,8,1,0,0,0,0,0,,Translated
1149,森繁,そうだ、持田が１のＡで待ち合わせしようって,言ってたよ？, ,Morishige,"Ah, yes, one more thing. Mochida said we should",all try to meet in classroom 1-A.,,모리시게,"맞다, 모치다가 1-A에서 기다리라고",하던데?,,森繁,對了，持田說要在１年Ａ班會合，,你有聽說嗎？,,1,155,8,1,0,0,0,0,0,,Translated
1150,良樹,お、おぅ……, , ,Yoshiki,O-Okay...,,,요시키,"어, 그래......",,,良樹,喔、喔……, ,,1,130,24,1,0,0,0,0,0,,Translated
1151,良樹,た、多分よぉ……, , ,Yoshiki,I-I'm guessing...,,,요시키,"아, 아마도......",,,良樹,大、大概吧……, ,,1,131,24,1,0,0,0,0,0,,Translated
1152,あゆみ,……, , ,Ayumi,...,,,아유미,......,,,あゆみ,……, ,,1,165,1,1,0,0,0,0,0,,Translated
1153,良樹,鈴本の……いる、あの場所じゃ、なくて……, , ,Yoshiki,...it wasn't from...you know...Suzumoto's spot...,,,요시키,"스즈모토가...... 있는, 그곳이  아니라......",,,良樹,不是鈴本……所在的那個地方……, ,,1,132,24,1,0,0,0,0,0,,Translated
1154,良樹,近くの床にでも転がってたんだろう、舌(コレ)。,じゃなきゃよ……　なぁ……？, ,Yoshiki,Maybe it shifted over a few feet...and he got it,"from there. I mean, if he didn't, then...",,요시키,"근처 바닥에 굴러다니고 있었겠지, 이게(혀).",그렇지 않으면......  그치......?,,良樹,大概是在附近的地板上撿到這舌頭的吧。,不然就……對吧……？,,1,133,24,1,0,0,0,0,0,,Translated
1155,あゆみ,……怖い。あの人、手、血まみれだった。, , ,Ayumi,That really freaked me out.,Did you see his hands? They were covered in blood...,,아유미,"...... 무서워. 저 사람, 손이 피투성이였어.",,,あゆみ,……好可怕。那個人，手全是血。, ,,1,166,1,1,0,0,0,0,0,,Translated
1156,良樹,……。, , ,Yoshiki,...,,,요시키,......,,,良樹,……。, ,,1,134,24,1,0,0,0,0,0,,Translated
1157,,見えない力で押し戻されてしまいます……, , ,,"An unseen force is pushing you back, preventing",you from progressing any farther.,,,보이지 않는 힘에 밀려 되돌아옵니다......,,,,被看不見的力量推回來了……, ,,0,0,0,0,0,0,0,0,0,,Translated
1158,,【本館２Ｆ・東通路】, , ,,[Main Building 2F - East Hall],,,,【본관 2F 동쪽 통로】,,,,【本館２Ｆ・東側通道】, ,,0,0,0,0,0,0,0,0,0,,Translated
1159,,【本館２Ｆ・東通路】, , ,,[Main Building 2F - East Hall],,,,【본관 2F 동쪽 통로】,,,,【本館２Ｆ・東側通道】, ,,0,0,0,0,0,0,0,0,0,,Translated
1160,,【本館２Ｆ・東通路】, , ,,[Main Building 2F - East Hall],,,,【본관 2F 동쪽 통로】,,,,【本館２Ｆ・東側通道】, ,,0,0,0,0,0,0,0,0,0,,Translated
1161,,【本館３Ｆ・生徒用厠 前】, , ,,[Main Building 3F - Student Lavatories],,,,【본관 3F 학생용 화장실 앞】,,,,【本館３Ｆ・學生廁所 前】, ,,0,0,0,0,0,0,0,0,0,,Translated
1162,,【本館３Ｆ・生徒用厠 前】, , ,,[Main Building 3F - Student Lavatories],,,,【본관 3F 학생용 화장실 앞】,,,,【本館３Ｆ・學生廁所 前】, ,,0,0,0,0,0,0,0,0,0,,Translated
1163,,【本館３Ｆ・生徒用厠 前】, , ,,[Main Building 3F - Student Lavatories],,,,【본관 3F 학생용 화장실 앞】,,,,【本館３Ｆ・學生廁所 前】, ,,0,0,0,0,0,0,0,0,0,,Translated
1164,,【本館３Ｆ・６のＡ前】, , ,,[Main Building 3F - Outside Room 6-A],,,,【본관 3F 6-A 앞】,,,,【本館３Ｆ・６年Ａ班前】, ,,0,0,0,0,0,0,0,0,0,,Translated
1165,,【本館２Ｆ・西通路】, , ,,[Main Building 2F - West Hall],,,,【본관 2F 서쪽 통로】,,,,【本館２Ｆ・西側通道】, ,,0,0,0,0,0,0,0,0,0,,Translated
1166,,【本館２Ｆ・西通路】, , ,,[Main Building 2F - West Hall],,,,【본관 2F 서쪽 통로】,,,,【本館２Ｆ・西側通道】, ,,0,0,0,0,0,0,0,0,0,,Translated
1167,,【本館２Ｆ・西通路】, , ,,[Main Building 2F - West Hall],,,,【본관 2F 서쪽 통로】,,,,【本館２Ｆ・西側通道】, ,,0,0,0,0,0,0,0,0,0,,Translated
1168,,【３階　教師の立ち入りを禁ず】, , ,,[No teachers allowed on the third floor.],,,,【3층  교사의 출입을 금한다】,,,,【３樓　禁止教師進入】, ,,0,0,0,0,0,0,0,0,0,,Translated
1169,,　床の裂け目が閉じて、歩けるようになっています。, , ,,Though the floor here had clearly collapsed,"previously, the gap seems to have mysteriously",closed up on its own. It feels completely solid.,,갈라진 바닥이 막혀 지나갈 수 있게 되었습니다.,,,,地板的裂縫合上了，可以通行。, ,,0,0,0,1,0,0,0,0,0,,Translated
1170,文化人形,しく……しく……　　　　　　　　　　, , ,Antique Doll,*weep* *weep*,,,문화인형,훌쩍...... 훌쩍......,,,文化人形,嗚……嗚……　　　　　　　　　　, ,,1,30,5,1,1,1,1,0,0,,Translated
1171,文化人形,歩ケル裂ケ目ニ　タタサレテ……, , ,Antique Doll,go  to  where  the  floor  collapsed,but  then  got  better,,문화인형,지나갈 수 있는 틈 위에 서서......,,,文化人形,站在合上的　裂縫上……, ,,1,31,5,1,1,1,1,0,0,,Translated
1172,文化人形,……酉ヘ壱ユキ　子ヘ十アルキ, , ,Antique Doll,one  step  rooster,ten  paces  rat,,문화인형,"...... 우로 한 걸음, 좌로 열 걸음",,,文化人形,……往酉一步　往子十步, ,,1,32,5,1,1,1,1,0,0,,Translated
1173,,　玄関扉は、ピタリと空間に固定され、開きません。, , ,,The front entranceway might as well be painted on.,"It's neither opening, nor giving any hints that it",will ever open.,,현관문은 공간에 딱 고정되어 열리지 않습니다.,,,,玄關門固定在空間裡，打不開。, ,,0,0,0,0,0,0,0,0,0,,Translated
1174,,【天神小学校　玄関】, , ,,[Heavenly Host Elementary Front Entranceway],,,,【텐진초등학교 현관】,,,,【天神小學校　玄關】, ,,0,0,0,0,0,0,0,0,0,,Translated
1175,,【天神小学校　玄関】, , ,,[Heavenly Host Elementary Front Entranceway],,,,【텐진초등학교 현관】,,,,【天神小學校　玄關】, ,,0,0,0,0,0,0,0,0,0,,Translated
1176,,　お前の後ろは　ほんものか？, , ,,"Each time you turn around, stop for a moment and",ask yourself: is the world behind your back still,there?,,네 뒤는 진짜냐?,,,,　你身後是真實的嗎？, ,,0,0,0,0,0,0,0,0,0,,Translated
1177,,　犠牲者の手記（２／５）, , ,,[Victim's Memoirs],(2／5),,,희생자의 수기 (2/5),,,,　犧牲者的手記（２／５）, ,,0,0,0,0,0,0,0,0,0,,Translated
1178,,　俺のてのひらに, , ,,"I hold, in the palm of my hand...",,,,내 손으로,,,,　在我的掌心裡，, ,,0,0,0,0,0,0,0,0,0,,Translated
1179,,　生きていたあいつの、,　生きていたあいつカラダの,　一部分　握られている,,...a piece of a person's body. A piece of a person,who was living and breathing only a short while ago.,,,살아있던 그 녀석의,살아있던 그 녀석 몸의,일부분을 쥐고 있다,,　握著活著的她，,　活著的她身體的,　一部分,0,0,0,0,0,0,0,0,0,,Translated
1180,,　アイツの頭についてた,　器官を持ち歩いて,　いるんだね,,This body part used to be attached to her head. And,"now, I'm walking around the school with it.",,,그 녀석의 머리에 달려 있던,기관을 가지고,다닌다,,　帶著那傢伙頭上,　附著的器官,　走來走去,0,0,0,0,0,0,0,0,0,,Translated
1181,,　眼球ってこんなに,　重かったんだ, ,,I had no idea eyeballs were so heavy.,,,,안구는 이렇게나,무거웠구나,,,　眼球原來這麼重啊。, ,,0,0,0,0,0,0,0,0,0,,Translated
1182,,　僕はその硬質感を確かめるように、,　何度もにぎったり,　弱めたりしたのである,,"And I just keep squishing it in the palm of my hand,","as if I'm testing its firmness. Squeeze, and","release... Squeeze, and release...",,나는 그 질감을 확인하기 위해,몇 번이고 쥐었다,폈다 했다,,　我像是在確認那硬質感般，,　反覆地握緊、,　放鬆。,0,0,0,0,0,0,0,0,0,,Translated
1183,,ここで死ぬと、死んだ瞬間の痛みや苦しみが,永遠に続く……, ,,"When you die in this accursed place, you experience",the pain and suffering you felt at the moment of,your death for all eternity.,,"여기에서 죽으면, 죽은 순간의 아픔과 고통이",영원히 이어져......,,,在這裡死掉的話，死亡瞬間的痛苦和折磨,會永遠持續下去……, ,0,0,0,1,0,0,0,0,0,,Translated
1184,,魂の開放への道は、閉ざされているのだ……, , ,,Your soul will never be released from its misery.,,,,혼이 해방할 길은 막혀 있어......,,,,靈魂獲得解脫的道路，已被封閉……, ,,0,0,0,1,0,0,0,0,0,,Translated
1185,,　玄関扉は、記念館の模型のように,　ぴたりと固定されて開きません。, ,,"The entranceway doors look real, but are clearly","unopenable, like poorly-crafted models in some",sick recreation for an exhibit.,,현관문은 기념관 모형처럼,딱 고정되어 열리지 않습니다.,,,玄關門就像紀念館的模型一樣，,牢牢固定住打不開。, ,0,0,0,1,0,0,0,0,0,,Translated
1186,,　ぼろぼろのメモ書きが、落ちています。, , ,,There's a crumpled-up note on the floor.,,,,너덜너덜한 메모가 떨어져 있습니다.,,,,有一張破爛的筆記掉在地上。, ,,0,0,0,1,0,0,0,0,0,,Translated
1187,,　ひとつ、わかったことがある, , ,,There's one thing I've learned from all of this:,,,,"한 가지, 알게 된 사실이 있다",,,,　我明白了一件事, ,,0,0,0,1,0,0,0,0,0,,Translated
1188,,　子供達も被害者だ, , ,,The children are victims too.,,,,아이들도 피해자다,,,,　孩子們也是受害者, ,,0,0,0,1,0,0,0,0,0,,Translated
1189,,　憎むべきは　彼らを殺害した者, , ,,They're not at fault here. They're not the ones we,should hate.,,,증오해야 할 자는 그들을 살해한 자,,,,　該憎恨的是殺害他們的人, ,,0,0,0,1,0,0,0,0,0,,Translated
1190,,　この怨みの連鎖を　作りだした存在だ……, , ,,Their murderer is the one who created this cycle of,resentment and cruelty. Their murderer is our true,enemy.,,이 원한의 연쇄를 만들어 낸 존재다......,,,,　是製造了這怨恨連鎖的存在……, ,,0,0,0,1,0,0,0,0,0,,Translated
1191,,■天神小連絡通紙■,　校内で頻発している【生徒児童　誘拐事件】への,　対策を……,,[Heavenly Host Elementary - Notice to All Faculty,"and Students] Due to the recent kidnappings, caution",is highly recommended during all daily activities.,,■ 텐진초 연락 통신 ■,교내에 빈발하고 있는 【아동 유괴 사건】에 대한,대책을......,,■天神小連絡通紙■,　針對校內頻繁發生的【學生兒童　誘拐事件】的,　對策……,0,0,0,0,0,0,0,0,0,,Translated
1192,,　先般の事例に基づいて、,　各員速やかに執られたし……,　　　　　【天神小学校校長　柳堀隆峰】,,"In each instance, the victim was taken quickly and","unexpectedly, so please remain alert and aware at",all times.          -Principal Takamine Yanagihore,,각 교원은 선례에 기반하여,조속히 대처하기 바란다......,        【텐진초등학교 교장：야나기호리 타카미네】,,　根據先前的案例，,　請各位人員迅速執行……,　　　　　【天神小學校校長　柳堀隆峰】,0,0,0,0,0,0,0,0,0,,Translated
1193,,　窓の外は真っ暗で、何も見えません……, , ,,"From the windows, only a deep, immutable darkness",can be seen.,,,창밖은 새까매서 아무것도 보이지 않습니다......,,,,窗外一片漆黑，什麼也看不見……, ,,0,0,0,0,0,0,0,0,0,,Translated
1194,,■天神小連絡通紙■,　校内で頻発している【生徒児童　誘拐事件】への,　対策を……,,[Heavenly Host Elementary - Notice to All Faculty,"and Students] Due to the recent kidnappings, caution",is highly recommended during all daily activities.,,■ 텐진초 연락 통신 ■,교내에 빈발하고 있는 【아동 유괴 사건】에 대한,대책을......,,■天神小連絡通紙■,　針對校內頻繁發生的【學生兒童　誘拐事件】的,　對策……,0,0,0,1,0,0,0,0,0,,Translated
1195,,　先般の事例に基づいて、,　各員速やかに執られたし……,　　　　　【天神小学校校長　柳堀隆峰】,,"In each instance, the victim was taken quickly and","unexpectedly, so please remain alert and aware at",all times.          -Principal Takamine Yanagihore,,각 교원은 선례에 기반하여,조속히 대처하기 바란다......,        【텐진초등학교 교장：야나기호리 타카미네】,,　根據先前的案例，,　請各位人員迅速執行……,　　　　　【天神小學校校長　柳堀隆峰】,0,0,0,1,0,0,0,0,0,,Translated
1196,,　棚のガラスが割れており、危険です。, , ,,There's glass all over the floor here. Be very,careful where you step.,,,수납장 유리가 깨져서 위험합니다.,,,,櫃子的玻璃破了，很危險。, ,,0,0,0,1,0,0,0,0,0,,Translated
1197,,　教卓に、先ほど書いた文字が、残っています。, , ,,The message you wrote previously is still clearly,visible on the teacher's desk.,,,교탁에 조금 전에 남긴 글자가 남아 있습니다.,,,,講桌上還留著剛才寫的文字。, ,,0,0,0,1,0,0,0,0,0,,Translated
1198,,　返事は増えていません……, , ,,But nothing new has been added.,,,,답장은 적혀 있지 않습니다......,,,,沒有增加新的回覆……, ,,0,0,0,1,0,0,0,0,0,,Translated
1199,あゆみ,返事、何も増えてない……,みんな、見てるのかしら, ,Ayumi,No one's responded yet. I wonder if anyone's even,seen it...,,아유미,아무 답장이 없네......,다들 보고는 있는 걸까,,あゆみ,沒有增加任何回覆……,大家有看到嗎,,1,35,1,1,0,0,0,0,0,,Translated
1200,あゆみ,私のメッセージ……, , ,Ayumi,My message...,,,아유미,내 메시지......,,,あゆみ,我的訊息……, ,,1,36,1,1,0,0,0,0,0,,Translated
1201,あゆみ,……。, , ,Ayumi,...,,,아유미,......,,,あゆみ,……。, ,,1,37,1,1,0,0,0,0,0,,Translated
1202,,昭和48年9月4日, , ,,09-04-1973, ,,,1973년 9월 4일,,,,昭和48年9月4日, ,,0,0,0,1,0,0,0,0,0,,Translated
1203,,　昭和４＊年 ９月１８日　　日番　江迂／辻, ,,,197_-09-18,                    [Day duty: Qo／Tsuji],,,197*년 9월 18일    당번  코우/츠지,,,,　昭和４＊年 ９月１８日　　值日　江迂／辻, ,,0,0,0,0,0,0,0,0,0,,Translated
1204,,■天神町奉知新聞■,　児童四名　連続誘拐・殺害事件　速報,　……読みますか？,,[Heavenly Post],'Breaking News: Serial Kidnapping Ends In Murder',Read it?,,■ 텐진 지역 신문 ■,아동 4명  연속 유괴·살해사건  속보,...... 읽겠습니까?,,■天神町奉知新聞■,　兒童四名　連續綁架・殺害事件　速報,　……要閱讀嗎？,0,0,0,1,0,0,0,0,0,,Translated
1205,,いいえ,はい,,,No,Yes,,,아니오,예,,,不讀,是,,0,255,255,255,255,255,255,255,255,,Translated
1206,,　ここひと月の間に、町内で多数発生していた,　『連続児童失踪事件』は,,,"Over the past month, numerous children have gone","missing within the town, and authorities quickly",turned to kidnapping as the most likely explanation.,,요 1개월간 이 지역에서 수차례 발생한,『연속 아동 실종 사건』은,,,　在這一個月內，鎮上接連發生的,　『連續兒童失蹤事件』,,0,0,0,0,0,0,0,0,0,,Translated
1207,,　当局の捜査の結果、,　急転直下、最悪の形で解決へと向かった。,,,Now investigators have located the whereabouts of,"these children, and their findings are far worse",than anyone could've anticipated.,,당국의 수사 끝에,최악의 결과를 맞게 되었다.,,,　經過當局的搜查，,　情況急轉直下，以最壞的形式迎向結局。,,0,0,0,0,0,0,0,0,0,,Translated
1208,,　昭和四拾八年　九月拾八日、午後七時、,　同校内にて、失踪中の児童たちの亡骸と,,,The bodies of the absconded youths were discovered,within the Heavenly Host Elementary School building,"on September 18th, 1973 at around 7:00 PM.",,1973년 9월 18일 오후 7시,교내에서 실종된 아동들의 유해와,,,　昭和四十八年九月十八日下午七時，,　在校內發現失蹤兒童們的遺體，以及,,0,0,0,0,0,0,0,0,0,,Translated
1209,,　血の付いた鋏(はさみ)を持ち放心している,　教員一名を発見、これを確保した。,,,Authorities further revealed that a male instructor,"from the school was found with them, alive but near-","catatonic, holding a pair of bloodied scissors.",,피가 묻은 가위를 들고 가만히 있던,"교원 1명을 발견, 확보했다.",,,　一名手持沾血剪刀、茫然呆立的教育人員，,　已將其控制。,,0,0,0,0,0,0,0,0,0,,Translated
1210,,　遺体は全て、舌が＊り取ら＊ており、＊,　＊＊を凶器＊＊定＊,,,Each of the corpses appeared to have had its tongue,sev__ed and remove_________________ique mutilations,far too grot___________________g to describe.,,유해는 전부 혀가 *혀 *어,**를 흉기* *정,,,　所有遺體的舌頭都被＊去＊，＊,　＊＊被判定為凶器＊＊,,0,0,0,0,0,0,0,0,0,,Translated
1211,,（下半分がちぎれていて、読めません）, ,,,"(The page is torn at this point, and the bottom",half of the article is nowhere to be found.),,,(아랫부분이 찢어져 읽을 수 없습니다),,,,（下半部被撕掉，無法閱讀）, ,,0,0,0,0,0,0,0,0,0,,Translated
1212,あゆみ,！　冴之木　七星（ナホ）……さん。, , ,Ayumi,Naho...Saenoki!,,,아유미,!  사에노키 나호...... 씨.,,,あゆみ,！　冴之木　七星……小姐。, ,,1,44,1,1,0,0,0,0,0,,Translated
1213,七星,…………。, , ,Naho,...,,,나호,............,,,七星,…………。, ,,1,63,9,1,0,0,0,0,0,,Translated
1214,あゆみ,……うそつき！　うそつき、うそつき！, , ,Ayumi,"You're a liar! Liar, LIAR!!",,,아유미,"...... 거짓말쟁이!  거짓말쟁이, 거짓말쟁이!",,,あゆみ,……騙子！　騙子、騙子！, ,,1,45,1,1,0,0,0,0,0,,Translated
1215,あゆみ,あの子供の霊達……犯人の懺悔でも、,成仏しなかったじゃない。, ,Ayumi,Those child spirits didn't give a crap about the,killer's stupid repentance!,,아유미,그 유령 아이들...... 범인의 참회로도,성불하지 않았잖아.,,あゆみ,那些孩子幽靈……就算有犯人的懺悔，,也沒有成佛啊。, ,1,46,1,1,0,0,0,0,0,,Translated
1216,あゆみ,鈴本さんを返してよ……！,う……うっ……, ,Ayumi,Give me back Suzumoto!!,*hic* Aaaaahhhhhhhnnnnngg....,,아유미,스즈모토를 돌려줘......!,으...... 윽......,,あゆみ,把鈴本同學還給我……！,嗚……嗚……,,1,47,1,1,0,0,0,0,0,,Translated
1217,良樹,……相変わらず綺麗に通るな、お前の声は, , ,Yoshiki,I've said it before and I'll say it again:,Your voice really travels.,,요시키,"...... 여전히 잘 들리는걸, 네 목소린",,,良樹,……你的聲音還是傳得那麼清楚呢。, ,,1,239,23,1,0,0,0,0,0,,Translated
1218,あゆみ,！　 ……岸沼君……, , ,Ayumi,Ah! Kishinuma!,,,아유미,!  ...... 키시누마 군......,,,あゆみ,！　……岸沼同學……, ,,1,48,1,1,0,0,0,0,0,,Translated
1219,良樹,……っく。　だ、大丈夫か、篠崎……？, , ,Yoshiki,...Urk...,"You okay, Shinozaki?",,요시키,"...... 큭.  괘, 괜찮아? 시노자키......",,,良樹,……咳。　沒、沒事吧，篠崎……？, ,,1,240,23,1,0,0,0,0,0,,Translated
1220,あゆみ,あなたこそ……どうしたの、そんな血まみれで！, , ,Ayumi,You're one to ask! What on earth happened to you?!,There's blood everywhere!,,아유미,"너야말로...... 어떻게 된 거야, 그렇게 피를 잔뜩 묻히고!",,,あゆみ,你才是……怎麼了，滿身是血！, ,,1,49,1,1,0,0,0,0,0,,Translated
1221,良樹,はは……いや、さっきお前がいなくなった時,いきなりうしろから殴られて……、……うッ, ,Yoshiki,"Heh... Well, soon as you turned that corner before,",I got struck in the noggin from behind...,...Glk!...,요시키,하하...... 좀 전에 네가 사라졌을 때,갑자기 뒤에서 때리더라고...... 윽,,良樹,哈哈……剛才你不見的時候,突然被從後面打了……、……嗚,,1,241,23,1,0,0,0,0,0,,Translated
1222,良樹,……平気だ。……どこだかわかんねぇけど、,薄暗い部屋に……監禁されてたらしい。, ,Yoshiki,"...But I'm fine, don't worry. Dunno exactly where,",but I was locked up in some gloomy little room...,,요시키,...... 괜찮아...... 어딘지는 모르지만,깜깜한 방에...... 갇혀 있었어.,,良樹,……沒事的。雖然不知道在哪裡，,但被關在一個昏暗的房間裡……,,1,242,23,1,0,0,0,0,0,,Translated
1223,良樹,子供の幽霊だの……なんか、ハンマー持った,デカイ奴だの、いたな。, ,Yoshiki,The child spirits were there...along with some,really big dude holding a hammer.,,요시키,"어린 유령들에...... 뭔가, 망치 같은 걸 든",커다란 녀석도 있었지.,,良樹,有小孩幽靈……還有拿著鐵鎚的,大個子。, ,1,243,23,1,0,0,0,0,0,,Translated
1224,あゆみ,……どうやって、ここまで？, , ,Ayumi,"...How...did you get here, then?",,,아유미,"...... 어떻게, 여기까지 온 거야?",,,あゆみ,……怎麼到這裡的？, ,,1,51,1,1,0,0,0,0,0,,Translated
1225,良樹,その後、また意識が飛んで……目、覚めたら……,１階の廊下に寝かされていた。, ,Yoshiki,"Well, after a little while in that room, I lost","consciousness again...and when I woke up, I was",in the first floor hallway.,요시키,"그 후, 또 의식이 날아가고...... 눈을 떠보니......",1층 복도에 누워 있었어.,,良樹,之後又失去意識……醒來時……,被放在一樓走廊上。, ,1,244,23,1,0,0,0,0,0,,Translated
1226,あゆみ,……そこまで、誰かに運ばれたのかな……,でも無事で良かった。, ,Ayumi,So...did somebody carry you there...?,"Either way, I'm just glad you're all right.",,아유미,...... 누가 거기까지 옮긴 건가......,그래도 무사해서 다행이야.,,あゆみ,……是有人把你搬到那裡的吧……,不過平安就好。, ,1,52,1,1,0,0,0,0,0,,Translated
1227,あゆみ,……もういや、誰も死んじゃいや……, , ,Ayumi,I don't know how much more of this I can take...,I don't want anybody else to die!,,아유미,"...... 이젠 싫어, 누가 죽는 건 싫어......",,,あゆみ,……已經夠了，不要再有人死了……, ,,1,53,1,1,0,0,0,0,0,,Translated
1228,良樹,……おう。, , ,Yoshiki,Yeah...,,,요시키,...... 응.,,,良樹,……嗯。, ,,1,245,23,1,0,0,0,0,0,,Translated
1229,七星,間違っては、いません……, , ,Naho,I...am not mistaken.,,,나호,"틀리지는, 않았어요......",,,七星,並沒有錯……, ,,1,64,9,1,0,0,0,0,0,,Translated
1230,七星,あの子供達の霊……ひとりずつでも、,全員を安息に弔う事で、, ,Naho,If each of those child spirits were to find peace...,even if they had to be appeased one by one...,,나호,그 아이들의 영혼을...... 한 명씩이라도,전원을 안식으로 이끌면,,七星,那些孩子幽靈……就算一個一個,將所有人都安撫成佛，, ,1,65,9,1,0,0,0,0,0,,Translated
1231,七星,彼らの捕らわれた魂が形成している、,この多重閉鎖空間は, ,Naho,"...then these closed spaces, given shape by their",bound souls...,,나호,그들의 혼이 형성하고 있는,이 다중폐쇄공간은,,七星,他們被束縛的靈魂所形成的,這個多重封閉空間，, ,1,66,9,1,0,0,0,0,0,,Translated
1232,七星,存在を保つ事が出来なくなる筈です。, , ,Naho,...should not be able to remain in existence.,,,나호,존재를 유지할 수 없게 될 겁니다.,,,七星,應該就無法繼續存在了。, ,,1,67,9,1,0,0,0,0,0,,Translated
1233,良樹,……あいつ等を殺した、犯人の懺悔でも……, , ,Yoshiki,"We let them hear the killer's regrets, though...",,,요시키,...... 그 녀석들을 죽인 범인의 참회로도......,,,良樹,……我們讓那些傢伙聽了犯人的懺悔……, ,,1,246,23,1,0,0,0,0,0,,Translated
1234,良樹,出来なかったぞ、それ……,そもそも犯人て、どんな奴なんだよ？, ,Yoshiki,...and it did nothing to help us! What kind of,"person are we dealing with here, anyway?!",,요시키,"불가능했어, 그거......",애초에 범인은 어떤 녀석이야?,,良樹,但還是沒用……,話說回來，犯人到底是什麼樣的傢伙？,,1,247,23,1,0,0,0,0,0,,Translated
1235,七星,……貴方を襲った、鉄槌を持った男……,それが殺人犯です。, ,Naho,"The man with the hammer, who attacked you...",He was their murderer.,,나호,"당신을 덮친, 망치를 쥔 남자......",그것이 살인범입니다.,,七星,……襲擊你的，拿著鐵鎚的男人……,那就是殺人犯。,,1,68,9,1,0,0,0,0,0,,Translated
1236,良樹,！　……まじかよ。, , ,Yoshiki,Y-You serious?!,,,요시키,!  ...... 정말이야.,,,良樹,！　……真的假的。, ,,1,248,23,1,0,0,0,0,0,,Translated
1237,七星,あの男の霊も暴走しているようですね……,見さかいなく生者を傷つけている。, ,Naho,"It seems he's got a violent streak even in death, as",well. He harms the living indiscriminately.,,나호,그 남자의 영혼도 폭주한 모양이지만요......,마구잡이로 산 자를 상처입히고 있지요.,,七星,那個男人的靈魂似乎也在暴走……,毫無分別地傷害著活人。, ,1,69,9,1,0,0,0,0,0,,Translated
1238,七星,まずはあの男の霊を静めることが、,急務かも知れません。, ,Naho,So your first order of business...should be to,quell his wanton behavior.,,나호,우선은 그 남자 유령을 진정시키는 것이,급선무일지도 모릅니다.,,七星,首先要做的，,可能是安撫那個男人的靈魂。, ,1,70,9,1,0,0,0,0,0,,Translated
1239,あゆみ,……どうすればいいの？, , ,Ayumi,And how are we supposed to do that?,,,아유미,...... 어떻게 하면 돼?,,,あゆみ,……該怎麼做？, ,,1,54,1,1,0,0,0,0,0,,Translated
1240,七星,センセイが調べた記事によると……,あなたの持っているその『文化人形』は, ,Naho,"Based on my mentor's research, that antique doll",you've got in your hands should be a good place,to start.,나호,선생님이 조사했던 기사에 의하면......,당신이 가지고 있는 그 『문화인형』은,,七星,根據導師調查的報導……,你手中的那個『文化人偶』，, ,1,71,9,1,0,0,0,0,0,,Translated
1241,七星,あの男の持ち物です……母親に貰った、,大事な心の拠り所だったようで、, ,Naho,It belonged to him in life. He was given it by his,"mother, and reportedly, he relies on it to keep his",mind leveled and his heart in balance.,나호,그 남자의 소지품입니다...... 모친에게 받은,소중한 마음의 안식처였으니,,七星,是那個男人的遺物……是母親給他的，,重要的心靈寄託，, ,1,72,9,1,0,0,0,0,0,,Translated
1242,七星,きっとそれを、捜しているのでしょう……, , ,Naho,I'm certain he must be looking for it...,,,나호,분명 그것을 찾고 있겠지요......,,,七星,他一定是在尋找它吧……, ,,1,73,9,1,0,0,0,0,0,,Translated
1243,良樹,ちょっと待ってくれ。センセイ、って……誰？, , ,Yoshiki,Hold on a second... Who's this 'mentor' of yours?,,,요시키,잠깐만. 선생님은...... 누구야?,,,良樹,等一下。導師……是誰？, ,,1,249,23,1,0,0,0,0,0,,Translated
1244,七星,……私の事は詮索するな……, , ,Naho,My personal affairs are not your concern!,,,나호,...... 날 캐고 들지 마......,,,七星,……不要探究我的事……, ,,1,74,9,1,0,0,0,0,0,,Translated
1245,良樹,……っ。（何だ、……こいつ？）, , ,Yoshiki,*gasp*,(What's...happening?!),,요시키,...... 윽.  (뭐야......? 이 녀석),,,良樹,……。（怎麼了……這傢伙？）, ,,1,250,23,1,0,0,0,0,0,,Translated
1246,七星,……ごめんなさい。あの男の死体……亡骸が、, , ,Naho,Sorry about that! *ahem* You'll need to find that,"man's body...or his remains, at any rate.",,나호,...... 죄송합니다. 그 남자의 사체...... 유해가,,,七星,……對不起。那個男人的屍體……遺骸，, ,,1,75,9,1,0,0,0,0,0,,Translated
1247,七星,この校舎の何処かにある筈……,それを見つけて返してやれば、, ,Naho,They should be in this school building somewhere.,"And if you find them, and return the doll to their",side...,나호,이 교사 어딘가에 있을 터......,그것을 찾아 돌려주기만 하면,,七星,應該在這校舍的某處……,找到並還給他的話，, ,1,76,9,1,0,0,0,0,0,,Translated
1248,七星,いいんだよ。, , ,Naho,...everything'll be juuuust fine!,,,나호,되는 거야.,,,七星,就行了。, ,,1,77,9,1,0,0,0,0,0,,Translated
1249,七星,ギギギギ, , ,Naho,Gllllllrrrrrrrggggggghhhhh...,,,나호,기기기기,,,七星,嘰嘰嘰嘰, ,,1,78,9,1,1,0,0,0,0,,Translated
1250,あゆみ,七星……さん？, , ,Ayumi,Ms...Saenoki...?,,,아유미,나호...... 씨?,,,あゆみ,七星……小姐？, ,,1,55,1,1,0,0,0,0,0,,Translated
1251,七星,……っ, , ,Naho,*gasp* *pant* *pant*,,,나호,...... 윽!,,,七星,……, ,,1,79,9,1,0,0,0,0,0,,Translated
1252,七星,お友達の死は、あなたのせい……, , ,Naho,Your friend's death...is your own fault.,,,나호,"친구의 죽음은, 당신 탓......",,,七星,朋友的死……是你的錯……, ,,1,80,9,1,1,0,0,0,0,,Translated
1253,良樹,何だ、あれ……信用して良いのか？, , ,Yoshiki,What the hell was that all about? Can we really,believe a word she just said?!,,요시키,"뭐야, 저건...... 믿어도 되는 거야?",,,良樹,什麼啊……能相信她嗎？, ,,1,251,23,1,0,0,0,0,0,,Translated
1254,あゆみ,ね……でも、心当たりもあるの。, , ,Ayumi,Maybe not...but it's as good a place to start as,any.,,아유미,"아...... 그런데, 짚이는 건 있어.",,,あゆみ,嗯……不過，也有頭緒。, ,,1,56,1,1,0,0,0,0,0,,Translated
1255,あゆみ,さっき、この人形が……１階を通った時、,泣いてたの、しくしくって。, ,Ayumi,"Earlier, as I was passing through the first floor,","the doll started crying...like, weeping, loudly.",,아유미,좀 전에 이 인형이...... 1층을 지나갔을 때,"울고 있었어, 훌쩍훌쩍 하고",,あゆみ,剛才經過一樓時，這人偶……,在哭，嗚嗚地。, ,1,57,1,1,0,0,0,0,0,,Translated
1256,良樹,……まじかよ、相変わらず気持ち悪い人形だな。, , ,Yoshiki,"Seriously...? Let me tell you, I sure didn't miss",having that thing around...,,요시키,"...... 진짜냐, 여전히 기분 나쁜 인형이구만.",,,良樹,……真的嗎，還是這麼噁心的人偶啊。, ,,1,252,23,1,0,0,0,0,0,,Translated
1257,あゆみ,探知機になるかも……子供達を殺した,犯人の、死体をさがす……, ,Ayumi,"Well, we might be able to use it like a tracking",device. It could lead us right to the murderer's,body!,아유미,아이들을 죽인...... 범인의,사체를 찾는...... 탐지기가 될지도......,,あゆみ,也許能當探測器……找到殺死孩子們的,犯人的屍體……,,1,58,1,1,0,0,0,0,0,,Translated
1258,あゆみ,ね……動いてみようよ。, , ,Ayumi,"...Either way... Let's just keep moving, okay?",,,아유미,저기...... 움직여 보자.,,,あゆみ,喂……走吧。, ,,1,59,1,1,0,0,0,0,0,,Translated
1259,あゆみ,ていうか怪我、大丈夫……？,うわ、すごいコブが出来てるじゃない。, ,Ayumi,"Or...can you? How's your head? Wow, that's quite",a bump you've got!,,아유미,그나저나 상처는 괜찮아......?,"우와, 커다란 혹이 생겼잖아.",,あゆみ,話說傷勢沒事吧……？,哇，腫了個大包啊。, ,1,60,1,1,0,0,0,0,0,,Translated
1260,良樹,金槌の柄が、モロに頭に当たったからな……。,もし先ん所が当たってたら死んでたぜ。, ,Yoshiki,"Guy was a lousy aim, but he still hit my head full","force with the handle. If he'd been more accurate,",I'd be a goner for sure.,요시키,망치 자루로 머리를 직접 때렸으니까......,혹시 끝부분으로 맞았으면 죽었을걸.,,良樹,鐵鎚的柄直接打到了頭……,要是前端打中就死了。,,1,253,23,1,0,0,0,0,0,,Translated
1261,良樹,くそっ！　……殺人犯め。, , ,Yoshiki,Damned child killer...,,,요시키,젠장!  ...... 살인범 자식.,,,良樹,可惡！　……殺人犯。, ,,1,254,23,1,0,0,0,0,0,,Translated
1262,あゆみ,たまたま私が包帯持ってたから良いようなものの……,巻いといてあげる。, ,Ayumi,*sigh* You're lucky I just so happen to have some,cloth bandages with me. I'll see what I can do,about dressing that wound...,아유미,마침 내가 붕대를 가지고 있었으니 망정이지......,감아줄게.,,あゆみ,幸好我剛好有繃帶……,我幫你包紮吧。, ,1,61,1,1,0,0,0,0,0,,Translated
1263,良樹,お前の怪談グッズ……助かるわ。,ハハハ……, ,Yoshiki,"Part of your prop closet, I take it? Guess I should",be thankful for your horror obsession after all...,Heh...heheheh...,요시키,네 괴담 굿즈...... 도움이 되는데.,하하하......,,良樹,是你的恐怖道具……幫大忙了。,哈哈哈……,,1,255,23,1,0,0,0,0,0,,Translated
1264,,　酸化して茶色くなった古い本が数冊、,　並んでいます……, ,,"The shelf is crammed full of very old, thoroughly",yellowed books with unusual titles.,,,산화하여 색이 바랜 낡은 책이 몇 권,진열되어 있습니다......,,,氧化變黃的舊書有幾本，,　排列著……, ,0,0,0,1,0,0,0,0,0,,Translated
1265,,【古方位学】,　……読みますか？, ,,"One book is sticking out farther than the others,",as if begging to be perused: [Circumnavigating the,Ancient World]. Read it?,,【고방위학】,...... 읽겠습니까?,,,【古方位學】,　……要閱讀嗎？, ,0,0,0,1,0,0,0,0,0,,Translated
1266,,はい,いいえ,,,Yes,No,,,네,아니오,,,是,否,,0,255,255,255,255,255,255,255,255,,Translated
1267,,　東西南北,　天球三六〇度を時計板のように,　十二に分け、,,The cardinal directions are to be laid flat upon a,"clock face, with additional divisions placed amongst",them to mimic fully time's twelve notches.,,동서남북,천구 360도를 시계판과 같이,12로 나눠,,　東西南北，,　將天球三百六十度像鐘錶盤一樣,　分成十二等份，,0,0,0,1,0,0,0,0,0,,Translated
1268,,　「北」を「子(ね)」とし,　十二支それぞれを右回りに当てはめ,　表した。,,"Beginning with the Rat affixed at due north, the",twelve signs of the Chinese zodiac shall be labeled,clockwise around this timepiece compass.,,「북」을 「자」로 두고,십이지 각각을 오른쪽에 두어,표시한다.,,　以「北」為「子」，,　將十二地支分別按順時針,　對應排列。,0,0,0,1,0,0,0,0,0,,Translated
1269,,　十二支の順番は,　子・丑・寅・卯・辰・巳・,　午・未・申・酉・戌・亥,,"Rat, Ox, Tiger, Rabbit, Dragon, Snake, Horse, Ram,","Monkey, Rooster, Dog, Pig, then back to Rat.",,,십이지의 순서는,자·축·인·묘·진·사·,오·미·신·유·술·해,,　十二地支的順序是,　子・丑・寅・卯・辰・巳・,　午・未・申・酉・戌・亥,0,0,0,1,0,0,0,0,0,,Translated
1270,,　時計の数字に順番に当てはめ、１２を,　北だと考えれば判り易いだろう。,　例えば,,"For ease of remembrance, it's best to equate each",direction with both its zodiac sign and its hour on,"the clock. North, then, is both the Rat and 12:00.",,순서대로 시계 숫자에 맞춰,12를 북이라고 생각하면 이해하기 쉬울 것이다.,예를 들면,,　按照時鐘的數字順序對應，,　將１２視為北就容易理解了。,　例如,0,0,0,1,0,0,0,0,0,,Translated
1271,,　古方位で,　東の場合は卯、,　東南の場合は辰となる。,,"East is the Rabbit, and east by southeast is the",Dragon. This is the basis of circumnavigation within,the ancient world.,,고방위에서,동쪽은 묘,동남쪽은 진이 된다.,,　在古方位中，,　東方是卯，,　東南是辰。,0,0,0,1,0,0,0,0,0,,Translated
1272,,　19730918, , ,,19730918, ,,,19730918,,,,　19730918, ,,0,0,0,1,0,0,0,0,0,,Translated
1273,,　扉は模型のように固定されており、,　開ける事が出来ません。, ,,The door seems affixed to the wall like a model.,It can't be opened.,,,문은 모형처럼 고정되어,열 수 없습니다.,,,門像模型一樣固定住，無法打開。, ,,0,0,0,1,0,0,0,0,0,,Translated
1274,,　装置のレバーは、がちりと固定され動きません。, , ,,The lever is stuck. It won't budge.,,,,장치의 레버는 완전히 고정되어 움직일 수 없습니다.,,,,裝置的拉桿完全固定住，動也不動。, ,,0,0,0,1,0,0,0,0,0,,Translated
1275,,　レバーは、もう一段階押し込めそうな隙間があり、,　その下には小さな鍵穴が見えます。, ,,There does seem to be space for it to go down one,"more notch, but the mechanism is locked. There's","a tiny, peculiarly-shaped keyhole in its base.",,레버는 한 단계 더 밀 수 있는 틈이 보이고,그 아래에는 작은 열쇠 구멍이 보입니다.,,,拉桿似乎還可以再往下壓一階，,　下方可以看到一個小鑰匙孔。, ,0,0,0,1,0,0,0,0,0,,Translated
1276,,　装置には小さな穴が開いています。,　小さなキー　を挿し込んでみますか？, ,,The winder you found looks like it'll fit perfectly,in the keyhole at the base of the lever. Use it?,,,장치에는 작은 구멍이 나 있습니다.,작은 키를 끼워 보겠습니까?,,,裝置上有一個小孔。,　要試著插入【小鑰匙】嗎？,,0,0,0,1,0,0,0,0,0,,Translated
1277,,はい,いいえ,,,Yes,No,,,네,아니오,,,是,否,,0,255,255,255,255,255,255,255,255,,Translated
1278,,　……鍵は装置の中に取り込まれてしまいましたが、,　何も起きません。, ,,It did indeed slip into the device without any,trouble...but nothing happened!,,,...... 열쇠는 장치 안으로 들어갔지만,아무 일도 일어나지 않습니다.,,,　……鑰匙雖然進入了裝置內部，,　但什麼也沒發生。, ,0,0,0,1,0,0,0,0,0,,Translated
1279,良樹,……おいおい, , ,Yoshiki,"Oh, come on...",,,요시키,...... 어이 어이,,,良樹,……喂喂, ,,1,29,24,1,0,0,0,0,0,,Translated
1280,,　装置のレバーは、がちりと固定され動きません。, , ,,"The lever is still stuck, but seems to have a bit",more give than it did before.,,,장치의 레버는 완전히 고정되어 움직일 수 없습니다.,,,,裝置的拉桿完全固定住，動也不動。, ,,0,0,0,1,0,0,0,0,0,,Translated
1281,,　レバーは もう一段階押し込めそうな隙間があり、,　その下には小さな鍵穴が見えます。, ,,There's space for it to go down one more notch.,,,,레버는 한 단계 더 밀 수 있는 틈이 보이고,그 아래에는 작은 열쇠 구멍이 보입니다.,,,拉桿似乎還可以再往下壓一階，,　下方可以看到一個小鑰匙孔。, ,0,0,0,1,0,0,0,0,0,,Translated
1282,,　レバーを押し込んでみますか？, , ,,Try forcing it?,,,,레버를 밀어보겠습니까?,,,,要試著壓下拉桿嗎？, ,,0,0,0,1,0,0,0,0,0,,Translated
1283,,はい,いいえ,,,Yes,No,,,네,아니오,,,是,否,,0,255,255,255,255,255,255,255,255,,Translated
1284,良樹,この……ッ！, , ,Yoshiki,Grrrraahh...,,,요시키,이게......!,,,良樹,這個……！, ,,1,30,24,1,0,0,0,0,0,,Translated
1285,良樹,ふッ！, , ,Yoshiki,Gah!,,,요시키,훗!,,,良樹,喝！, ,,1,31,24,1,0,0,0,0,0,,Translated
1286,,　装置のレバーは完全に押し込まれ、,　動かなくなりました……, ,,The lever is as far down as it'll go. There's,nothing more you can do with it.,,,장치의 레버는 완전히 밀려,움직이지 않게 되었습니다......,,,　裝置的拉桿完全壓下去了，,　動也不動了……, ,0,0,0,1,0,0,0,0,0,,Translated
1287,,壁に落書きがあります。, , ,,There's graffiti on the wall here:,,,,벽에 낙서가 있습니다.,,,,牆上有塗鴉。, ,,0,0,0,1,0,0,0,0,0,,Translated
1288,,“バカな連中だ,　天上なんて行けるわけがない”, ,,'Idiots. There's no getting into Heaven from here.', ,,,“바보 같은 녀석들,천상에 갈 수 있을 리가 없잖아”,,,“一群笨蛋，　怎麼可能上得了天堂”, ,,0,0,0,1,0,0,0,0,0,,Translated
1289,,　高校生ほどの大きさの、,　二人分の死体があります……, ,,"There are two corpses here, both large enough to",deduce that they were probably high-schoolers.,,,고등학생 정도 되는 크기의,두 사체가 있습니다......,,,　大約高中生大小的,　兩具屍體……, ,0,0,0,1,0,0,0,0,0,,Translated
1290,,　よく見ると、手を繋いだまま腐蝕し,　骨になったようです……, ,,"It appears they died hand-in-hand, and their",bleached white bones are still holding hands,even now.,,잘 보니 손을 잡은 채 부식하여,뼈가 된 모양입니다......,,,　仔細一看，是握著手腐蝕,　變成骨頭的……, ,0,0,0,1,0,0,0,0,0,,Translated
1291,,死ぬ前に二人が再会できた事は……,幸いだった, ,,I'm so glad we could find each other before we died.,,,,죽기 전에 둘이 재회한 건......,행운이었다,,,能在死前重逢……,　是幸運的, ,0,0,0,1,0,0,0,0,0,,Translated
1292,,このまま一緒に手を繋いで……,旅立てるなら、何も怖くはない, ,,"We'll set off on this journey together, holding",hands forevermore. There's nothing to be scared,of as long as we have each other.,,이대로 함께 손을 잡고......,떠날 수 있다면 무서울 것이 없다,,,就這樣牽著手一起……,　踏上旅途的話，沒什麼好害怕的, ,0,0,0,1,0,0,0,0,0,,Translated
1293,,俺達の生には意味があった,生きている内に、最高の伴侶を,見つけられたのだから,,"We know there was meaning in our lives, because we",were fortunate enough to find our soulmates...to,find one another amongst all the fish in the sea.,,우리들의 생에는 의미가 있었다,살아있는 동안 최고의 반려를,찾아냈으니까,,我們的生命是有意義的，,　因為在活著的時候，找到了,　最好的伴侶,0,0,0,1,0,0,0,0,0,,Translated
1294,,お父さんお母さん,私たちは幸せになります, ,,"To our mothers and our fathers, take heart:","we died happy, and wanted for nothing.",,,아버지 어머니,저희들은 행복해질 겁니다,,,爸爸媽媽，我們會幸福的, ,,0,0,0,1,0,0,0,0,0,,Translated
1295,,死んでしまえば現世での,この餓えの苦しみは消え……, ,,"And when we finally pass over to the other side,",our hunger pains will be gone.,,,죽으면 이 현세에서,굶주림으로 고통받는 일도 사라지고......,,,死了之後，現世,　飢餓的痛苦就會消失……, ,0,0,0,1,0,0,0,0,0,,Translated
1296,,天上で、幸せになれます, , ,,"We'll fly up to Heaven, and be joyous forevermore.",,,,"천상에서, 행복해질 겁니다",,,,就能在天堂得到幸福了, ,,0,0,0,1,0,0,0,0,0,,Translated
1297,,先立つ不孝をお許し下さい,一足先に、待っています, ,,Our only regret is the pain our deaths will cause,"you. But one day, we'll meet again, up in the golden",realm of the ever-after.,,먼저 가는 불효를 용서해주세요,"한발 먼저, 가 있겠습니다",,,請原諒我們先走的的不孝,　我們會先去等著你們, ,0,0,0,1,0,0,0,0,0,,Translated
1298,,レクサーヌ高等学校,　3年2組　神崎　蛍,　2年4組　湊川名雪,,Lexern Senior High School,"Class 3-2, [Hotaru Kanzaki]","Class 2-4, [Nayuto Minatogawa]",,렉산 고등학교,3학년 2반  칸자키 호타루,2학년 4반  미나토가와 나유키,,雷克薩努高中,　3年2班　神崎　螢,　2年4班　湊川名雪,0,0,0,1,0,0,0,0,0,,Translated
1299,良樹,う……っ、気を、失ってたのか……？, , ,Yoshiki,Oof...,Was I...knocked out...?,,요시키,"으...... 윽, 정신을 잃은 건가......?",,,良樹,嗚……、剛才是昏過去了嗎……？, ,,1,152,24,1,0,0,0,0,0,,Translated
1300,良樹,……どこだ……　ここは……？, , ,Yoshiki,...Where...am I...?,,,요시키,...... 여긴......  어디지......?,,,良樹,……哪裡……　這裡是……？, ,,1,153,24,1,0,0,0,0,0,,Translated
1301,良樹,……。, , ,Yoshiki,...,,,요시키,......,,,良樹,……。, ,,1,154,24,1,0,0,0,0,0,,Translated
1302,良樹,……！？, , ,Yoshiki,...?!,,,요시키,......!?,,,良樹,……！？, ,,1,155,24,1,0,0,0,0,0,,Translated
1303,良樹,……　ここ……俺らの教室  ……か？, , ,Yoshiki,Is this...our classroom...?,,,요시키,...... 여긴...... 우리들의 교실...... 인가?,,,良樹,……這裡……是我們的教室……嗎？, ,,1,156,24,1,0,0,0,0,0,,Translated
1304,良樹,マ……マジかよ……, , ,Yoshiki,...No foolin'?!,,,요시키,지...... 진짜냐......,,,良樹,真……真的假的……, ,,1,157,24,1,0,0,0,0,0,,Translated
1305,良樹,哲志や結衣センセー達は……,帰って来てねぇのか……？, ,Yoshiki,"Guess there's no Satoshi, or Ms. Yui, or anyone","else, huh...",,요시키,사토시와 유이 선생님은......,없는 건가......?,,良樹,哲志和結衣老師他們……,還沒回來嗎……？,,1,168,24,1,0,0,0,0,0,,Translated
1306,,　……棚の中に、担任、副担任の私物が,　置いてあります。, ,,The shelves are filled with personal effects,belonging to the class 2-9 primary and assistant,homeroom teachers.,,"...... 수납장 안에 담임, 부담임의 사물이",놓여 있습니다.,,,　……櫃子裡放著班導、副班導的私人物品。, ,,0,0,0,1,0,0,0,0,0,,Translated
1307,,　棚の中には,　『２－９　日直日誌』や出席簿、, ,,"There are various notebooks inside, with labels",like '2-9 Day Duty Log' and 'Attendance Roster.',,,수납장 안에는,『2-9 일직일지』와 출석부,,,櫃子裡有,　『２－９　值日日誌』和出席簿，, ,0,0,0,1,0,0,0,0,0,,Translated
1308,,　プロジェクター教材のリモコンなどが,　入っています。, ,,"It's stacked with teaching materials, including",the remote for the overhead projector.,,,프로젝터 교재 리모컨 등이,들어 있습니다.,,,還有投影機教材的遙控器等。, ,,0,0,0,1,0,0,0,0,0,,Translated
1309,,　……棚の中に、担任、副担任の私物が,　置いてあります。, ,,The shelves are filled with personal effects,belonging to the class 2-9 primary and assistant,homeroom teachers.,,"...... 수납장 안에 담임, 부담임의 사물이",놓여 있습니다.,,,　……櫃子裡放著班導、副班導的私人物品。, ,,0,0,0,1,0,0,0,0,0,,Translated
1310,良樹,（結衣センセー、自分チの猫用の,　缶詰置いとくのは）, ,Yoshiki,(Ms. Yui even has some cans of cat food in here.),,,요시키,"(유이 선생님, 자기 집 고양이에게 먹일",통조림을 놔 두는 건,,良樹,（結衣老師，把自己家貓用的,罐頭放在這裡）, ,1,169,24,1,0,0,0,0,0,,Translated
1311,良樹,（どう考えても、公私混同だよな……）, , ,Yoshiki,(I'm not sure that's the sort of thing she should,"be storing in the classroom, though...)",,요시키,"(아무리 봐도, 공사 혼동인데......)",,,良樹,（怎麼想都是公私不分啊……）, ,,1,170,24,1,0,0,0,0,0,,Translated
1312,,１０月２７日,　文化祭当日！　売るぞおしるこ、オメエラ,    　　　　  【日直　野村／水野 】,,10／27 - Culture festival in full swing! Let's sell,us some red bean soup like there's no tomorrow!,                  [Day duty: Nomura／Takayanagi],,10월 27일,"문화제 당일! 단팥죽 판매 중이다, 이 자식들아",          【당번  노무라/미즈노】,,１０月２７日,　文化祭當天！要賣紅豆湯啊，你們這些傢伙,          【值日　野村／水野】,0,0,0,1,0,0,0,0,0,,Translated
1313,良樹,哲志や結衣センセー達は……,帰って来てねぇのか……？, ,Yoshiki,"Guess there's no Satoshi, or Ms. Yui, or anyone","else, huh...",,요시키,사토시와 유이 선생님은......,없는 건가......?,,良樹,哲志和結衣老師他們……,還沒回來嗎……？,,1,168,24,1,0,0,0,0,0,,Translated
1314,,　時計の針は８時を指しています。,　廊下にはもう人の気配がありません。, ,,The needle on the clock in the hall is pointing to,"8, and there's not a soul in sight.",,,시계 바늘은 8시를 가리키고 있습니다.,복도에는 사람의 기척이 없습니다.,,,時鐘的指針指向八點。,　走廊上已經沒有人了。, ,0,0,0,1,0,0,0,0,0,,Translated
1315,,　廊下の電気は既に消され、真っ暗です。, , ,,"Venturing out in search of others, you find that",even the janitor has likely gone home. The lights,"are out, and the halls are pitch black.",,복도의 불은 모두 꺼져 새까맣습니다.,,,,走廊的燈已經關了，一片漆黑。, ,,0,0,0,1,0,0,0,0,0,,Translated
1316,,　消火栓の赤いランプだけが,　暗い廊下に、ぼうっと浮かんでいます……, ,,Only the red glow of the light next to the fire,"extinguisher offers any respite from the quaint,",quiet darkness of the school hallway.,,소화전의 빨간 램프만이,어두운 복도를 희미하게 밝히고 있습니다......,,,只有消防栓的紅色燈光,　在昏暗的走廊上隱約浮現……, ,0,0,0,1,0,0,0,0,0,,Translated
1317,良樹,（８時を過ぎて真っ暗な校舎の中に,　居残る事になるとはな……　現実感ねぇな）, ,Yoshiki,(Standing around in the darkened corridors of our,school building at 8:00 in the evening...just feels,so surreal...),요시키,(8시가 지나 새까매진 교사 안에,남게 될 줄은...... 현실감이 없구만),,良樹,（竟然會在八點過後漆黑一片的校舍裡,留到這麼晚……真沒真實感）, ,1,171,24,1,0,0,0,0,0,,Translated
1318,,　雷雨はますます激しくなっており、,　窓外の景色は白くけむって見えません。, ,,"As the thunder and rain grow in intensity, the","windows begin to condensate with moisture, turning",white in contrast to the corridor's sea of black.,,뇌우는 점점 거세지고,창밖 풍경은 부옇게 되어 보이지 않습니다.,,,雷雨越來越猛烈，,　窗外的景色白茫茫一片，看不清楚。, ,0,0,0,1,0,0,0,0,0,,Translated
1319,良樹,……。, , ,Yoshiki,...,,,요시키,......,,,良樹,……。, ,,1,172,24,1,0,0,0,0,0,,Translated
1320,良樹,（これ……現実か？）, , ,Yoshiki,(Is this...reality?),,,요시키,(이건...... 현실인가?),,,良樹,（這……是真實嗎？）, ,,1,173,24,1,0,0,0,0,0,,Translated
1321,良樹,（さっきまでのは……,　夢だったんじゃないか……？）, ,Yoshiki,(Was everything up until now just a dream?),,,요시키,(좀 전까지......,꿈이었던 거 아냐......?),,良樹,（剛才那些……,　難道都是夢嗎……？）,,1,174,24,1,0,0,0,0,0,,Translated
1322,良樹,（何処で、何やってんだろ俺……）, , ,Yoshiki,(Where am I right now? And what am I doing?),,,요시키,(나는 어디에서 뭘 한 거지......),,,良樹,（我現在在哪裡，在做什麼呢……）, ,,1,175,24,1,0,0,0,0,0,,Translated
1323,あゆみ,きゃ―――――ッ！, , ,Ayumi,EEEEEEEEEEK!!,,,아유미,꺄~~~~~~!,,,あゆみ,呀―――――！, ,,1,203,1,1,1,0,1,0,0,,Translated
1324,良樹,！　ど、どうした篠崎！, , ,Yoshiki,Wha...?! Shinozaki! What's wrong?!,,,요시키,"!  무, 무슨 일이야 시노자키!",,,良樹,！　怎、怎麼了篠崎！, ,,1,176,24,1,0,0,0,0,0,,Translated
1325,良樹,哲志や結衣センセー達は……,帰って来てねぇのか……？, ,Yoshiki,"Guess there's no Satoshi, or Ms. Yui, or anyone","else, huh...",,요시키,사토시와 유이 선생님은......,없는 건가......?,,良樹,哲志和結衣老師他們……,還沒回來嗎……？,,1,168,24,1,0,0,0,0,0,,Translated
1326,,　転校するすずめちゃんに花束をおくろう。,　賛同者は、下に名前を書くこと。, ,,We're collecting to buy a bouquet of flowers for,"our dear friend Suzume, who will be leaving us for",a new school after the festival.,,전학 가는 스즈메에게 꽃다발을 보내자.,참가할 사람은 아래에 이름을 적을 것.,,,給轉學的繭醬送花束吧。,　同意者請在下方簽名。, ,0,0,0,1,0,0,0,0,0,,Translated
1327,,（一人300円）,　　　　　■篠崎まで■, ,,300 yen per person.,- Contact Ayumi Shinozaki for payment. -,,,(한 명당 300엔),          ■시노자키에게■,,,（一人300圓）,　　　　　■請交給篠崎■, ,0,0,0,1,0,0,0,0,0,,Translated
1328,良樹,哲志や結衣センセー達は……,帰って来てねぇのか……？, ,Yoshiki,"Guess there's no Satoshi, or Ms. Yui, or anyone","else, huh...",,요시키,사토시와 유이 선생님은......,없는 건가......?,,良樹,哲志和結衣老師他們……,還沒回來嗎……？,,1,168,24,1,0,0,0,0,0,,Translated
1329,良樹,哲志や結衣センセー達は……,帰って来てねぇのか……？, ,Yoshiki,"Guess there's no Satoshi, or Ms. Yui, or anyone","else, huh...",,요시키,사토시와 유이 선생님은......,없는 건가......?,,良樹,哲志和結衣老師他們……,還沒回來嗎……？,,1,168,24,1,0,0,0,0,0,,Translated
1330,良樹,！　……篠崎！, , ,Yoshiki,Shinozaki!,,,요시키,!  ...... 시노자키!,,,良樹,！　……篠崎！, ,,1,158,24,1,0,0,0,0,0,,Translated
1331,良樹,しっかりしろよ、おい……, , ,Yoshiki,Hey! Wake up!,,,요시키,"정신 차려, 야......",,,良樹,振作點啊……, ,,1,159,24,1,0,0,0,0,0,,Translated
1332,良樹,…………。, , ,Yoshiki,...,,,요시키,............,,,良樹,…………。, ,,1,160,24,1,0,0,0,0,0,,Translated
1333,良樹,（ホッ、……息はしてるな）, , ,Yoshiki,"(She's breathing, at least...)",,,요시키,(휴...... 숨은 쉬는군),,,良樹,（呼……還有呼吸）, ,,1,161,24,1,0,0,0,0,0,,Translated
1334,良樹,篠崎、 おい！　……起きろよ。, , ,Yoshiki,"Shinozaki! Come on, wake up already!",,,요시키,"시노자키, 야!  ...... 일어나.",,,良樹,篠崎，喂！　……醒醒。, ,,1,162,24,1,0,0,0,0,0,,Translated
1335,あゆみ,ん……うぅ……, , ,Ayumi,Nnnnng...,,,아유미,으...... 으으......,,,あゆみ,嗯……嗚……, ,,1,193,1,1,0,0,0,0,0,,Translated
1336,あゆみ,き、岸沼……君……, , ,Ayumi,K-Kishi...numa...?,,,아유미,"키, 키시누마...... 군......",,,あゆみ,岸、岸沼……同學……, ,,1,194,1,1,0,0,0,0,0,,Translated
1337,あゆみ,……ふッ！　けほっ、こほっ, , ,Ayumi,*hic* *gag* *cough*,,,아유미,"...... 후욱!  콜록, 콜록",,,あゆみ,……呼！　咳咳、咳咳, ,,1,195,1,1,0,0,0,0,0,,Translated
1338,あゆみ,はぁ、はぁ……　ん…ッ,……あれ……？, ,Ayumi,*pant* *pant* ...Huh? What?!,,,아유미,"하아, 하아......  으... 윽",...... 어라......?,,あゆみ,呼、呼……　嗯…,……咦……？,,1,196,1,1,0,0,0,0,0,,Translated
1339,良樹,見てみろよ、周り！,……俺も信じらんねーんだけど。, ,Yoshiki,Take a look around you! I can hardly believe it,myself...but here we are!,,요시키,주위를 봐봐!,...... 나도 믿어지지 않지만.,,良樹,看看周圍！,……我自己也不太敢相信。, ,1,163,24,1,0,0,0,0,0,,Translated
1340,あゆみ,うそ……, , ,Ayumi,No way...,,,아유미,거짓말......,,,あゆみ,騙人……, ,,1,197,1,1,0,0,0,0,0,,Translated
1341,あゆみ,えっ！　帰っ……ほんと？,ここ…… ここは……！, ,Ayumi,*gasp* We're...back? For real? Is this...really,our school?!,,아유미,어! 돌아...... 정말?,여기...... 여긴......!,,あゆみ,咦！　回來了……真的？,這裡……這裡是……！,,1,198,1,1,0,0,0,0,0,,Translated
1342,良樹,マジだよ……ほら、俺の机だ！, , ,Yoshiki,It's really real. Check it out: Here's my desk!,,,요시키,"정말이야...... 봐, 내 책상이야!",,,良樹,是真的……你看，我的桌子！, ,,1,164,24,1,0,0,0,0,0,,Translated
1343,あゆみ,本当だ！　みてみて私の机！, , ,Ayumi,Mine too! It's right here! I can't believe it!,,,아유미,정말이네!  봐봐 내 책상!,,,あゆみ,真的！　快看我的桌子！, ,,1,199,1,1,0,0,0,0,0,,Translated
1344,良樹,てことは！, , ,Yoshiki,It's true...,,,요시키,그렇다는 건!,,,良樹,也就是說！, ,,1,165,24,1,0,0,0,0,0,,Translated
1345,あゆみ,ええ！　私達、帰って来れたのよ！,……やったぁ！, ,Ayumi,Yeah! We made it! We're home! WE'RE HOME!!,,,아유미,"그래!  우리들, 돌아온 거야!",...... 만세!,,あゆみ,嗯！　我們回來了！,……太好了！,,1,200,1,1,0,0,0,0,0,,Translated
1346,良樹,ッしゃー！　ざまぁ見ろ、畜生！, , ,Yoshiki,"FUCK YEAH! Suck on THAT, world!",,,요시키,"좋았어~!  꼴좋다, 망할 것들!",,,良樹,爽啦！　活該，可惡！, ,,1,166,24,1,0,0,0,0,0,,Translated
1347,良樹,へ……へへへ……,（グズッ）, ,Yoshiki,Heh...heheheheh...,,,요시키,헤...... 헤헤헤......,(훌쩍),,良樹,嘿……嘿嘿嘿……,（吸鼻子）,,1,167,24,1,0,0,0,0,0,,Translated
1348,あゆみ,ふふ……うふ……,（ひっく、ひっく）, ,Ayumi,Heheheh...heheh...heh... *sniffle*,,,아유미,후후...... 우후......,"(훌쩍, 훌쩍)",,あゆみ,呵呵……呵呵……,（嗚、嗚）,,1,201,1,1,0,0,0,0,0,,Translated
1349,あゆみ,もう……帰って来られないかと,思ってた……ぐすっ……, ,Ayumi,I never thought I'd live to see home again...,,,아유미,더는...... 못 돌아올 줄,알았어...... 훌쩍......,,あゆみ,還以為……回不來了……吸……, ,,1,202,1,1,0,0,0,0,0,,Translated
1350,あゆみ,もう……帰って来られないかと,思ってた……ぐすっ……, ,Ayumi,I never thought I'd live to see home again...,,,아유미,더는...... 못 돌아올 줄,알았어...... 훌쩍......,,あゆみ,還以為……回不來了……吸……, ,,1,202,1,1,0,0,0,0,0,,Translated
1351,山崎,生徒が話を聞いてくれない？, , ,Mr. Yamazaki,You say your students aren't listening to you?,,,야마자키,학생이 말을 안 듣는다고?,,,山崎,學生不聽你說話嗎？, ,,1,233,21,1,0,0,0,0,0,,Translated
1352,結衣,……もう私、どうしたらいいのか……, , ,Ms. Shishido,I just don't know what to do.,,,유이,"...... 저, 이젠 어떻게 하면 좋을지......",,,結衣,……我已經不知道該怎麼辦了……, ,,1,82,27,1,0,0,0,0,0,,Translated
1353,結衣,教師を続けていく自信が……,なくなってしまいました……, ,Ms. Shishido,I feel like...I've lost the will to teach...,,,유이,교사를 계속 해나갈 자신이......,없어졌어요......,,結衣,我失去了……繼續當老師的自信……, ,,1,83,27,1,0,0,0,0,0,,Translated
1354,山崎,……。, , ,Mr. Yamazaki,Hmm...,,,야마자키,......,,,山崎,……。, ,,1,234,21,1,0,0,0,0,0,,Translated
1355,結衣,保護者の皆様から、毎日メールが届くんです。, , ,Ms. Shishido,I receive emails from their parents and guardians,every single day.,,유이,매일 보호자들로부터 문자가 와요.,,,結衣,每天都會收到家長們的郵件。, ,,1,84,27,1,0,0,0,0,0,,Translated
1356,結衣,『結果』の出せない教師など不要だ,……って。, ,Ms. Shishido,They say I'm a teacher who gets no results...,that I'm useless...,,유이,『결과』를 내지 못하는 교사는 필요 없다,...... 고.,,結衣,說不需要「沒有成果」的老師……, ,,1,85,27,1,0,0,0,0,0,,Translated
1357,山崎,担任の私を飛び越えて、いきなり副担任の君にか……, , ,Mr. Yamazaki,"Going over my head, straight to you? That's",terrible... I'm the homeroom teacher here.,I should be the one answering to them.,야마자키,"담임인 날 제쳐 두고, 대뜸 부담임인 너에게......",,,山崎,越過我這個班導，直接找你這個副班導嗎……, ,,1,235,21,1,0,0,0,0,0,,Translated
1358,結衣,……。, , ,Ms. Shishido,*sigh*,,,유이,......,,,結衣,……。, ,,1,86,27,1,0,0,0,0,0,,Translated
1359,山崎,私が出張で飛び回っていて……君にクラスを,任せっきりにしているせいで, ,Mr. Yamazaki,This is my fault for always going away on business,trips and leaving you to fend off the wolves on,your own.,야마자키,내가 출장으로 여기저기 가 있는 동안......,너한테 반을 맡긴 탓에,,山崎,都是我因為出差到處跑……,把班級交給你的緣故，,,1,236,21,1,0,0,0,0,0,,Translated
1360,山崎,苦労をかけているね……すまないな。, , ,Mr. Yamazaki,They must have given you hell. I'm so sorry...,,,야마자키,이렇게 되어 버렸구나...... 미안하다.,,,山崎,讓你辛苦了……抱歉。, ,,1,237,21,1,0,0,0,0,0,,Translated
1361,結衣,いえ……　副担任として、ちゃんとあのクラスを,見るのが……私の使命ですから。, ,Ms. Shishido,No... I'm the assistant homeroom teacher. It's my,duty to tend the class in your absence.,,유이,아뇨...... 부담임으로서 그 반을,제대로 보는 것이...... 제 사명이니까요.,,結衣,不會……　身為副班導，照顧好那個班級,……是我的使命。, ,1,87,27,1,0,0,0,0,0,,Translated
1362,結衣,信用して私にクラスをお任せ頂いているのは、,むしろ光栄な事なのですが……, ,Ms. Shishido,"In fact, it's been my honor to have you entrust me",with your students.,,유이,절 믿고 반을 맡겨주신 건,오히려 영광이지만......,,結衣,您信任我、把班級託付給我，,反而是我的榮幸……, ,1,88,27,1,0,0,0,0,0,,Translated
1363,結衣,……ただ、最近。, , ,Ms. Shishido,"It's just that, lately...",,,유이,"...... 다만, 요즘.",,,結衣,……只是，最近。, ,,1,89,27,1,0,0,0,0,0,,Translated
1364,結衣,２－９のみんなにも……　何を言っても,冗談ぽく流されてしまうし、, ,Ms. Shishido,"...no matter what I say, every last student in class",2-9 makes a joke out of it.,,유이,2-9 애들한테...... 아무리 말해도,농담처럼 듣고 흘려 버리고,,結衣,對２－９的大家……不管說什麼,都被當成玩笑帶過，, ,1,90,27,1,0,0,0,0,0,,Translated
1365,結衣,あまり強く言うと反発されてしまうし……, , ,Ms. Shishido,"And if I react too strongly, they all start to talk",back.,,유이,너무 강하게 말하면 반발을 하고......,,,結衣,說得太重的話又會被反抗……, ,,1,91,27,1,0,0,0,0,0,,Translated
1366,結衣,多分もう私、みんなに嫌われてしまっています。, , ,Ms. Shishido,They must hate me by now!,,,유이,아마 모두 저를 싫어하는 거예요.,,,結衣,我大概已經被大家討厭了。, ,,1,92,27,1,0,0,0,0,0,,Translated
1367,結衣,だけど『結果』は大事ですし……,あの子達には、, ,Ms. Shishido,But I don't blame the parents. The bottom line is,what's important. It's all about results.,,유이,하지만 『결과』는 중요하니까......,그 애들은,,結衣,但「成果」很重要……,為了那些孩子們，, ,1,93,27,1,0,0,0,0,0,,Translated
1368,結衣,将来の為にも、いい成績をとれるように,してあげたい……, ,Ms. Shishido,"And what I want, most of all, is for these kids to","get good grades. For their own futures, if nothing",else.,유이,장래를 위해서라도 좋은 성적을,받을 수 있도록 하고 싶어요......,,結衣,為了他們的將來，我希望他們能取得好成績……, ,,1,94,27,1,0,0,0,0,0,,Translated
1369,結衣,いい成績を……そうすれば保護者の方も, , ,Ms. Shishido,And if they get good grades...then maybe their,parents will leave me alone...,,유이,좋은 성적을...... 그렇게 하면 보호자 분들도,,,結衣,好成績的話……家長們也會, ,,1,95,27,1,0,0,0,0,0,,Translated
1370,山崎,……宍戸。, , ,Mr. Yamazaki,Shishido?,,,야마자키,...... 시시도.,,,山崎,……宍戶。, ,,1,238,21,1,0,0,0,0,0,,Translated
1371,結衣,は、はい。, , ,Ms. Shishido,Y-Yes?,,,유이,"아, 네.",,,結衣,是、是的。, ,,1,96,27,1,0,0,0,0,0,,Translated
1372,山崎,目を閉じて……もう一度、思い返してごらん？, , ,Mr. Yamazaki,I want you to close your eyes and think back.,,,야마자키,눈을 감고...... 다시 한 번 떠올려 봐.,,,山崎,閉上眼睛……再回想一次看看？, ,,1,239,21,1,0,0,0,0,0,,Translated
1373,結衣,えっ……　な、何をですか？, , ,Ms. Shishido,Huh? ...Think back to what?,,,유이,"아...... 뭐, 뭘 말인가요?",,,結衣,欸……　回、回想什麼？, ,,1,97,27,1,0,0,0,0,0,,Translated
1374,山崎,ははは……生徒達さ。, , ,Mr. Yamazaki,"Hahaha... To your students, of course!",,,야마자키,하하하...... 학생들 말야.,,,山崎,哈哈哈……學生們啊。, ,,1,240,21,1,0,0,0,0,0,,Translated
1375,山崎,……君が毎日、それこそ必死で,彼等を想う気持ちに……, ,Mr. Yamazaki,"Every day, you give one-hundred ten percent for",them.,,야마자키,"...... 네가 매일, 그것도 필사적으로",그들을 생각하는 마음을......,,山崎,……你每天、拼了命地,為他們著想的心情……, ,1,241,21,1,0,0,0,0,0,,Translated
1376,山崎,気付いている子達も沢山いるという事実……。,思い当たらないか？, ,Mr. Yamazaki,And you know as well as I do that some of them,truly appreciate it. Any guesses which ones?,,야마자키,알고 있는 학생들도 많다는 사실......,모르겠어?,,山崎,有很多孩子也注意到了這個事實……,你想不到是誰嗎？,,1,242,21,1,0,0,0,0,0,,Translated
1377,結衣,……そうでしょうか。, , ,Ms. Shishido,...You really think any of them care?,,,유이,...... 그럴까요.,,,結衣,……是這樣嗎。, ,,1,98,27,1,0,0,0,0,0,,Translated
1378,山崎,うん。……教師嫌いの篠崎は、毎日,君に質問をしに、職員室に来ているし, ,Mr. Yamazaki,"Absolutely. How about Shinozaki, who usually hates",her teachers? She's in the staff room asking you,questions every day.,야마자키,"응...... 교사를 싫어하는 시노자키는, 매일",너에게 질문을 하러 교무실에 오고,,山崎,嗯。……討厭老師的篠崎，,每天都會來職員室向你問問題，, ,1,243,21,1,0,0,0,0,0,,Translated
1379,山崎,不登校だった岸沼も、週に４回以上学校へ,来るようになっている。, ,Mr. Yamazaki,"And Kishinuma, who almost never came to school at","all last year, has been here at least four times",each week since you started.,야마자키,"등교 거부였던 키시누마도, 1주일에 4번 이상",학교에 오게 되었어.,,山崎,曾經拒學的岸沼，,現在也每周來學校四次以上了。, ,1,244,21,1,0,0,0,0,0,,Translated
1380,山崎,去年、１年生の時には、考えられなかった光景だ。, , ,Mr. Yamazaki,Never thought I'd see the day...,,,야마자키,"작년, 1학년 때는 생각조차 못했던 광경이야.",,,山崎,去年一年級的時候，這可是難以想像的景象。, ,,1,245,21,1,0,0,0,0,0,,Translated
1381,山崎,生徒はよく見ている。,君は、嫌われてなど、いないと思うよ。, ,Mr. Yamazaki,"The students have taken notice, and they appreciate","you. Believe me, they don't hate you one bit!",,야마자키,학생들은 제대로 보고 있어.,너는 미움을 받는 게 아냐.,,山崎,學生們看得很清楚。,我想你並沒有被討厭。, ,1,246,21,1,0,0,0,0,0,,Translated
1382,結衣,……でも　例えそうだとしても、,……やはり『結果』が……, ,Ms. Shishido,But...even if that's true...I still don't get,results.,,유이,...... 하지만 설령 그렇다 해도,...... 역시 『결과』가......,,結衣,……但即使如此，,……還是「成果」……, ,1,99,27,1,0,0,0,0,0,,Translated
1383,結衣,成績が出せなければ……保護者の方には、,納得して頂けません。, ,Ms. Shishido,"I mean, they may like me, but if they don't get the","grades to back it up, their parents never will.",,유이,성적이 안 나오면...... 보호자 분들은,납득하지 않아요.,,結衣,成績出不來的話……家長們,是不會接受的。, ,1,100,27,1,0,0,0,0,0,,Translated
1384,結衣,でないと私は……教師として失格……, , ,Ms. Shishido,"And more importantly, if my students can't get good",grades...then I've failed them as a teacher...,,유이,그렇지 못하면 저는...... 교사로서 실격......,,,結衣,不然我就……作為教師不合格……, ,,1,101,27,1,0,0,0,0,0,,Translated
1385,山崎,……確かに、保護者側の立場としても、,学校側の立場としても……, ,Mr. Yamazaki,It's true that things may look different from,the parents' point of view than they do from,the school's...,야마자키,...... 분명 보호자 입장으로 보나,학교 입장으로 보나......,,山崎,……確實，從家長的角度也好，,從學校的角度也好……, ,1,247,21,1,0,0,0,0,0,,Translated
1386,山崎,成績評価はとても重要なものだ。,しかし、まぁこれは僕の考えだが……, ,Mr. Yamazaki,...and a student's ability to excel is indeed of the,utmost importance...but the way I see it...,,야마자키,성적 평가는 매우 중요한 것이지.,"하지만, 이건 내 생각인데......",,山崎,成績評價是非常重要的。,但，這是我個人的想法……, ,1,248,21,1,0,0,0,0,0,,Translated
1387,山崎,僕は結果と同じ位……いやそれ以上に、,『過程』が大事だと思っている。, ,Mr. Yamazaki,...the means through which you teach those students,is just as important as the material they learn.,"In fact, it may even be more important!",야마자키,난 결과와 같을 정도로...... 아니 그 이상으로,『과정』이 중요하다고 생각해.,,山崎,我認為過程和結果同等重要……,不，比結果更重要。, ,1,249,21,1,0,0,0,0,0,,Translated
1388,結衣,……, , ,Ms. Shishido,...,,,유이,......,,,結衣,……, ,,1,102,27,1,0,0,0,0,0,,Translated
1389,山崎,生徒達が、たった３年間の短い期間で、, , ,Mr. Yamazaki,We only get these children for three short years.,,,야마자키,학생들이 겨우 3년간의 짧은 기간 동안,,,山崎,學生們在短短三年的時間裡，, ,,1,250,21,1,0,0,0,0,0,,Translated
1390,山崎,いかに楽しく、有意義に過ごす事が出来たか。, , ,Mr. Yamazaki,"During that time, one must wonder, did they",enjoy their classes? Will they remember them,"as valuable, meaningful experiences?",야마자키,"얼마나 즐겁고, 유의미한 시간을 보냈는가.",,,山崎,度過了多麼快樂、有意義的時光。, ,,1,251,21,1,0,0,0,0,0,,Translated
1391,山崎,悩んで、解決して。成長して、大きくなって……, , ,Mr. Yamazaki,"After all their worries, resolutions, life lessons",and moments of personal growth...,,야마자키,"고민하고, 해결하고. 성장하고, 크게 자라서......",,,山崎,煩惱、解決。成長、變大……, ,,1,252,21,1,0,0,0,0,0,,Translated
1392,山崎,卒業の時に、「楽しかった！」って,言わせてやるのが、, ,Mr. Yamazaki,...will they look back at these three years during,"graduation and say, 'I really enjoyed this school'?",,야마자키,졸업했을 때 「즐거웠어!」라고,말할 수 있게 만드는 것이,,山崎,讓學生在畢業時能說出「好快樂！」，, ,,1,253,21,1,0,0,0,0,0,,Translated
1393,山崎,授業と同じ位大事な『教師の仕事』だと、,思うんだ。, ,Mr. Yamazaki,Ensuring that they do is just as much a part of the,teacher's job as the material she teaches.,,야마자키,수업과 같을 정도로 중요한 『교사의 일』이라고,생각해.,,山崎,我認為這和教學一樣，是「教師的重要工作」。, ,,1,254,21,1,0,0,0,0,0,,Translated
1394,山崎,……篠崎や岸沼だけじゃない。, , ,Mr. Yamazaki,And it's not just Shinozaki and Kishinuma.,,,야마자키,...... 시노자키와 키시누마뿐만이 아냐.,,,山崎,……不只是篠崎和岸沼。, ,,1,255,21,1,0,0,0,0,0,,Translated
1395,山崎,家庭の事情で塞ぎ込み気味だった篠原も、,中嶋や君と出会って明るくなった。, ,Mr. Yamazaki,"Think about Shinohara, whose home life had really",been getting her down...and Nakashima! After they,"met you, their smiles seemed to get a lot brighter.",야마자키,가정 사정으로 우울해 하던 시노하라도,나카시마와 널 만나고 나서 밝아졌어.,,山崎,因為家庭因素而消沉的篠原，,遇到你和中嶋後也變得開朗了。, ,1,0,22,1,0,0,0,0,0,,Translated
1396,結衣,篠原さんが……？, , ,Ms. Shishido,Shinohara...?,,,유이,시노하라가......?,,,結衣,篠原同學……？, ,,1,103,27,1,0,0,0,0,0,,Translated
1397,山崎,隠すのが上手いだろう？　あの娘は。, , ,Mr. Yamazaki,Ahahahaha... She's got a real knack for hiding her,"true feelings, doesn't she?",,야마자키,숨기는 게 특기거든?  그 애는.,,,山崎,她很會隱藏吧？　那孩子。, ,,1,1,22,1,0,0,0,0,0,,Translated
1398,結衣,…………。, , ,Ms. Shishido,...,,,유이,............,,,結衣,…………。, ,,1,104,27,1,0,0,0,0,0,,Translated
1399,山崎,『生徒の為に何が出来るか』……,それを一生懸命に, ,Mr. Yamazaki,'What can I do for my students?', ,,야마자키,『학생을 위해 뭘 할 수 있는가』......,그걸 열심히,,山崎,『能為學生做些什麼』……,拼命地, ,1,2,22,1,0,0,0,0,0,,Translated
1400,山崎,模索する姿勢が出来ている時点で,君は教師として合格だ。, ,Mr. Yamazaki,As soon as you start asking yourself that question,without even thinking about it...then you're a bona,"fide teacher, through and through.",야마자키,모색하는 자세가 되어 있는 시점에서,넌 교사로서 합격이야.,,山崎,在探索的階段，你作為教師就已經合格了。, ,,1,3,22,1,0,0,0,0,0,,Translated
1401,山崎,いや……君のような大人こそが、,教鞭を振るう場に立たなければいけない。, ,Mr. Yamazaki,"In fact...I'd even say once you reach that point,",you've proven that education is in your nature.,"Basically, that you were born to teach.",야마자키,아니...... 너 같은 어른이야말로,교편을 잡지 않으면 안 돼.,,山崎,不……正因為是你這樣的大人，,才更應該站在講台上。, ,1,4,22,1,0,0,0,0,0,,Translated
1402,山崎,誰にも、馬鹿にされる事なんてないんだ。, , ,Mr. Yamazaki,And no one can take that honor away from you.,,,야마자키,아무도 바보 취급하지는 않아.,,,山崎,沒有人會瞧不起你的。, ,,1,5,22,1,0,0,0,0,0,,Translated
1403,山崎,自信を持ちなさい。, , ,Mr. Yamazaki,"So how about you reclaim what's rightfully yours,",hmm?,,야마자키,자신을 가져.,,,山崎,要有自信。, ,,1,6,22,1,0,0,0,0,0,,Translated
1404,結衣,うう……。, , ,Ms. Shishido,*sob*,,,유이,우우......,,,結衣,嗚……。, ,,1,105,27,1,0,0,0,0,0,,Translated
1405,山崎,……ははは。君は、学生時代と本当に変わらないな。, , ,Mr. Yamazaki,Ahahahahahahahaha...,It's remarkable how little you've changed from when,you were a student here yourself.,야마자키,...... 하하하. 넌 정말 학생일 때와 차이가 없군.,,,山崎,……哈哈哈。你真的和學生時代一模一樣。, ,,1,7,22,1,0,0,0,0,0,,Translated
1406,山崎,悩みがあると、いつも僕の所に,相談に来てくれていた。, ,Mr. Yamazaki,"Whenever you had something on your mind, you'd",always seek my guidance...,,야마자키,"고민이 있을 땐, 언제나 나에게 와서",얘길 나누곤 했지.,,山崎,有煩惱的時候，總是來找我商量。, ,,1,8,22,1,0,0,0,0,0,,Translated
1407,山崎,大きな目に、涙を一杯溜めてね。, , ,Mr. Yamazaki,...with eyes wide and full of tears.,,,야마자키,"커다란 눈으로, 눈물을 잔뜩 쏟으면서 말야.",,,山崎,睜著大眼睛，滿是淚水。, ,,1,9,22,1,0,0,0,0,0,,Translated
1408,結衣,……。（ゴシゴシ）, , ,Ms. Shishido,*sniffle*,,,유이,......  (부비적 부비적),,,結衣,……。（擦擦）, ,,1,106,27,1,0,0,0,0,0,,Translated
1409,山崎,まぁ、あんまり気張るな宍戸。, , ,Mr. Yamazaki,Eheh...,"You shouldn't strain yourself so much, Shishido.",,야마자키,"뭐, 너무 기 쓰지 마라 시시도.",,,山崎,總之，別太緊繃了宍戶。, ,,1,10,22,1,0,0,0,0,0,,Translated
1410,山崎,君もじっくり楽しむんだ、,面白い連中と過ごせる貴重な毎日を。, ,Mr. Yamazaki,Enjoy what you do. You get to spend every precious,day with a whole host of interesting youths.,,야마자키,너도 마음껏 즐겨.,재미있는 녀석들과 보내는 귀중한 매일을.,,山崎,你也好好享受吧，,和這些有趣的傢伙們度過的珍貴每一天。, ,1,11,22,1,0,0,0,0,0,,Translated
1411,山崎,卒業の時に「先生ありがと！」って、,頭叩かれてみな？　最高だぞ。, ,Mr. Yamazaki,"Wait'll you get to your first graduation, and have","somebody tell you, 'Thanks for everything, Teach.'",...It's the best feeling in the world!,야마자키,졸업했을 때 「선생님 고마워!」라며,뒤통수를 맞아 봐라. 최고라고?,,山崎,在畢業時被拍著頭說「老師謝謝你！」？,那是最棒的了。, ,1,12,22,1,0,0,0,0,0,,Translated
1412,結衣,ぷっ……クスクス, , ,Ms. Shishido,Eheh...heheheh... *sniffle*,,,유이,풋...... 쿡쿡,,,結衣,噗……嘻嘻, ,,1,107,27,1,0,0,0,0,0,,Translated
1413,山崎,保護者の皆さんには、私から一度,連絡しておくよ。, ,Mr. Yamazaki,"I'll get in contact with the parents and guardians,",and try to set them straight.,,야마자키,보호자 여러분에겐 내가,연락을 해 둘게.,,山崎,家長那邊，我會聯絡他們的。, ,,1,13,22,1,0,0,0,0,0,,Translated
1414,山崎,判りやすい授業の作り方は、,また明日にでも一緒に考えよう。, ,Mr. Yamazaki,"And tomorrow, or whenever you'd like, we can go over","some lesson plans together, to help ensure we get",these students to their graduation safe and sound!,야마자키,알기 쉬운 수업을 만드는 방법은,내일 함께 생각해 보자.,,山崎,關於如何做出易懂的教學，,明天我們一起想想吧。, ,1,14,22,1,0,0,0,0,0,,Translated
1415,結衣,はい……！, , ,Ms. Shishido,Okay!,,,유이,네......!,,,結衣,好的……！, ,,1,108,27,1,0,0,0,0,0,,Translated
1416,結衣,あのっ。, , ,Ms. Shishido,Umm...,,,유이,저기.,,,結衣,那個。, ,,1,109,27,1,0,0,0,0,0,,Translated
1417,山崎,ん？, , ,Mr. Yamazaki,Hmm?,,,야마자키,응?,,,山崎,嗯？, ,,1,15,22,1,0,0,0,0,0,,Translated
1418,結衣,先生……有難うございます。, , ,Ms. Shishido,"Thanks for everything, Teach.",,,유이,선생님...... 감사합니다.,,,結衣,老師……非常感謝您。, ,,1,110,27,1,0,0,0,0,0,,Translated
1419,山崎,ああ……　嬉しいものだね。,教え子に頼られるのは。, ,Mr. Yamazaki,"You bet. You know, that's another great feeling...","Being able to pass the torch, and rely on one of",your old students to keep your affairs in order.,야마자키,그래...... 기쁘구나.,제자의 응석을 받는 건.,,山崎,嗯……　真令人高興啊。,被學生依賴的感覺。, ,1,16,22,1,0,0,0,0,0,,Translated
1420,結衣,……えへへ……。,（グスッ）, ,Ms. Shishido,Heh...heheheh... *sniffle*,,,유이,...... 에헤헤......,(훌쩍),,結衣,……嘿嘿……。,（吸鼻子）,,1,111,27,1,0,0,0,0,0,,Translated
1421,良樹,……あァ？！, , ,Yoshiki,Whaa?!,,,요시키,...... 아아?!,,,良樹,……啊？！, ,,1,177,24,1,0,0,0,0,0,,Translated
1422,良樹,なんだ、こりゃ……ッ, , ,Yoshiki,What the hell is this?!,,,요시키,"뭐야, 이건......",,,良樹,這是什麼……, ,,1,178,24,1,0,0,0,0,0,,Translated
1423,あゆみ,（ブルブルブル）,　……終って、ないの？, ,Ayumi,*shudder* *shiver*,"It's...not over, is it...",,아유미,(덜덜덜),"...... 끝난 게, 아니야?",,あゆみ,（發抖發抖發抖）,　……還沒有結束嗎？,,1,204,1,1,0,0,0,0,0,,Translated
1424,あゆみ,まだ終ってないのッ！？,（ブルブルブル）, ,Ayumi,Why isn't it over? Why?!,,,아유미,아직 안 끝난 거야!?,(덜덜덜),,あゆみ,還沒有結束嗎！？,（發抖發抖發抖）,,1,205,1,1,0,0,0,0,0,,Translated
1425,良樹,……くッ, , ,Yoshiki,Dammit...,,,요시키,...... 큭,,,良樹,……咳, ,,1,179,24,1,0,0,0,0,0,,Translated
1426,良樹,！　お、お前は……, , ,Yoshiki,*gasp* It's...you!,,,요시키,"!  너, 너는......",,,良樹,！　你、你是……, ,,1,180,24,1,0,0,0,0,0,,Translated
1427,女児の霊,…………。, , ,Girl Spirit,...,,,여자아이 유령,............,,,女児の霊,…………。, ,,1,80,22,1,0,0,0,0,0,,Translated
1428,あゆみ,いやあぁぁぁぁ！, , ,Ayumi,Noooooo!,,,아유미,꺄아아아아아아!,,,あゆみ,不要啊啊啊！, ,,1,206,1,1,0,0,0,0,0,,Translated
1429,あゆみ,帰れ！　来るな！, , ,Ayumi,Go back! Don't come any closer!,,,아유미,돌아가!  오지 마!,,,あゆみ,回去！　不要過來！, ,,1,207,1,1,0,0,0,0,0,,Translated
1430,あゆみ,ぐすっ、ぐすっ……, , ,Ayumi,*pant* *pant* Ahhhhh!!,,,아유미,"훌쩍, 훌쩍......",,,あゆみ,吸、吸……, ,,1,208,1,1,0,0,0,0,0,,Translated
1431,女児の霊,ちょうどこんな、雨のふる、,ほうかごの事でした……, ,Girl Spirit,"It was a rainy evening after school, just like this",one...,,여자아이 유령,"마침 이렇게, 비가 오는",방과 후였습니다......,,女児の霊,就在這樣一個下著雨的放學後的事……, ,,1,81,22,1,0,0,0,0,0,,Translated
1432,女児の霊,わたしが誘拐されたあの日……, , ,Girl Spirit,...on the day I was kidnapped.,,,여자아이 유령,제가 유괴당한 그 날......,,,女児の霊,我被綁架的那一天……, ,,1,82,22,1,0,0,0,0,0,,Translated
1433,女児の霊,朝、わたしは、お母さんと,けんかをしてしまいました。, ,Girl Spirit,I remember I had a fight with my mom that morning.,,,여자아이 유령,"아침, 저는 엄마와",싸우고 말았습니다.,,女児の霊,早上，我和媽媽吵架了。, ,,1,83,22,1,0,0,0,0,0,,Translated
1434,あゆみ,な、何を言ってるの……？, , ,Ayumi,Wh-Why is she telling us this?,,,아유미,"무, 무슨 말이야......?",,,あゆみ,你、你在說什麼……？, ,,1,209,1,1,0,0,0,0,0,,Translated
1435,良樹,わ、わかんねえよ……, , ,Yoshiki,I-I have no idea!,,,요시키,"나, 나도 몰라......",,,良樹,我、我也不知道……, ,,1,181,24,1,0,0,0,0,0,,Translated
1436,女児の霊,お母さんと顔を合わせるのがいやで, , ,Girl Spirit,I didn't want to see her face...,,,여자아이 유령,엄마와 얼굴을 마주하는 게 싫어서,,,女児の霊,因為不想和媽媽見面，, ,,1,84,22,1,0,0,0,0,0,,Translated
1437,女児の霊,学校の後、わたしは家へ帰らずに, , ,Girl Spirit,"...so after school, I decided that instead of",going home...,,여자아이 유령,"수업이 끝난 후, 저는 집으로 돌아가지 않고",,,女児の霊,放學後，我沒有回家，, ,,1,85,22,1,0,0,0,0,0,,Translated
1438,女児の霊,……ぼぉっと、渡り廊下にしゃがんで、,雨をながめていました。, ,Girl Spirit,...I'd park myself in the outdoor walkway for a,"little, and watch the rain.",,여자아이 유령,...... 멍하니 바깥 복도에 웅크려 앉아,비를 바라보고 있었습니다.,,女児の霊,……就蹲在走廊上，看著雨。, ,,1,86,22,1,0,0,0,0,0,,Translated
1439,,　そうしたら……　わたしのとなりに,　ヨシカズ先生がすわって, ,,That's when Mr. Yoshikazu showed up. He sat down,next to me.,,,그랬는데...... 제 옆에,요시카즈 선생님이 앉아서는,,,　然後……義一老師坐在了我旁邊，, ,,0,87,22,1,0,0,0,0,0,,Translated
1440,,　うんうんと、,　わたしの話を聞いてくれたのです。, ,,"I told him all about my fight with mom, and he","listened really closely, and just kept saying,","uh-huh, uh-huh...",,응 응 하고,제 이야기를 들어주었습니다.,,,　嗯嗯地，聽我說話。, ,,0,88,22,1,0,0,0,0,0,,Translated
1441,,　先生……言葉を話せない病気だったけれど、,　心はやさしい人だったから……, ,,"He was sick and couldn't speak much, you see...",but he was a very kind man.,,,선생님은...... 말을 할 수 없는 병에 걸렸지만,마음만은 착해서......,,,　老師雖然因病不能說話，,　但心地很溫柔……, ,0,89,22,1,0,0,0,0,0,,Translated
1442,,　わたしは、好きでした。, , ,,I really liked him.,,,,저는 좋아했습니다.,,,,　我很喜歡他。, ,,0,90,22,1,0,0,0,0,0,,Translated
1443,,　けれど……, , ,,But then...,,,,그런데......,,,,　可是……, ,,0,91,22,1,0,0,0,0,0,,Translated
1444,女児の霊,ぐすん……ぐすん……, , ,Girl Spirit,*sob*,,,여자아이 유령,훌쩍...... 훌쩍......,,,女児の霊,嗚……嗚……, ,,1,92,22,1,0,0,0,0,0,,Translated
1445,良樹,……。, , ,Yoshiki,...,,,요시키,......,,,良樹,……。, ,,1,182,24,1,0,0,0,0,0,,Translated
1446,女児の霊,……。お兄さん、お姉さん、, , ,Girl Spirit,You two are nice people.,,,여자아이 유령,"...... 오빠, 언니",,,女児の霊,……。哥哥、姐姐，, ,,1,93,22,1,0,0,0,0,0,,Translated
1447,女児の霊,ごめんなさい。, , ,Girl Spirit,I'm so sorry.,,,여자아이 유령,죄송합니다.,,,女児の霊,對不起。, ,,1,94,22,1,0,0,0,0,0,,Translated
1448,あゆみ,(身体の大きさからして……）,あなたは５年生の、, ,Ayumi,"(She's so tiny, she must be...)",Fifth-grader...,,아유미,(몸의 크기를 보면......),넌 5학년,,あゆみ,（從身體大小來看……）,你是五年級的，, ,1,210,1,1,0,0,0,0,0,,Translated
1449,あゆみ,かんの、ゆき　ちゃんね？, , ,Ayumi,...Yuki Kanno...right?,,,아유미,"칸노, 유키 맞지?",,,あゆみ,菅野、雪　對吧？, ,,1,211,1,1,0,0,0,0,0,,Translated
1450,雪,……。（コクリ）, , ,Yuki,Ah...,,,유키,......  (끄덕),,,雪,……。（點頭）, ,,1,95,22,1,0,0,0,0,0,,Translated
1451,雪,さっきは……ありがとう……ございます。, , ,Yuki,Thank you...for what you did back there.,,,유키,조금 전에는...... 정말...... 고마웠습니다.,,,雪,剛才……謝謝……您。, ,,1,96,22,1,0,0,0,0,0,,Translated
1452,雪,殺されたわたし達を……,成仏させようとしてくれて……, ,Yuki,For making the effort...to help those of us...,who were killed in that school.,,유키,죽임을 당한 저희들을......,성불시켜주려고 해서......,,雪,您試圖讓被殺害的我們……,成佛……, ,1,97,22,1,0,0,0,0,0,,Translated
1453,良樹,……結局、成仏は出来たのか？,なんでお前……まだいるんだよ。, ,Yoshiki,"Didn't we succeed, though? So why are you still",here?!,,요시키,"...... 결국, 성불은 못한 거야?",넌 왜...... 여기 있는 거야.,,良樹,……結果還是沒能成佛嗎？,為什麼你還……在這裡。,,1,183,24,1,0,0,0,0,0,,Translated
1454,雪,いいえ……　出来てません。, , ,Yuki,No...you didn't.,,,유키,아뇨...... 불가능합니다.,,,雪,不……　沒有成功。, ,,1,98,22,1,0,0,0,0,0,,Translated
1455,あゆみ,あなた達から言葉を奪った、,……抜き取られた舌は返したし, ,Ayumi,"But, we returned your tongues! We gave you back",your ability to speak out!,,아유미,너희들의 말을 빼앗았던,...... 뽑힌 혀도 되찾았고,,あゆみ,我們把奪走你們話語的……,被拔掉的舌頭還給你們了，, ,1,212,1,1,0,0,0,0,0,,Translated
1456,あゆみ,あなた達に酷い事をした……,犯人には、懺悔させたけど……, ,Ayumi,And we even got your murderer to repent for what he,did!,,아유미,너희들에게 심한 짓을 한......,범인도 참회를 했는데......,,あゆみ,對你們做了殘忍事的……,犯人也讓他懺悔了……, ,1,213,1,1,0,0,0,0,0,,Translated
1457,あゆみ,……やっぱり、許せない？, , ,Ayumi,"Is it just...that you can't forgive him, no",matter what?,,아유미,"...... 역시, 용서 못하는 거니?",,,あゆみ,……果然還是無法原諒嗎？, ,,1,214,1,1,0,0,0,0,0,,Translated
1458,雪,……わたしたちの成仏に、許す……許さないという,それぞれの『意思』は、関係ないんです。, ,Yuki,Appeasing us isn't about forgiveness. It doesn't,matter if we forgive or not.,,유키,"...... 저희들의 성불에, 용서...... 같은",각자의 『의사』는 관계없습니다.,,雪,……我們的成佛，和原不原諒……這樣的,各自的「意志」無關。, ,1,99,22,1,0,0,0,0,0,,Translated
1459,雪,『ざんげ』とは、犯人と被害者との間に,そん在して……　それ単体でわたし達、,被害者の霊を動かすものです。,Yuki,Repentance is between the criminal and the victim.,It's the sole act capable of moving us.,,유키,『참회』란 범인과 피해자 사이에,존재하는 것이고...... 그 하나의 독립체가 저희들,피해자 유령들을 움직이고 있는 것입니다.,雪,『懺悔』存在於犯人與被害者之間……,那個單獨的存在，會動搖我們,被害者的靈魂。,1,100,22,1,0,0,0,0,0,,Translated
1460,雪,わたし達が、天神小学校を異空間に閉じこめている,“霊場”の断片だから、わたし達を動かす,という方法は……正しいと思います。,Yuki,And we exist as fragments of the sacred ground upon,which Heavenly Host is sealed. I believe that moving,us...is your best course of action.,유키,저희들은 텐진초등학교를 이공간에 가둬 둔,"“영자장”의 단편이기에, 저희들을 움직이는",방법은...... 옳다고 생각합니다.,雪,因為我們是將天神小學校封閉在異空間的,“靈場”的碎片，所以動搖我們,這個方法是……正確的。,1,101,22,1,0,0,0,0,0,,Translated
1461,,,,,,,,,,,,,,,,,-1,101,22,1,0,0,0,0,0,,Translated
1462,雪,だけど、足りていないんです。,……犯人の、ざんげが……, ,Yuki,But...it's not enough. His repentance...just wasn't,enough.,,유키,"하지만, 부족합니다.","...... 범인의, 참회가......",,雪,但是，還不夠。,……犯人的懺悔……還不夠。, ,1,102,22,1,0,0,0,0,0,,Translated
1463,あゆみ,あいつの……文化人形が喋った言葉では……,足りないって事？, ,Ayumi,So you're saying...his words...the words spoken by,the doll...weren't good enough to appease you?,,아유미,그 녀석의...... 문화인형의 말로는......,부족하단 말야?,,あゆみ,那傢伙的……文化人偶說的話……,還不夠嗎？,,1,215,1,1,0,0,0,0,0,,Translated
1464,雪,……あれは……ち……, , ,Yuki,That's...not...,,,유키,...... 그건...... 아......,,,雪,……那不是……, ,,1,103,22,1,0,0,0,0,0,,Translated
1465,雪,…………。, , ,Yuki,...,,,유키,............,,,雪,…………。, ,,1,104,22,1,0,0,0,0,0,,Translated
1466,あゆみ,……？, , ,Ayumi,...Huh?,,,아유미,......?,,,あゆみ,……？, ,,1,216,1,1,0,0,0,0,0,,Translated
1467,良樹,……で？　なんだよ、, , ,Yoshiki,"So...what, then?",,,요시키,...... 그래서?  뭐야,,,良樹,……所以呢？　到底是怎樣，, ,,1,184,24,1,0,0,0,0,0,,Translated
1468,良樹,何だって無関係の人間を、何人も何人も,閉じ込めてるんだ？, ,Yoshiki,Why do you feel the need to trap one innocent,stranger after another in that godforsaken place?!,,요시키,왜 관계도 없는 사람을 계속,가두는 건데?,,良樹,為什麼要把毫無關係的人，一個又一個,關起來？,,1,185,24,1,0,0,0,0,0,,Translated
1469,良樹,俺たちをあそこに呼び寄せたのは、お前ら,子供の幽霊達だろ？！, ,Yoshiki,You child spirits are the ones who summoned us,"there, aren't you?",,요시키,"우릴 거기에 불러들인 건, 너네들",어린 유령들이잖아?!,,良樹,把我們召喚到那裡的是你們這些,小孩幽靈吧？！,,1,186,24,1,0,0,0,0,0,,Translated
1470,雪,そ、それは……　ちがい　ます。, , ,Yuki,That's...not true.,,,유키,"그, 그건...... 아닙  니다.",,,雪,那、那是……　不對。, ,,1,105,22,1,0,0,0,0,0,,Translated
1471,良樹,んだとぉ……？, , ,Yoshiki,The hell d'you mean by that?!,,,요시키,뭐라고오......?,,,良樹,什麼意思……？, ,,1,187,24,1,0,0,0,0,0,,Translated
1472,雪,わたし達は、異空間を繋ぎとめる,歯車にすぎなくて……, ,Yuki,We're just the cogs that hold the closed spaces,together.,,유키,저희들은 이공간을 구성하는,톱니바퀴에 지나지 않아서......,,雪,我們只是維繫異空間的齒輪而已……, ,,1,106,22,1,0,0,0,0,0,,Translated
1473,良樹,……お前、鈴本を殺したじゃねぇかよ！, , ,Yoshiki,"But you...you killed Suzumoto, didn't you?!",,,요시키,"...... 너, 스즈모토를 죽였잖아!",,,良樹,……你殺了鈴本不是嗎！, ,,1,188,24,1,0,0,0,0,0,,Translated
1474,あゆみ,待って！, , ,Ayumi,Wait!,,,아유미,잠깐!,,,あゆみ,等一下！, ,,1,217,1,1,0,0,0,0,0,,Translated
1475,良樹,あん？！, , ,Yoshiki,Huhh?!,,,요시키,엉?!,,,良樹,嗯？！, ,,1,189,24,1,0,0,0,0,0,,Translated
1476,あゆみ,……もう少し聞こう。, , ,Ayumi,Let's hear her out.,,,아유미,...... 얘길 좀 더 들어보자.,,,あゆみ,……再聽她說說吧。, ,,1,218,1,1,0,0,0,0,0,,Translated
1477,雪,……。, , ,Yuki,...,,,유키,......,,,雪,……。, ,,1,107,22,1,0,0,0,0,0,,Translated
1478,雪,お姉さん達だけでも、無事に送れて,よかったです……, ,Yuki,I'm just glad I was able to get even the two of you,back to safety...,,유키,언니들만이라도 무사히 보내져서,다행이에요......,,雪,至少能把兩位姐姐平安送回去,真是太好了……,,1,108,22,1,0,0,0,0,0,,Translated
1479,良樹,……何で急に、俺たちを気遣うような,言い方すんだよ。, ,Yoshiki,Why the hell are you suddenly so concerned about,us?!,,요시키,...... 왜 갑자기 우릴 배려하는,말투로 바뀐 거야.,,良樹,……為什麼突然用關心我們的語氣說話。, ,,1,191,24,1,0,0,0,0,0,,Translated
1480,あゆみ,私の、おねえちゃんに聞いたことがある……, , ,Ayumi,I heard about a situation like this from my sister,once...,,아유미,"내, 언니가 하는 말을 들은 적이 있어......",,,あゆみ,我聽姐姐說過……, ,,1,219,1,1,0,0,0,0,0,,Translated
1481,あゆみ,強い未練を残したまま、暴力的に命を搾取された,霊魂は、, ,Ayumi,A lost soul whose life was ended violently and,"abruptly, leaving her with a mountain of worries",and regrets...,아유미,"강한 미련을 남긴 채, 폭력적으로 목숨을 착취당한",영혼은,,あゆみ,帶著強烈留戀、被暴力奪去生命的,靈魂，, ,1,220,1,1,0,0,0,0,0,,Translated
1482,あゆみ,普通の人で言う所の、錯乱に近い状態で、,とどまってしまう……って。, ,Ayumi,It's kind of like stopping short at the edge of,madness...,,아유미,"보통 사람들이 말하는, 착란에 가까운 상태에",머물게 된다...... 고.,,あゆみ,會停留在接近錯亂的狀態……, ,,1,221,1,1,0,0,0,0,0,,Translated
1483,あゆみ,色んな感情や、想いがごちゃ混ぜに,なってしまっているから、, ,Ayumi,...with all sorts of thoughts and feelings swirling,around in your head...,,아유미,여러 감정과 마음이,뒤섞여 있어서,,あゆみ,因為各種感情和思緒混雜在一起，, ,,1,222,1,1,0,0,0,0,0,,Translated
1484,あゆみ,本来の優しい心と……生者への妬みや,敵意の気持ちとをコントロール出来ずに、,感情がくるくる変わる……って。,Ayumi,Your kindly nature and your sudden hatred and,"panic begin to spin around and around, and you",just start acting out without any sort of control...,아유미,원래 상냥했던 마음과...... 산 자에 대한 질투,적의를 드러내는 마음 등을 컨트롤하지 못하고,감정이 계속 바뀌게 된다...... 고.,あゆみ,無法控制原本溫柔的心和對生者的嫉妒、,敵意，感情會不斷變化……,,1,223,1,1,0,0,0,0,0,,Translated
1485,良樹,お前の姉さんって……　霊能師の？, , ,Yoshiki,Your sister some kind of medium or something?,,,요시키,네 언니라면...... 영능사?,,,良樹,你姐姐是……靈能師？, ,,1,192,24,1,0,0,0,0,0,,Translated
1486,あゆみ,うん。ちょっと違うけど……, , ,Ayumi,Yeah...something like that.,,,아유미,응. 조금 다르지만......,,,あゆみ,嗯。有點不同但……, ,,1,224,1,1,0,0,0,0,0,,Translated
1487,良樹,どっちもこいつの本音、ってわけか……, , ,Yoshiki,"So what you're saying is, this little girl and",the creepy little girl we met before are two,sides of the same coin?,요시키,뭐든 이 녀석의 진심이란 건가......,,,良樹,也就是說，不管是哪邊都是這傢伙的真話……, ,,1,193,24,1,0,0,0,0,0,,Translated
1488,雪,…………。, , ,Yuki,...,,,유키,............,,,雪,…………。, ,,1,109,22,1,0,0,0,0,0,,Translated
1489,あゆみ,だったら、お願い。他の生きてるみんなも……, , ,Ayumi,I feel for you. I really do. So please...please!,Bring the rest of them back!,,아유미,그럼 부탁이야. 다른 사람들도......,,,あゆみ,如果是這樣，拜託你。把其他活著的大家也……, ,,1,225,1,1,0,0,0,0,0,,Translated
1490,あゆみ,……持田君や先生達も、連れて来てあげて？, , ,Ayumi,"Mochida, Ms. Yui...and everyone else, too...",Bring them all back home.,,아유미,"...... 모치다 군과 선생님들도, 데려와 줄래?",,,あゆみ,……持田同學和老師們，也一起帶回來好嗎？, ,,1,226,1,1,0,0,0,0,0,,Translated
1491,雪,…………。, , ,Yuki,...,,,유키,............,,,雪,…………。, ,,1,110,22,1,0,0,0,0,0,,Translated
1492,あゆみ,ねぇ！　出来るんでしょ！？, , ,Ayumi,"Come on! You can do it, right?!",,,아유미,저기!  가능하지!?,,,あゆみ,喂！　你可以的吧！？, ,,1,227,1,1,0,0,0,0,0,,Translated
1493,雪,もう……それは、無理だと思います……, , ,Yuki,I don't...think that's possible anymore.,,,유키,"이제...... 그건, 무리라고 봅니다......",,,雪,已經……那恐怕辦不到了……, ,,1,111,22,1,0,0,0,0,0,,Translated
1494,あゆみ,どうして！, , ,Ayumi,Why not?!,,,아유미,어째서!,,,あゆみ,為什麼！, ,,1,228,1,1,0,0,0,0,0,,Translated
1495,雪,あの空間は、沢山の……無関係な、命を,食べ過ぎました。, ,Yuki,Those closed spaces...have eaten a lot of innocent,"souls. Far too many, in fact.",,유키,"저 공간은, 수많은...... 무관계한 목숨을",먹어 치웠습니다.,,雪,那個空間，吞噬了太多……無關的,生命。, ,1,112,22,1,0,0,0,0,0,,Translated
1496,雪,あそこで死んだ人達の『うらみの念』が、,もう……満員だから、, ,Yuki,The grudges of those who died there have filled,every last corner of them. There's no room left.,,유키,저곳에서 죽은 사람들의 『질투의 사념』이,이미...... 가득 차 있어서,,雪,在那裡死去的人的「怨恨之念」，,已經……滿了，, ,1,113,22,1,0,0,0,0,0,,Translated
1497,雪,行き場を無くした、かなしい想い達の,影響で……全ての霊が、, ,Yuki,And because the agony and pain has nowhere else to,go...,,유키,"갈 곳을 잃은, 슬픈 마음의",영향으로...... 모든 영혼이,,雪,因為失去去處的悲傷思念的,影響……所有的靈魂，, ,1,114,22,1,0,0,0,0,0,,Translated
1498,雪,わずかに残った理性を失い始めています。, , ,Yuki,...it's begun feeding on the minds of souls like us,who are bound there.,,유키,그나마 남아있던 이성을 잃기 시작했습니다.,,,雪,都開始失去僅存的理智了。, ,,1,115,22,1,0,0,0,0,0,,Translated
1499,雪,わたしだって、もうすぐまた……, , ,Yuki,It won't be long...,,,유키,"저도, 이제 곧......",,,雪,連我也很快又會……, ,,1,116,22,1,0,0,0,0,0,,Translated
1500,雪,生きてる人を……　ただ無差別に襲うだけの,怨霊になってしまいます。, ,Yuki,...before I turn back into a vengeful spirit who,attacks people like you without mercy.,,유키,살아있는 사람을...... 그저 무차별적으로 덮칠 뿐인,원령이 되고 말 겁니다.,,雪,變成只會無差別攻擊活人的,怨靈了。, ,1,117,22,1,0,0,0,0,0,,Translated
1501,良樹,……っ。, , ,Yoshiki,...,,,요시키,...... 윽.,,,良樹,……。, ,,1,194,24,1,0,0,0,0,0,,Translated
1502,あゆみ,あなたも……味方してくれなくなるのね。, , ,Ayumi,"So...we're going to lose you as an ally, then?",,,아유미,너도...... 적이 되는 거구나.,,,あゆみ,你也……不會再站在我們這邊了呢。, ,,1,229,1,1,0,0,0,0,0,,Translated
1503,雪,…………。, , ,Yuki,...,,,유키,............,,,雪,…………。, ,,1,118,22,1,0,0,0,0,0,,Translated
1504,あゆみ,……だったら、なおさら急がなきゃ！, , ,Ayumi,So why don't you just hurry up and bring them,home right now?!,,아유미,...... 그럼 더욱 더 서둘러야 해!,,,あゆみ,……那就更要抓緊時間了！, ,,1,230,1,1,0,0,0,0,0,,Translated
1505,あゆみ,何か……持田君達を助ける方法は、無いの？！, , ,Ayumi,Isn't there any way for us to save Mochida and the,others?!,,아유미,"뭔가...... 모치다 군 일행을 구할 방법은, 없는 거야?!",,,あゆみ,有什麼……能救持田他們的方法嗎？！, ,,1,231,1,1,0,0,0,0,0,,Translated
1506,雪,一つだけ、あります……, , ,Yuki,There may be one way...,,,유키,"하나, 있습니다......",,,雪,只有一個……, ,,1,119,22,1,0,0,0,0,0,,Translated
1507,良樹,ど、どうするんだよ？, , ,Yoshiki,Wh-What is it?,,,요시키,"어, 어떻게 하면 되는데?",,,良樹,怎、怎麼做？, ,,1,195,24,1,0,0,0,0,0,,Translated
1508,雪,お兄さんも、知っている方法です。,……あの場所へ戻って、, ,Yuki,I think you already know. You have to return to,the closed spaces...,,유키,오빠도 알고 있는 방법입니다.,...... 그 장소로 돌아가,,雪,哥哥也知道的方法。,……回到那個地方，, ,1,120,22,1,0,0,0,0,0,,Translated
1509,雪,……わたし達、天神小学校の『児童４名,誘拐・殺害事件』被害者の……霊を, ,Yuki,...find all four of us Heavenly Host serial,kidnapping and murder victims...,,유키,"...... 저희들, 텐진초등학교 『아동 4명",유괴·살해 사건』 피해자의...... 영혼을,,雪,……找到我們，天神小學校『兒童四名,綁架・殺害事件』被害者的……靈魂，, ,1,121,22,1,0,0,0,0,0,,Translated
1510,雪,みんなを、成仏させてくれれば……,歯車を失った異空間に、大きな歪みが生まれます。, ,Yuki,"...and put us all to rest. Then, the closed spaces","won't have their cogs anymore, so they'll begin to",fall apart...,유키,모두 성불시킨다면......,톱니바퀴를 잃은 이공간에 큰 일그러짐이 발생할 겁니다.,,雪,如果能讓大家都成佛……,失去齒輪的異空間會產生巨大的扭曲。, ,1,122,22,1,0,0,0,0,0,,Translated
1511,雪,そうすれば、もしかしたら……, , ,Yuki,...and you just might get your friends back...,,,유키,"그렇게만 한다면, 잘하면......",,,雪,那樣的話，也許……, ,,1,123,22,1,0,0,0,0,0,,Translated
1512,良樹,あそこへ……　また戻るのかよ……, , ,Yoshiki,You expect us...to go back?!,,,요시키,거기로...... 또 가란 말야......,,,良樹,要回到那裡……　再去一次嗎……, ,,1,196,24,1,0,0,0,0,0,,Translated
1513,良樹,それに……折角、残りあと一人だと思ってたのに、,済んだつもりのお前ら三人も、,成仏してなかったしよ……,Yoshiki,"And this time, instead of just having one person","left to appease, we have to go back to the drawing",board and appease all four of you?!,요시키,그리고...... 이제 한 명 남았다고 생각했는데,다 끝난 줄 알았던 너희 셋도,성불하지 않았고......,良樹,而且……好不容易以為只剩一個人了，,你們三個也還沒成佛啊……,,1,197,24,1,0,0,0,0,0,,Translated
1514,あゆみ,……どうしてさっき、口ごもったの？,成仏出来なかった、理由……, ,Ayumi,Why...couldn't you tell us the reason our previous,efforts weren't good enough? What is there to hide?,,아유미,...... 왜 좀 전에 말 안 했어?,성불을 못했던 이유......,,あゆみ,……為什麼剛才欲言又止？,無法成佛的理由……,,1,232,1,1,0,0,0,0,0,,Translated
1515,雪,それは……, , ,Yuki,It's just...,,,유키,그건......,,,雪,那是……, ,,1,124,22,1,0,0,0,0,0,,Translated
1516,雪,……思い出したくないんです。でも……, , ,Yuki,...something I don't want to remember.,But...,,유키,...... 생각하고 싶지 않았기 때문입니다. 하지만......,,,雪,……因為不想回憶起來。但是……, ,,1,125,22,1,0,0,0,0,0,,Translated
1517,雪,どうしても知りたいのなら、教えます。,あの時のこと。, ,Yuki,...if you really want to know...I'll tell you.,I'll tell you everything that happened.,,유키,"꼭 알고 싶다면, 알려 드리겠습니다.",그때의 일을.,,雪,如果無論如何都想知道的話，我告訴你們。,那時候的事。, ,1,126,22,1,0,0,0,0,0,,Translated
1518,,　ゆきの霊はあゆみの手を握ると、,　すっと頭を重ねました。, ,,"Yuki's spirit gently took hold of Ayumi's hand,","and in an instant, their two beings seemed to",merge together into a single mind.,,유키의 영혼은 아유미의 손을 잡고,스윽 머리를 맞대었습니다.,,,　雪的靈魂握住あゆみ的手，,　輕輕地將頭靠了上來。, ,0,0,0,1,0,0,0,0,0,,Translated
1519,あゆみ,……っ！　何！？　きゃあっ！, , ,Ayumi,Ahh! Wh-What's...going...ahhhh!!,,,아유미,...... 윽!  뭐야!?  꺄악!,,,あゆみ,……！　什麼！？　呀！, ,,1,233,1,1,0,0,0,0,0,,Translated
1520,良樹,し、篠崎！, , ,Yoshiki,Sh-Shinozaki?!,,,요시키,"시, 시노자키!",,,良樹,篠、篠崎！, ,,1,198,24,1,0,0,0,0,0,,Translated
1521,あゆみ,い、痛い！　痛いッ！　いあああああッ！, , ,Ayumi,It hurts... It hurts!,Aaaaaaahhhhhh!!,,아유미,"아, 아파!  아팟!  꺄아아아아악!",,,あゆみ,好、好痛！　好痛！　啊啊啊！, ,,1,234,1,1,1,0,0,0,0,,Translated
1522,あゆみ,あああ……, , ,Ayumi,Ahhgh...,,,아유미,아아아......,,,あゆみ,啊啊……, ,,1,235,1,1,0,0,0,0,0,,Translated
1523,あゆみ,……あれっ？, , ,Ayumi,...Huh?,,,아유미,...... 어라?,,,あゆみ,……咦？, ,,1,236,1,1,0,0,0,0,0,,Translated
1524,あゆみ,どうなったの……私？, , ,Ayumi,What...happened to me?,,,아유미,어떻게 된 거지...... 난?,,,あゆみ,我怎麼了……？, ,,1,237,1,1,0,0,0,0,0,,Translated
1525,あゆみ,気絶したはずなのに、……意識がある。, , ,Ayumi,Didn't I...pass out? So why am I fully aware right,now?,,아유미,기절했을 텐데...... 의식이 있어.,,,あゆみ,明明應該昏過去了，……卻還有意識。, ,,1,238,1,1,0,0,0,0,0,,Translated
1526,あゆみ,真っ暗だし……　体が動かない。, , ,Ayumi,I can't see a thing...and I can't move...,,,아유미,새까맣고...... 몸이 안 움직여.,,,あゆみ,一片漆黑……身體動不了。, ,,1,239,1,1,0,0,0,0,0,,Translated
1527,あゆみ,何か……疲れた時になる、金縛りみたい……, , ,Ayumi,It's like that feeling you get when you're really,"tired... Sleep paralysis, I think.",,아유미,뭔가...... 힘들 때 가위를 눌리는 그런 것 같아......,,,あゆみ,就像……疲勞時被鬼壓床一樣……, ,,1,240,1,1,0,0,0,0,0,,Translated
1528,あゆみ,……っ　ここは……？, , ,Ayumi,Ah! Where...?,,,아유미,......  여긴......?,,,あゆみ,……　這裡是……？, ,,1,241,1,1,0,0,0,0,0,,Translated
1529,あゆみ,体が……　動かない……, , ,Ayumi,Why can't I...move...?!,,,아유미,몸이...... 안 움직여......,,,あゆみ,身體……　動不了……, ,,1,242,1,1,0,0,0,0,0,,Translated
1530,,（体は金縛りにあったみたいに動かせないけど、）, , ,,"(I can't move my body because of sleep paralysis,",I guess...),,,(몸은 가위에 눌린 것처럼 움직이지 않지만),,,,（身體像被鬼壓床一樣動不了，但……）, ,,0,243,1,1,0,0,0,0,0,,Translated
1531,,（部屋の光景が見える……）, , ,,(But I can clearly see the room I'm in now.),,,,(방의 광경이 보여......),,,,（可以看到房間的景象……）, ,,0,244,1,1,0,0,0,0,0,,Translated
1532,,（私のほかに、男の子がひとり……女の子がふたり）, , ,,"(There's one boy and two girls in here, aside from",myself.),,,(나 이외에 남자아이가 하나...... 여자아이가 둘),,,,（除了我之外，有一個男孩……兩個女孩）, ,,0,245,1,1,0,0,0,0,0,,Translated
1533,,（顔に見覚えがある……）, , ,,(I recognize them...),,,,(다들 아는 얼굴이야......),,,,（臉孔似曾相識……）, ,,0,246,1,1,0,0,0,0,0,,Translated
1534,,（みんな、あの犯人に殺された天神小の子供達だ……,　……まだ生きてる！）, ,,(They're the children who were killed in Heavenly,Host during that incident. But they're still alive!),,,(저 범인에게 죽임을 당한 텐진초 아이들이야......,...... 아직 살아있어!),,,（大家都是被那個犯人殺死的天神小的孩子……,　……還活著！）, ,0,247,1,1,0,0,0,0,0,,Translated
1535,,（……けど、私を含め、みんな手足を縛られて,　床に転がされている）, ,,"(Unfortunately, they're all bound hand and foot, and",just sprawled out on the floor. And so am I.),,,"(...... 하지만 날 포함해, 다들 손발을 묶여서",바닥에 쓰러져 있어),,,（……但包括我在內，大家的手腳都被綁住,　躺在地上）, ,0,248,1,1,0,0,0,0,0,,Translated
1536,,（だから、私も体が動かないのかしら……）, , ,,(That's the real reason I can't move...),,,,(그래서 나도 못 움직이는 건가......),,,,（所以我也動不了嗎……）, ,,0,249,1,1,0,0,0,0,0,,Translated
1537,＊,ひっく……ひっく……, , ,*,*weep* *weep*,,,＊,흑...... 흑......,,,＊,嗚……嗚……, ,,1,78,14,1,0,0,0,0,0,,Translated
1538,＊,うわああぁぁん……, , ,*,Waaaaaaaahaaaaaahh!!,,,＊,우와아아아앙......,,,＊,嗚啊啊……, ,,1,12,21,1,0,0,0,0,0,,Translated
1539,＊,うわああぁーん、わあぁーん, ……たすけてぇー！, ,*,Ahhhhhhhh!!,Aaaaaaaaggghh!!,"Somebody, please, save me!!",＊,우와아아앙~  와아앙~,...... 살려줘~!,,＊,嗚啊啊～、哇啊～, ……救救我～！,,1,13,21,1,0,0,0,0,0,,Translated
1540,あゆみ,ひ……ッ！, , ,Ayumi,*gasp*,,,아유미,히...... 익!,,,あゆみ,咿……！, ,,1,250,1,1,0,0,0,0,0,,Translated
1541,ヨシカズ,う……？　ウゥウ……？　……ゥゥ, , ,Yoshikazu,Oooh? Oooaah? Oooaaaggh...,,,요시카즈,우......?  우우우......?  ...... 우우,,,ヨシカズ,嗚……？　嗚嗚……？　……嗚嗚, ,,1,167,26,1,0,0,0,0,0,,Translated
1542,あゆみ,！！　や……！　いやぁ！　きゃあぁ！, , ,Ayumi,"No...stop... NO! PLEASE, NO!!",,,아유미,!!  싫어......!  싫어어!  꺄아아!,,,あゆみ,！！　不……！　不要！　呀！, ,,1,251,1,1,0,0,0,0,0,,Translated
1543,ヨシカズ,め……目……メ,……め……ヲ, ,Yoshikazu,Eye... Eeeye... Herreye... Eyess...,,,요시카즈,눈...... 눈...... 눈,...... 눈...... 을,,ヨシカズ,眼……眼睛……眼……睛, ,,1,168,26,1,0,0,0,0,0,,Translated
1544,あゆみ,ひ……うッ……　み……見え……, , ,Ayumi,Urgh! Gargh! No...,I can't...see...,,아유미,히...... 윽......  아...... 안 보......,,,あゆみ,咿……　……看……不見……, ,,1,252,1,1,0,0,0,0,0,,Translated
1545,,　目隠しをされ、何も見えない……, , ,,(Now I'm blindfolded. I can't see a thing that's,happening to me.),,,눈가리개를 해서 아무것도 안 보인다......,,,,　被矇住眼睛，什麼也看不見……, ,,0,253,1,1,0,0,0,0,0,,Translated
1546,,　手足も縛られてるから、目隠しを取る事も出来ない。, , ,,"(And since my hands and feet are tied up, I can't","remove the blindfold, either.)",,,손발을 묶여서 눈가리개를 벗을 수도 없다.,,,,　手腳也被綁著，連眼罩都拿不掉。, ,,0,254,1,1,0,0,0,0,0,,Translated
1547,,　こうしていると恐怖は、余計に倍増する。, , ,,(That just makes everything so much worse...),,,,이렇게 있으니 더욱 공포가 배가된다.,,,,　這樣反而讓恐懼加倍。, ,,0,255,1,1,0,0,0,0,0,,Translated
1548,,　耳がどんどん敏感になる。, , ,,"(I guess because I can't see, I begin to listen",more intently.),,,귀가 점점 민감해진다.,,,,　耳朵變得越來越敏銳。, ,,0,0,2,1,0,0,0,0,0,,Translated
1549,＊,　ひっ……ひっ……う……ううぅぅーっ……,　ひっく……ひっく…… う…ううぅ……う……, ,*,*frightened sobbing*,,,＊,힉...... 힉...... 으...... 으으으으~ ......,흑...... 흑...... 으... 으으으...... 으......,,＊,　嗚……嗚……嗚……嗚嗚～……,　嗚……嗚…… 嗚…嗚嗚……嗚……,,1,79,14,1,0,0,0,0,0,,Translated
1550,,　周りの子達の嗚咽の声が,　狭い部屋に反響して、私も恐怖で,　頭が割れそうになる。,,(The helpless cries of the other children echo off,"the walls of the cramped room. I'm so scared, it",feels like my head's going to explode...),,주위에 있는 아이들이 오열하는 소리가,"좁은 방에 울리고, 나도 공포로",머리가 깨질 것 같다.,,　周圍孩子們的啜泣聲,　在狹小的房間裡迴盪，我也因為恐懼,　頭快要裂開了。,0,1,2,1,0,0,0,0,0,,Translated
1551,あゆみ,何するのよ！　どうして目隠しなんか……, , ,Ayumi,What are you doing to me?! Why am I blindfolded?!,,,아유미,뭐하는 거야!  왜 눈가리개 같은 걸......,,,あゆみ,你做什麼！　為什麼要矇眼……, ,,1,2,2,1,0,0,0,0,0,,Translated
1552,あゆみ,ねぇ！　放して！　紐……,手！　足……　ほどいてよ！！, ,Ayumi,Untie me! Cut the ropes! I want to be able to use,my hands and feet! Please!,,아유미,제발!  풀어줘!  끈 좀......,손이랑!  발......  풀어달라고!!,,あゆみ,喂！　放開我！　繩子……,手！　腳……　解開啊！！,,1,3,2,1,0,0,0,0,0,,Translated
1553,あゆみ,ねぇっ！, , ,Ayumi,Please!!,,,아유미,제발!,,,あゆみ,喂！, ,,1,4,2,1,0,0,0,0,0,,Translated
1554,,　何度も叫んだけど、男は私から離れて行った……, , ,,"(I kept begging and pleading, but all I heard in",response was the man walking away from me.),,,"몇 번이고 소리쳤지만, 남자는 나에게서 멀어져 갔다......",,,,　喊了好幾次，但男人離我遠去了……, ,,0,5,2,1,0,0,0,0,0,,Translated
1555,ヨシカズ,　じ……ジュン……バン……,　？　ウゥゥ, ,Yoshikazu,In...or...der...o...kay...?,,,요시카즈,수...... 순...... 서......,?  우우우,,ヨシカズ,　順……序……,　？　嗚嗚, ,1,169,26,1,0,0,0,0,0,,Translated
1556,,　……順番ってなに？, , ,,('In order'...?),,,,...... 순서가 뭐지?,,,,　……順序是什麼？, ,,0,6,2,1,0,0,0,0,0,,Translated
1557,＊,！ あぁあ！　わあぁぁああぁぁぁー！, , ,*,Ahhhh! Ahhhhh!! AAAAAAGGGHH!!,AAAAAAAAAAAGGGHH!! YEEEAAAAAAAAGGGHH!!,,＊,!  아아아!  와아아아아아아아아~!,,,＊,！ 啊啊！　哇啊啊啊啊～！, ,,1,80,14,1,0,0,0,0,0,,Translated
1558,, ,＊＋％＆＃＄％～～！, ,, , %&#$%!!,,,＊＋％＆＃＄％~~!,＊＋％＆＃＄％~~!,,, ,＊＋％＆＃＄％～～！,,0,0,0,1,0,0,0,0,0,,Translated
1559,,　人間の声とは思えない、凄まじい音波のような叫び声。,　端っこにいた男の子だ。, ,,(I've never heard screaming like this before. It's,"pure, primal terror, cutting through the air like a",perfect sine wave. It's the boy at the end...),,인간의 목소리라고는 생각할 수 없는,엄청난 음파와 같은 울부짖음. 끝에 있던 남자아이다.,,,　不像人類的聲音，如音波般的慘叫。,　是角落的男孩。, ,0,7,2,1,0,0,0,0,0,,Translated
1560,,　それが、延々と続く。,　今まさに殺されているんだ！, ,,(It feels like he's been screaming for an eternity.,"I think...he's being killed, right now!)",,,그것이 계속 이어진다.,지금 죽이고 있는 거야!,,,　那聲音持續不斷。,　正在被殺啊！, ,0,8,2,1,0,0,0,0,0,,Translated
1561,,　なんてこと！,　なんてこと！, ,,"(My God, what the hell is he doing to him?!)",,,,이게 뭐야!,이게 뭐야!,,,　怎麼會！,　怎麼會！, ,0,9,2,1,0,0,0,0,0,,Translated
1562,,　こんな残酷な目に遭っているのに, , ,,(No one deserves this!),,,,이런 잔혹한 꼴을 당하고 있는데,,,,　明明遭受如此殘酷的對待，, ,,0,10,2,1,1,0,0,0,0,,Translated
1563,,　何故せめて早く、神様は意識を奪ってあげないの！, , ,,(Why isn't God allowing him to fall unconscious,so he doesn't have to suffer?!),,,하느님은 왜 의식을 뺏지 않는 거야!,,,,　為什麼神不早點讓他失去意識！, ,,0,11,2,1,0,0,0,0,0,,Translated
1564,,　何十分経っただろうか。, , ,,(It's been at least a half an hour now.),,,,몇십 분이 지났을까.,,,,　不知道過了幾十分鐘。, ,,0,12,2,1,0,0,0,0,0,,Translated
1565,,　何度も何度も、繰り返し、搾り出された,　男の子の叫び声は……, ,,(Those inhuman screams of a young boy being ripped,apart from the inside...),,,"몇 번이고 몇 번이고, 반복되고, 짜내어진",남자아이의 절규는......,,,　一次又一次，被擠壓出來的,　男孩的慘叫聲……, ,0,13,2,1,0,0,0,0,0,,Translated
1566,,　とうとう、聞こえなくなった。, , ,,(...have finally come to a halt.),,,,끝내 들리지 않게 되었다.,,,,　終於聽不見了。, ,,0,14,2,1,0,0,0,0,0,,Translated
1567,＊,きゃあああぁぁー！,……や！　……いや！　いやぁー, ,*,NOOOOOOOOO!!,No...no...NOOOOOOOOOOOOOOOO!!,,＊,꺄아아아아아~!,...... 싫어!  ...... 싫어!  싫어어~,,＊,呀啊啊～！,……不要！　……不要！　不要～,,1,14,21,1,0,0,0,0,0,,Translated
1568,,　間髪いれずに女の子の悲鳴が上がる。,　これももはや音だった。, ,,"(Without even a single moment of silence, the first",of the girls in line is the next to scream for her,life. And the symphony goes on...),,곧바로 여자아이의 비명이 들린다.,목소리와는 거리가 멀었다.,,,　緊接著女孩的慘叫響起。,　這也已經是噪音了。, ,0,15,2,1,0,0,0,0,0,,Translated
1569,＊,あぁ　ぐ……　…, , ,*,Aaauuuugghh...oolh...unf...,,,＊,아아  으......  ...,,,＊,啊啊　咕……　…, ,,1,0,0,1,0,0,0,0,0,,Translated
1570,＊,ごぼごぼごぼごぼ, , ,*,*gurgle* *hic* *choke*,,,＊,꼬로로로로록,,,＊,咕嚕咕嚕咕嚕咕嚕, ,,1,0,0,1,0,0,0,8,0,,Translated
1571,,　駄目だ。気が狂う。私の。,　やめて。やめろ。やめろ。,　やめろ！,,"(God, I can't take any more of this! I'm losing my","mind! Stop it stop it stop it, STOP IT!!)",,,이런. 미칠 것 같다. 내 정신이.,그만둬. 그만둬. 그만둬.,그만둬!,,　不行。要瘋了。我。,　住手。住手。住手。,　住手！,0,16,2,1,0,0,0,0,0,,Translated
1572,,　まだ終わらない。,　早く……, ,,"(Is it still going on? Come on, just die already...)",,,,아직 끝나지 않았다.,얼른......,,,　還沒結束。,　快點……, ,0,17,2,1,0,0,0,0,0,,Translated
1573,,　早く？　……,　私は何を望んでいるんだろう。, ,,"(...'Die already'? God, what is wrong with me...?)",,,,얼른?  ......,난 뭘 바라고 있는 걸까.,,,　快點？　……,　我在期望什麼呢。, ,0,18,2,1,0,0,0,0,0,,Translated
1574,,　わからないけど、とにかく,　早く楽にしてあげて！, ,,"(You know what, I don't care...just get it over","with, and leave me in peace!)",,,"그건 모르겠지만, 어쨌든",얼른 편하게 해줘!,,,　我不知道，總之,　快點讓他解脫吧！, ,0,19,2,1,0,0,0,0,0,,Translated
1575,,　やがて「ゴン！」と何か重い物が落ちる音がして、,　静かになった。, ,,"(Finally, after hearing a sound like a heavy object","being dropped...the noises stopped, and the room",grew quiet again.),,이윽고 「쿵！」하고 무거운 물체가 떨어지는 소리가 난 후,조용해졌다.,,,　不久聽到「咚」的重物落下聲，,　安靜了下來。, ,0,20,2,1,0,0,0,0,0,,Translated
1576,,じゃり……,　　じゃり……,　　　　じゃり……,,*thump*,   *thump*,      *thump*,,터벅......,  터벅......,    터벅......,,沙沙……,　　沙沙……,　　　　沙沙……,0,0,0,1,0,0,0,24,0,,Translated
1577,,　大きくなる足音。, , ,,(Those footsteps are getting closer...),,,,커지는 발소리.,,,,　越來越大的腳步聲。, ,,0,21,2,1,0,0,0,0,0,,Translated
1578,,　ぞわりと、……全身の毛が逆立つ。, , ,,(All my hair's standing on end at this point.),,,,"오싹, 하고 전신의 털이 곤두선다.",,,,　全身的汗毛都豎了起來。, ,,0,22,2,1,0,0,0,0,0,,Translated
1579,,　胃から下に氷を詰められたような……,　一瞬にして下痢になったような悪寒。, ,,(Everything below my stomach feels like it's,frozen...like I've suddenly been stricken with,severe diarrhea.),,위장으로부터 아래로 얼음을 쑤셔 넣은 듯한......,순간 설사가 난 듯한 오한.,,,　就像從胃以下被塞進冰塊……,　瞬間腹瀉般的寒意。, ,0,23,2,1,0,0,0,0,0,,Translated
1580,,　“順番”,　私は何を安心しているんだろう。,　隣の子が死んだら次は、,,"('In order'...? God, why am I relieved by the",silence?! The kid next to me just died!),,,“순서”,나는 뭘 안심한 거지.,옆에 아이가 죽으면 다음엔,,　“順序”,　我在放心什麼呢。,　隔壁的孩子死了接下來就是，,0,24,2,1,0,0,0,0,0,,Translated
1581,,　私の番じゃないッ！　っあ！, , ,,(Which means it's my turn now! Aah!!),,,,내 차례인데!  아!,,,,　輪到我了！　啊！, ,,0,25,2,1,0,0,0,0,0,,Translated
1582,,　髪の毛を掴まれ、頭をグイッと持ち上げられる。, , ,,(Someone's got me by the hair. They're pulling my,head up.),,,"머리카락을 붙잡혀, 머리가 주욱 올라간다.",,,,　頭髮被抓住，頭被猛地往上拉。, ,,0,27,2,1,0,0,0,0,0,,Translated
1583,,　同時に目隠しを取られると、, 『犯人』の顔が……,　正面に、見えた。,,(And taking off my blindfold! Which means...I get,to see the face of my killer...),,,동시에 눈가리개가 치워지고, 『범인』의 얼굴이......,"정면으로, 보였다.",,　同時眼罩被拿掉，,　『犯人』的臉……,　就在正前方。,0,28,2,1,0,0,0,0,0,,Translated
1584,,　そこに私は、人智を超えた力の動き……,　巨大なる呪詛の側面を見ている。, ,,I believe that we're looking at a curse far more,powerful than anything man could devise.,,,"거기에서 나는, 인지를 뛰어 넘은 힘의 작용......",거대한 저주의 측면을 보고 있다.,,,　在那裡，我看到了超越人類智慧的力量運作……,　巨大詛咒的面貌。, ,0,81,6,1,0,0,0,0,0,,Translated
1585,,　開校当初より閉鎖されていた、, , ,,From the time it opened its doors to the day it,closed them forever...,,,개교 당초부터 폐쇄되었던,,,,　從開校以來就被封閉的，, ,,0,82,6,1,0,0,0,0,0,,Translated
1586,,　天神小学校の地下室に関する、,　何か大きな呪いの存在……, ,,...Heavenly Host Elementary School's sealed basement,room has existed as some form of cursed ground.,,,텐진초등학교 지하실에 관련된,어떤 거대한 저주의 존재......,,,　天神小學校地下室相關的,　某種巨大詛咒的存在……, ,0,83,6,1,0,0,0,0,0,,Translated
1587,,　この、連続児童誘拐・殺害事件より、, , ,,"And to find the underlying cause, we must go back",beyond the infamous kidnapping and murder incident.,,,"이 연속 아동 유괴, 살해 사건을",,,,　比這起連續兒童綁架殺害事件,　更早，, ,0,84,6,1,0,0,0,0,0,,Translated
1588,,　更にさかのぼること、２０年。, , ,,Back a whole twenty years.,,,,거슬러 올라가 20년 전.,,,,　還要往前追溯二十年。, ,,0,85,6,1,0,0,0,0,0,,Translated
1589,,　おぼろげながら、真相を知る手がかりを、,私は見つけたように思える。, ,,I believe I may have found a clue that could shed,some light on the situation. It may be a bit far-,"fetched, as leads go, but it's a lead nonetheless.",,"까마득하지만, 진상을 밝혀낼 단서를",찾아보고자 한다.,,,　雖然模糊，但我似乎找到了,　了解真相的線索。, ,0,86,6,1,0,0,0,0,0,,Translated
1590,,　廃校になった後、取り壊されて別の学校が,　建っている現在では、, ,,"Regrettably, since Heavenly Host was not only closed","down but demolished altogether, and another school",built in its place...,,"폐교된 후, 철거되고 다른 학교가",세워진 현재,,,　在廢校後被拆除、建了其他學校的,　現在，, ,0,87,6,1,0,0,0,0,0,,Translated
1591,,　失われた天神小学校の地下室を調べる事は,　不可能だが……, ,,...it's no longer possible to investigate the,basement room directly.,,,잊혀진 텐진초등학교 지하실을 조사하는 건,불가능하지만......,,,　要調查已消失的天神小學校地下室,　雖然不可能……, ,0,88,6,1,0,0,0,0,0,,Translated
1592,,　私の助手が、興味深い方法を,　見つけて来てくれた。, ,,But my protege has found what may be the next,best thing.,,,"내 조수가, 흥미로운 방법을",찾아내 주었다.,,,　但我的助手找到了,　一個有趣的方法。, ,0,89,6,1,0,0,0,0,0,,Translated
1593,,　不可能が、可能となるかも知れない。,　これより、その準備に出かける。, ,,Something that could make the impossible possible,once more. Preparations are being made to pursue,this lead even now.,,"불가능이, 가능으로 변할지도 모른다.",지금부터 그 준비에 들어간다.,,,　不可能也許會變為可能。,　現在開始準備這個。, ,0,90,6,1,0,0,0,0,0,,Translated
1594,,　詳しくは、次回の連載にてお伝えしたいと思う。,　楽しみにお待ち戴きたい。, ,,Be sure not to miss the next installment. It may,be the scoop of a lifetime...,,,자세한 사항은 다음 연재에 전하고자 한다.,기대하기 바란다.,,,　詳細內容將在下一次連載中告訴大家。,　敬請期待。, ,0,91,6,1,0,0,0,0,0,,Translated
1595,, 文：鬼碑忌コウ, 　　　　　　　　　　　（2003年7／22）, ,,-Kou Kibiki (2003-7-22), ,,,글 : 키비키 코우,                                                  (2003년 7/22),,, 文：鬼碑忌コウ, 　　　　　　　　　　　（2003年7／22）, ,0,0,0,1,0,0,0,0,0,,Translated
1596,, ,【Chapter5へ続く】, ,, ,[Continued in Chapter 5],,,【Chapter5에서 계속】,,,, ,【待續第五章】, ,0,0,0,1,1,0,0,24,0,,Translated
1597,結衣,……。, , ,Ms. Shishido,...,,,유이,......,,,結衣,……。, ,,1,112,27,1,0,0,0,0,0,,Translated
1598,結衣,あれっ……, , ,Ms. Shishido,...Huh?,,,유이,어라......,,,結衣,咦……, ,,1,113,27,1,0,0,0,0,0,,Translated
1599,結衣,夢……？, , ,Ms. Shishido,A dream...?,,,유이,꿈......?,,,結衣,夢……？, ,,1,114,27,1,0,0,0,0,0,,Translated
1600,結衣,……何だか、色んな夢を 続けて見た気がする。, , ,Ms. Shishido,I feel like...I've been dreaming for a long time...,,,유이,"...... 뭔가, 여러 꿈을 연이어 꾼 것 같아.",,,結衣,……總覺得，好像連續做了好多夢。, ,,1,115,27,1,0,0,0,0,0,,Translated
1601,結衣,縁起でも無い……中嶋さん達が,命を落とすなんて……ひどい夢。, ,Ms. Shishido,"...A terrible, ominous dream...where Nakashima and",the others all lost their lives...,,유이,재수 없는...... 나카시마와 아이들이,목숨을 잃는...... 지독한 꿈.,,結衣,不吉利……中嶋同學她們,失去生命……可怕的夢。, ,1,116,27,1,0,0,0,0,0,,Translated
1602,結衣,私……　何処にいるのかしら？, , ,Ms. Shishido,I wonder...where I am...?,,,유이,난...... 어디 있는 걸까?,,,結衣,我……　在哪裡呢？, ,,1,117,27,1,0,0,0,0,0,,Translated
1603,結衣,……, , ,Ms. Shishido,...,,,유이,......,,,結衣,……, ,,1,118,27,1,0,0,0,0,0,,Translated
1604,あゆみ,いやあぁぁぁ！！　先生！,宍戸先生ーッ！, ,Ayumi,NOOOOOOOOO! MS. YUI! MS. SHISHIDO!!,,,아유미,꺄아아아아아!!  선생님!,시시도 선생님~!,,あゆみ,不要啊啊！！　老師！,宍戶老師～！,,1,10,1,1,0,0,0,0,0,,Translated
1605,結衣,これだけ言っても判らないの！,……早く行きなさい！, ,Ms. Shishido,Don't you understand the gravity of the situation?!,Go! Now!!,,유이,이만큼 말했는데도 모르겠니!,...... 어서 가!,,結衣,說這麼多還不懂嗎！,……快走！,,1,119,27,1,0,0,0,0,0,,Translated
1606,結衣,……そっか……私、あのまま瓦礫に,埋まっちゃったんだ……, ,Ms. Shishido,Now I remember...,I got buried in rubble after that...,,유이,"...... 그래...... 난, 그대로 기와에",깔렸었지......,,結衣,……是嗎……我，就那樣被瓦礫,埋住了啊……,,1,120,27,1,0,0,0,0,0,,Translated
1607,結衣,……。, , ,Ms. Shishido,...,,,유이,......,,,結衣,……。, ,,1,121,27,1,0,0,0,0,0,,Translated
1608,結衣,篠崎さん……無事に、逃げられたかな……, , ,Ms. Shishido,Shinozaki... I hope you were able to get out,safely...,,유이,시노자키...... 무사히 도망쳤을까......,,,結衣,篠崎同學……平安逃掉了嗎……, ,,1,122,27,1,0,0,0,0,0,,Translated
1609,山崎,『生徒の為に何が出来るか』,……それを一生懸命に, ,Mr. Yamazaki,'What can I do for my students?', ,,야마자키,『학생을 위해 뭘 할 수 있는가』,...... 그걸 열심히,,山崎,『能為學生做些什麼』,……拼命地, ,1,17,22,1,0,0,0,0,0,,Translated
1610,山崎,模索する姿勢が出来ている時点で,君は教師として合格だ。, ,Mr. Yamazaki,As soon as you start asking yourself that question,without even thinking about it...then you're a bona,"fide teacher, through and through.",야마자키,모색하는 자세가 되어 있는 시점에서,넌 교사로서 합격이야.,,山崎,在探索的階段，你作為教師就已經合格了。, ,,1,18,22,1,0,0,0,0,0,,Translated
1611,結衣,私は……少しでも先生らしくなれたのかな……, , ,Ms. Shishido,I guess...I did finally become...a little more,like the teacher...I wanted to be...,,유이,나...... 조금은 선생님다워진 걸까,,,結衣,我……是否多少變得更像老師了呢……, ,,1,123,27,1,0,0,0,0,0,,Translated
1612,結衣,……まだ、１年も経ってないけど……, , ,Ms. Shishido,...but it hasn't even been a year...,,,유이,...... 아직 1년도 안 됐지만......,,,結衣,……雖然才不到一年……, ,,1,124,27,1,0,0,0,0,0,,Translated
1613,結衣,体……動かないや。下半身の感覚もあまりないし……, , ,Ms. Shishido,I...can't...move my body...,Can't even...feel...my lower half...,,유이,몸이...... 안 움직이네. 하반신에 감각도 별로 없고......,,,結衣,身體……動不了。下半身也沒什麼感覺……, ,,1,125,27,1,0,0,0,0,0,,Translated
1614,結衣,首から下が……麻酔が掛かったみたい……, , ,Ms. Shishido,Everything below my neck...paralyzed...,,,유이,목 아래가...... 마비된 것 같아......,,,結衣,脖子以下……像打了麻醉一樣……, ,,1,126,27,1,0,0,0,0,0,,Translated
1615,結衣,……, , ,Ms. Shishido,...,,,유이,......,,,結衣,……, ,,1,127,27,1,0,0,0,0,0,,Translated
1616,結衣,それにしても……暗いなぁ……寂しいなぁ……, , ,Ms. Shishido,...It's so dark...,So lonely...,,유이,그건 그렇고...... 어둡네...... 쓸쓸하다......,,,結衣,話說回來……好暗啊……好寂寞啊……, ,,1,128,27,1,0,0,0,0,0,,Translated
1617,結衣,もう少し……生きていたかったなぁ……, , ,Ms. Shishido,I wanted...to live...just a little longer...,,,유이,좀 더...... 살고 싶었는데......,,,結衣,好想……再多活一會兒……, ,,1,129,27,1,0,0,0,0,0,,Translated
1618,結衣,あれ？　涙……。あは、もう死ぬのに……,出るんだ、私……, ,Ms. Shishido,Am I...crying?,...Haha... I'm almost dead...and here I am...,crying...,유이,"어라? 눈물...... 아하, 곧 죽을 텐데......","나오는구나, 눈물이......",,結衣,咦？　眼淚……。啊哈，都要死了……,還會流啊……,,1,130,27,1,0,0,0,0,0,,Translated
1619,結衣,……。, , ,Ms. Shishido,*sob*,,,유이,......,,,結衣,……。, ,,1,131,27,1,0,0,0,0,0,,Translated
1620,あゆみ,私ね、ウチの学校の先生嫌いだけど……, , ,Ayumi,I don't like most of my teachers very much...,,,아유미,"난 말야, 우리 학교 선생님들은 싫어하지만......",,,あゆみ,我呢，雖然討厭學校的老師……, ,,1,11,1,1,0,0,0,0,0,,Translated
1621,あゆみ,宍戸先生は大好き！　おねえちゃんと,同じ雰囲気がするの。, ,Ayumi,...but I love Ms. Shishido! She feels almost like,a big sister to me.,,아유미,시시도 선생님은 정말 좋아!  언니랑,같은 분위기거든.,,あゆみ,但很喜歡宍戶老師！　感覺像姐姐一樣。, ,,1,12,1,1,0,0,0,0,0,,Translated
1622,直美,先生、猫飼ってるの？, , ,Naomi,"Hey Ms. Yui, is it true you have a cat?",,,나오미,"선생님, 고양이 키워?",,,直美,老師有養貓嗎？, ,,1,240,11,1,0,0,0,0,0,,Translated
1623,直美,あたし、この仔が欲しいんだけど……,飼うの難しい？　見て見て。, ,Naomi,"I was thinking of adopting this little guy, but I'm","not sure how to go about it... Here, have a look...",,나오미,"나, 이 애가 좋은데......",키우기 어려워? 봐봐.,,直美,我想要這隻小貓……養起來難嗎？　你看你看。, ,,1,241,11,1,0,0,0,0,0,,Translated
1624,世以子,ギャーッ！　可愛い！　可愛い！　超丸い！,耳ドコ！？, ,Seiko,"Eeeeeeee, he's A-DO-RA-BLE! Look at his fat little",body! And where are his ears?!,,세이코,꺄악~!  귀엽다!  귀엽다!  진짜 동그랗네!,귀는 어딨어!?,,世以子,哇！　可愛！　可愛！　超圓！,耳朵在哪！？,,1,0,0,1,0,0,0,28,0,,Translated
1625,直美,あんたじゃないの。, , ,Naomi,I wasn't asking you.,,,나오미,너 말고.,,,直美,又不是問你。, ,,1,251,29,1,0,0,0,0,0,,Translated
1626,良樹,結衣センセー、その『垂れ垂れパンダ』の,ネックレスさぁ, ,Yoshiki,"Hey Ms. Yui, about that 'Floopy-Droopy Panda'",necklace you've got...,,요시키,유이 선생님~  그 『타레타레 팬더』,목걸이 말인데,,良樹,結衣老師，那個『垂吊熊貓』的,項鍊啊, ,1,237,23,1,0,0,0,0,0,,Translated
1627,良樹,やっぱかけてんの？　胸の形にさ…… , , ,Yoshiki,Are you wearing it right now? It's hard to tell,with those honkin' tracts of--,,요시키,역시 걸고 다니는 거야?  늘어진 가슴에......,,,良樹,果然有戴嗎？　在胸型上……, ,,1,0,0,1,0,0,0,16,0,,Translated
1628,良樹,痛ェ！！, , ,Yoshiki,OW!!,,,요시키,아야!!,,,良樹,好痛！！, ,,1,249,29,1,0,0,0,0,0,,Translated
1629,森繁,すごいパンチだ……, , ,Morishige,That was quite a punch...,,,모리시게,굉장한 펀치군......,,,森繁,好厲害的一拳……, ,,1,142,8,1,0,0,0,0,0,,Translated
1630,繭,先生……私ね、私……, , ,Mayu,"Ms. Yui, I... I'll...",,,마유,"선생님...... 나 말야, 나......",,,繭,老師……我啊、我……, ,,1,37,8,1,0,0,0,0,0,,Translated
1631,繭,向こうに行ったら、手紙書きます。, , ,Mayu,"...I'll write you, once I get settled in at my new",school.,,마유,"이사가면, 편지 쓸게.",,,繭,到那邊之後，會寫信給你。, ,,1,38,8,1,0,0,0,0,0,,Translated
1632,繭,これからも、大人になっても、ずーっと……, , ,Mayu,"Not just now, but even after I grow up...",I'll keep writing...,,마유,"앞으로도, 어른이 되어도, 줄곧......",,,繭,從今以後，即使長大了，也一直……, ,,1,39,8,1,0,0,0,0,0,,Translated
1633,繭,私の先生でいて欲しいの。　いいでしょう？, , ,Mayu,I just...want you to always be my teacher.,Would that be okay?,,마유,내 선생님으로 있어줬으면 좋겠어.  알았지?,,,繭,希望你能一直當我的老師。　可以嗎？, ,,1,40,8,1,0,0,0,0,0,,Translated
1634,哲志,先生、今日は自転車のチェーン,外れてたよね(笑), ,Satoshi,"Ms. Yui, your bike chain came off today, no?",,,사토시,"선생님, 오늘 자전거 체인",빠졌지(웃음),,哲志,老師，今天腳踏車鏈條,掉了對吧（笑）,,1,93,16,1,0,0,0,0,0,,Translated
1635,哲志,俺、先生の失敗してる姿を観察するの、, , ,Satoshi,Never seen you take a spill like that before.,,,사토시,나는 선생님이 실패한 모습을 관찰하는 걸,,,哲志,我啊，很喜歡觀察,老師失敗的樣子。, ,1,94,16,1,0,0,0,0,0,,Translated
1636,哲志,大好きなんだよね。ははは～, , ,Satoshi,You looked so forlorn... It was kind of cute!,Hahaha...,,사토시,좋아하거든. 하하하~,,,哲志,最喜歡了。哈哈哈～, ,,1,95,16,1,0,0,0,0,0,,Translated
1637,結衣,……みんな……　がんばれ……, , ,Ms. Shishido,...I wish you all...the very best...,,,유이,...... 다들...... 힘내......,,,結衣,……大家……　加油……, ,,1,132,27,1,0,0,0,0,0,,Translated
1638,結衣,絶対……　死んじゃ、だめだよ。, , ,Ms. Shishido,Please...don't die...,,,유이,"절대로...... 죽으면, 안 돼.",,,結衣,絕對……　不可以死。, ,,1,133,27,1,0,0,0,0,0,,Translated
1639,結衣,しっかり、道を切りひらいて……,君達の未来を、掴むんだよ……, ,Ms. Shishido,Forge a path for yourselves...,Don't let your futures slip away...,,유이,"확실히, 길을 열고......","너희들의 미래를, 붙잡아......",,結衣,好好開闢道路……,抓住你們的未來……,,1,134,27,1,0,0,0,0,0,,Translated
1640,結衣,寒いよ……　お母さん……　お父さん……, , ,Ms. Shishido,I'm so cold...,Mom... Dad...,,유이,춥다...... 엄마...... 아빠......,,,結衣,好冷……　媽媽……　爸爸……, ,,1,135,27,1,0,0,0,0,0,,Translated
1641,結衣,モネちゃん……, , ,Ms. Shishido,Monet...,,,유이,모네야......,,,結衣,莫內……, ,,1,136,27,1,0,0,0,0,0,,Translated
1642,結衣,……寂しいよ……, , ,Ms. Shishido,...I feel so alone...,,,유이,...... 쓸쓸해......,,,結衣,……好寂寞……, ,,1,137,27,1,0,0,0,0,0,,Translated
1643,結衣,怖いよ……, , ,Ms. Shishido,I'm scared...,,,유이,무서워......,,,結衣,好可怕……, ,,1,138,27,1,0,0,0,0,0,,Translated
1644,結衣,………　…。, , ,Ms. Shishido,...,,,유이,.........  ...,,,結衣,………　…。, ,,1,139,27,1,1,0,0,0,0,,Translated
1645,結衣,……。, , ,Ms. Shishido,...,,,유이,......,,,結衣,……。, ,,1,112,27,1,0,0,0,0,0,,Translated
1646,結衣,あれっ……, , ,Ms. Shishido,...Huh?,,,유이,어라......,,,結衣,咦……, ,,1,113,27,1,0,0,0,0,0,,Translated
1647,結衣,夢……？, , ,Ms. Shishido,A dream...?,,,유이,꿈......?,,,結衣,夢……？, ,,1,114,27,1,0,0,0,0,0,,Translated
1648,結衣,……何だか、色んな夢を 続けて見た気がする, , ,Ms. Shishido,I feel like...I've been dreaming for a long time...,,,유이,"...... 뭔가, 여러 꿈을 연이어 꾼 것 같아.",,,結衣,……總覺得，好像連續做了好多夢。, ,,1,115,27,1,0,0,0,0,0,,Translated
1649,結衣,縁起でも無い……中嶋さん達が,命を落とすなんて……ひどい夢, ,Ms. Shishido,"...A terrible, ominous dream...where Nakashima and",the others all lost their lives...,,유이,재수 없는...... 나카시마와 아이들이,목숨을 잃는...... 지독한 꿈.,,結衣,不吉利……中嶋同學她們,失去生命……可怕的夢。, ,1,116,27,1,0,0,0,0,0,,Translated
1650,結衣,私……　何処にいるのかしら？, , ,Ms. Shishido,I wonder...where I am...?,,,유이,난...... 어디 있는 걸까?,,,結衣,我……　在哪裡呢？, ,,1,117,27,1,0,0,0,0,0,,Translated
1651,結衣,……, , ,Ms. Shishido,...,,,유이,......,,,結衣,……, ,,1,118,27,1,0,0,0,0,0,,Translated
1652,あゆみ,いやあぁぁぁ！！　先生！,宍戸先生ーッ！, ,Ayumi,NOOOOOOOOO! MS. YUI! MS. SHISHIDO!!,,,아유미,꺄아아아아아!!  선생님!,시시도 선생님~!,,あゆみ,不要啊啊！！　老師！,宍戶老師～！,,1,10,1,1,0,0,0,0,0,,Translated
1653,結衣,これだけ言っても判らないの！,……早く行きなさい！, ,Ms. Shishido,Don't you understand the gravity of the situation?!,Go! Quickly!,,유이,이만큼 말했는데도 모르겠니!,...... 어서 가!,,結衣,說這麼多還不懂嗎！,……快走！,,1,119,27,1,0,0,0,0,0,,Translated
1654,結衣,……そっか……私、あのまま瓦礫に,埋まっちゃったんだ, ,Ms. Shishido,Now I remember...,I got buried in rubble after that...,,유이,"...... 그래...... 난, 그대로 기와에",깔렸었지......,,結衣,……是嗎……我，就那樣被瓦礫,埋住了啊……,,1,120,27,1,0,0,0,0,0,,Translated
1655,結衣,……。, , ,Ms. Shishido,...,,,유이,......,,,結衣,……。, ,,1,121,27,1,0,0,0,0,0,,Translated
1656,結衣,篠崎さん……無事に　逃げられたかな, , ,Ms. Shishido,Shinozaki... I hope you were able to get out,safely...,,유이,시노자키...... 무사히 도망쳤을까......,,,結衣,篠崎同學……平安逃掉了嗎……, ,,1,122,27,1,0,0,0,0,0,,Translated
1657,山崎,『生徒の為に何が出来るか』,……それを一生懸命に, ,Mr. Yamazaki,'What can I do for my students?', ,,야마자키,『학생을 위해 뭘 할 수 있는가』,...... 그걸 열심히,,山崎,『能為學生做些什麼』,……拼命地, ,1,17,22,1,0,0,0,0,0,,Translated
1658,山崎,模索する姿勢が出来ている時点で,君は教師として合格だ, ,Mr. Yamazaki,As soon as you start asking yourself that question,without even thinking about it...then you're a bona,"fide teacher, through and through.",야마자키,모색하는 자세가 되어 있는 시점에서,넌 교사로서 합격이야.,,山崎,在探索的階段，你作為教師就已經合格了。, ,,1,18,22,1,0,0,0,0,0,,Translated
1659,結衣,私は……少しでも先生らしくなれたのかな, , ,Ms. Shishido,I guess...I did finally become...a little more,like the teacher...I wanted to be...,,유이,나...... 조금은 선생님다워진 걸까,,,結衣,我……是否多少變得更像老師了呢……, ,,1,123,27,1,0,0,0,0,0,,Translated
1660,結衣,……まだ　１年も経ってないけど, , ,Ms. Shishido,...but it hasn't even been a year...,,,유이,...... 아직 1년도 안 됐지만......,,,結衣,……雖然才不到一年……, ,,1,124,27,1,0,0,0,0,0,,Translated
1661,結衣,体……　動かないや。,下半身の感覚もあまり無いし……, ,Ms. Shishido,I...can't...move my body...,Can't even...feel...my lower half...,,유이,몸이...... 안 움직이네.,하반신에 감각도 별로 없고......,,結衣,身體……動不了。下半身也沒什麼感覺……, ,,1,125,27,1,0,0,0,0,0,,Translated
1662,結衣,首から下が……　麻酔が掛かったみたい, , ,Ms. Shishido,Everything below my neck...paralyzed...,,,유이,목 아래가...... 마비된 것 같아......,,,結衣,脖子以下……像打了麻醉一樣……, ,,1,126,27,1,0,0,0,0,0,,Translated
1663,結衣,……, , ,Ms. Shishido,...,,,유이,......,,,結衣,……, ,,1,127,27,1,0,0,0,0,0,,Translated
1664,結衣,それにしても……　暗いなぁ……,寂しいなぁ……, ,Ms. Shishido,...It's so dark...,So lonely...,,유이,그건 그렇고...... 어둡네......,쓸쓸하다......,,結衣,話說回來……好暗啊……好寂寞啊……, ,,1,128,27,1,0,0,0,0,0,,Translated
1665,結衣,もう少し……,生きていたかったなぁ……, ,Ms. Shishido,I wanted...to live...just a little longer...,,,유이,좀 더......,살고 싶었는데......,,結衣,好想……再多活一會兒……, ,,1,129,27,1,0,0,0,0,0,,Translated
1666,結衣,あれ？　涙……,あは、もう死ぬのに……出るんだ、私, ,Ms. Shishido,Am I...crying?,...Haha... I'm almost dead...and here I am...,crying...,유이,어라? 눈물......,"아하, 곧 죽을 텐데...... 나오는구나, 눈물이......",,結衣,咦？　眼淚……。啊哈，都要死了……,還會流啊……,,1,130,27,1,0,0,0,0,0,,Translated
1667,結衣,……。, , ,Ms. Shishido,*sob*,,,유이,......,,,結衣,……。, ,,1,131,27,1,0,0,0,0,0,,Translated
1668,あゆみ,私ね、ウチの学校の先生,嫌いだけど……, ,Ayumi,I don't like most of my teachers very much...,,,아유미,"난 말야, 우리 학교 선생님들은",싫어하지만......,,あゆみ,我呢，雖然討厭學校的老師……, ,,1,11,1,1,0,0,0,0,0,,Translated
1669,あゆみ,宍戸先生は大好き！　おねえちゃんと,同じ雰囲気がするの, ,Ayumi,...but I love Ms. Shishido! She feels almost like,a big sister to me.,,아유미,시시도 선생님은 정말 좋아!  언니랑,같은 분위기거든.,,あゆみ,但很喜歡宍戶老師！　感覺像姐姐一樣。, ,,1,12,1,1,0,0,0,0,0,,Translated
1670,直美,先生猫飼ってるの？, , ,Naomi,"Hey Ms. Yui, is it true you have a cat?",,,나오미,"선생님, 고양이 키워?",,,直美,老師有養貓嗎？, ,,1,240,11,1,0,0,0,0,0,,Translated
1671,直美,あたし、この仔が欲しいんだけど……,飼うの難しい？　見て見て, ,Naomi,"I was thinking of adopting this little guy, but I'm","not sure how to go about it... Here, have a look...",,나오미,"나, 이 애가 좋은데......",키우기 어려워? 봐봐.,,直美,我想要這隻小貓……養起來難嗎？　你看你看。, ,,1,241,11,1,0,0,0,0,0,,Translated
1672,世以子,ギャーッ！　可愛い！　可愛い！　超丸い！,耳ドコ！？, ,Seiko,"Eeeeeeee, he's A-DO-RA-BLE! Look at his fat little",body! And where are his ears?!,,세이코,꺄악~!  귀엽다!  귀엽다!  진짜 동그랗네!,귀는 어딨어!?,,世以子,哇！　可愛！　可愛！　超圓！,耳朵在哪！？,,1,0,0,1,0,0,0,27,0,,Translated
1673,直美,あんたじゃないの。, , ,Naomi,I wasn't asking you.,,,나오미,너 말고.,,,直美,又不是問你。, ,,1,0,0,1,1,0,0,0,0,,Translated
1674,良樹,結衣センセー、その『垂れ垂れパンダ』の,ネックレスさぁ, ,Yoshiki,"Hey Ms. Yui, about that 'Floopy-Droopy Panda'",necklace you've got...,,요시키,유이 선생님~  그 『타레타레 팬더』,목걸이 말인데,,良樹,結衣老師，那個『垂吊熊貓』的,項鍊啊, ,1,237,23,1,0,0,0,0,0,,Translated
1675,良樹,やっぱかけてんの？　胸の形にさ……, , ,Yoshiki,Are you wearing it right now? It's hard to tell,with those honkin' tracts of--,,요시키,역시 걸고 다니는 거야?  늘어진 가슴에......,,,良樹,果然有戴嗎？　在胸型上……, ,,1,0,0,1,0,0,0,16,0,,Translated
1676,良樹,痛ェ！！, , ,Yoshiki,OW!!,,,요시키,아야!!,,,良樹,好痛！！, ,,1,249,29,1,0,0,0,0,0,,Translated
1677,哲志,先生、今日は自転車のチェーン,外れてたよね(笑), ,Satoshi,"Ms. Yui, your bike chain came off today, no?",,,사토시,"선생님, 오늘 자전거 체인",빠졌지(웃음),,哲志,老師，今天腳踏車鏈條,掉了對吧（笑）,,1,93,16,1,0,0,0,0,0,,Translated
1678,哲志,俺 先生の失敗してる,姿を観察するの、, ,Satoshi,Never seen you take a spill like that before.,,,사토시,나는 선생님이 실패한,모습을 관찰하는 걸,,哲志,我啊，很喜歡觀察,老師失敗的樣子。, ,1,94,16,1,0,0,0,0,0,,Translated
1679,哲志,大好きなんだよね,ははは～, ,Satoshi,You looked so forlorn... It was kind of cute!,Hahaha...,,사토시,좋아하거든.,하하하~,,哲志,最喜歡了。哈哈哈～, ,,1,95,16,1,0,0,0,0,0,,Translated
1680,結衣,……みんな……,がんばれ……, ,Ms. Shishido,...I wish you all...the very best...,,,유이,...... 다들......,힘내......,,結衣,……大家……　加油……, ,,1,132,27,1,0,0,0,0,0,,Translated
1681,結衣,絶対……　死んじゃ、だめだよ, , ,Ms. Shishido,Please...don't die...,,,유이,"절대로...... 죽으면, 안 돼.",,,結衣,絕對……　不可以死。, ,,1,133,27,1,0,0,0,0,0,,Translated
1682,結衣,しっかり、道を切り拓いて……,君達の未来を、掴むんだよ, ,Ms. Shishido,Forge a path for yourselves...,Don't let your futures slip away...,,유이,"확실하게, 길을 열고......","너희들의 미래를, 붙잡아......",,結衣,好好開闢道路……,抓住你們的未來……,,1,134,27,1,0,0,0,0,0,,Translated
1683,結衣,寒いよ……,お母さん……　お父さん……, ,Ms. Shishido,I'm so cold...,Mom... Dad...,,유이,춥다......,엄마...... 아빠......,,結衣,好冷……　媽媽……　爸爸……, ,,1,135,27,1,0,0,0,0,0,,Translated
1684,結衣,モネちゃん……, , ,Ms. Shishido,Monet...,,,유이,모네야......,,,結衣,莫內……, ,,1,136,27,1,0,0,0,0,0,,Translated
1685,結衣,……寂しいよ……, , ,Ms. Shishido,...I feel so alone...,,,유이,...... 쓸쓸해......,,,結衣,……好寂寞……, ,,1,137,27,1,0,0,0,0,0,,Translated
1686,結衣,怖いよ……, , ,Ms. Shishido,I'm scared...,,,유이,무서워......,,,結衣,好可怕……, ,,1,138,27,1,0,0,0,0,0,,Translated
1687,結衣,……。, , ,Ms. Shishido,...,,,유이,......,,,結衣,……。, ,,1,139,27,1,1,0,0,0,0,,Translated
1688,,　……目隠しを剥ぎ取られ、, , ,,(With my blindfold removed...),,,,...... 눈가리개가 벗겨지고,,,,　……眼罩被拿掉，, ,,0,29,2,1,0,0,0,0,0,,Translated
1689,,　私の眼前に晒された光景は、,　想像を絶していた, ,,(...the sight that appeared before me was more,horrific than anything I could possibly have,imagined.),,내 눈앞에 닥친 광경은,상상을 뛰어넘었다,,,　呈現在我眼前的光景，,　超乎想像, ,0,30,2,1,0,0,0,0,0,,Translated
1690,,　血まみれの大きな鋏を手に、,　私を見下ろしていたのは、さっきの大男ではなく, ,,"(The person staring back at me, brandishing a","blood-soaked pair of sewing scissors, wasn't",the large man from earlier at all...),,커다란 피투성이 가위를 손에 들고,"나를 내려다보고 있던 것은, 조금 전의 그 남자가 아닌",,,　手持巨大染血剪刀、,　俯視著我的，不是剛才的大漢，, ,0,31,2,1,0,0,0,0,0,,Translated
1691,,　捕えられていた子供達の,　一人…… , ,,(It was one of the children!),,,,붙잡힌 아이들 중,한 명......,,,　而是被抓到的孩子們中的,　一人……, ,0,32,2,1,0,0,0,0,0,,Translated
1692,,　返り血で,　顔が真っ赤に染まった、,　小さな女の子だった,,"(It was a little girl, her face dyed red with the",blood of her victims.),,,뿜어져 나온 피로,얼굴이 새빨갛게 물든,작은 소녀였다,,　是一個被濺出的血,　染紅了臉的,　小女孩,0,33,2,1,0,0,0,0,0,,Translated
1693,,　……生気の無い灰色の目で,　じっ……と私の目を見据え、,　次いで彼女は,,(She was staring intently at me with soulless gray,eyes...and then...),,,...... 생기가 없는 잿빛 눈으로,가만히...... 내 눈을 바라본 다음,그녀는,,　……她以無生氣的灰色眼眸,　緊緊……盯著我的眼睛，,　然後她,0,34,2,1,0,0,0,0,0,,Translated
1694,,　けたけたと笑いだした。, , ,,(...she just started giggling.),,,,낄낄 웃어댔다.,,,,　咯咯地笑了起來。, ,,0,35,2,1,0,0,0,0,0,,Translated
1695,, ,（ジョキン！　ジョキン！）, ,, ,  *snip* *snap* *snip* *snap*,,,(철컹! 철컹!),,,, ,（喀嚓！　喀嚓！）,,0,0,0,1,0,0,0,0,0,,Translated
1696,ヨシカズ,ア……アウゥゥ……,ア……　（ガタガタガタ）, ,Yoshikazu,Ahh...aauuu...aaahhaaahh...!,,,요시카즈,아...... 아우우우......,아......,,ヨシカズ,啊……啊啊……,啊……　（發抖發抖發抖）,,1,170,26,1,0,0,0,0,0,,Translated
1697,サチコ,……クスクスクス, , ,Sachiko,*giggle* *giggle*,,,사치코,...... 쿡쿡쿡,,,サチコ,……嘻嘻嘻嘻, ,,1,95,14,1,0,0,0,0,0,,Translated
1698,,　鋏（はさみ）は不快な音を立て、,　せわしなく開閉を繰り返す, ,,(She was opening and closing the bloodied scissors,"over and over again, and the sound kept echoing",through the room...),,가위는 불쾌한 소리를 내며,빠르게 여닫히는,,,　剪刀發出不愉快的聲響，,　不停地開合, ,0,36,2,1,0,0,0,0,0,,Translated
1699,,　その 錆びてぼろぼろになった、,　血まみれの切っ先は, ,,"(Then, she took those dull, rusty, thoroughly",blood-soaked blades...),,,녹이 슬어 너덜너덜한,피투성이인 날 끝이,,,　那生鏽破爛的、,　沾血的刀尖，, ,0,37,2,1,0,0,0,0,0,,Translated
1700,,　すぅ、と,　わたしの 目 に向けられた。, ,,(...and slooooowly brought them closer and closer,to my left eye.),,,스윽,내 눈을 향했다.,,,　慢慢地，,　指向了我的眼睛。, ,0,38,2,1,0,0,0,0,0,,Translated
1701,ヨシカズ,……イッ、ヒイィッ……！！,（ガタガタガタ）, ,Yoshikazu,Eeeeh! Eeeeeyaaaayhh!!,,,요시카즈,"...... 익, 히이익......!!",(덜덜덜),,ヨシカズ,……咿、咿……！！,（發抖發抖發抖）,,1,171,26,1,0,0,0,0,0,,Translated
1702,あゆみ,そんな……なんで……,どうして、あなたが？, ,Ayumi,How... Why...,Why is it you?!,,아유미,그럴 수가...... 왜......,"어째서, 네가?",,あゆみ,怎麼會……為什麼……,為什麼是你？,,1,39,2,1,0,0,0,0,0,,Translated
1703,サチコ,クスクスクス……！,（スゥ―ッ……）, ,Sachiko,*giggle* *giggle*,,,사치코,쿡쿡쿡......!,(스으......),,サチコ,嘻嘻嘻……！,（慢慢地……）,,1,96,14,1,1,0,1,0,0,,Translated
1704,あゆみ,いや、いや……！,いやぁぁぁぁっ！！, ,Ayumi,No... Noo...,NOOOOOOOOOOOO!!,,아유미,"싫어, 싫어......!",꺄아아아아악!!,,あゆみ,不要、不要……！,不要啊啊！！,,1,40,2,1,1,0,1,0,0,,Translated
1705,あゆみ,いゃぁぁぁぁぁッ！！,きゃあぁぁぁぁッ！！, ,Ayumi,AAAAAAAAAGGGHH!!,AAAAAAAAAAAAAGGGGGGHHH!!,,아유미,꺄아아아아아악!!,꺄아아아아아악!!,,あゆみ,不要啊啊！！,呀啊啊！！,,1,41,2,1,1,0,1,0,0,,Translated
1706,良樹,……！　あぁ！？, , ,Yoshiki,*gasp*,,,요시키,......!  어어!?,,,良樹,……！　啊！？, ,,1,61,24,1,0,0,0,0,0,,Translated
1707,良樹,こ……はぁ！？　篠崎……　篠崎じゃないか……！, , ,Yoshiki,...No... Shinozaki... That's Shinozaki!,,,요시키,이...... 뭐야!?  시노자키......  시노자키 아냐......!,,,良樹,這……哈！？　篠崎……　這不是篠崎嗎……！, ,,1,62,24,1,0,0,0,0,0,,Translated
1708,良樹,なんだよ……！　なんでこんなことに！！,うわァ！　篠崎ィ！, ,Yoshiki,Wh...Why... Why did this have to happen?!,"God, no... NO! SHINOZAKI, NO!!",,요시키,뭐야......!  왜 이렇게!!,우와아! 시노자키이!,,良樹,什麼啊……！　為什麼會這樣！！,哇啊！　篠崎！,,1,63,24,1,0,0,0,0,0,,Translated
1709,良樹,うわあぁぁぁぁーーーっ！, , ,Yoshiki,Uwaaaaaaaaaaagh!,,,요시키,우와아아아아아~~~!,,,良樹,啊啊啊啊―――！, ,,1,64,24,1,0,0,0,0,0,,Translated
1710,良樹,うわあぁぁぁぁーーーっ！, , ,Yoshiki,UwaaaaaaaaaAAAAAAAAAAAAAAAAGGGHH!!,,,요시키,우와아아아아아~~~!,,,良樹,啊啊啊啊―――！, ,,1,65,24,1,1,0,1,0,0,,Translated
1711,,　血まみれの小さな麻袋が落ちています。,　給水口から出て来て落ちたようです……, ,,It's a small hemp bag stained with copious amounts,of blood. It seems to have fallen from the spigot.,,,작은 피투성이 마대 자루가 떨어져 있습니다.,급수구에서 나와 떨어진 것 같습니다......,,,一個沾血的小麻袋掉在地上。,　似乎是從給水口掉出來的……, ,0,0,0,1,0,0,0,0,0,,Translated
1712,,　麻袋には小学校の名札が付けられています。, , ,,An elementary-schooler's student ID name tag is,attached to it.,,,마대 자루에는 초등학교 명찰이 달려 있습니다.,,,,麻袋上掛著小學的名牌。, ,,0,0,0,1,0,0,0,0,0,,Translated
1713,,　天神小学校,　１の６　　つじ　ときこ, ,,Heavenly Host Elementary School,"Class 1-6, [Tokiko Tsuji]",,,텐진초등학교,1-6      츠지  토키코,,,天神小學校,　１之６　　辻　時子, ,0,0,0,1,0,0,0,0,0,,Translated
1714,,　袋の中には、切り取られた人間の舌が、,　入っていました……, ,,The bag appears to contain a severed human tongue.,,,,자루 안에는 사람의 잘린 혀가,들어 있습니다......,,,　袋子裡裝著,　被割下來的人類舌頭……, ,0,0,0,1,0,0,0,0,0,,Translated
1715,良樹,……う……っぷ, , ,Yoshiki,Ullgh...,,,요시키,...... 으...... 욱,,,良樹,……嗚…噁。, ,,1,112,24,1,0,0,0,0,0,,Translated
1716,あゆみ,……女の子の名前……, , ,Ayumi,It's a girl's name...,,,아유미,...... 여자 이름......,,,あゆみ,……女孩的名字……, ,,1,134,1,1,0,0,0,0,0,,Translated
1717,,　遺体の一部（女児）　を取りました。, , ,,Acquired [Tokiko's Tongue].,,,,유해의 일부 (여아)를 얻었습니다.,,,,　拿到了【遺體的一部分（女孩）】。, ,,0,0,0,1,0,0,0,0,0,,Translated
1718,,　奥のほうで何か光っています……, , ,,The dim lights around you are reflecting off of,something deep inside the drainage grate.,,,안에서 무언가 빛나고 있습니다......,,,,裡面有什麼在發光……, ,,0,0,0,1,0,0,0,0,0,,Translated
1719,,　……手を入れてみますか？, , ,,Try to fish it out?,,,,...... 손을 넣어보겠습니까?,,,,　……要伸手進去嗎？, ,,0,0,0,1,0,0,0,0,0,,Translated
1720,,はい,いいえ,,,Yes,No,,,네,아니오,,,是,否,,0,255,255,255,255,255,255,255,255,,Translated
1721,良樹,何だ……？　これ, , ,Yoshiki,What IS this thing?,,,요시키,뭐야......? 이건,,,良樹,什麼……？　這個, ,,1,110,24,1,0,0,0,0,0,,Translated
1722,あゆみ,何かの……ハンドル？, , ,Ayumi,Some kind of...handle?,,,아유미,뭔가의...... 핸들?,,,あゆみ,什麼的……把手？, ,,1,133,1,1,0,0,0,0,0,,Translated
1723,,「錆びたハンドル」　を手に入れた。, , ,,Acquired [Rusted Valve Wheel].,,,,「녹슨 핸들」을  손에 넣었다.,,,,拿到了「生鏽的把手」。, ,,0,0,0,1,0,0,0,0,0,,Translated
1724,,　排水口には、藻や沈殿物が絡みつき,　とても不潔な有様です。, ,,The drainage grate is encrusted with algae and,sediment. It's not a pleasant sight.,,,배수구에 수초와 침전물이 걸려 있어서,매우 불결해 보입니다.,,,　排水口纏繞著水藻和沉積物，,　非常不衛生的樣子。, ,0,0,0,1,0,0,0,0,0,,Translated
1725,,　排水口には、,　とても不潔な有様です。, ,,The drainage grate is encrusted with algae and,sediment. It's not a pleasant sight.,,,배수구에 수초와 침전물이 걸려 있어서,매우 불결해 보입니다.,,,　排水口，,　非常不衛生的樣子。, ,0,0,0,1,0,0,0,0,0,,Translated
1726,,　中高生くらいの大きさの亡骸があります。,　長時間水に浸かっていたためか、,　肉組織がふやけて崩れており酷い有様です。,,"Based on size, this appears to be the body of a","high-schooler. Long-term exposure to the dirty,",contaminated water has left it quite a mess.,,중고등학생 정도 되는 유해가 있습니다.,장시간 물에 잠겨 있던 탓인지,내조직이 불어터져 참혹한 모습입니다.,,有中學生左右大小的遺體。,　似乎因長時間浸泡在水中，,　肉組織已經腫脹崩壞，慘不忍睹。,0,0,0,1,0,0,0,0,0,,Translated
1727,,　プールの給水口があります。, , ,,"It's essentially an oversized faucet or pump,",obviously used for filling the pool.,,,수영장 급수구가 있습니다.,,,,有游泳池的給水口。, ,,0,0,0,1,0,0,0,0,0,,Translated
1728,,　表面は苔にびっしりと覆われていて、,　ぬらぬらとした黒緑色の膜が,　水を吸ってふやけています……,,Its entire surface is covered in moss that seems to,"have absorbed some of the water, puffing it up with","a thick, blackish-green coat of ultra-shiny slime.",,표면에는 이끼가 잔뜩 끼어 있고,끈적끈적한 검녹색 막이,물을 머금어 불어 있습니다......,,表面覆蓋著厚厚的苔蘚，,　濕滑的黑綠色薄膜,　吸飽了水而腫脹……,0,0,0,1,0,0,0,0,0,,Translated
1729,,　危険！　排水時には必ず、水練場内を確認のこと。, , ,,[CAUTION!],Confirm all swimmers have vacated the pool before,draining.,,"위험!  배수 시에는 반드시, 수영장 안을 확인할 것.",,,,危險！　排水時務必,　確認泳池內無人。, ,0,0,0,1,0,0,0,0,0,,Translated
1730,良樹,……！？, , ,Yoshiki,...?!,,,요시키,......!?,,,良樹,……！？, ,,1,155,24,1,0,0,0,0,0,,Translated
1731,,　どこにもっていくんだよ,　かえせよ, ,,Where are you taking that?,Give it back!,,,어디로 들고 가는 거냐,돌려줘,,,你要拿到哪裡去,　還給我, ,0,0,0,1,0,0,0,0,0,,Translated
1732,,　小さな体の亡骸があります。,　長時間水に浸かっていたためか、,　肉組織がふやけて崩れており酷い有様です。,,It's the corpse of a very tiny individual. Being,pickled in this filthy brine for so long seems to,have bloated its skin into a patchwork of pustules.,,몸집이 작은 유해가 있습니다.,장시간 물에 잠겨 있던 탓인지,내조직이 불어터져 참혹한 모습입니다.,,有一具嬌小的遺體。,　似乎因長時間浸泡在水中，,　肉組織已經腫脹崩壞，慘不忍睹。,0,0,0,1,0,0,0,0,0,,Translated
1733,,　無残な女子生徒の亡骸があります……, , ,,"It's the body of a female student, rotting and",decayed.,,,끔찍한 여학생의 유해가 있습니다......,,,,有一具慘不忍睹的女學生遺體……, ,,0,0,0,1,0,0,0,0,0,,Translated
1734,,　無残な女子生徒の亡骸があります……, , ,,"It's the body of a female student, rotting and",decayed.,,,끔찍한 여학생의 유해가 있습니다......,,,,有一具慘不忍睹的女學生遺體……, ,,0,0,0,1,0,0,0,0,0,,Translated
1735,,“給水用の機械のハンドルは,　プールに投げ込んだし”, ,,"I removed the wheel from the water pump, and threw",it into the pool.,,,“급수용 기계 핸들을,수영장에 던졌으니“,,,“給水用機械的把手，,　我扔進游泳池了”, ,0,0,0,1,0,0,0,0,0,,Translated
1736,,“これで給水口の奥に押し込んだアレも、,　誰にも取られないだろう。”, ,,"Hopefully, that'll keep anyone from finding the",little 'treasure' I left in the spigot.,,,“이제 급수구 안에 쳐박아 둔 그건,아무도 못 찾겠지.”,,,“這樣一來，塞在給水口深處的那個東西，,　也沒人拿得到了吧。”, ,0,0,0,1,0,0,0,0,0,,Translated
1737,,“僕の仲間を殺したあのガキめ,　永遠に探し回れ、手前の体の一部を……！”, ,,That bitch killed my friends. She can spend,"eternity without a tongue, for all I care!",,,“내 친구를 죽인 그 꼬맹이 자식,"네 몸의 일부를, 영원히 찾아다녀라......!”",,,“殺了我同伴的那個小鬼，,　永遠去找吧，你身體的一部分……！”, ,0,0,0,1,0,0,0,0,0,,Translated
1738,良樹,なんだこの汚い水は……何が沈んでるか、,分かったもんじゃねぇな。, ,Yoshiki,What's up with this murky water? There's no telling,what could be down there...,,요시키,뭐야 이 더러운 물은...... 안에 뭐가 있는지,알 수가 없네.,,良樹,這髒水是什麼……裡面沉了什麼,　根本不知道。, ,1,48,24,1,0,0,0,0,0,,Translated
1739,良樹,死んでも入んねーぞ（俺、泳げねぇし）。, , ,Yoshiki,"All I know is, I wouldn't be caught dead in this","pool! (Of course, I can't really swim, so...)",,요시키,"죽어도 안 들어간다  (난, 수영 못하니까).",,,良樹,死都不會進去的（我又不會游泳）。, ,,1,49,24,1,0,0,0,0,0,,Translated
1740,良樹,何だよ、何が飛び込んだんだよ……！, , ,Yoshiki,What the...? Seems like something fell in!,,,요시키,"뭐야, 뭐가 들어간 거야......!",,,良樹,什麼啊，有什麼掉進去了……！, ,,1,66,24,1,0,0,0,0,0,,Translated
1741,良樹,篠崎……更衣室にいるだろうな？, , ,Yoshiki,"Shinozaki...is still in the locker room, right?",,,요시키,시노자키는...... 탈의실에 있었지?,,,良樹,篠崎……在更衣室裡吧？, ,,1,67,24,1,0,0,0,0,0,,Translated
1742,良樹,……何処だ！？　篠崎！, , ,Yoshiki,Hey! Shinozaki! Shinozaki?!,,,요시키,...... 어디 있어!?  시노자키!,,,良樹,……在哪！？　篠崎！, ,,1,74,24,1,0,0,0,0,0,,Translated
1743,良樹,さっき波が立っていたのは……この辺か？ , , ,Yoshiki,Pretty sure this is the where the waves were,coming from...,,요시키,좀 전에 파문이 인 건...... 요 주변인가?,,,良樹,剛才起波浪的是……這附近嗎？, ,,1,75,24,1,0,0,0,0,0,,Translated
1744,,はい,いいえ,,,It is,Maybe not,,,네,아니오,,,是,不是,,0,255,255,255,255,255,255,255,255,,Translated
1745,良樹,・　・　・　・　・　・　・　, , ,Yoshiki,.........,,,요시키,  ·      ·      ·      ·      ·      ·      ·,,,良樹,　・　・　・　・　・　・　・, ,,1,0,0,1,0,0,0,0,0,,Translated
1746,良樹,・　・　・　・　・　, , ,Yoshiki,......,,,요시키,  ·      ·      ·      ·      ·,,,良樹,　・　・　・　・　・, ,,1,0,0,1,0,0,0,0,0,,Translated
1747,良樹,・　・　・　, , ,Yoshiki,...,,,요시키,  ·      ·      ·,,,良樹,　・　・　・, ,,1,0,0,1,0,0,0,0,0,,Translated
1748,良樹,…………いないな……, , ,Yoshiki,She's not here...,,,요시키,............ 없는데......,,,良樹,…………不在啊……, ,,1,79,24,1,0,0,0,0,0,,Translated
1749,良樹,ここじゃないのか？, , ,Yoshiki,Did I pick the wrong spot?,,,요시키,여기가 아닌가?,,,良樹,不是這裡嗎？, ,,1,80,24,1,0,0,0,0,0,,Translated
1750,良樹,どうだ？, , ,Yoshiki,Feeling better?,,,요시키,어때?,,,良樹,怎麼樣？, ,,1,105,24,1,0,0,0,0,0,,Translated
1751,あゆみ,……うん……　案外、口すすげた……, , ,Ayumi,"Yeah. Surprisingly, I was able to rinse out my mouth",pretty thoroughly.,,아유미,"...... 응......  의외로, 입은 가실 수 있었어......",,,あゆみ,……嗯……　意外地能漱口……, ,,1,131,1,1,0,0,0,0,0,,Translated
1752,良樹,そうか、良かったな。, , ,Yoshiki,Were you? That's good.,,,요시키,"그래, 다행이네.",,,良樹,是嗎，那就好。, ,,1,106,24,1,0,0,0,0,0,,Translated
1753,良樹,篠崎、さっき向こうに、気になる部屋,見つけたんだ。, ,Yoshiki,"So Shinozaki, while I was out here, I came across",a room in the back that I'd kind of like to check,out...,요시키,"시노자키, 방금 저기에",신경 쓰이는 방이 있었어.,,良樹,篠崎，剛才那邊發現了一個,讓人在意的房間。, ,1,107,24,1,0,0,0,0,0,,Translated
1754,あゆみ,私も行く。, , ,Ayumi,I'll go with you.,,,아유미,나도 갈래.,,,あゆみ,我也去。, ,,1,132,1,1,0,0,0,0,0,,Translated
1755,良樹,そのほうがいいか……　そうしよう。, , ,Yoshiki,That's probably for the best...,"All right, let's do it.",,요시키,그게 좋겠군......  알았어.,,,良樹,那樣比較好……　就這麼辦。, ,,1,108,24,1,0,0,0,0,0,,Translated
1756,良樹,もう、水には近づかない方がいいな……, , ,Yoshiki,I don't think either of us should get anywhere near,the water at this point...,,요시키,이제 물에는 접근하지 않는 게 좋겠어......,,,良樹,還是不要再靠近水比較好……, ,,1,109,24,1,0,0,0,0,0,,Translated
1757,,　プールサイドは　はしらない, , ,,No running by the pool,,,,수영장에서는  달리지 말 것,,,,泳池邊　請勿奔跑, ,,0,0,0,1,0,0,0,0,0,,Translated
1758,,　たらふく　のんで　おなか　いっぱい, , ,,"Water, water everywhere",but not a drop to drink,,,잔뜩 마셔서 배가 한가득,,,,喝得飽飽的　肚子撐撐的, ,,0,0,0,1,0,0,0,0,0,,Translated
1759,良樹,なんだこの汚い水は……何が沈んでるか、,分かったもんじゃねぇな。, ,Yoshiki,What's up with this murky water? There's no telling,what could be down there...,,요시키,뭐야 이 더러운 물은...... 안에 뭐가 있는지,알 수가 없네.,,良樹,這髒水是什麼……裡面沉了什麼,　根本不知道。, ,1,48,24,1,0,0,0,0,0,,Translated
1760,良樹,死んでも入んねーぞ（俺、泳げねぇし）。, , ,Yoshiki,"All I know is, I wouldn't be caught dead in this","pool! (Of course, I can't really swim, so...)",,요시키,"죽어도 안 들어간다  (난, 수영 못하니까).",,,良樹,死都不會進去的（我又不會游泳）。, ,,1,49,24,1,0,0,0,0,0,,Translated
1761,良樹,何だよ、何が飛び込んだんだよ……！, , ,Yoshiki,Something definitely fell in. Or jumped in!,,,요시키,"뭐야, 뭐가 들어간 거야......!",,,良樹,什麼啊，有什麼掉進去了……！, ,,1,66,24,1,0,0,0,0,0,,Translated
1762,良樹,篠崎……更衣室にいるだろうな？, , ,Yoshiki,"But Shinozaki...is still in the locker room, right?",She has to be...,,요시키,시노자키는...... 탈의실에 있었지?,,,良樹,篠崎……在更衣室裡吧？, ,,1,67,24,1,0,0,0,0,0,,Translated
1763,良樹,……何処だ！？　篠崎！, , ,Yoshiki,"Shinozaki! Shinozaki, where are you?!",,,요시키,...... 어디 있어!?  시노자키!,,,良樹,……在哪！？　篠崎！, ,,1,74,24,1,0,0,0,0,0,,Translated
1764,,　プールの給水口があります。, , ,,"It's essentially an oversized faucet or pump,",obviously used for filling the pool.,,,수영장 급수구가 있습니다.,,,,有游泳池的給水口。, ,,0,0,0,1,0,0,0,0,0,,Translated
1765,,　表面は苔にびっしりと覆われていて、,　ぬらぬらとした黒緑色の膜が,　水を吸ってふやけています……,,Its entire surface is covered in moss that seems to,"have absorbed some of the water, puffing it up with","a thick, blackish-green coat of ultra-shiny slime.",,표면에는 이끼가 잔뜩 끼어 있고,끈적끈적한 검녹색 막이,물을 머금어 불어 있습니다......,,表面覆蓋著厚厚的苔蘚，,　濕滑的黑綠色薄膜,　吸飽了水而腫脹……,0,0,0,1,0,0,0,0,0,,Translated
1766,良樹,何やってんだよ俺……！,やっぱり、目を離すんじゃなかった！, ,Yoshiki,What is wrong with me? What am I doing?!,I should've never taken my eyes off of her!,,요시키,난 뭘 하는 거야......!,역시 눈을 떼는 게 아니었는데!,,良樹,我在做什麼……！,果然不該移開視線的！,,1,72,24,1,0,0,0,0,0,,Translated
1767,良樹,俺のせいだ……！　くそッ, , ,Yoshiki,This is all my fault! Goddammit!,,,요시키,내 탓이야......!  젠장,,,良樹,是我的錯……！　可惡, ,,1,73,24,1,0,0,0,0,0,,Translated
1768,,　コンクリートの床の隙間に鍵が挟まっています。,　……手を伸ばしてみますか？, ,,It looks like there's a key lodged in the crack,between two tiles. Try to dig it out?,,,콘크리트 바닥 틈에 열쇠가 끼어 있습니다.,...... 손을 넣어보겠습니까?,,,混凝土的地板縫隙裡夾著一把鑰匙。,　……要伸手去拿嗎？,,0,0,0,1,0,0,0,0,0,,Translated
1769,,はい,いいえ,,,Yes,No,,,네,아니오,,,是,否,,0,255,255,255,255,255,255,255,255,,Translated
1770,,　水圧調整室の鍵　を取りました。, , ,,Acquired [Pump Room Key].,,,,수압 조정실 열쇠를 얻었습니다.,,,,拿到了【水壓調整室的鑰匙】。, ,,0,0,0,1,0,0,0,0,0,,Translated
1771,良樹,「水圧調整室」……？, , ,Yoshiki,"'Pump room,' huh?", ,,요시키,「수압 조정실」 ......?,,,良樹,「水壓調整室」……？, ,,1,56,24,1,0,0,0,0,0,,Translated
1772,,　も　う　い　い, , ,,I ' v e   h a d   e n o u g h . . .,,,,이  젠  됐  어,,,,　已　經　夠　了, ,,0,114,1,1,1,0,0,0,0,,Translated
1773,良樹,……っ？！, , ,Yoshiki,...?!,,,요시키,...... 윽?!,,,良樹,……？！, ,,1,57,24,1,0,0,0,0,0,,Translated
1774,良樹,今の声……　まさかあいつ……？, , ,Yoshiki,"Was that...? No, there's no way...",,,요시키,방금 그 목소리......  설마 그 녀석......?,,,良樹,剛才那個聲音……　難道是那傢伙……？, ,,1,58,24,1,0,0,0,0,0,,Translated
1775,良樹,じょ、冗談じゃねぇぞ……！, , ,Yoshiki,"Come on, give me a break here!",,,요시키,"노, 농담하는 거냐......!",,,良樹,開、開什麼玩笑……！, ,,1,59,24,1,0,0,0,0,0,,Translated
1776,,　危険！ 　排水時には必ず、水練場内を確認のこと。, , ,,[CAUTION!],Confirm all swimmers have vacated the pool before,draining.,,"위험!  배수 시에는 반드시, 수영장 안을 확인할 것.",,,,危險！　排水時務必,　確認泳池內無人。, ,0,0,0,1,0,0,0,0,0,,Translated
1777,良樹,プール、か……雨で、向こうがよく見えねぇな……, , ,Yoshiki,"A pool, huh...","Can't even see the other side of it, with all the",rain.,요시키,"수영장, 인가...... 비가 와서 저쪽이 잘 안 보이는데......",,,良樹,游泳池……下雨了，對面看不清楚……, ,,1,39,24,1,0,0,0,0,0,,Translated
1778,あゆみ,……ううっ……（ぶるぶるぶる）, , ,Ayumi,*shiver* *shudder*,,,아유미,...... 으윽...... (덜덜덜),,,あゆみ,……嗚嗚……（發抖發抖發抖）, ,,1,106,1,1,0,0,0,0,0,,Translated
1779,良樹,（……よし）, , ,Yoshiki,"(All right, here goes...)",,,요시키,(...... 좋아),,,良樹,（……好）, ,,1,40,24,1,0,0,0,0,0,,Translated
1780,良樹,篠崎、だめだやっぱり。　貸しな、文化人形。, , ,Yoshiki,"Shinozaki, this clearly isn't working. Why don't",I take the doll for a bit?,,요시키,"시노자키, 역시 안 되겠어.  줘 봐, 문화인형.",,,良樹,篠崎，果然不行。　把文化人偶給我。, ,,1,41,24,1,0,0,0,0,0,,Translated
1781,良樹,風邪引いちまうから……お前は、建物の中はいってろ。, , ,Yoshiki,You'll catch your death of cold out here.,Go back inside.,,요시키,감기 걸릴 테니까...... 넌 건물 안에 있어.,,,良樹,會感冒的……你進建築物裡去。, ,,1,42,24,1,0,0,0,0,0,,Translated
1782,良樹,俺が調べ終わるまで、更衣室で待ってろよ。, , ,Yoshiki,I can handle the search. You just wait for me,in the locker room.,,요시키,내가 조사를 끝낼 때까지 탈의실에서 기다려.,,,良樹,在我調查完之前，在更衣室等著。, ,,1,43,24,1,0,0,0,0,0,,Translated
1783,あゆみ,……あなた一人で、霊相手に何ができるのよ。, , ,Ayumi,And what's going to happen if a ghost shows up,"again, hmm? You think you'll be able to handle it?!",,아유미,"...... 너 혼자, 영혼을 어떻게 상대하려고.",,,あゆみ,……你一個人，能對幽靈做什麼。, ,,1,107,1,1,0,0,0,0,0,,Translated
1784,良樹,いいから。何かあったら……呼ぶからよ。, , ,Yoshiki,"Don't worry about me. If anything happens, I'll",call you.,,요시키,됐으니까. 무슨 일이 생기면...... 부를게.,,,良樹,別管了。有什麼事的話……我會叫你的。, ,,1,44,24,1,0,0,0,0,0,,Translated
1785,良樹,そん時は、助けに来てくれよ。, , ,Yoshiki,And you can come to my rescue.,,,요시키,그땐 와서 도와줘.,,,良樹,到時候要來救我啊。, ,,1,45,24,1,0,0,0,0,0,,Translated
1786,あゆみ,…………。, , ,Ayumi,...,,,아유미,.........,,,あゆみ,…………。, ,,1,108,1,1,0,0,0,0,0,,Translated
1787,あゆみ,わかった……　無茶、しないでね。, , ,Ayumi,All right. Just...don't do anything stupid.,,,아유미,알았어...... 무리하면 안 돼.,,,あゆみ,知道了……　別亂來。, ,,1,109,1,1,0,0,0,0,0,,Translated
1788,あゆみ,……がとう（ボソッ）, , ,Ayumi,...Thankyou.,,,아유미,...... 마워  (소근),,,あゆみ,……謝了（小聲）, ,,1,110,1,1,0,0,0,0,0,,Translated
1789,良樹,何だ？, , ,Yoshiki,You say somethin'?,,,요시키,뭐라고?,,,良樹,什麼？, ,,1,46,24,1,0,0,0,0,0,,Translated
1790,良樹,（これ以上、負担をかけさせるわけには,　いかないからな……。）, ,Yoshiki,(I've got to try to lighten her load as much,as possible. I don't think she can handle much,more of this...),요시키,(더 이상 부담을 늘릴 수는,없으니까......),,良樹,（不能再讓她增加負擔了……。）, ,,1,47,24,1,0,0,0,0,0,,Translated
1791,良樹,さっき波が立っていたのは……この辺か？, , ,Yoshiki,Pretty sure this is the where the waves were,coming from...,,요시키,좀 전에 파문이 인 건...... 요 주변인가?,,,良樹,剛才起波浪的是……這附近嗎？, ,,1,75,24,1,0,0,0,0,0,,Translated
1792,,はい,いいえ,,,It is,Maybe not,,,네,아니오,,,是,不是,,0,255,255,255,255,255,255,255,255,,Translated
1793,良樹,・　・　・　・　・　・　・　, , ,Yoshiki,.........,,,요시키,  ·      ·      ·      ·      ·      ·      ·,,,良樹,　・　・　・　・　・　・　・, ,,1,76,24,1,0,0,0,0,0,,Translated
1794,良樹,・　・　・　・　・　, , ,Yoshiki,......,,,요시키,  ·      ·      ·      ·      ·,,,良樹,　・　・　・　・　・, ,,1,77,24,1,0,0,0,0,0,,Translated
1795,良樹,・　・　・　！　, , ,Yoshiki,...!,,,요시키,  ·      ·      ·      !,,,良樹,　・　・　・　！　, ,,1,78,24,1,0,0,0,0,0,,Translated
1796,良樹,（―いたッ！）, , ,Yoshiki,(It's her!),,,요시키,(저기 있다!),,,良樹,（―找到了！）, ,,1,81,24,1,0,0,0,0,0,,Translated
1797,良樹,（今、助けてやるからな！）, , ,Yoshiki,"(Don't worry, Shinozaki, I'm pulling you up!)",,,요시키,(지금 구해줄 테니까!),,,良樹,（現在就來救你！）, ,,1,82,24,1,0,0,0,0,0,,Translated
1798,,　扉に「水圧調整室」と書かれています。, , ,,There's a sign on the door that says 'Pump Room.',,,,문에 「수압 조정실」이라고 적혀 있습니다.,,,,門上寫著「水壓調整室」。, ,,0,0,0,1,0,0,0,0,0,,Translated
1799,,　施錠されていて、入ることができません。, , ,,The door is locked.,,,,자물쇠가 걸려 있어서 들어갈 수 없습니다.,,,,上鎖了，無法進入。, ,,0,0,0,1,0,0,0,0,0,,Translated
1800,,「水圧調整室」の鍵を開けますか？, , ,,Unlock it?,,,,「수압 조정실」 열쇠를 사용하겠습니까?,,,,要用「水壓調整室」的鑰匙開門嗎？, ,,0,0,0,1,0,0,0,0,0,,Translated
1801,,はい,いいえ,,,Yes,No,,,네,아니오,,,是,否,,0,255,255,255,255,255,255,255,255,,Translated
1802,,　脆くなっていた鍵は、開錠と同時に,　折れてしまいました……, ,,The key was so rusted and brittle that it instantly,"snapped as soon as it was turned. Fortunately, it",had already done its job.,,낡은 자물쇠는 열림과 동시에,망가졌습니다......,,,　脆化的鑰匙在開鎖的同時,　斷掉了……, ,0,0,0,1,0,0,0,0,0,,Translated
1803,, 「排水弁」と書かれたハンドルがあります。,　……回してみますか？, ,,"The valve wheel is labeled, 'Drainage.'",Turn it?,,,「배수 밸브」라고 적힌 핸들이 있습니다.,...... 돌려 보겠습니까?,,,有一個標示「排水閥」的把手。,　……要轉轉看嗎？,,0,0,0,1,0,0,0,0,0,,Translated
1804,,はい,いいえ,,,Yes,No,,,네,아니오,,,是,否,,0,255,255,255,255,255,255,255,255,,Translated
1805,良樹,な、なんだ？ 何か詰まってる音か？, , ,Yoshiki,Wh-What was that? Did something get stuck in the,drain...?,,요시키,"뭐, 뭐야? 뭔가 막힌 소리가?",,,良樹,什、什麼？　是有東西卡住的聲音嗎？, ,,1,60,24,1,0,0,0,0,0,,Translated
1806,,　ハンドルはこれ以上、回らないようです。, , ,,The handle's been turned as far as it'll go.,,,,핸들은 더 이상 돌아가지 않는 모양입니다.,,,,把手似乎無法再轉動了。, ,,0,0,0,1,0,0,0,0,0,,Translated
1807,,　巨大な装置には“給水ポンプ”と書かれており、,　何かを取り付けられそうな穴が開いています。, ,,A crude label written on a piece of tape attached,"to the device reads, 'Water Pump.' Right below it,",there's a slot for some sort of lever or handle.,,거대한 장치에는 “급수 펌프”라고 적혀 있고,뭔가를 박을 수 있을 것 같은 구멍이 뚫려 있습니다.,,,巨大的裝置上寫著“給水幫浦”，,　有一個可以安裝東西的孔。, ,0,0,0,1,0,0,0,0,0,,Translated
1808,,　……「錆びたハンドル」　を使いますか？, , ,,Attach the [Rusted Valve Wheel]?,,,,...... 「녹슨 핸들」을 사용하겠습니까?,,,,　……要用「生鏽的把手」嗎？, ,,0,0,0,1,0,0,0,0,0,,Translated
1809,,はい,いいえ,,,Yes,No,,,네,아니오,,,是,否,,0,255,255,255,255,255,255,255,255,,Translated
1810,良樹,……っと……　錆び付いてて、これ以上回らないか。, , ,Yoshiki,...Urgh!,"That's as far as it's gonna go, I think. It's too",rusted to turn any more.,요시키,...... 윽......  녹이 슬어서 더 이상 안 돌아가.,,,良樹,……呃……　生鏽了，轉不動了。, ,,1,111,24,1,0,0,0,0,0,,Translated
1811,,　ハンドル装置にはまだ回りそうな余分が,　ありますが、錆び付いて固まっており,　これ以上回せそうにありません……,,Though the wheel is clearly meant to be turned much,"farther, there's so much rust on it that it just",won't budge. That little bit will have to be enough.,,핸들 장치는 더 돌아갈 것 같지만,녹이 슬어서 굳은 바람에,더 이상 돌릴 수가 없을 것 같습니다......,,把手裝置似乎還有轉動的空間，,　但生鏽硬化了，,　無法再轉動……,0,0,0,1,0,0,0,0,0,,Translated
1812,,　あゆみの血の跡です……, , ,,It's blood from Ayumi's nose...,,,,아유미의 핏자국입니다......,,,,是あゆみ的血跡……, ,,0,0,0,1,0,0,0,0,0,,Translated
1813,,　蛇口をひねっても、水は出ません……, , ,,"No matter how hard you turn the handle, no water",is coming out of the faucet.,,,수도꼭지를 틀어도 물은 나오지 않습니다......,,,,轉動水龍頭，也沒有水出來……, ,,0,0,0,2,0,0,0,0,0,,Translated
1814,あゆみ,……どう？, , ,Ayumi,...Well?,,,아유미,...... 어때?,,,あゆみ,……怎麼樣？, ,,1,111,1,1,0,0,0,0,0,,Translated
1815,良樹,いや……。　まだ、何も。, , ,Yoshiki,"Not much to report yet, unfortunately.",,,요시키,"아니...... 아직, 아무것도.",,,良樹,不……。　還什麼都沒有。, ,,1,50,24,1,0,0,0,0,0,,Translated
1816,良樹,別に、ビビって調べられてねぇ訳じゃなくてよ。, , ,Yoshiki,"Don't worry, though, it's not like I'm too scared",to keep looking!,,요시키,쫄아서 조사를 안 한 게 아니라.,,,良樹,不是因為害怕不敢調查哦。, ,,1,51,24,1,0,0,0,0,0,,Translated
1817,あゆみ,霊障は、弱い人には一生残る事もあるわ。,ほんとに無理しないで。, ,Ayumi,If a spirit latches on to you when your defenses are,"down, it'll be with you for the rest of your life.","So please, just be careful, okay?",아유미,약한 사람에게는 영장이 평생 남는 경우도 있어.,정말 무리하면 안 돼.,,あゆみ,靈障有時會留在弱者身上一輩子。,真的別勉強。,,1,112,1,1,0,0,0,0,0,,Translated
1818,良樹,わ、わかった……, , ,Yoshiki,I-I will.,,,요시키,"아, 알았어......",,,良樹,知、知道了……, ,,1,52,24,1,0,0,0,0,0,,Translated
1819,あゆみ,……どう？, , ,Ayumi,...Well?,,,아유미,...... 어때?,,,あゆみ,……怎麼樣？, ,,1,113,1,1,0,0,0,0,0,,Translated
1820,良樹,……。　まだ、何も。, , ,Yoshiki,Not much to report yet.,,,요시키,"아니...... 아직, 아무것도.",,,良樹,……。　還沒有。, ,,1,53,24,1,0,0,0,0,0,,Translated
1821,良樹,この人形も喋りやがらねぇし……, , ,Yoshiki,The doll's not saying a word...,,,요시키,이 인형도 말을 안 하고......,,,良樹,這個人偶也不說話……, ,,1,54,24,1,0,0,0,0,0,,Translated
1822,,　蛇口は硬く、捻る事が出来ません……, , ,,The handle seems rusted in place. It won't budge.,,,,수도꼭지가 굳어서 틀 수가 없습니다......,,,,水龍頭很緊，轉不動……, ,,0,0,0,2,0,0,0,0,0,,Translated
1823,, ロッカー内には何もありません……, , ,,The locker is empty.,,,,로커 안에는 아무것도 없습니다......,,,,置物櫃裡什麼都沒有……, ,,0,0,0,1,0,0,0,0,0,,Translated
1824,良樹,篠崎ーッ！, , ,Yoshiki,Shinozaki?!,,,요시키,시노자키~!,,,良樹,篠崎～！, ,,1,68,24,1,0,0,0,0,0,,Translated
1825,良樹,いない……！　さっきのは、やっぱり……！, , ,Yoshiki,"Dammit, she's not here. I guess that really was her,",then...,,요시키,"없어......!  좀 전에 그건, 역시......!",,,良樹,不在……！　剛才果然是……！, ,,1,69,24,1,0,0,0,0,0,,Translated
1826,良樹,何やってんだよ！　ったく！, , ,Yoshiki,What the hell is she thinking?!,,,요시키,뭘하는 거야! 진짜!,,,良樹,在搞什麼啊！　真是的！, ,,1,70,24,1,0,0,0,0,0,,Translated
1827,,　バケツの中には、雑巾のように絞られた,　下着が詰め込まれています……, ,,"The bucket is crammed full of discarded underwear,",all twisted up like wrung-out dishrags.,,,양동이 안에는 걸레 짜듯 짜여진,속옷이 담겨 있습니다......,,,水桶裡塞滿了像抹布一樣擰過的,內衣褲……, ,0,0,0,1,0,0,0,0,0,,Translated
1828,,　鏡に自分の姿が映っています……,　妙にシワが多く見えます。, ,,Your own reflection stares back at you.,"Strangely, you have more wrinkles than you remember.",,,거울에 자신의 모습이 비칩니다......,묘하게 주름이 늘어난 것 같습니다.,,,鏡子裡映出自己的身影……,　看起來皺紋特別多。, ,0,0,0,1,0,0,0,0,0,,Translated
1829,,　ロッカー内に、高校の制服が無造作に,　詰め込んであります……, ,,A high school uniform has been shoved haphazardly,into this locker.,,,로커 안에 고등학교 교복이,아무렇게나 쳐박혀 있습니다......,,,置物櫃裡隨意塞著,高中制服……, ,0,0,0,1,0,0,0,0,0,,Translated
1830,良樹,……篠崎！　……篠崎ッ！,（……よしっ、心臓は動いてんな！）, ,Yoshiki,Shinozaki! Shinozaki!,"(Good, at least she's still got a pulse...)",,요시키,...... 시노자키!  ...... 시노자키!,"(...... 좋아, 심장은 움직이는군!)",,良樹,……篠崎！　……篠崎！,（……好，心臟還在跳！）,,1,83,24,1,0,0,0,0,0,,Translated
1831,良樹,……,フーーーッ……フーーーッ……, ,Yoshiki,*phhw*,*phhw*,*phhw*,요시키,......,후욱~~~ ...... 후욱~~~ ...,,良樹,……,呼～～……呼～～……, ,1,84,24,1,0,0,0,0,0,,Translated
1832,良樹,おい！　……頼むから！　息してくれよ！, , ,Yoshiki,"Come on! Breathe already, dammit!",,,요시키,야!  ...... 부탁이니까!  숨 좀 쉬어!,,,良樹,喂！　……拜託！　快呼吸啊！, ,,1,85,24,1,0,0,0,0,0,,Translated
1833,良樹,フーーーーーッ、,　フーーーーーッ、,　　フーーーーーッ,Yoshiki,*phhw*,*phhw*,*phhw*,요시키,후욱~~~~~,후욱~~~~~,후욱~~~~~,良樹,呼～～～～～、,　呼～～～～～、,　　呼～～～～～,1,86,24,1,0,0,0,0,0,,Translated
1834,あゆみ,……ごぼっ。　　　　　　　　　　　　, , ,Ayumi,*hack* *sputter*,,,아유미,...... 콜록.,,,あゆみ,……咳咳。　　　　　　　　　　　　, ,,1,115,1,1,1,1,0,0,0,,Translated
1835,良樹,！, , ,Yoshiki,...!,,,요시키,!,,,良樹,！, ,,1,87,24,1,0,0,0,0,0,,Translated
1836,あゆみ,！　げっほ！　げっほっ！,けほっ、けほっ、けほっ, ,Ayumi,*cough* *cough* *cough*,*gasp* *cough*,,아유미,!  콜록!  콜록!,"콜록, 콜록, 콜록",,あゆみ,！　咳咳！　咳咳！,咳咳、咳咳、咳咳,,1,116,1,1,1,1,1,0,0,,Translated
1837,あゆみ,っけほっ……ううぅっ、,っハァ、ゼハァー、ゼハァー, ,Ayumi,*cough* *cough* *wheeze*,,,아유미,콜록...... 으으으,"하아, 하아~ 하아~",,あゆみ,咳咳……嗚嗚、,呼、呼～、呼～,,1,117,1,1,1,1,1,0,0,,Translated
1838,良樹,……はぁぅーーー……, , ,Yoshiki,*deep sigh*,,,요시키,...... 하아아~~~,,,良樹,……呼啊～～～……, ,,1,88,24,1,0,0,0,0,0,,Translated
1839,あゆみ,……っふぅ、ふぅ、んふ、ふぅ……, , ,Ayumi,...,,,아유미,"...... 후우, 후우, 후우, 후우......",,,あゆみ,……呼、呼、嗯呼、呼……, ,,1,118,1,1,0,0,0,0,0,,Translated
1840,良樹,……心配させんなよ……, , ,Yoshiki,"God, don't worry me like that!",,,요시키,...... 걱정 좀 그만 끼쳐라......,,,良樹,……別嚇人啊……, ,,1,89,24,1,0,0,0,0,0,,Translated
1841,良樹,落ち着いたか……？, , ,Yoshiki,You back with me now?,,,요시키,진정됐냐......?,,,良樹,冷靜下來了嗎……？, ,,1,90,24,1,0,0,0,0,0,,Translated
1842,あゆみ,……。（コクッ）, , ,Ayumi,...,,,아유미,...... (끄덕),,,あゆみ,……。（點頭）, ,,1,119,1,1,0,0,0,0,0,,Translated
1843,良樹,ったく、なんでプールに飛び込んだりしたんだよ！, , ,Yoshiki,"So tell me, why the hell did you jump into the",pool?!,,요시키,"참나, 왜 수영장에 들어가고 그래!",,,良樹,真是的，為什麼要跳進游泳池！, ,,1,91,24,1,0,0,0,0,0,,Translated
1844,あゆみ,ハァ、ハァ……岸沼君が呼んだんじゃない……, , ,Ayumi,*pant* *pant*,"You called me out there, didn't you?!",,아유미,"하아, 하아... 키시누마 군이 불렀잖아......",,,あゆみ,呼、呼……是岸沼同學叫我的啊……, ,,1,120,1,1,0,0,0,0,0,,Translated
1845,良樹,……俺が？！, , ,Yoshiki,I...what?!,,,요시키,...... 내가?!,,,良樹,……我叫的？！, ,,1,92,24,1,0,0,0,0,0,,Translated
1846,あゆみ,呼ばれて、プールサイドに出た後は……,憶えてないけど、, ,Ayumi,"I heard your voice, so I ran outside...and after",that...I don't remember much else...,,아유미,그 다음 수영장에 가고 나서는......,기억 안 나지만,,あゆみ,被叫到游泳池邊後……,雖然不記得了，, ,1,121,1,1,0,0,0,0,0,,Translated
1847,あゆみ,気が付いたら、目の前が真緑で……,口の中にいっぱい……水が……, ,Ayumi,"The next thing I knew, my vision was all this","sickening green color, and my mouth was full of",water.,아유미,정신이 들고 보니 눈앞이 녹색이고......,입안에 물이...... 잔뜩......,,あゆみ,回過神來眼前一片綠色……,嘴裡滿滿的……水……,,1,122,1,1,0,0,0,0,0,,Translated
1848,良樹,くそ……これも霊の仕業か？,だましやがるとは……, ,Yoshiki,Goddammit. Was this the work of those ghosts again?,Can't believe they can trick us so easily!,,요시키,젠장...... 이것도 영혼들 짓인가?,우릴 속이다니......,,良樹,可惡……這也是幽靈幹的嗎？,竟然耍我們……,,1,93,24,1,0,0,0,0,0,,Translated
1849,良樹,やっぱ何かあるな……　あのプール……, , ,Yoshiki,There's got to be something in that pool...,,,요시키,역시 뭔가 있어......  저 수영장......,,,良樹,果然有問題……那個游泳池……, ,,1,94,24,1,0,0,0,0,0,,Translated
1850,あゆみ,うぇっ……歯に……何かいっぱい挟まってる。,やだ……藻だわ！　ぷっ、ぷっ, ,Ayumi,Ewlk... Ehre's somehink...tuck in my toof...,"Oh, God, it's like, algae or something! *spit*",,아유미,우엑...... 이에...... 뭔가 잔뜩 끼었어.,"아...... 이끼야!  퉤, 퉤",,あゆみ,嘔……牙齒上……卡了好多東西。,不要……是水藻！　呸、呸,,1,123,1,1,0,0,0,0,0,,Translated
1851,良樹,シャワーの水、出ないのか？, , ,Yoshiki,Wonder if the showers still work...,,,요시키,샤워기 물은 안 나오는 거야?,,,良樹,淋浴的水不出來嗎？, ,,1,95,24,1,0,0,0,0,0,,Translated
1852,良樹,……っ、駄目だ……, , ,Yoshiki,...Nothing...,,,요시키,"...... 윽, 틀렸어......",,,良樹,……不行……, ,,1,99,24,1,0,0,0,0,0,,Translated
1853,あゆみ,口のなか苦い、臭いぃ……！　もぅいやぁー！, , ,Ayumi,I can't get rid of this horrible taste...and I smell,absolutely putrid! I hate this!,,아유미,"입 안이 써, 냄새 나아아......!  정말 싫어어~!",,,あゆみ,嘴裡好苦、好臭……！　受不了了～！, ,,1,126,1,1,0,0,0,0,0,,Translated
1854,あゆみ,わあぁぁぁーん、あああぁぁぁーーん, , ,Ayumi,Waaaaaaaaaaahhhh...,Aaaaaaaaaaaaaaaaaahhhh...,,아유미,와아아아앙~  아아아아아앙~~,,,あゆみ,哇啊啊～、啊啊啊～～, ,,1,127,1,1,1,1,1,0,0,,Translated
1855,あゆみ,ううう……　ううぅぅ～……, , ,Ayumi,*whine* *sob*,,,아유미,우우우......  우우우우~ ......,,,あゆみ,嗚嗚……　嗚嗚～……, ,,1,128,1,1,0,0,0,0,0,,Translated
1856,良樹,（……ふざけやがって……！）, , ,Yoshiki,(How does she think I feel?!),,,요시키,(...... 이 자식들 까불기는......!),,,良樹,（……這些混蛋……！）, ,,1,100,24,1,0,0,0,0,0,,Translated
1857,良樹,篠崎、とりあえず雨で……体洗ってみるか？, , ,Yoshiki,Shinozaki? How about we go out into the rain and,wash ourselves off a little?,,요시키,"시노자키, 우선 비로...... 몸을 씻어볼래?",,,良樹,篠崎，總之先用雨水……沖洗一下身體吧？, ,,1,101,24,1,0,0,0,0,0,,Translated
1858,良樹,雨程度じゃ、口洗えるかどうか、わかんねぇけど……, , ,Yoshiki,Though I don't know how much help rainwater will,be for getting that taste out of your mouth...,,요시키,비 가지고 입을 헹굴 수 있을지는 모르겠지만......,,,良樹,雖然不知道雨水能不能洗掉嘴裡的味道……, ,,1,102,24,1,0,0,0,0,0,,Translated
1859,あゆみ,うん……, , ,Ayumi,*sniffle* *hic*,...Okay...,,아유미,응......,,,あゆみ,嗯……, ,,1,129,1,1,0,0,0,0,0,,Translated
1860,良樹,よし、行こうぜ。, , ,Yoshiki,"All right, then. Let's go.",,,요시키,"좋아, 가자.",,,良樹,好，走吧。, ,,1,103,24,1,0,0,0,0,0,,Translated
1861,あゆみ,……。, , ,Ayumi,...,,,아유미,......,,,あゆみ,……。, ,,1,130,1,1,0,0,0,0,0,,Translated
1862,良樹,（あとで、どっかで服、乾かさないとな……）, , ,Yoshiki,"(After this, I guess we'll need to figure out how to",dry our clothes...),,요시키,(이따 어디 가서 옷을 말려야겠는걸......),,,良樹,（之後得找個地方把衣服弄乾……）, ,,1,104,24,1,0,0,0,0,0,,Translated
1863,良樹,もう少し調べてみるか……, , ,Yoshiki,I need to keep looking...,,,요시키,좀 더 조사해 볼까......,,,良樹,再調查一下吧……, ,,1,55,24,1,0,0,0,0,0,,Translated
1864,良樹,篠崎はきっとプールだ！　急がねぇと……！, , ,Yoshiki,Shinozaki has to be in the pool!,There's no time to waste!,,요시키,시노자키는 분명 수영장에 있어!  서둘러야 해......!,,,良樹,篠崎一定在游泳池！　得快點……！, ,,1,71,24,1,0,0,0,0,0,,Translated
1865,良樹,なんだ……ここは……　シャワーがあるぞ……？, , ,Yoshiki,"Wow, get a load of this place... It's got showers",and everything.,,요시키,뭐야...... 여긴......  샤워기가 있는데......?,,,良樹,什麼……這裡……　有淋浴……？, ,,1,32,24,1,0,0,0,0,0,,Translated
1866,あゆみ,う……ぐッ, , ,Ayumi,Nggh...,,,아유미,으...... 윽,,,あゆみ,嗚……咕, ,,1,103,1,1,0,0,0,0,0,,Translated
1867,良樹,（血？！）　篠崎！, , ,Yoshiki,(Blood?),Shinozaki!,,요시키,(피?!)  시노자키!,,,良樹,（血？！）　篠崎！, ,,1,33,24,1,0,0,0,0,0,,Translated
1868,良樹,大丈夫かよ、おい……？　また何か、感じたのか？, , ,Yoshiki,"Are you all right?! Did you...feel something, again?",,,요시키,괜찮냐......? 또 뭔가 느낀 거야?,,,良樹,沒事吧……？　又感覺到什麼了嗎？, ,,1,34,24,1,0,0,0,0,0,,Translated
1869,あゆみ,……。（コクッ）,うぅぅぅ……っ！！, ,Ayumi,*sniffle* Uh-huh...,*wince*,,아유미,......  (끄덕),으으으으...... 윽!!,,あゆみ,……。（點頭）,嗚嗚……！！,,1,104,1,1,0,0,0,0,0,,Translated
1870,良樹,（また鼻血か……鼻だからいいが、,　脳の血管でも切れたら大変だぞ）, ,Yoshiki,(Another nosebleed...,"If it's just her nose, it's fine, but if a blood",vessel burst in her brain or something...),요시키,(또 코피냐...... 코라서 다행이지만,뇌혈관이 터지면 큰일이야),,良樹,（又是鼻血……鼻子還好，,　要是腦血管破裂就糟了）, ,1,35,24,1,0,0,0,0,0,,Translated
1871,良樹,篠崎、ほら……これ、鼻につめてろ。, , ,Yoshiki,"Here, Shinozaki...",Stuff some tissues up your nose to stop the,bleeding.,요시키,"시노자키, 자...... 이걸로 코를 막아.",,,良樹,篠崎，來……用這個塞住鼻子。, ,,1,36,24,1,0,0,0,0,0,,Translated
1872,あゆみ,……ありがとう。持ってるけど、貰っとく……, , ,Ayumi,"*sniffle* Thanks. I have some of my own, but since",you got yours out already...,,아유미,"...... 고마워. 나도 있지만, 받아 둘게......",,,あゆみ,……謝謝。我有帶，但還是收下……, ,,1,105,1,1,0,0,0,0,0,,Translated
1873,良樹,ああ。, , ,Yoshiki,"Yeah, go ahead.",,,요시키,그래.,,,良樹,嗯。, ,,1,37,24,1,0,0,0,0,0,,Translated
1874,良樹,（霊……の影響以前に、体力的にもう限界か……？,　そろそろ、休ませてやらないとな……）, ,Yoshiki,"(Did the ghost get to her? ...No, she's been a",little off since before that. I think she's probably,reached her limit. She needs to rest...),요시키,"(유령...... 의 영향 이전에, 이미 체력이 한계인가......?",몸을 좀 쉬어야겠는데......),,良樹,（幽靈……的影響之前，體力已經到極限了吧……？,　得讓她休息一下了……）,,1,38,24,1,0,0,0,0,0,,Translated
1875,世以子,おいで、悠。　背中流してあげるよ。,, ,Seiko,"Come on out, Yuu. I'll wash your back.",,,세이코,"이리 와, 유우, 등 밀어줄게.",,,世以子,過來，悠。幫你刷背。, ,,1,42,20,1,0,0,0,0,0,,Translated
1876,悠,い、いいよ僕。 自分で洗う……, , ,Yuu,"I-I can wash it myself, you know...",,,유우,"돼, 됐어. 내가 씻을게......",,,悠,不、不用了。我自己洗……, ,,1,223,29,1,0,0,0,0,0,,Translated
1877,世以子,ぷぷッ！　男の子が前を隠すなッ！, , ,Seiko,"*snicker* What you hidin' under your hands there,",little man? There are no secrets in this bathroom!,,세이코,푸풋!  남자는 앞을 가리는 거 아냐!,,,世以子,噗噗！　男孩子遮什麼前面！, ,,1,43,20,1,0,0,0,0,0,,Translated
1878,悠,っ……、なんだよぉ……！, , ,Yuu,C-Come on! Don't!,,,유우,윽...... 뭐야......!,,,悠,……、什麼嘛……！, ,,1,224,29,1,0,0,0,0,0,,Translated
1879,世以子,ふふふ、そりゃっ！　そりゃそりゃ！, , ,Seiko,"Mwa ha ha... Take this! And this, and this!",,,세이코,"후후후, 이얏!  이얏 이얏!",,,世以子,呼呼呼，看招！　看招看招！, ,,1,44,20,1,0,0,0,0,0,,Translated
1880,悠,わぁっ、なな、何！？, , ,Yuu,Ahhh! Wh-What are you doing?!,,,유우,"와앗, 뭐뭐, 뭐야!?",,,悠,哇，什、什麼！？, ,,1,225,29,1,0,0,0,0,0,,Translated
1881,世以子,可愛いのう可愛いのう、ほれほれ！, , ,Seiko,"C'mere, you little cutie-pie!",,,세이코,"아이고 귀여워라, 호이 호이!",,,世以子,好可愛好可愛，來來來！, ,,1,0,0,1,0,1,0,1,0,,Translated
1882,悠,ひゃっ！　やめ……やめてよ姉ちゃん！,……くすぐ……ちょっ……！, ,Yuu,"Erp! St-Stop it, Sis! *snort* That tickles!",,,유우,햐!  그만...... 그만해 누나!,...... 간지러...... 좀......!,,悠,呀！　住……住手啦姊姊！,……好癢……！,,1,247,29,1,0,0,0,0,0,,Translated
1883,世以子・悠,獲ったどぉ～！,うわぁ！, ,Seiko,Gotcha!,,,세이코·유우,잡았다아~!,우와아!,,世以子・悠,抓到啦～！,哇！,,1,0,0,1,0,0,0,0,0,,Translated
1884,悠,はぁ、はぁ……,もぅ……なにすんだよぉ～。, ,Yuu,*pant* *pant*,"Geez, why do you have to be like that?",,유우,"하아, 하아......",진짜...... 뭐하는 거야~,,悠,呼、呼……,真是的……做什麼啦～。, ,1,226,29,1,0,0,0,0,0,,Translated
1885,世以子,ニシシシ……♪, , ,Seiko,Tee-hee...,,,세이코,니히히히......♪,,,世以子,嘻嘻嘻……♪, ,,1,47,20,1,0,0,0,0,0,,Translated
1886,悠,ハァ……ハァ。……姉ちゃんてさぁ……, , ,Yuu,*pant* *pant*,"You know, Sis...",,유우,하아...... 하아...... 누난 말야......,,,悠,呼……呼。……姊姊啊……, ,,1,227,29,1,0,0,0,0,0,,Translated
1887,世以子,ん？, , ,Seiko,Hmm?,,,세이코,응?,,,世以子,嗯？, ,,1,48,20,1,0,0,0,0,0,,Translated
1888,悠,……母ちゃんみたいだ。, , ,Yuu,"Sometimes, you really are like a mom.",,,유우,...... 엄마 같아.,,,悠,……好像媽媽一樣。, ,,1,228,29,1,0,0,0,0,0,,Translated
1889,世以子,……そ～お？,フフっ、悠ったら……甘えんぼ？, ,Seiko,You really think so? *giggle*,"Yuu, you're such a sweetie.",,세이코,...... 그래~?,"후훗, 유우는...... 응석받이?",,世以子,……是～嗎？,呵呵，悠真是……愛撒嬌呢？,,1,49,20,1,0,0,0,0,0,,Translated
1890,悠,ち、違うよ！　違うけど……っ, , ,Yuu,I-I didn't...mean it like that...,,,유우,"아, 아냐! 아닌데......",,,悠,不、不是啦！　不是的……, ,,1,229,29,1,0,0,0,0,0,,Translated
1891,世以子,……オトナになったね悠。お姉ちゃんの,気持ちまで考えてくれてるのかナ？, ,Seiko,"You've really grown up, Yuu. Always thinking about",your big sis' feelings.,,세이코,...... 어른이 되었구나 유우. 누나,마음까지 생각해 주는 거니?,,世以子,……長大了呢悠。都在為姊姊著想了嗎？, ,,1,50,20,1,0,0,0,0,0,,Translated
1892,悠,…………。, , ,Yuu,...,,,유우,............,,,悠,…………。, ,,1,230,29,1,0,0,0,0,0,,Translated
1893,世以子,でも悠はね……まだ甘えてもいい歳なんだよ。,……もう少し、力抜いて良いからね。, ,Seiko,"But you're still young, you know? Too young to act",like such a grown-up. You should stop worrying about,"me, and just keep on being a kid.",세이코,그치만 유우는 말야...... 아직 응석을 부려도 좋은 나이야.,"...... 좀 더, 힘 빼도 되니까.",,世以子,但是悠啊……還是可以撒嬌的年紀哦。,……可以再放鬆一點沒關係。, ,1,51,20,1,0,0,0,0,0,,Translated
1894,悠,うう……, , ,Yuu,Oooh...,,,유우,우우......,,,悠,嗚……, ,,1,231,29,1,0,0,0,0,0,,Translated
1895,世以子,うふふ、泣いた泣いた。やっぱり子供だ～, , ,Seiko,"*giggle* Aww, you're crying! See, you really are",still a kid!,,세이코,"우후후, 울었다 울었다. 역시 애구나~",,,世以子,呵呵，哭了哭了。果然是小孩～, ,,1,52,20,1,0,0,0,0,0,,Translated
1896,悠,うぅ～！, , ,Yuu,*whine*,,,유우,으으~!,,,悠,嗚～！, ,,1,232,29,1,0,0,0,0,0,,Translated
1897,世以子,おっぱい吸う？, , ,Seiko,...Want some of Mama's milk?,,,세이코,가슴 빨래?,,,世以子,要喝奶奶嗎？, ,,1,53,20,1,0,0,0,0,0,,Translated
1898,悠,出ないくせに言うな！！, , ,Yuu,That's not even possible! Don't be a perv!,,,유우,안 나오는 주제에 말하지 마!!,,,悠,又沒有還說！！, ,,1,233,29,1,0,0,0,0,0,,Translated
1899,世以子,……悠？　…いい子だね……,いつまでもずっと、優しい子でいてね？, ,Seiko,"Yuu... You're such a good kid. Don't ever change,",okay? I hope you stay like this forever...,,세이코,...... 유우?  ... 착한 아이......,언제나 그렇게 착한 아이로 있어야 한다?,,世以子,……悠？　…真是好孩子……,永遠保持溫柔哦？,,1,54,20,1,0,0,0,0,0,,Translated
1900,悠,へへ……, , ,Yuu,Heheh...,,,유우,헤헤......,,,悠,嘿嘿……, ,,1,234,29,1,0,0,0,0,0,,Translated
1901,悠,姉ちゃん今日遅いなぁ……,  , ,Yuu,Sis is really late getting home today...,,,유우,누나 오늘 늦네......,,,悠,姊姊今天好晚啊……,  ,,1,235,29,1,0,0,0,0,0,,Translated
1902,悠,一緒に『父ちゃんサプライズ』の準備するって,言ってたのに……, ,Yuu,"And she said Dad had a surprise for us, too. Said",she'd help me get ready for it...,,유우,같이 『아빠 서프라이즈』 준비를 한다고,했는데......,,悠,明明說好要一起準備『給爸爸的驚喜』的……, ,,1,236,29,1,0,0,0,0,0,,Translated
1903,悠,……早く帰ってこないかなぁ。, 　, ,Yuu,I wonder how much longer she'll be...,,,유우,...... 얼른 안 오려나.,,,悠,……不知道會不會早點回來呢。, 　,,1,237,29,1,0,0,0,0,0,,Translated
1904,悠,うわっ！……, , ,Yuu,Ack!,,,유우,우왓! ......,,,悠,哇！……, ,,1,238,29,1,0,0,0,0,0,,Translated
1905,悠,なんだぁ……？　……台風かなぁ。へんな天気……, , ,Yuu,Maaaaan... Are we having a typhoon or something?,Such weird weather...,,유우,뭐지......?  ...... 태풍인가. 이상한 날씨......,,,悠,什麼嘛……？　……颱風嗎。奇怪的天氣……, ,,1,239,29,1,0,0,0,0,0,,Translated
