Index,JP_Name,JP_Page1,JP_Page2,JP_Page3,EN2_Name,EN2_Page1,EN2_Page2,EN2_Page3,KO_Name,KO_Page1,KO_Page2,KO_Page3,TC_Name,TC_Page1,TC_Page2,TC_Page3,NameFlag,VoiceNo_low,VoiceNo_high,Timing,VoiceAutoPage,TextSpeed,Button,AutoPage,ExtVoice,Translator_Notes,Status
0,,チャプター１のオープニングを見ますか？, ,,,View the Chapter 1 opening?,,,,챕터1 오프닝을 보겠습니까?,,,,要觀看第一章的開場嗎？,,,0,0,0,0,0,0,0,0,0,,Translated
1,,はい,いいえ,,,Yes,No,,,네,아니오,,,是,否,,0,255,255,255,255,255,255,255,255,,Translated
2,,ちょうどこんな……　雨の降る、放課後だったそうよ……, , ,,"It was a rainy evening after school, just like this",one...,,,마침 이렇게... 비가 오는 방과 후였어......,,,,就在這樣一個……下著雨的放學後呢……,,,0,2,0,1,0,0,0,0,0,,Translated
3,,その女性の先生が、階段の踊り場から……,転落して亡くなったのは。, ,,"Running down the stairs, the kindly teacher lost her","footing. She tumbled, and she fell...and she died.",,,그 여선생이 층계참에서......,굴러 떨어져 죽은 건.,,,那位女老師，就是從樓梯的轉角平台……,摔落身亡的。,,0,3,0,1,0,0,0,0,0,,Translated
4,,――みんな知ってるよね？　私達の学校、,【如月学園】が建てられる前……, ,,"...You've all heard the stories, no? Before","Kisaragi Academy was built here, there was",another school on this property.,,다들 알지? 우리가 다니는,【키사라기 학원】이 지어지기 전......,,,――大家都知道的吧？在我們這所學校，,【如月學園】被建造之前……,,0,4,0,1,0,0,0,0,0,,Translated
5,,この場所にもともと建っていた、【天神小学校】。, , ,,"Heavenly Host Elementary School, it was called.",,,,이곳에 존재했던 【텐진초등학교】.,,,,這個地方原本建著的，是【天神小學校】。,,,0,5,0,1,0,0,0,0,0,,Translated
6,,不幸な事故だったわ……。,当時の校長先生は、学校のことを, ,,Such a horrible thing to happen...,The principal was completely devastated.,,,불행한 사고였어......,당시 교장은 학교를,,,真是不幸的事故呢……,當時的校長，對學校的事情,,0,6,0,1,0,0,0,0,0,,Translated
7,,まるで我が子のように、大事に思っていた,みたいなんだけど……, ,,He cared for the school almost as if it were,"his own child, you see.",,,자기 자식처럼 소중히,여겼지만......,,,簡直就像對待自己的孩子一樣，非常珍惜的樣子……,,,0,7,0,1,0,0,0,0,0,,Translated
8,,その事件をきっかけに、廃校が決定しちゃったの。, , ,,But one thing led to another after the incident...,"and ultimately, a decision was reached. The school",was to be shut down.,,이 사건을 계기로 폐교하게 되었지.,,,,然而因為那起事件，學校就決定要廢校了。,,,0,8,0,1,0,0,0,0,0,,Translated
9,,それ以来、心を病んでしまった校長先生は……,学校が閉鎖された当日に, ,,The principal was so stricken with grief over losing,his precious child that on the day of its closure...,,,이후 마음에 병이 난 교장은......,학교가 폐쇄된 당일에,,,從那之後，心裡生病了的校長……,就在學校關閉的那一天,,0,9,0,1,0,0,0,0,0,,Translated
10,,校舎の屋上から身を投げて、自殺しちゃったんだって。, , ,,...he climbed up to its roof and threw himself to,his death. Or so the story goes...,,,교사 옥상에서 몸을 던져 자살했대.,,,,從校舍的屋頂跳下，自殺了。,,,0,10,0,1,0,0,0,0,0,,Translated
11,良樹,…………。, , ,Yoshiki,...,,,요시키,............,,,良樹,…………。,,,1,0,0,1,0,0,0,0,0,,Translated
12,あゆみ,…………。（ぶるぶる）, , ,Ayumi,... *shiver*,,,아유미,............ (덜덜),,,あゆみ,…………。（發抖）,,,1,0,0,1,0,0,0,0,0,,Translated
13,,棚の中に、プロジェクターのリモコンなどの,教材が詰め込まれています。, ,,The shelves are filled to overflowing with teaching,"implements. Atop the highest pile, like a keystone,",sits the remote control for the overhead projector.,,수납장에 프로젝터 리모컨과,교재가 놓여 있습니다.,,,櫃子裡塞滿了投影機遙控器等教材。,,,0,0,0,0,0,0,0,0,0,,Translated
14,,ノック音は、前の扉から聞こえます……, , ,,The knocking is coming from the door at the front,of the room.,,,앞문에서 노크 소리가 들려옵니다......,,,,敲門聲是從前面的門傳來的……,,,0,0,0,0,0,0,0,0,0,,Translated
15,,ノック音は、前の扉から聞こえます……, , ,,The knocking is coming from the door at the front,of the room.,,,앞문에서 노크 소리가 들려옵니다......,,,,敲門聲是從前面的門傳來的……,,,0,0,0,0,0,0,0,0,0,,Translated
16,,１０月２７日,　文化祭当日！　売るぞおしるこ、オメエラ,    　　　　  【日直　野村／水野】,,10／27 - Culture festival in full swing! Let's sell,us some red bean soup like there's no tomorrow!,                  [Day duty: Nomura／Takayanagi],,10월 27일,"문화제 당일! 단팥죽 판매 중이다, 이 자식들아",          【일직 노무라/미즈노】,,十月二十七日,　文化祭當天！要賣紅豆湯啊，你們這些傢伙,          【值日　野村／水野】,0,0,0,1,0,0,0,0,0,,Translated
17,＊,まーだ、残っているの……？, , ,???,Is anyone still here...?,,,＊,아~직 남아 있었어......?,,,＊,還～有沒有人留下來啊……？,,,1,195,26,1,0,0,0,0,0,,Translated
18,＊,は　　や　　く　　帰　り　な　さ　い……！, , ,???,"G o   h o m e ,   c h i l d r e n . . .",,,＊,얼  른  집  에  가......!,,,＊,快　　點　　回　　家　　去……！,,,1,196,26,1,0,0,0,0,0,,Translated
19,哲志,うわあぁーーッ！！, , ,Satoshi,YAAAAAAAGH!!,,,사토시,우와아아~~!!,,,哲志,哇啊啊──！！,,,1,0,0,1,0,0,0,2,0,,Translated
20,結衣,ぷふッ、びっくりした？, , ,Ms. Shishido,Heehee. Did I scare you?,,,유이,"푸훗, 놀랐어?",,,結衣,噗哧，嚇到了嗎？,,,1,197,26,1,0,0,0,0,0,,Translated
21,哲志,ゆ……結衣先生……？！, , ,Satoshi,...Ms...Yui...?,,,사토시,유...... 유이 선생님......?!,,,哲志,結……結衣老師……？！,,,1,196,14,1,0,0,0,0,0,,Translated
22,あゆみ,せんせ～！, , ,Ayumi,"Heya, Teach!",,,아유미,선생님~!,,,あゆみ,老師～！,,,1,23,0,1,0,0,0,0,0,,Translated
23,結衣,篠崎さ～ん！, , ,Ms. Shishido,Shinozaki!,,,유이,시노자키~!,,,結衣,篠崎～！,,,1,198,26,1,0,0,0,0,0,,Translated
24,結衣・あゆみ,ヘーイ♪, , ,Ms. Shishido & Ayumi,All right!,,,유이·아유미,예이~♪,,,結衣・あゆみ,嘿～♪,,,1,199,26,1,0,0,0,0,0,,Translated
25,あゆみ,大成功～！, , ,Ayumi,I'd call that a rousing success!,,,아유미,대성공~!,,,あゆみ,大成功～！,,,1,25,0,1,0,0,0,0,0,,Translated
26,繭・世以子,え～ッ、やられたぁーッ, , ,Mayu & Seiko,"Maaan, we've been had!",,,마유·세이코,아~ 당했다~,,,繭・世以子,欸～被擺了一道～,,,1,40,19,1,0,0,0,0,0,,Translated
27,あゆみ,先生、タイミングバッチリ！, , ,Ayumi,Your timing couldn't have been more perfect.,,,아유미,"선생님, 나이스 타이밍!",,,あゆみ,老師，時機抓得剛剛好！,,,1,26,0,1,0,0,0,0,0,,Translated
28,結衣,ふふ、伊達にこの学校のＯＧじゃないからね。,この七不思議については私も詳しいんだよ♪, ,Ms. Shishido,"Heheh. I wasn't a student here too long ago myself,",so when it comes to the 'seven wonders of Kisaragi,High'...I'm pretty well-versed!,유이,"후후, 괜히 이 학교 선배가 아니지.",나도 7대 불가사의는 잘 알고 있거든♪,,結衣,呵呵，好歹我也是這所學校的畢業生嘛。,對於這七大不可思議，我也很清楚哦♪,,1,200,26,1,0,0,0,0,0,,Translated
29,良樹,哲志（笑）, , ,Yoshiki,Heh... Satoshi...,,,요시키,사토시 (웃음),,,良樹,哲志（笑）,,,1,198,22,1,0,0,0,0,0,,Translated
30,繭,あはははは♪　持田君、繁兄（しげに）ぃよりも,リアクション派かも～, ,Mayu,"Hahaha. I thought Shig's reaction was priceless,","but yours was on a whole different level altogether,",Mochida!,마유,"아하하하하♪ 모치다 군, 시게 오빠보다",굉장한 리액션이었어~,,繭,啊哈哈哈哈哈♪ 持田同學，你比繁哥還要會反應呢～,,,1,239,7,1,0,0,0,0,0,,Translated
31,森繁,俺もさすがに、その引き出しはないな。, , ,Morishige,It was pretty impressive. I could never hope to,compete with that.,,모리시게,아무리 나라도 그 정도까진 안 해.,,,森繁,我再怎麼樣也做不到那種程度。,,,1,115,8,1,0,0,0,0,0,,Translated
32,あゆみ,うふふん♪　いつも持田君が一番反応してくれるから, , ,Ayumi,Hmm-hmm! Mochida's always got the best reactions.,,,아유미,우후후♪ 언제나 모치다 군 반응이 제일 크니까,,,あゆみ,唔呼呼♪ 因為總是持田同學的反應最大嘛,,,1,27,0,1,0,0,0,0,0,,Translated
33,あゆみ,怖がらせ甲斐があって、んん♪　たまらん♪, , ,Ayumi,I just LOVE it when my scares are so thoroughly,effective! It's simply...delicious...,,아유미,놀리는 보람이 있어서 으으♪ 못 참겠어♪,,,あゆみ,嚇人嚇得有價值，嗯嗯♪ 真是受不了♪,,,1,28,0,1,0,0,0,0,0,,Translated
34,哲志,くッ……ホラーマニアの委員長なんて、,聞いたことないよ。, ,Satoshi,Hmph. Who ever heard of a class representative with,"such a sadistic streak, anyway?!",,사토시,큭...... 호러 마니아 반장이 있다는 말은,못 들어봤다고.,,哲志,嘖……什麼恐怖狂熱的班長，聽都沒聽過。,,,1,197,14,1,0,0,0,0,0,,Translated
35,結衣,ごめんね、持田君♪,でもちょっとキュンとしちゃった♪, ,Ms. Shishido,"Sorry about that, Mochida! But I can't deny,",your reaction WAS pretty amusing.,,유이,"미안, 모치다 군♪",나 조금 두근거렸어♪,,結衣,抱歉啦，持田同學♪,不過我確實有點心動了♪,,1,201,26,1,0,0,0,0,0,,Translated
36,哲志,むぐッ……！, , ,Satoshi,Ugh...,,,사토시,으윽......!,,,哲志,唔……！,,,1,198,14,1,0,0,0,0,0,,Translated
37,結衣,あ、それより。可愛いお客さんが来てるわよ？, , ,Ms. Shishido,"All pranking aside, though, I ran into a rather",adorable individual in the hall who's come to see,you.,유이,"아, 그나저나. 귀여운 손님이 와 있는데?",,,結衣,啊，說到這個。有位可愛的客人來了哦？,,,1,202,26,1,0,0,0,0,0,,Translated
38,哲志,え？, , ,Satoshi,Hmm?,,,사토시,어?,,,哲志,欸？,,,1,199,14,1,0,0,0,0,0,,Translated
39,結衣,ほら、そんなところにいないで？,こっちにいらっしゃい？ , ,Ms. Shishido,What are you standing around out there for?,Come on in! He's right here!,,유이,거기 있지 말고,여기로 와보겠니?,,結衣,來吧，別站在那裡嘛？,過來這邊啊？,,1,203,26,1,0,0,0,0,0,,Translated
40,由香,し……しつれいします。, , ,Yuka,"...H-Hello, everybody...",,,유카,시...... 실례합니다.,,,由香,打……打擾了。,,,1,223,27,1,0,0,0,0,0,,Translated
41,哲志,由香！　どうしたんだお前？, , ,Satoshi,Yuka! What are you doing here?!,,,사토시,유카! 네가 왜 여기 있어?,,,哲志,由香！你怎麼來了？,,,1,200,14,1,0,0,0,0,0,,Translated
42,由香,おにいちゃん！（ぱぁっ）, , ,Yuka,Big brother!,,,유카,오빠! (화악),,,由香,哥哥！（喜笑顏開）,,,1,224,27,1,0,0,0,0,0,,Translated
43,結衣,持田君が傘を忘れているから……って、,わざわざ届けに来てくれたみたいよ♪, ,Ms. Shishido,"Seems Mochida forgot his umbrella this morning,",so little Yuka here has come all this way to,deliver it.,유이,모치다 군이 우산을 잊어버려서......,여기까지 가지고 왔대♪,,結衣,好像是因為持田同學忘記帶傘了……所以特地送來給你呢♪,,,1,204,26,1,0,0,0,0,0,,Translated
44,哲志,そうなんだ、すまないな由香。, , ,Satoshi,"Oh, yeah, I guess I did. Sorry about that, Yuka.",Thanks!,,사토시,"그랬구나, 고마워 유카.",,,哲志,是這樣啊，抱歉了由香。,,,1,201,14,1,0,0,0,0,0,,Translated
45,由香,えへへ……, , ,Yuka,Eheheh...,,,유카,에헤헤......,,,由香,欸嘿嘿……,,,1,225,27,1,0,0,0,0,0,,Translated
46,直美,その子、中等部のコ？, , ,Naomi,Is she from the junior high?,,,나오미,그 앤 중등부니?,,,直美,那孩子，是國中部的嗎？,,,1,39,10,1,0,0,0,0,0,,Translated
47,由香,初めまして、おにいちゃんがいつも、, , ,Yuka,Nice to meet you. My brother's always like this.,,,유카,"안녕하세요, 오빠가 언제나",,,由香,初次見面，哥哥他總是,,,1,226,27,1,0,0,0,0,0,,Translated
48,由香,お世話になってます。（ペコリ）, , ,Yuka,"Always really kind, I mean!",,,유카,신세를 지고 있습니다. (꾸벅),,,由香,承蒙照顧了。（鞠躬）,,,1,227,27,1,0,0,0,0,0,,Translated
49,あゆみ・繭,かわいいーっ♪, , ,Ayumi & Mayu,Awwww!,,,아유미·마유,귀엽다~♪,,,あゆみ・繭,好可愛～♪,,,1,29,0,1,0,0,0,0,0,,Translated
50,直美,哲志にこんな可愛い妹がいるとは、知らなかったわ。, , ,Naomi,"I had no idea you had such a cute little sister,",Satoshi.,,나오미,"사토시한테 이렇게 귀여운 동생이 있었다니, 몰랐어.",,,直美,沒想到哲志有你這麼可愛的妹妹。,,,1,40,10,1,0,0,0,0,0,,Translated
51,哲志,あれ、そうだっけ？, , ,Satoshi,...Really? I never told you?,,,사토시,"어라, 그랬어?",,,哲志,咦，是這樣嗎？,,,1,202,14,1,0,0,0,0,0,,Translated
52,直美,聞いてないわよー, , ,Naomi,You never said a word!,,,나오미,못 들었거든~,,,直美,沒聽你說過啊～,,,1,41,10,1,0,0,0,0,0,,Translated
53,良樹,お兄ちゃんのことが、大好きなんだよなッ？, , ,Yoshiki,"You sure do love your big brother, don'tcha?",,,요시키,오빠를 정말 좋아했었지?,,,良樹,你很喜歡哥哥對吧？,,,1,199,22,1,0,0,0,0,0,,Translated
54,由香,えへへ、ハイ♪, , ,Yuka,Heehee. I sure do!,,,유카,"에헤헤, 네♪",,,由香,欸嘿嘿，對呀♪,,,1,228,27,1,0,0,0,0,0,,Translated
55,あゆみ,おおッ, , ,Ayumi,Oh-ho!,,,아유미,오오,,,あゆみ,哦哦,,,1,30,0,1,0,0,0,0,0,,Translated
56,直美,へー、岸沼とは面識あるんだね。, , ,Naomi,Hmm? Seems like she's met Kishinuma before...,,,나오미,헤~ 키시누마는 알고 있었구나.,,,直美,嘿～你認識岸沼啊。,,,1,42,10,1,0,0,0,0,0,,Translated
57,世以子,直美ィ、ライバル出現だねぇ？, , ,Seiko,Hey Naomi... Looks like you've got yourself,"a rival, eh?",,세이코,나오미~ 라이벌 출현인데?,,,世以子,直美，對手出現了哦？,,,1,41,19,1,0,0,0,0,0,,Translated
58,直美,うん、なに言ってるのかなー？, , ,Naomi,Uhh... I'm sure I don't know WHAT you're talking,about...,,나오미,응? 무슨 말이야~?,,,直美,嗯，你在說什麼呀～？,,,1,43,10,1,0,0,0,0,0,,Translated
59,直美,この口？　この口？, , ,Naomi,"I swear, this mouth of yours says the craziest",things!,,나오미,요 주둥이? 요 주둥이인가?,,,直美,這張嘴？這張嘴？,,,1,44,10,1,0,0,0,0,0,,Translated
60,結衣,はいはーい。みんな、もう７時まわってるわよ。,帰る準備しなさい？, ,Ms. Shishido,"All right, everybody! It's past seven. Isn't it",about time you all get ready to head home?,,유이,"자~ 얘들아, 벌써 7시가 지났단다.",집에 가야지?,,結衣,好好好。各位，已經過了七點了哦。,該準備回家了吧？,,1,205,26,1,0,0,0,0,0,,Translated
61,繭,……っ……, , ,Mayu,...Ooh...,,,마유,...... 으......,,,繭,……唔……,,,1,240,7,1,0,0,0,0,0,,Translated
62,あゆみ,えー、お汁粉屋の片付けはー？　まだ帰りたくなーい。, , ,Ayumi,"Awww, do we have to? Shouldn't we clean up all the",red bean cafe stuff first? It'd be a shame to leave,so soon!,아유미,에이~ 단팥죽 가게 정리는~? 아직 가기 싫어~,,,あゆみ,欸～紅豆湯店的收拾呢～？還不想回去啦～,,,1,31,0,1,0,0,0,0,0,,Translated
63,良樹,このまま、明日も文化祭やれそうだよな。, , ,Yoshiki,"Yeah, with the classroom like this, it almost",seems like we could hold another culture festival,tomorrow.,요시키,내일도 이대로 문화제를 하면 되겠네.,,,良樹,這樣下去，明天也能繼續辦文化祭吧。,,,1,200,22,1,0,0,0,0,0,,Translated
64,結衣,篠崎さん？　私が来る前に、片付け終わらせておくって,約束だったでしょう？, ,Ms. Shishido,Isn't that what you were supposed to be doing here,in the first place? You promised me this room would,"be ready to go by the time I got here, as I recall!",유이,시노자키? 내가 오기 전에 정리를 끝낸다고,약속했잖니?,,結衣,篠崎同學？不是說好在我來之前會收拾好的嗎？,,,1,206,26,1,0,0,0,0,0,,Translated
65,あゆみ,うみゅ……, , ,Ayumi,Hnn...,,,아유미,으으......,,,あゆみ,唔唔……,,,1,32,0,1,0,0,0,0,0,,Translated
66,結衣,もう遅いから、明日早く来てやりなさい。, , ,Ms. Shishido,"Heh. Well, it's getting late. How about you leave","it for now, and come in early tomorrow?",,유이,많이 늦었으니까 내일 일찍 와서 정리하렴.,,,結衣,已經很晚了，明天早點來做吧。,,,1,207,26,1,0,0,0,0,0,,Translated
67,あゆみ,はーい。, , ,Ayumi,"Yes, ma'am!",,,아유미,네에~,,,あゆみ,好～。,,,1,33,0,1,0,0,0,0,0,,Translated
68,結衣,それじゃ……鈴本さんも、名残惜しいけど……, , ,Ms. Shishido,Suzumoto... I know how hard it is to say goodbye...,,,유이,그럼...... 스즈모토도 아쉽지만......,,,結衣,那麼……鈴本同學，雖然很捨不得……,,,1,208,26,1,0,0,0,0,0,,Translated
69,結衣,向こうに行っても、元気でね？, , ,Ms. Shishido,...but I wish you the best of luck at your new,school. I know you'll do just fine.,,유이,그쪽에서도 잘 지내.,,,結衣,到了那邊也要好好的哦？,,,1,209,26,1,0,0,0,0,0,,Translated
70,繭,……っ, , ,Mayu,...,,,마유,......,,,繭,……唔,,,1,241,7,1,0,0,0,0,0,,Translated
71,直美・世以子・あゆみ,…………。, , ,"Naomi, Seiko & Ayumi",...,,,나오미·세이코·아유미,............,,,直美・世以子・あゆみ,…………。,,,1,45,10,1,0,0,0,0,0,,Translated
72,繭,……はい……, , ,Mayu,...Thanks...,,,마유,...... 네......,,,繭,……好……,,,1,242,7,1,0,0,0,0,0,,Translated
73,世以子,すずめちゃん、いなくなると寂しいなぁ……, , ,Seiko,"Won't be the same around here without you, Suzume...",,,세이코,스즈메가 없으면 적적해지겠네......,,,世以子,繭醬不在了會好寂寞啊……,,,1,43,19,1,0,0,0,0,0,,Translated
74,あゆみ,鈴本さんなら、すぐトモダチできるよ、絶対！, , ,Ayumi,"I know you, Suzumoto. You'll make new friends in",no time flat. I'm sure of it!,,아유미,스즈모토라면 금방 친구가 생길 거야!,,,あゆみ,鈴本同學的話，一定能馬上交到朋友的，絕對！,,,1,34,0,1,0,0,0,0,0,,Translated
75,直美,引越しって言っても、そう遠くないしさ。,……冬休みには、みんなで遊びに行くからさ。, ,Naomi,And it's not like you're moving THAT far away. Come,"winter break, we'll all make sure we come visit!",,나오미,이사라고 해도 그리 멀지 않으니까.,...... 겨울 방학에 모두 함께 놀러갈게.,,直美,雖說是搬家，但也沒那麼遠嘛。,……寒假的時候，大家會一起去找你玩的。,,1,46,10,1,0,0,0,0,0,,Translated
76,あゆみ,そうだよ！　……すぐまた会えるもの。,私たち、ずっと友達だよ！, ,Ayumi,"Yeah, totally! Don't look so glum. We'll see you","again real soon. We're friends forever, after all!",,아유미,맞아! 곧 만나게 될 거야.,우린 줄곧 친구니까!,,あゆみ,就是啊！……馬上就能再見面的。,我們永遠是朋友哦！,,1,35,0,1,0,0,0,0,0,,Translated
77,繭,みんな……, , ,Mayu,You guys...,,,마유,다들......,,,繭,大家……,,,1,243,7,1,0,0,0,0,0,,Translated
78,由香,（お兄ちゃん、あのお姉さん転校しちゃうの？）, , ,Yuka,"(Hey brother, is that girl transferring to a new",school or something?),,유카,"(오빠, 저 언니 전학 가?)",,,由香,（哥哥，那位姊姊要轉學了嗎？）,,,1,229,27,1,0,0,0,0,0,,Translated
79,哲志,（ああ。今日の文化祭が、最後の登校日だったんだ）, , ,Satoshi,(Yeah. Today's culture festival was her last day.),,,사토시,(어. 오늘 문화제가 마지막 날이었어),,,哲志,（嗯。今天文化祭是她最後一次來學校了。）,,,1,203,14,1,0,0,0,0,0,,Translated
80,由香,（ふぅん……）, , ,Yuka,(Aww...),,,유카,(흐응......),,,由香,（嗯……）,,,1,230,27,1,0,0,0,0,0,,Translated
81,繭,みんな……、……ありがとう！, , ,Mayu,Thank you so much...all of you...,,,마유,다들...... 고마워!,,,繭,大家……謝謝你們！,,,1,244,7,1,0,0,0,0,0,,Translated
82,繭,わたし、みんなと会えて……本当によかった……っ, , ,Mayu,I'm so grateful...to have you as friends...,,,마유,난 너희들과 만나서...... 정말 좋았어......,,,繭,我……能遇到大家……真的太好了……,,,1,245,7,1,0,0,0,0,0,,Translated
83,繭,みんなのこと、ずっと忘れない……！, , ,Mayu,You all have a special place in my heart...,and you always will!,,마유,너희들을 잊지 않을게......!,,,繭,我永遠不會忘記大家的……！,,,1,246,7,1,0,0,0,0,0,,Translated
84,森繁,……っ, , ,Morishige,...,,,모리시게,......,,,森繁,……唔,,,1,116,8,1,0,0,0,0,0,,Translated
85,直美,へへっ……（ぐすっ）, , ,Naomi,Heh... *sniffle*,,,나오미,헤헷...... (훌쩍),,,直美,嘿嘿……（吸鼻子）,,,1,47,10,1,0,0,0,0,0,,Translated
86,世以子,うっうっうっ……　元気でやるんだよ……, , ,Seiko,"*sob* Ohhhh, Suzume... Take care out there...",,,세이코,으흐흑...... 건강히 잘 지내......,,,世以子,嗚嗚嗚……要好好保重啊……,,,1,44,19,1,0,0,0,0,0,,Translated
87,世以子,うううぅぅ、私はいつまでも見守っているからね……, , ,Seiko,*bawl* ...I'll always be watching over you from,above!,,세이코,"우우우우우, 언제까지나 지켜볼 테니까......",,,世以子,嗚嗚嗚，我會一直守護著你的……,,,1,45,19,1,1,0,0,0,0,,Translated
88,直美,……世以子？　世以子？, , ,Naomi,"...Uh, Seiko? Earth to Seiko?",,,나오미,...... 세이코? 세이코?,,,直美,……世以子？世以子？,,,1,48,10,1,0,0,0,0,0,,Translated
89,森繁,繭？　ほら…… 笑顔だ。, , ,Morishige,Mayu? Come on... Let's see that smile of yours.,,,모리시게,마유? 자...... 웃어.,,,森繁,繭？來……笑一個。,,,1,0,0,1,0,0,0,0,0,,Translated
90,繭,……うん（ニコッ）。みんなで、撮って？, , ,Mayu,...O-okay. But how about we get everybody in the,shot?,,마유,...... 응 (싱긋). 다 함께 찍자.,,,繭,……嗯（微笑）。大家一起拍吧？,,,1,247,7,1,0,0,0,0,0,,Translated
91,あゆみ,わぁ、入る入る！, , ,Ayumi,"Ooh, yeah! I totally want in!",,,아유미,"와아, 나도 나도!",,,あゆみ,哇，我也要我也要！,,,1,36,0,1,0,0,0,0,0,,Translated
92,良樹,俺も。, , ,Yoshiki,Me too!,,,요시키,나도.,,,良樹,我也要。,,,1,201,22,1,0,0,0,0,0,,Translated
93,哲志,ははは！　俺も！, , ,Satoshi,Hahaha. Me three.,,,사토시,하하하! 나도!,,,哲志,哈哈哈！我也要！,,,1,204,14,1,0,0,0,0,0,,Translated
94,由香,由香も！, , ,Yuka,Me four!,,,유카,유카도!,,,由香,由香也要！,,,1,231,27,1,0,0,0,0,0,,Translated
95,直美・世以子,うふふっ……！, , ,Naomi & Seiko,Heehee!,,,나오미·세이코,우후훗......!,,,直美・世以子,唔呼呼……！,,,1,49,19,1,0,0,0,0,0,,Translated
96,由香,お兄ちゃん……, , ,Yuka,Big brother?,,,유카,오빠......,,,由香,哥哥……,,,1,232,27,1,0,0,0,0,0,,Translated
97,哲志,ん？, , ,Satoshi,Hmm?,,,사토시,응?,,,哲志,嗯？,,,1,205,14,1,0,0,0,0,0,,Translated
98,由香,とっても素敵な人たちだね。, , ,Yuka,"Your friends are really great, you know?",,,유카,정말 멋진 사람들이네.,,,由香,大家真是很棒的人呢。,,,1,233,27,1,0,0,0,0,0,,Translated
99,哲志,……だろ？, , ,Satoshi,...They sure are.,,,사토시,...... 그치?,,,哲志,……對吧？,,,1,206,14,1,0,0,0,0,0,,Translated
100,哲志,……っ, , ,Satoshi,*gasp*,,,사토시,......,,,哲志,……！,,,1,184,14,1,0,0,0,0,0,,Translated
101,あゆみ,私達の今いるこの学校は、そんな呪われた,天神小跡地に建っているの……, ,Ayumi,"People thought Heavenly Host was cursed, you see.",This was just the latest of many deaths to occur,there. That's why it was torn down...,아유미,"지금 우리가 있는 이 학교는, 저주 받은",텐진초등학교에 세워졌어......,,あゆみ,我們現在所在的這所學校，就建在那被詛咒的,天神小舊址上……,,1,11,0,1,0,0,0,0,0,,Translated
102,あゆみ,しかもね、, , ,Ayumi,However!,,,아유미,거기다,,,あゆみ,而且啊，,,,1,12,0,1,0,0,0,0,0,,Translated
103,あゆみ,階段で転落死した先生の方は、まだ自分が,亡くなったことに気が付いていないらしくって……, ,Ayumi,They say the teacher who fell down the stairs,"still has no idea she's dead, even to this very",day...,아유미,"계단에서 죽은 선생님은, 아직 자신이",죽은 줄 몰라서......,,あゆみ,那位從樓梯摔落身亡的老師，似乎還沒有發現自己已經死了……,,,1,13,0,1,0,0,0,0,0,,Translated
104,あゆみ,こんな雨の日の放課後には、, , ,Ayumi,"And on rainy evenings like this, after our school",day's come to an end...,,아유미,이런 비가 오는 날 방과 후에,,,あゆみ,在這樣下雨天的放學後，,,,1,14,0,1,0,0,0,0,0,,Translated
105,あゆみ,真っ暗な校舎の中を、,今　で　も　歩　い　て　る　ん　だ　っ　て　……, ,Ayumi,...some claim she roams these darkened hallways...,s t i l l   b e l i e v i n g   t h e m   t o   b e,h e r   o w n . . .,아유미,새까만 교사 안을,지  금  도  헤  매  고  있  대  ......,,あゆみ,她　　到　　現　　在　　還　　在　　漆　　黑　　的　　校　　舍　　裡　　徘　　徊　　著……,,,1,15,0,1,0,0,0,0,0,,Translated
106,あゆみ,そう、もうすぐよ！,……『７時を過ぎたあたり』, ,Ayumi,"In fact, it's almost time for her to make her",rounds! Just after seven o'clock...,,아유미,"그래, 얼마 안 남았어!",...... 『7시가 지나면』,,あゆみ,對，馬上就要到了！,……『大概過了七點的時候』,,1,16,0,1,0,0,0,0,0,,Translated
107,あゆみ,その先生が現れるとき、校舎は必ず    ,『停電で真っ暗』になるの。, ,Ayumi,"That's when she appears, always accompanied by a",sudden blackout that leaves the entire building,dark as night...,아유미,"그 선생님이 나타날 때, 교사는 반드시",『정전으로 새까맣게』 돼.,,あゆみ,那位老師出現的時候，校舍一定會,變得『一片漆黑』。,,1,17,0,1,0,0,0,0,0,,Translated
108,あゆみ,コンコン……ってノックのあとに、スゥッ……と,扉が開くと……, ,Ayumi,"'Knock knock,' you'll hear from the blackness...",followed by the sound of the classroom door,ssslowly sssliding open...,아유미,"콩콩...... 노크 소리가 난 후, 스윽...... 하고",문이 열리면......,,あゆみ,叩叩……的敲門聲之後，門就會唰……地打開……,,,1,18,0,1,0,0,0,0,0,,Translated
109,あゆみ,まっ白な顔が覗いてね……     ,『ま　だ　残　っ　て　る　の～～？』……って！, ,Ayumi,"As her pale white face cuts through the stillness,",her soft voice always echoes the same question: 'I s,a n y o n e   s t i l l   h e r e ?'  And then...,아유미,새하얀 얼굴이 들여다 보면서......,『아  직  남  아  있  었  어~~?』...... 라고!,,あゆみ,一張慘白的臉會探進來……,『還　　有　　人　　在　　嗎～～？』……這樣！,,1,19,0,1,0,0,0,0,0,,Translated
110,哲志,うわあぁぁぁぁぁッ！, , ,Satoshi,Yaaaaaaaaaargh!!,,,사토시,우와아아아아아악!,,,哲志,哇啊啊啊啊啊啊！,,,1,185,14,1,1,0,0,0,0,,Translated
111,女子達,きゃあああぁぁぁぁッ！, , ,The Girls,Eeeeeeeeek!!,,,여자들,꺄아아아아아아악!,,,女生們,呀啊啊啊啊啊啊！,,,1,36,10,1,1,0,0,0,0,,Translated
112,哲志,てて……てっ、停電だ！, , ,Satoshi,It's...a blackout!,,,사토시,"저저...... 저, 정전이다!",,,哲志,停……停、停電了！,,,1,186,14,1,0,0,0,0,0,,Translated
113,直美,哲志！　……も～、大きな声出さないでよ！, , ,Naomi,Satoshi! Pull yourself together!,Don't scare us like that!,,나오미,사토시! 차암~ 뭘 소리를 지르고 그래!,,,直美,哲志！……真是的，不要那麼大聲啦！,,,1,37,10,1,0,0,0,0,0,,Translated
114,哲志,だってさぁ！, , ,Satoshi,"But, it was scary!",,,사토시,그치만!,,,哲志,可是！,,,1,187,14,1,0,0,0,0,0,,Translated
115,あゆみ,やだ、なにこれ……？, , ,Ayumi,I don't like this...,This shouldn't be happening...,,아유미,"어머, 뭐야 이건......?",,,あゆみ,討厭，這是怎麼回事……？,,,1,20,0,1,0,0,0,0,0,,Translated
116,良樹,手が込んでるな篠崎。, , ,Yoshiki,"Not bad, Shinozaki. You had me going there",for a minute.,,요시키,준비 많이 했네 시노자키.,,,良樹,做得真周到啊篠崎。,,,1,193,22,1,0,0,0,0,0,,Translated
117,あゆみ,私じゃない！　ここにいたじゃん……,……本当に停電だよ！, ,Ayumi,It wasn't me! I've been standing right here the,whole time! This is a real blackout!,,아유미,나 아냐! 계속 여기 있었는걸......,...... 진짜 정전 맞아!,,あゆみ,不是我！我一直都在這裡啊……,……真的是停電啦！,,1,21,0,1,0,0,0,0,0,,Translated
118,繭,何……？　この音。, , ,Mayu,Does...anyone else hear that?!,,,마유,뭐야......? 이 소린.,,,繭,什麼……？這個聲音。,,,1,237,7,1,0,0,0,0,0,,Translated
119,森繁,……音楽室の方か？, , ,Morishige,Sounds like it's coming from the music room...,,,모리시게,...... 음악실 쪽인가?,,,森繁,……是音樂教室那邊嗎？,,,1,114,8,1,0,0,0,0,0,,Translated
120,,　ゴロゴロゴロゴロ……！, , ,,*rumble* *rumble*,,,,쿠우우우우웅......!,,,,　轟隆轟隆轟隆……！,,,0,0,0,1,0,0,0,0,0,,Translated
121,哲志,――ッひいぃィィィ……！, , ,Satoshi,...Hnnnnnng...,,,사토시,히이이이이익......!,,,哲志,――嗚嗚嗚嗚嗚……！,,,1,220,14,1,0,0,0,0,0,,Translated
122,直美,ちょ、ちょっと哲志！　なにしがみついてるのよ！,……あとそこ、胸！, ,Naomi,"What the hell is wrong with you, Satoshi?!",Get ahold of yourself!,...And get off of me! That's my chest!,나오미,"자, 잠깐 사토시! 매달리지 마!","...... 그리고 거긴, 가슴!",,直美,等、等一下哲志！你幹嘛抓著我不放！,……還有那裡，是胸部！,,1,38,10,1,0,0,0,0,0,,Translated
123,哲志,！？　す、すまん！　……見えなくて。, , ,Satoshi,"Ack! Sorry, sorry! I couldn't see where I was",grabbing!,,사토시,"!? 미, 미안! 안 보여서.",,,哲志,！？抱、抱歉！……太暗了沒看到。,,,1,221,14,1,0,0,0,0,0,,Translated
124,直美,（……もぉ、可愛いんだから）, , ,Naomi,(...You're lucky you're so cute...),,,나오미,"(...... 정말, 귀엽다니까)",,,直美,（……真是的，真是可愛）,,,1,7,11,1,0,0,0,0,0,,Translated
125,直美,…………っ, , ,Naomi,...,,,나오미,............,,,直美,…………,,,1,0,0,1,0,0,0,0,0,,Translated
126,一同,――！！, , ,All Present,...!,,,일동,!!,,,眾人,――！！,,,1,188,14,1,0,0,0,0,0,,Translated
127,あゆみ,うそでしょう……！？, , ,Ayumi,No way...,,,아유미,거짓말이지......!?,,,あゆみ,騙人的吧……！？,,,1,22,0,1,0,0,0,0,0,,Translated
128,繭,（７時に停電で、ノック……！？）, , ,Mayu,(First the blackout...,and now the door...),,마유,"(7시에 정전, 그리고 노크......!?)",,,繭,（七點停電，然後是敲門聲……！？）,,,1,0,0,1,0,0,0,0,0,,Translated
129,哲志,――ッひいぃィィィ……！, , ,Satoshi,...Hnnnnnng...,,,사토시,히이이이이익......!,,,哲志,――嗚嗚嗚嗚嗚……！,,,1,189,14,1,0,0,0,0,0,,Translated
130,直美,ちょ、ちょっと哲志！　なにしがみついてるのよ！,……あとそこ、胸！, ,Naomi,"What the hell is wrong with you, Satoshi?!",Get ahold of yourself!,...And get off of me! That's my chest!,나오미,"자, 잠깐 사토시! 매달리지 마!","...... 그리고 거긴, 가슴!",,直美,等、等一下哲志！你幹嘛抓著我不放！,……還有那裡，是胸部！,,1,38,10,1,0,0,0,0,0,,Translated
131,哲志,！？　す、すまん！　……見えなくて。, , ,Satoshi,"Ack! Sorry, sorry! I couldn't see where I was",grabbing!,,사토시,"!? 미, 미안! 안 보여서.",,,哲志,！？抱、抱歉！……太暗了沒看到。,,,1,190,14,1,0,0,0,0,0,,Translated
132,繭・あゆみ・世以子・直美,……ひっ！, , ,"Mayu, Ayumi, Seiko & Naomi",...!,,,마유·아유미·세이코·나오미,...... 힉!,,,繭・あゆみ・世以子・直美,……嚇！,,,1,238,7,1,0,0,0,0,0,,Translated
133,哲志,うう……だからこんな時間まで残って怪談なんて,嫌だったんだ！, ,Satoshi,I told you it was a bad idea to stay here so late,and tell ghost stories!,,사토시,으으...... 그러니까 이렇게 늦게까지 남아서 괴담을 듣기,싫었던 거라고!,,哲志,嗚……所以才說我不想留到這麼晚還聽什麼鬼故事嘛！,,,1,191,14,1,0,0,0,0,0,,Translated
134,良樹,おい哲志、開けてきてくれ。, , ,Yoshiki,"Hey, Satoshi. Aren't you gonna get the door?",,,요시키,"어이 사토시, 열어봐.",,,良樹,喂哲志，去開一下門。,,,1,195,22,1,0,0,0,0,0,,Translated
135,哲志,はァ？！, , ,Satoshi,What?!,,,사토시,뭐어?!,,,哲志,啊？！,,,1,192,14,1,0,0,0,0,0,,Translated
136,良樹,女子みんなブルってるぞ、可哀想だろ。, , ,Yoshiki,The girls are all trembling in fear. Doesn't it,just break your heart to see them like that?,,요시키,"여자들이 떨고 있잖아, 불쌍하게도.",,,良樹,女生們都在發抖耶，很可憐吧。,,,1,196,22,1,0,0,0,0,0,,Translated
137,哲志,お前が行けよ！, , ,Satoshi,So why don't YOU get the door?!,,,사토시,그럼 네가 가!,,,哲志,那你怎麼不去！,,,1,193,14,1,0,0,0,0,0,,Translated
138,良樹,俺は可哀想だと思わない。, , ,Yoshiki,"Well, it doesn't break MY heart...",,,요시키,난 불쌍하게 생각 안 하거든.,,,良樹,我可不可憐她們。,,,1,197,22,1,0,0,0,0,0,,Translated
139,哲志,お前なぁ……, , ,Satoshi,"...That's cold, man.",,,사토시,너 진짜......,,,哲志,你這傢伙……,,,1,194,14,1,0,0,0,0,0,,Translated
140,森繁,…………。, , ,Morishige,...,,,모리시게,............,,,森繁,…………。,,,1,0,0,1,0,0,0,0,0,,Translated
141,繭,（ぶるぶる……）, , ,Mayu,*shiver*,,,마유,(덜덜......),,,繭,（發抖……）,,,1,0,0,1,0,0,0,0,0,,Translated
142,世以子,（ぷるぷるぷる）, , ,Seiko,*shiver* *shiver*,,,세이코,(덜덜덜),,,世以子,（抖抖抖）,,,1,0,0,1,0,0,0,0,0,,Translated
143,世以子,わー頂戴頂戴。, , ,Seiko,"Ahahaha! Gimme, gimme! I wanna see!",,,세이코,와~ 나도 주라.,,,世以子,哇～給我給我。,,,1,47,19,1,0,0,0,0,0,,Translated
144,直美,森繁、携帯に送ってー, , ,Naomi,"Send it to my phone, would you, Morishige?",,,나오미,"모리시게, 휴대전화로 보내줘~",,,直美,森繁，傳到我手機～,,,1,49,10,1,0,0,0,0,0,,Translated
145,森繁,ああ、今みんなに転送する。, , ,Morishige,Of course. I'll send it to all of you right now.,,,모리시게,"그래, 지금 보낼게.",,,森繁,啊，現在就傳給大家。,,,1,118,8,1,0,0,0,0,0,,Translated
146,あゆみ,先生……あのね……,帰る前に、ひとつお願いがあるの。, ,Ayumi,"...Hey, Teach... Before we head back, there's",something I'd like to do with everyone...,,아유미,선생님...... 저기......,"가기 전에, 부탁이 하나 있어.",,あゆみ,老師……那個……,回家之前，我有個請求。,,1,37,0,1,0,0,0,0,0,,Translated
147,結衣,ん？, , ,Ms. Shishido,Hmm?,,,유이,응?,,,結衣,嗯？,,,1,210,26,1,0,0,0,0,0,,Translated
148,あゆみ,お別れの前にこれ……やっていい？,――幸せのサチコさん。, ,Ayumi,"Since we're losing one of our own, do you mind...",if we try it? It's called 'Sachiko Ever After.',,아유미,헤어지기 전에 이거...... 해도 될까?,행복을 부르는 사치코씨.,,あゆみ,在道別之前做這個……可以嗎？,――幸運的サチコ小姐。,,1,38,0,1,0,0,0,0,0,,Translated
149,直美,な、なにそれ？　またへんな紙人形……, , ,Naomi,Who's Sachiko? And what's with the paper doll? Is,this another one of your occult things?,,나오미,"뭐, 뭐니 그건? 요상한 종이 인형......",,,直美,什、什麼啊那是？又是奇怪的紙人偶……,,,1,50,10,1,0,0,0,0,0,,Translated
150,あゆみ,うん、これね……,ネットに載ってたおまじないなんだけど。,……これをやるとね、,Ayumi,"Yeah, kind of. This is... Well, it's a charm that",I found on the internet.,,아유미,"응, 이건 말야......",인터넷에 올라온 주술인데.,...... 이걸 하면,あゆみ,嗯，這個啊……,是網路上看到的咒語。,……做了這個之後呢，,1,39,0,1,0,0,0,0,0,,Translated
151,あゆみ,その場にいたみんなが、ずっと離れずに, , ,Ayumi,"If we do it right, then all of us will be together",forever!,,아유미,"그 자리에 있는 모두가, 줄곧 떨어지지 않고",,,あゆみ,在場的所有人，永遠不會分離，,,,1,40,0,1,0,0,0,0,0,,Translated
152,あゆみ,いつまでも友達でいられるんだって。, , ,Ayumi,"...Or we'll always be friends, anyway. That's the",gist of it.,,아유미,언제까지나 친구로 있게 된대.,,,あゆみ,就能永遠當朋友哦。,,,1,41,0,1,0,0,0,0,0,,Translated
153,繭,おまじない？, , ,Mayu,"Ooh, it's a charm?",,,마유,주술?,,,繭,咒語？,,,1,248,7,1,0,0,0,0,0,,Translated
154,あゆみ,うん。……おまじない！, , ,Ayumi,Yep! A mystical charm!,,,아유미,응...... 주술!,,,あゆみ,嗯。……是咒語！,,,1,42,0,1,0,0,0,0,0,,Translated
155,繭,わぁ、やりたい！, , ,Mayu,Awesome! I totally wanna do it!,,,마유,"와아, 하고 싶어!",,,繭,哇，我想做！,,,1,249,7,1,0,0,0,0,0,,Translated
156,結衣,（鈴本さん、,　おまじないとか占いとか好きだものね……）, ,Ms. Shishido,(I think Shinozaki had her at 'charm.' That girl,is totally bonkers for that kind of stuff!),,유이,(스즈모토는,주술이나 점 같은 걸 좋아했지......),,結衣,（鈴本同學，她喜歡咒語或占卜之類的呢……）,,,1,211,26,1,0,0,0,0,0,,Translated
157,結衣,（……仕方ないか）, , ,Ms. Shishido,(...Guess it can't hurt.),,,유이,(어쩔 수 없지),,,結衣,（……也沒辦法吧）,,,1,212,26,1,0,0,0,0,0,,Translated
158,結衣,みんないい？, , ,Ms. Shishido,Is everybody okay with this?,,,유이,다들 괜찮아?,,,結衣,大家都好嗎？,,,1,213,26,1,0,0,0,0,0,,Translated
159,直美・世以子・由香,はーーい。, , ,"Naomi, Seiko & Yuka",Yeah!,,,나오미·세이코·유카,네에~~,,,直美・世以子・由香,好～～。,,,1,51,10,1,0,0,0,0,0,,Translated
160,哲志・良樹,うぃーっす。, , ,Satoshi & Yoshiki,You bet!,,,사토시·요시키,네이~,,,哲志・良樹,好～喔。,,,1,207,14,1,0,0,0,0,0,,Translated
161,結衣,森繁君もいい？, , ,Ms. Shishido,"Morishige? You, too?",,,유이,모리시게 군도 괜찮아?,,,結衣,森繁同學也可以嗎？,,,1,214,26,1,0,0,0,0,0,,Translated
162,森繁,あ、はい。, , ,Morishige,"Ah, yes.",,,모리시게,"아, 네.",,,森繁,啊，好。,,,1,119,8,1,0,0,0,0,0,,Translated
163,あゆみ,準備完了！, , ,Ayumi,"All right, we're ready to go.",,,아유미,준비 완료!,,,あゆみ,準備完成！,,,1,43,0,1,0,0,0,0,0,,Translated
164,あゆみ,……じゃぁ、みんなでこの紙の,『サチコさん人形』をかこんで……, ,Ayumi,"Everybody, gather in a circle around this paper",Sachiko doll.,,아유미,"...... 그럼, 다들 이 종이",『사치코씨 인형』을 둘러싸고......,,あゆみ,……那麼，大家一起圍著這個紙做的,『サチコ小姐人偶』……,,1,44,0,1,0,0,0,0,0,,Translated
165,あゆみ,『サチコさんお願いします』って心の中で……,えっと、, ,Ayumi,"And in your head, repeat the words, 'Sachiko,",we beg of you'...uhh...,,아유미,『사치코씨 부탁합니다』라고 마음 속으로......,으음,,あゆみ,在心裡念『サチコ小姐拜託了』……,那個，,,1,45,0,1,0,0,0,0,0,,Translated
166,あゆみ,……７、８、……うん、９回唱えてね。, , ,Ayumi,"...seven, eight...nine! Yeah, repeat it nine times!",,,아유미,"7, 8...... 응, 9번 말해.",,,あゆみ,……七、八、……嗯，念九遍哦。,,,1,46,0,1,0,0,0,0,0,,Translated
167,あゆみ,間違ってもいいから、絶対言い直しちゃだめだよ。, , ,Ayumi,"Don't worry if you flub it a little, just make sure",you don't stop partway through.,,아유미,"틀려도 좋으니까, 절대로 다시 말하면 안 돼.",,,あゆみ,念錯也沒關係，但絕對不能重來哦。,,,1,47,0,1,0,0,0,0,0,,Translated
168,あゆみ,唱える回数が、人数より多かったり少なかったりすると……,失敗しちゃうらしいからね。, ,Ayumi,You have to say it one time for every person,"present. No more, no less, or the charm will fail.",,아유미,사람 수보다 횟수가 많거나 적으면......,실패하게 되니까.,,あゆみ,如果唸的次數比人數多或少的話……,好像就會失敗。,,1,48,0,1,0,0,0,0,0,,Translated
169,哲志,なぁ……篠崎。, , ,Satoshi,"Uhh, Shinozaki?",,,사토시,저기...... 시노자키.,,,哲志,喂……篠崎。,,,1,208,14,1,0,0,0,0,0,,Translated
170,あゆみ,ん？, , ,Ayumi,Hmm?,,,아유미,응?,,,あゆみ,嗯？,,,1,49,0,1,0,0,0,0,0,,Translated
171,哲志,失敗……すると、どうなるんだ？, , ,Satoshi,"What, uh, happens if it fails, exactly?",,,사토시,실패...... 하면 어떻게 돼?,,,哲志,失敗……的話，會怎樣？,,,1,209,14,1,0,0,0,0,0,,Translated
172,良樹,なんか、この人形気味悪ィんだけど。, , ,Yoshiki,This whole paper doll thing seems a little sketchy,to me...,,요시키,왠지 이 인형 기분 나쁜데.,,,良樹,總覺得這個人偶有點詭異。,,,1,202,22,1,0,0,0,0,0,,Translated
173,あゆみ,失敗なんて許さないから。気合入れてよね。, , ,Ayumi,Failure is not an option. Just give it all you've,got!,,아유미,실패하면 용서 안 할 거니까. 기합 넣고 해.,,,あゆみ,我不允許失敗。要認真一點哦。,,,1,50,0,1,0,0,0,0,0,,Translated
174,哲志,えぇ？　……わ、わかった。, , ,Satoshi,"Hehh?! ...Uh, okay...",,,사토시,"뭐어? 아, 알았어.",,,哲志,欸？……知、知道了。,,,1,210,14,1,0,0,0,0,0,,Translated
175,あゆみ,それじゃ、いくよ。みんなも心の中で唱えてね？, , ,Ayumi,"All right, let's get started. Everybody remember",the charm?,,아유미,"그럼, 간다. 다들 마음 속으로 말해야 해?",,,あゆみ,那麼，要開始囉。大家也要在心裡念哦？,,,1,51,0,1,0,0,0,0,0,,Translated
176,あゆみ,『サチコさんお願いします』を、９回だよ。, , ,Ayumi,"'Sachiko, we beg of you.' Nine times.", ,,아유미,『사치코씨 부탁합니다』 9번이야.,,,あゆみ,『サチコ小姐拜託了』，九次哦。,,,1,52,0,1,0,0,0,0,0,,Translated
177,あゆみ,……せーの、はい！, , ,Ayumi,...Ready? Begin!,,,아유미,...... 하나~ 둘~ 시작!,,,あゆみ,……預備，開始！,,,1,53,0,1,0,0,0,0,0,,Translated
178,あゆみ,ふぅ。　……ちゃんと９回、唱えた？, , ,Ayumi,*exhale* ...Everybody said it nine times?,,,아유미,후우. 제대로 9번 말했어?,,,あゆみ,呼。……都有確實念九次嗎？,,,1,54,0,1,0,0,0,0,0,,Translated
179,繭,うん！, , ,Mayu,Yep!,,,마유,응!,,,繭,嗯！,,,1,250,7,1,0,0,0,0,0,,Translated
180,哲志,ああ。, , ,Satoshi,Yeah.,,,사토시,어.,,,哲志,啊。,,,1,211,14,1,0,0,0,0,0,,Translated
181,良樹,……やべ、早く進めてくれねーと、心の中で,もう一回言っちまいそうだ。, ,Yoshiki,"If we don't get on with it, I'm afraid I'll wind",up saying it again...,,요시키,"...... 이거, 얼른 다음으로 안 넘어가면",한 번 더 말하게 생겼어.,,良樹,……糟了，不快點繼續下去的話，我差點又要再念一次了。,,,1,203,22,1,0,0,0,0,0,,Translated
182,あゆみ,うん。じゃぁみんな、手を伸ばして……,このサチコさん人形の、どこでもいいから掴んで？, ,Ayumi,"Okay. Now, everybody, reach toward the paper doll","and grab hold of it, anywhere you can.",,아유미,"응. 그럼 다들, 손을 뻗고......","어디든 좋으니까, 사치코씨 인형을 붙잡아.",,あゆみ,嗯。那麼大家，伸出手……,抓住這個サチコ小姐人偶，哪裡都可以哦？,,1,55,0,1,0,0,0,0,0,,Translated
183,直美,掴んだよ……？, , ,Naomi,"Got it, I think...",,,나오미,잡았어.,,,直美,抓到了……？,,,1,52,10,1,0,0,0,0,0,,Translated
184,結衣,これでいい？, , ,Ms. Shishido,Like this?,,,유이,이러면 되니?,,,結衣,這樣可以嗎？,,,1,215,26,1,0,0,0,0,0,,Translated
185,あゆみ,ハイ、じゃぁ爪を使ってしっかり掴んだら、, , ,Ayumi,"Exactly. Now, hold on reeeeeally tightly. Dig your",nails into it if you have to -- just don't let go.,,아유미,"응, 그럼 다들 손톱으로 잘 잡고",,,あゆみ,好，那麼用指甲用力抓緊，,,,1,56,0,1,0,0,0,0,0,,Translated
186,あゆみ,みんなで引っ張って千切っちゃって！,……せーのッ！, ,Ayumi,We're going to pull on it until it rips apart into,"nine pieces, okay? On the count of three. One...",two...,아유미,당겨서 찢어!,하나~ 둘~!,,あゆみ,大家一起拉，把它撕碎！,……預備！,,1,57,0,1,0,0,0,0,0,,Translated
187,あゆみ,はいっ！, , ,Ayumi,Three!,,,아유미,자!,,,あゆみ,用力！,,,1,58,0,1,0,0,0,0,0,,Translated
188,哲志,うわあぁぁっ！, , ,Satoshi,Gyaaack!,,,사토시,우와아아악!,,,哲志,哇啊啊！,,,1,212,14,1,0,0,0,0,0,,Translated
189,あゆみ,はい、お疲れさま～。みんな、その紙の切れ端を……, , ,Ayumi,"Nicely done, everyone! Now, just make sure you keep",that scrap of paper safe.,,아유미,"끝, 수고했어~ 다들 그 종이 조각을......",,,あゆみ,好，辛苦了～。大家，把那些紙屑……,,,1,59,0,1,0,0,0,0,0,,Translated
190,あゆみ,学生証入れとか定期入れとかに挟んで、,ずっと持っててね。, ,Ayumi,"Slide it in your student ID holder, or your wallet.","Basically, anywhere it won't get lost.",,아유미,학생증이나 정기권이 든 지갑에 넣고,잘 간수해야 해.,,あゆみ,夾在學生證或定期票夾之類的地方，,要一直帶著哦。,,1,60,0,1,0,0,0,0,0,,Translated
191,良樹,ほ～……？　何か意味、あんのか？, , ,Yoshiki,Hmmm... So the paper doll scrap has some sort of,"meaning to it, then?",,요시키,휴~ ......? 그게 무슨 의미가 있는데?,,,良樹,哦～……？有什麼意義嗎？,,,1,204,22,1,0,0,0,0,0,,Translated
192,あゆみ,それを持ってる限り、ずーっとみんな……, , ,Ayumi,Yep. As long as we all have a little piece of,Sachiko with us...,,아유미,"그걸 가지고 있는 한, 모두 계~속......",,,あゆみ,只要帶著它，大家就永～遠……,,,1,61,0,1,0,0,0,0,0,,Translated
193,あゆみ,友達で、繋がっていられるんだって。,そういうおまじないらしいよ。, ,Ayumi,...we'll always be connected with one another,as friends. That's the purpose of this charm.,,아유미,친구로 있을 수 있는,그런 주술이래.,,あゆみ,能夠作為朋友一直聯繫在一起。,似乎是這樣的咒語哦。,,1,62,0,1,0,0,0,0,0,,Translated
194,直美,へぇ～、いいね、これ！, , ,Naomi,Wow. That's actually pretty cool!,,,나오미,헤에~ 이거 좋은데!,,,直美,嘿～這不錯耶！,,,1,53,10,1,0,0,0,0,0,,Translated
195,世以子,チョー素敵だね～。なくさないようにしなきゃ。, , ,Seiko,PRETTY cool? Try SUPER cool! I'll have to be,extra careful not to lose my piece!,,세이코,정말 멋져~ 잃어 버리면 안 되겠네.,,,世以子,超棒的～。得小心別弄丟了。,,,1,48,19,1,0,0,0,0,0,,Translated
196,繭,篠崎さん、ありがとう！　……宝物に、するね。, , ,Mayu,"Thank you, Shinozaki. I'll treasure this.",,,마유,"시노자키, 고마워! 소중히 간직할게.",,,繭,篠崎同學，謝謝你！……我會當作寶物的。,,,1,251,7,1,0,0,0,0,0,,Translated
197,あゆみ,うん。……ね、きっとまた会おうね、みんなで！, , ,Ayumi,No problem. Consider it our promise that we'll,all definitely hang out together again.,,아유미,"응. 우리, 꼭 다시 만나자!",,,あゆみ,嗯。……對吧，大家一定還要再見面哦！,,,1,63,0,1,0,0,0,0,0,,Translated
198,繭,うん！, , ,Mayu,Definitely!,,,마유,응!,,,繭,嗯！,,,1,252,7,1,0,0,0,0,0,,Translated
199,直美・世以子・あゆみ,うふふっ……！, , ,"Naomi, Seiko & Ayumi",Heheh...,,,나오미·세이코·아유미,후훗......!,,,直美・世以子・あゆみ,唔呼呼……！,,,1,54,10,1,0,0,0,0,0,,Translated
200,結衣,さぁ……じゃ、みんな帰る準備だよ。, , ,Ms. Shishido,"Well, I hate to say it, but I think it's about time",we all get packed up and start heading home.,,유이,"자...... 그럼, 다들 집에 갈 준비.",,,結衣,好啦……那麼，大家準備回家吧。,,,1,216,26,1,0,0,0,0,0,,Translated
201,一同,は～い。, , ,All Present,"Yes, ma'am!",,,일동,네에~,,,眾人,好～。,,,1,55,10,1,0,0,0,0,0,,Translated
202,直美,きゃっ！？, , ,Naomi,Eep!,,,나오미,꺅!?,,,直美,呀！？,,,1,56,10,1,0,0,0,0,0,,Translated
203,哲志,っ！？　……地震！？, , ,Satoshi,Gah! An earthquake?!,,,사토시,윽!? 지진!?,,,哲志,！？……地震！？,,,1,213,14,1,0,0,0,0,0,,Translated
204,森繁,うぁっ！, , ,Morishige,Whoa!,,,모리시게,우악!,,,森繁,哇！,,,1,120,8,1,0,0,0,0,0,,Translated
205,直美・世以子・繭・あゆみ,きゃーーーーっ！, , ,"Naomi, Seiko, Mayu & Ayumi",Eeeeeeeeek!!,,,나오미·세이코·마유·아유미,꺄~~~~!,,,直美・世以子・繭・あゆみ,呀－－－－！,,,1,57,10,1,0,0,0,0,0,,Translated
206,良樹,何だ……でかいぞ、おい！, , ,Yoshiki,"What the hell?! This is like, holy crap big!",,,요시키,뭐야...... 큰데 이거!,,,良樹,什麼……好大啊，喂！,,,1,205,22,1,0,0,0,0,0,,Translated
207,由香,お兄ちゃん！, , ,Yuka,Big brother!,,,유카,오빠!,,,由香,哥哥！,,,1,234,27,1,0,0,0,0,0,,Translated
208,哲志,由香！　つかまってろ……！, , ,Satoshi,Yuka! Take my hand!,,,사토시,유카! 꽉 붙잡아......!,,,哲志,由香！抓緊……！,,,1,214,14,1,0,0,0,0,0,,Translated
209,結衣,み、みんな落ち着いて！　机で頭を守りなさい！！, , ,Ms. Shishido,"Everyone, stay calm! Get under your desks until",it passes!,,유이,"다, 다들 진정하고! 책상 밑으로 들어가!!",,,結衣,大、大家冷靜！用桌子保護頭部！！,,,1,217,26,1,0,0,0,0,0,,Translated
210,繭,きゃーーっ！, , ,Mayu,Aaaah!!,,,마유,꺄~~!,,,繭,呀－－！,,,1,253,7,1,0,0,0,0,0,,Translated
211,結衣,早く！, , ,Ms. Shishido,Under the desks! Now!,,,유이,어서!,,,結衣,快！,,,1,218,26,1,0,0,0,0,0,,Translated
212,直美・世以子・あゆみ,きゃぁ！, , ,"Naomi, Seiko & Ayumi",Aaaaaahh!!,,,나오미·세이코·아유미,꺄아!,,,直美・世以子・あゆみ,呀！,,,1,58,10,1,0,0,0,0,0,,Translated
213,哲志,くっ……！？, , ,Satoshi,Wh...,,,사토시,큭......!?,,,哲志,唔……！？,,,1,215,14,1,0,0,0,0,0,,Translated
214,哲志,！　……なにっ？！, , ,Satoshi,What the...?!,,,사토시,...... 뭐지?!,,,哲志,！　……什麼？！,,,1,216,14,1,0,0,0,0,0,,Translated
215,あゆみ,ウソでしょ！, , ,Ayumi,No... This can't be happening!,,,아유미,거짓말이지!,,,あゆみ,騙人的吧！,,,1,66,0,1,0,0,0,0,0,,Translated
216,良樹,マジかよ、おい！, , ,Yoshiki,Is this for real?!,,,요시키,"정말이냐, 이거!",,,良樹,真的假的啊，喂！,,,1,206,22,1,0,0,0,0,0,,Translated
217,哲志,うわっ……！　落ちる！！, , ,Satoshi,"Oh God, I'm falling!",,,사토시,우왓......! 떨어진다!!,,,哲志,哇……！要掉下去了！！,,,1,217,14,1,1,0,0,0,0,,Translated
218,由香,お兄ちゃぁん！, , ,Yuka,Big brooootheeer!,,,유카,오빠아!,,,由香,哥哥！,,,1,235,27,1,1,0,0,0,0,,Translated
219,直美,哲志！！, , ,Naomi,Satoshi!!,,,나오미,사토시!!,,,直美,哲志！！,,,1,59,10,1,1,0,0,0,0,,Translated
220,哲志,直美！！, , ,Satoshi,Naomiii!!,,,사토시,나오미!!,,,哲志,直美！！,,,1,218,14,1,1,0,0,0,0,,Translated
221,みんな,うわーーーーーーーっ！, , ,Everyone,YEEEEEEAAAAARRRGGGGHHH!!,,,모두,우와~~~~~~!,,,みんな,哇－－－－－－！,,,1,219,14,1,1,0,0,0,0,,Translated
222,,・　・　・　・, , ,,...,,,,   ·   ·   ·   ·,,,,‧　‧　‧　‧,,,0,0,0,1,0,0,0,0,0,,Translated
223,,……んっ……, , ,,...Ungh...,,,,으응......,,,,……嗯……,,,0,60,10,1,0,0,0,0,0,,Translated
224,直美,（グキッ）……あぅっ！, , ,Naomi,Ouch!,,,나오미,(삐걱) 아윽!,,,直美,（喀）……啊嗚！,,,1,61,10,1,0,0,0,0,0,,Translated
225,直美,……痛っ……　痛い……足が……, , ,Naomi,"Ooh... Ow, my leg...",,,나오미,바...... 발이...... 아파......,,,直美,……好痛……好痛……腳……,,,1,62,10,1,0,0,0,0,0,,Translated
226,直美,……ふぅ、動くけど……捻挫してる……, , ,Naomi,"I can move it, so I guess it's just a sprain...",,,나오미,"후우, 움직이긴 하는데...... 삐었어......",,,直美,……呼，還能動……只是扭傷了……,,,1,63,10,1,0,0,0,0,0,,Translated
227,直美,あれ？　ここは……どこ……？, , ,Naomi,...Huh? Wh...where...?,,,나오미,어라? 여긴...... 어디지......?,,,直美,咦？這裡……是哪裡……？,,,1,64,10,1,0,0,0,0,0,,Translated
228,直美,家じゃ……ない？, , ,Naomi,"I'm...not at home, am I...",,,나오미,집이...... 아냐?,,,直美,不是……家？,,,1,65,10,1,0,0,0,0,0,,Translated
229,直美,うそ……, , ,Naomi,It can't be...,,,나오미,거짓말......,,,直美,騙人……,,,1,66,10,1,0,0,0,0,0,,Translated
230,直美,……？, , ,Naomi,...?,,,나오미,......?,,,直美,……？,,,1,67,10,1,0,0,0,0,0,,Translated
231,直美,暗くてよく見えない……, , ,Naomi,It's so dark...I can barely see a thing...,,,나오미,어두워서 잘 안 보여......,,,直美,太暗了看不太清楚……,,,1,68,10,1,0,0,0,0,0,,Translated
232,直美,え……、これ、学校……？, , ,Naomi,Is...this the school?,,,나오미,"어...... 여긴, 학교......?",,,直美,咦？這裡是……學校……？,,,1,69,10,1,0,0,0,0,0,,Translated
233,,昭和４＊年　９月＊８日, , ,,197_-09-_8,,,,197*년 9월 *8일,,,,一九七＊年　九月＊八日,,,0,0,0,1,0,0,0,0,0,,Translated
234,,所々、チョークが擦れて読めません……, , ,,"The chalk's been worn away in a few spots, leaving",the date on the board somewhat vague.,,,곳곳이 분필로 칠해져 있어서 알아볼 수 없습니다......,,,,到處都被粉筆塗抹過，無法辨識……,,,0,0,0,1,0,0,0,0,0,,Translated
235,,　壁のプリントに、何か書いてあります……, , ,,There's some sort of official-looking printout,pinned to the wall.,,,벽보에 뭔가 적혀 있습니다......,,,,牆上的印刷物寫著些什麼……,,,0,0,0,1,0,0,0,0,0,,Translated
236,直美,……？, , ,Naomi,...?,,,나오미,......?,,,直美,……？,,,1,83,10,1,0,0,0,0,0,,Translated
237,直美,そ、それより……世以子！, , ,Naomi,No time for that now. I've got to check on Seiko!,,,나오미,"그, 그것보다...... 세이코!",,,直美,與、與其說那個……世以子！,,,1,84,10,1,0,0,0,0,0,,Translated
238,直美,きゃっ！, , ,Naomi,Eep!,,,나오미,꺅!,,,直美,呀！,,,1,85,10,1,0,0,0,0,0,,Translated
239,,傷んでボロボロになった板切れがあります。, ,,,There's a loose board lying on the ground. Though,"scratched and banged up, it still seems to be fully","intact, and not much worse for the wear.",,손상을 입어 너덜너덜해진 널빤지가 있습니다.,,,,有一塊破爛的木板。,,,0,0,0,0,0,0,0,0,0,,Translated
240,,窓の外には、鬱蒼（うっそう）と繁った,森の木々が見えます。, ,,"Outside the window, so dimly lit as to be almost","imperceptible, looms a sheer wall of dense foliage",stretching as far as the eye can see.,,창밖에는 울창하게 우거진,나무들이 보입니다.,,,窗外可以看到茂密的樹林。,,,0,0,0,1,0,0,0,0,0,,Translated
241,,遠くが全く見渡せません……, , ,,There's not even a hint of what may lie beyond it.,,,,먼 곳은 전혀 안 보입니다......,,,,完全看不到遠處……,,,0,0,0,1,0,0,0,0,0,,Translated
242,,窓の外には、鬱蒼（うっそう）と繁った,森の木々が見えます。, ,,"Outside the window, so dimly lit as to be almost","imperceptible, looms a sheer wall of dense foliage",stretching as far as the eye can see.,,창밖에는 울창하게 우거진,나무들이 보입니다.,,,窗外可以看到茂密的樹林。,,,0,0,0,1,0,0,0,0,0,,Translated
243,,遠くが全く見渡せません……, , ,,There's not even a hint of what may lie beyond it.,,,,먼 곳은 전혀 안 보입니다......,,,,完全看不到遠處……,,,0,0,0,1,0,0,0,0,0,,Translated
244,直美,！, , ,Naomi,...!,,,나오미,!,,,直美,……！,,,1,70,10,1,0,0,0,0,0,,Translated
245,直美,……なにこれ……, , ,Naomi,...What's going on...?,,,나오미,뭐야 이건......,,,直美,這是什麼……,,,1,71,10,1,0,0,0,0,0,,Translated
246,直美,ここ、どこよ……！, , ,Naomi,What the hell is this place?!,,,나오미,"여긴, 어디야......!",,,直美,這裡是哪裡啊……！,,,1,72,10,1,0,0,0,0,0,,Translated
247,直美,……！, , ,Naomi,*gasp*,,,나오미,......!,,,直美,……！,,,1,74,10,1,0,0,0,0,0,,Translated
248,直美,あれは……世以子？, , ,Naomi,Is that...Seiko?!,,,나오미,저건...... 세이코?,,,直美,那是……世以子？,,,1,75,10,1,0,0,0,0,0,,Translated
249,直美,世以子！　世以子！！, , ,Naomi,Seiko! Seiko!!,,,나오미,세이코! 세이코!!,,,直美,世以子！世以子！！,,,1,76,10,1,0,0,0,0,0,,Translated
250,直美,……大変！, , ,Naomi,...This isn't good!,,,나오미,큰일이야!,,,直美,……不妙！,,,1,77,10,1,0,0,0,0,0,,Translated
251,直美,世以子ーっ！　, , ,Naomi,Seiko!!,,,나오미,세이코~!,,,直美,世以子～！,,,1,78,10,1,0,0,0,0,0,,Translated
252,直美,……聞こえてないのかな……, , ,Naomi,...Can she not hear me?,,,나오미,안 들리나......,,,直美,……聽不見嗎……,,,1,79,10,1,0,0,0,0,0,,Translated
253,直美,暗いけど……外に廊下があるみたい。, , ,Naomi,It's dark...but there should be a hall outside,the room. I can probably get to her that way.,,나오미,어둡지만...... 밖에 복도가 있는 것 같아.,,,直美,雖然很暗……但外面好像有走廊。,,,1,73,10,1,0,0,0,0,0,,Translated
254,直美,（……怖くて、出れないや……）, , ,Naomi,"(This place is scary, but I can't just leave...)",,,나오미,"(무서워서, 못 나가겠어......)",,,直美,（好可怕，不敢出去……）,,,1,0,0,1,0,0,0,0,0,,Translated
255,直美,世以子！　世以子！, , ,Naomi,Seiko! Seiko!,,,나오미,세이코! 세이코!!,,,直美,世以子！世以子！,,,1,86,10,1,0,0,0,0,0,,Translated
256,直美,……世以……, , ,Naomi,Sei...,,,나오미,세이......,,,直美,世以……,,,1,87,10,1,0,0,0,0,0,,Translated
257,直美,（……ほっ、息はしてる……）, , ,Naomi,(...Thank goodness. She's still breathing...),,,나오미,"(휴, 숨은 쉬고 있어......)",,,直美,（呼，還有呼吸……）,,,1,88,10,1,0,0,0,0,0,,Translated
258,直美,世以子、ねぇセイコ！　起きてよ。, , ,Naomi,"Seiko! Come on, Seiko! Wake up!",,,나오미,"세이코, 저기 세이코! 일어나.",,,直美,世以子，喂世以子！醒醒。,,,1,89,10,1,0,0,0,0,0,,Translated
259,世以子,ん……, , ,Seiko,Nng...,,,세이코,응......,,,世以子,嗯……,,,1,51,19,1,0,0,0,0,0,,Translated
260,世以子,あれ、直美？　どったの？, , ,Seiko,Huh? Naomi?,...What's up?,,세이코,"어라, 나오미? 무슨 일이야?",,,世以子,咦，直美？怎麼了？,,,1,52,19,1,0,0,0,0,0,,Translated
261,直美,どったのじゃないわよ、心配させて……, , ,Naomi,Don't you 'what's up' me! I thought you were dead!,,,나오미,"무슨 일은, 걱정하게 만들고......",,,直美,什麼怎麼了，害我擔心死了……,,,1,90,10,1,0,0,0,0,0,,Translated
262,世以子,？, , ,Seiko,Hmm?,,,세이코,?,,,世以子,？,,,1,53,19,1,0,0,0,0,0,,Translated
263,世以子,……え？　ここ……, , ,Seiko,...Uh... Where...,,,세이코,어? 여긴......,,,世以子,……欸？這裡……,,,1,54,19,1,0,0,0,0,0,,Translated
264,世以子,……ここ、どこ？, , ,Seiko,Where are we...?,,,세이코,"여긴, 어디야?",,,世以子,這裡是哪裡？,,,1,55,19,1,0,0,0,0,0,,Translated
265,世以子,なにこれ？, , ,Seiko,What's going on?!,,,세이코,뭐야 이건?,,,世以子,這是怎麼回事？！,,,1,56,19,1,0,0,0,0,0,,Translated
266,直美,私だって知りたいわよ…………, , ,Naomi,That's what I'd like to know...,,,나오미,나도 몰라......,,,直美,我也想知道啊……,,,1,91,10,1,0,0,0,0,0,,Translated
267,世以子,うう～ん……っ　　,…………………………, ,Seiko,Nnnnng...rrrrrrrg...,GRAH!!,,세이코,으응~,........................,,世以子,嗯～嗯……,……………………,,1,57,19,1,1,0,1,0,0,,Translated
268,世以子,はぁ……ダメだぁ～ , , ,Seiko,Hooo... It ain't budgin'.,,,세이코,하아...... 안 되네~,,,世以子,呼……不行啊～,,,1,58,19,1,0,0,0,0,0,,Translated
269,世以子,びくともしないよ、窓ぉー, , ,Seiko,These windows are sealed up tight.,,,세이코,"이 창문, 꿈쩍도 안 해~",,,世以子,窗戶完全動不了～,,,1,59,19,1,0,0,0,0,0,,Translated
270,世以子,外も真っ暗で、よく見えないし。, , ,Seiko,And it's pitch black out there. I can't make heads,or tails of what I'm seeing.,,세이코,밖도 새까매서 잘 안 보이고.,,,世以子,外面也一片漆黑，看不清楚。,,,1,60,19,1,0,0,0,0,0,,Translated
271,直美,……どうなってるのよ……, , ,Naomi,What the hell is going on?!,,,나오미,어떻게 된 거야......,,,直美,……到底是怎麼回事……,,,1,92,10,1,0,0,0,0,0,,Translated
272,世以子,……ここ……やっぱり、学校なのかな？, , ,Seiko,...Well...this is clearly a school building...,,,세이코,여긴...... 역시 학교인가?,,,世以子,……這裡……果然是學校嗎？,,,1,61,19,1,0,0,0,0,0,,Translated
273,直美,それにしては、何か妙に机が小さい,気がするんだよね……, ,Naomi,"Don't the desks seem unusually small to you, though?",,,나오미,그런 것 치고는 책상이 묘하게,작은 것 같은데......,,直美,雖說是學校，但總覺得桌子特別小……,,,1,93,10,1,0,0,0,0,0,,Translated
274,直美,小学校みたい……, , ,Naomi,Like an elementary school...,,,나오미,초등학교 같아......,,,直美,像小學一樣……,,,1,94,10,1,0,0,0,0,0,,Translated
275,世以子,小学校って……, , ,Seiko,An...elementary school?,,,세이코,초등학교라니......,,,世以子,小學……,,,1,62,19,1,0,0,0,0,0,,Translated
276,直美,……まさか……, , ,Naomi,...It can't be...can it?,,,나오미,설마......,,,直美,……難道說……,,,1,95,10,1,0,0,0,0,0,,Translated
277,世以子,――っ！, , ,Seiko,...!,,,세이코,윽!,,,世以子,――！,,,1,63,19,1,0,0,0,0,0,,Translated
278,直美,……どうしたの……？, , ,Naomi,What is it?,,,나오미,왜 그래......?,,,直美,……怎麼了……？,,,1,96,10,1,0,0,0,0,0,,Translated
279,世以子,壁に……プリントが……, , ,Seiko,The printout...on the wall...,,,세이코,벽에...... 종이가......,,,世以子,牆上……有張紙……,,,1,64,19,1,0,0,0,0,0,,Translated
280,世以子,『天神小連絡通紙』……って、, , ,Seiko,"...It says, 'Heavenly Host Elementary - Notice to",All Faculty and Students'...,,세이코,『텐진초 연락 통신』......,,,世以子,『天神小連絡通紙』……寫著，,,,1,65,19,1,0,0,0,0,0,,Translated
281,直美,天神小……学校……？, , ,Naomi,Heavenly...Host?,,,나오미,텐진초등...... 학교......,,,直美,天神小……學校……？,,,1,97,10,1,0,0,0,0,0,,Translated
282,直美,あたしたちの学校……, , ,Naomi,Isn't that...,,,나오미,우리 학교......,,,直美,我們學校……,,,1,98,10,1,0,0,0,0,0,,Translated
283,直美,……如月学園が建つ前に、取り壊された……,廃校じゃない……！, ,Naomi,...the elementary school that preceded Kisaragi,Academy? The one that was shut down and demolished?!,,나오미,키사라기 학원이 지어지기 전에 허물어진......,폐교 아냐......!?,,直美,……如月學園建造之前就被拆毀的……,廢校……不是嗎……！？,,1,99,10,1,0,0,0,0,0,,Translated
284,世以子,いやー！　何なの！？, , ,Seiko,Oh God! What's happening?!,,,세이코,꺄아~! 뭐야!?,,,世以子,不要啊～！怎麼回事！？,,,1,66,19,1,0,0,0,0,0,,Translated
285,世以子,私たち何処にいるの！, , ,Seiko,Where the hell are we?!,,,세이코,우린 어디 있는 거야!,,,世以子,我們在哪裡啊！,,,1,67,19,1,0,0,0,0,0,,Translated
286,世以子,みんなは！？　先生は？　何処に行ったの！？, , ,Seiko,And where are our friends?! And Ms. Yui?!,,,세이코,애들은!? 선생님은? 어디 간 거야!?,,,世以子,大家呢！？老師呢？去哪裡了！？,,,1,68,19,1,0,0,0,0,0,,Translated
287,直美,落ち着いて、世以子！, , ,Naomi,"Calm down, Seiko! Don't get so worked up!",,,나오미,"진정해, 세이코!",,,直美,冷靜點，世以子！,,,1,100,10,1,0,0,0,0,0,,Translated
288,世以子,はぁ、はぁ……, , ,Seiko,*deep breathing*,,,세이코,"하아, 하아......",,,世以子,呼、呼……,,,1,0,0,1,0,0,0,0,0,,Translated
289,世以子,ん……ごめん……, , ,Seiko,...Sorry...,,,세이코,응...... 미안......,,,世以子,嗯……抱歉……,,,1,70,19,1,0,0,0,0,0,,Translated
290,直美,（世以子もあたしも、手を握り合ったまま,　声も出せなかった……）, ,Naomi,"(Seiko and I just stood there in silence, hand in",hand.),,나오미,(세이코와 나는 손을 맞잡은 채,아무 소리도 내지 못했다......),,直美,（世以子和我就這樣握著手，,　一句話也說不出來……）,,1,101,10,1,0,0,0,0,0,,Translated
291,直美,（歯がカチカチと音を立てるほど、全身が,　震える経験なんて……生まれて初めてだったから）, ,Naomi,(It was the first time in my life that I'd been,"shaking so hard, I could hear my teeth chatter.)",,나오미,(이가 딱딱 부딪히는 소리를 낼 정도로,전신이 떨리는 경험은...... 태어나서 처음이라),,直美,（牙齒喀喀作響，全身都在發抖……,　這種經驗，出生以來還是第一次）,,1,102,10,1,0,0,0,0,0,,Translated
292,直美,（頭の中がふわふわして……今、自分達の,　置かれている状況を、整理して考える事が出来ない）, ,Naomi,"(I'd become completely light-headed, and couldn't",even think straight -- much less wrap my brain,around what was happening to us.),나오미,(머릿속이 붕 떠서...... 지금 우리에게 놓여진,상황을 정리할 여유가 없다),,直美,（腦子一片空白……完全無法整理,　思考自己現在的處境）,,1,103,10,1,0,0,0,0,0,,Translated
293,直美,（悪い夢かと期待しても、,　ちっとも目の前の景色は消えてくれない）, ,Naomi,"(I kept telling myself, it's all a dream...some",horrible nightmare...but no matter how hard I,"wished for it, I just couldn't wake up.)",나오미,(나쁜 꿈인가 기대해 봐도,눈앞의 풍경은 사라질 기미가 없다),,直美,（即使期待這是一場惡夢，,　眼前的景象也絲毫沒有消失的跡象）,,1,104,10,1,0,0,0,0,0,,Translated
294,直美,（ただ静寂が、苦しい……）, , ,Naomi,(And the silence was the worst part of all.),,,나오미,"(그저 조용한 게, 괴롭다......)",,,直美,（只有寂靜，令人難受……）,,,1,105,10,1,0,0,0,0,0,,Translated
295,直美,（駄目だわ……駄目、黙ってると……）, , ,Naomi,(I couldn't take it anymore. I had to say,something. Anything!),,나오미,(안 돼...... 가만 있으면 안 돼......),,,直美,（不行……這樣沉默下去……）,,,1,106,10,1,0,0,0,0,0,,Translated
296,直美,ねぇ……何が何だか、わからないけど、, , ,Naomi,Hey... I don't have the slightest idea what's,going on...,,나오미,저기...... 뭐가 뭔지는 모르겠지만,,,直美,喂……雖然搞不清楚狀況，,,,1,107,10,1,0,0,0,0,0,,Translated
297,直美,とにかく、学校の外に出てみない？, , ,Naomi,...but how about we try finding a way out of here?,,,나오미,일단 학교 밖으로 나가볼래?,,,直美,總之，要不要試著到學校外面去？,,,1,108,10,1,0,0,0,0,0,,Translated
298,世以子,……外に？, , ,Seiko,...A way out?,,,세이코,밖으로?,,,世以子,……外面？,,,1,71,19,1,0,0,0,0,0,,Translated
299,直美,このままずっと震えていても……,何も解決しないと思うの。, ,Naomi,We can't just stand here quaking in terror. We need,to do something...you know?,,나오미,이대로 계속 떨고 있어봤자......,아무것도 해결되지 않아.,,直美,一直這樣發抖下去……,也不會有任何進展。,,1,109,10,1,0,0,0,0,0,,Translated
300,直美,（こんな気持ち悪いところ……,　少しの間でもいたくないし）, ,Naomi,"(Besides, I don't want to be in this creepy place",any longer than I have to...),,나오미,(이런 기분 나쁜 곳......,잠시도 있고 싶지 않아),,直美,（在這種噁心的地方……,　一刻也不想待）,,1,0,0,1,0,0,0,0,0,,Translated
301,世以子,でも……窓も開かないんだよ？, , ,Seiko,But the windows are all sealed shut.,,,세이코,그치만...... 창문도 안 열리는데?,,,世以子,可是……窗戶也打不開啊？,,,1,72,19,1,0,0,0,0,0,,Translated
302,世以子,……固いとかじゃなくて、, , ,Seiko,"And I don't just mean they're stuck, or locked...",,,세이코,굳어 있는 게 아니라,,,世以子,……不是說很緊或鎖住，,,,1,73,19,1,0,0,0,0,0,,Translated
303,世以子,ガチッて空間に固定されてる感じ……, , ,Seiko,...It's like they're decorations on the wall.,I don't even think they CAN open!,,세이코,공간에 딱 고정된 느낌이야......,,,世以子,而是整個固定在空間裡的感覺……,,,1,74,19,1,0,0,0,0,0,,Translated
304,世以子,外になんて……出られるのかな？, , ,Seiko,Is it even possible...to leave this building?,,,세이코,밖으로...... 나갈 수 있을까?,,,世以子,真的能……到外面去嗎？,,,1,75,19,1,0,0,0,0,0,,Translated
305,直美,ええ、だけど……玄関とか、非常口とかあれば、, , ,Naomi,"I'm not sure. But there might be an entranceway,",or an emergency exit...or something...,,나오미,"그러게, 그치만...... 현관이나 비상구가 있다면",,,直美,也是，但是……如果有玄關或逃生口的話，,,,1,110,10,1,0,0,0,0,0,,Translated
306,直美,そこから外に出られるかも知れないじゃない。, , ,Naomi,Some means of getting outside...,,,나오미,거길 통해 밖으로 나갈 수 있을지도 모르잖아.,,,直美,或許就能從那裡到外面去啊。,,,1,111,10,1,0,0,0,0,0,,Translated
307,世以子,そだね……、……ジッとしてたら、, , ,Seiko,...You're right. And it's a lot better than just,standing around.,,세이코,그래...... 가만 있으면,,,世以子,說得也是……一直待在這裡的話，,,,1,76,19,1,0,0,0,0,0,,Translated
308,世以子,おかしくなっちゃいそうだし。, , ,Seiko,I feel like I'm going to go all looney in here,if we keep this up!,,세이코,이상해질 것 같으니까,,,世以子,感覺會瘋掉。,,,1,77,19,1,0,0,0,0,0,,Translated
309,直美,よし、とにかくこの部屋を出ましょ。, , ,Naomi,"Okay, then. First step...is to leave this room.",,,나오미,"좋아, 일단 여길 나가자.",,,直美,好，總之先離開這個房間吧。,,,1,112,10,1,0,0,0,0,0,,Translated
310,直美,私達だけじゃなく……ひょっとしたら、, , ,Naomi,"We've got to keep our spirits up. After all, it's",probably not just the two of us in here.,,나오미,잘하면...... 우리뿐만이 아니라,,,直美,說不定……不只我們兩個，,,,1,113,10,1,0,0,0,0,0,,Translated
311,直美,みんなもいるかも知れないし。, , ,Naomi,"The others have to be around somewhere, right?",,,나오미,다른 애들도 있을지 모르니까.,,,直美,大家也可能在這裡。,,,1,114,10,1,0,0,0,0,0,,Translated
312,世以子,みんなと一緒なら……, , ,Seiko,Yeah. And if we can reunite with them...,,,세이코,모두와 함께라면......,,,世以子,如果和大家在一起的話……,,,1,78,19,1,0,0,0,0,0,,Translated
313,世以子,何とかなるかも知んないね……, , ,Seiko,...we'll find a way out of here together!,,,세이코,어떻게든 될지도 모르니까......,,,世以子,也許總有辦法的……,,,1,79,19,1,0,0,0,0,0,,Translated
314,直美,ええ！, , ,Naomi,That's the spirit!,,,나오미,응!,,,直美,嗯！,,,1,115,10,1,0,0,0,0,0,,Translated
315,直美,（確証も何もない話……）, , ,Naomi,(I had no reason to believe any of what I'd just,said.),,나오미,(아무 확신도 없는 말......),,,直美,（其實沒有任何根據……）,,,1,116,10,1,0,0,0,0,0,,Translated
316,直美,（あたしもパニクってただけかも知れない）, , ,Naomi,"(I was probably delirious, to be honest.)",,,나오미,(나조차 혼란에 빠진 것일지도 모른다),,,直美,（也許我自己也慌了手腳）,,,1,117,10,1,0,0,0,0,0,,Translated
317,直美,（でもじっとしてると……あたしも悲鳴を,　あげそうで）, ,Naomi,"(But I knew that if I didn't act, I'd start to go",mad. I'd start to scream. I'd be inconsolable.),,나오미,(하지만 가만히 있으면...... 나도 비명을,지를 것 같아),,直美,（但是一直待著不動的話……,　我感覺自己也會尖叫出來）,,1,118,10,1,0,0,0,0,0,,Translated
318,直美,（必死に強がってみせた）, , ,Naomi,"(So in desperation, I put on the strongest front I",could manage...),,나오미,(애써 태연한 척했다),,,直美,（所以拼命裝出堅強的樣子）,,,1,119,10,1,0,0,0,0,0,,Translated
319,,傷んでボロボロになった板切れがあります。, ,,,There's a loose board lying on the ground. Though,"scratched and banged up, it still seems to be fully","intact, and not much worse for the wear.",,손상을 입어 너덜너덜해진 널빤지가 있습니다.,,,,有一塊破爛的木板。,,,0,0,0,0,0,0,0,0,0,,Translated
320,持田哲志（もちだ　さとし）,１７歳。如月学園高等部の二年生で、本編の主人公。,臆病で小心者だが、妹や友達想いのとても優しい,性質を持つ。,Satoshi Mochida,A 17-year-old student in Kisaragi Academy Senior,"High class 2-9. Fairly average, but popular. Known",for being both kind and cowardly in equal measure.,모치다 사토시,"17세. 키사라기 학원 고등부 2학년으로, 본편의 주인공.","겁이 많고 소심하지만, 여동생과 친구들을 생각해주는",매우 자상한 성격을 지녔다.,持田哲志,十七歲。如月學園高中部二年級，本作的主角。,雖然膽小怕事，但非常關心妹妹和朋友，,個性十分溫柔。,1,0,0,1,0,0,0,0,0,,Translated
321,,持つ。,,,,持つ。,,,,持つ。,,,,持有。,,,-1,0,0,1,0,0,0,0,0,,Translated
322,持田哲志（もちだ　さとし）,周囲を惹き付ける性格も手助けし、,クラス内ではいつも自然とリーダーシップを,とっている事が多いが,Satoshi Mochida,"Despite his timidness, he's very personable and","open, which complements his general sensitivity",toward others to make him a natural leader.,모치다 사토시,주위 사람들을 끌어들이는 성격 덕분에,언제나 자연스럽게 리더십을,발휘하기도 하지만,持田哲志,再加上吸引周圍人群的性格，,在班上總是自然而然地擔任領導角色，,,1,0,0,1,0,0,0,0,0,,Translated
323,,,,,,,,,,,,,,,,,-1,0,0,1,0,0,0,0,0,,Translated
324,持田哲志（もちだ　さとし）,女子陣で同じくリーダーになりがちの直美には、,いつも頭が上がらない。, ,Satoshi Mochida,The one person ever to challenge that leadership,"is Naomi -- who is, consequently, the only person to",whom Satoshi regularly defers judgment.,모치다 사토시,이와 비슷하게 여자들 사이에서 리더인 나오미에게는,언제나 고개를 숙일 뿐이다.,,持田哲志,對於在女生中也同樣容易成為領導者的直美，,總是抬不起頭來。,,1,0,0,1,0,0,0,0,0,,Translated
325,岸沼良樹（きしぬま　よしき）,１７歳。２年９組の哲志のクラスメート。,少しひねくれた性格でよく皮肉を言ったりするが、,その実、中身は自分に素直な正直者である。,Yoshiki Kishinuma,A 17-year-old student in Kisaragi High class 2-9.,"Often regarded as sarcastic and cynical, but as far","as he's concerned, he's just being honest.",키시누마 요시키,17세. 2학년 9반 사토시의 친구.,조금 삐뚤어진 성격으로 자주 비꼬는 말을 내뱉기도 하지만,내면은 자신에게 솔직한 성격이다.,岸沼良樹,十七歲。二年九班，哲志的同班同學。,性格有些彆扭，常說些挖苦人的話，,,1,0,0,1,0,0,0,0,0,,Translated
326,,は自分に素直な正直者である。,,,,は自分に素直な正直者である。,,,,は自分に素直な正直者である。,,,,但實際上卻是個對自己坦率的老實人。,,,-1,0,0,1,0,0,0,0,0,,Translated
327,岸沼良樹（きしぬま　よしき）,クラスのイベントには殆ど参加しないが、,哲志やあゆみが参加しているものには、こっそりと,一緒に参加している。,Yoshiki Kishinuma,"Although generally not one to participate in events,",his fondness for Satoshi and Ayumi means he'll make,an exception now and again if either is involved.,키시누마 요시키,학교 행사에는 거의 참여하지 않지만,사토시나 아유미가 있는 행사에는,슬쩍 참가하기도 한다.,岸沼良樹,雖然幾乎不參加班級活動，,但對於哲志或あゆみ參加的活動，,,1,0,0,1,0,0,0,0,0,,Translated
328,,ている。,,,,ている。,,,,ている。,,,,會偷偷地一起參加。,,,-1,0,0,1,0,0,0,0,0,,Translated
329,岸沼良樹（きしぬま　よしき）,家庭の事情により現在一人暮らしをしており、,アルバイトをしながら安アパートより通学している。, ,Yoshiki Kishinuma,"With intense drama at home, Yoshiki currently works",part-time after school to afford rent on a small,"apartment, where he lives alone.",키시누마 요시키,집안 사정으로 인해 아르바이트를 하며,값싼 아파트에서 혼자 살고 있다.,,岸沼良樹,由於家庭因素，目前一個人住，,一邊打工一邊從便宜的公寓通學。,,1,0,0,1,0,0,0,0,0,,Translated
330,,,,,,,,,,,,,,,,,-1,0,0,1,0,0,0,0,0,,Translated
331,篠崎あゆみ（しのざき　あゆみ）,１７歳。哲志達のクラスの委員長。,人を怖がらせる事が大好きで、高い頻度で,怪談話を仕入れて来る。,Ayumi Shinozaki,The 17-year-old appointed representative of Kisaragi,High class 2-9. Often subjects her classmates to,"ghost stories, and revels in hearing them scream.",시노자키 아유미,17세. 사토시와 같은 반의 반장.,다른 사람을 겁주는 것을 좋아하고,자주 괴담을 들려주곤 한다.,篠崎あゆみ,十七歲。哲志班上的班長。,非常喜歡嚇人，,經常帶來鬼故事。,1,0,0,1,0,0,0,0,0,,Translated
332,,,,,,,,,,,,,,,,,-1,0,0,1,0,0,0,0,0,,Translated
333,篠崎あゆみ（しのざき　あゆみ）,カバンの中には、常に怪談用のろうそくや,ホラーグッズが入っているとのウワサも。, ,Ayumi Shinozaki,It's generally believed that she carries candles and,"other 'horror goods' with her at all times, just in",case an opportunity presents itself to use them.,시노자키 아유미,가방 안에는 항상 괴담용 양초와,호러 상품이 있다는 소문이 들려온다.,,篠崎あゆみ,傳聞她的包包裡總是放著,講鬼故事用的蠟燭和恐怖道具。,,1,0,0,1,0,0,0,0,0,,Translated
334,篠崎あゆみ（しのざき　あゆみ）,しかし、これは無意識に、内面に棲む臆病な自分を,隠す為の裏返しのような行為のようで, ,Ayumi Shinozaki,"In truth, however, Ayumi wears this reputation as","a mask to hide her own fear of the unknown, which",rivals even Satoshi's in its intensity.,시노자키 아유미,하지만 이것은 무의식적으로 내면에 잠든,겁이 많은 자신을 숨기기 위한 행위로,,篠崎あゆみ,然而，這似乎是無意識中,為了隱藏內心膽小的自己而做的反向行為，,,1,0,0,1,0,0,0,0,0,,Translated
335,篠崎あゆみ（しのざき　あゆみ）,実際に恐ろしい目に遭うと足がすくんで動けなくなる、,極度の臆病性の一面も持っている。, ,Ayumi Shinozaki,"When faced with any truly scary situation, her knees",give out and panic sets in. Only her personal pride,can break her out of this fear-induced state.,시노자키 아유미,막상 무서운 상황이 닥치면 겁을 먹고 굳어 버리는,겁쟁이 같은 일면도 가지고 있다.,,篠崎あゆみ,實際上當真的遭遇恐怖事情時，,也會有嚇得雙腿發軟、動彈不得的極度膽小的一面。,,1,0,0,1,0,0,0,0,0,,Translated
336,,棚の中には、ホルマリン漬けにされた,蛙の標本が入っています……, ,,A lone frog soaking in formalin sits upon the top,"shelf, eagerly awaiting dissection.",,,수납장 안에는 포르말린에 잠긴,개구리 표본이 들어 있습니다......,,,櫃子裡放著浸泡在福馬林中的,青蛙標本……,,0,0,0,1,0,0,0,0,0,,Translated
337,森繁朔太郎（もりしげ　さくたろう）,１６歳。哲志のクラスメートで、演劇部に所属。,繭とは中等部から同じ部で活動しており、,兄妹のような関係になっている。,Sakutaro Morishige,A 16-year-old student in Kisaragi High class 2-9.,He's been in theater club with Mayu since middle,"school, and developed a real closeness with her.",모리시게 사쿠타로,16세. 사토시의 친구. 연극부 소속.,마유와는 중학교 때부터 같은 부에서 활동했고,남매 같은 관계다.,森繁朔太郎,十六歲。哲志的同班同學，話劇社成員。,從國中起就與繭在同一個社團活動，,,1,0,0,1,0,0,0,0,0,,Translated
338,,うな関係になっている。,,,,うな関係になっている。,,,,うな関係になっている。,,,,兩人關係如同兄妹。,,,-1,0,0,1,0,0,0,0,0,,Translated
339,森繁朔太郎（もりしげ　さくたろう）,演劇に関しては強い情熱を持っているが、,他人とコミュニケーションをとる事を煩わしいと,考えており、どんな場にいても孤立している事が多い。,Sakutaro Morishige,He finds socializing with anyone else to be more,"trouble than it's worth, however, so he typically",regards his other classmates with indifference.,모리시게 사쿠타로,연극에 관해 강한 정열을 품고 있지만,타인과의 커뮤니케이션을 번거롭게 생각해서,어떤 장소에 있든 고립되는 경우가 많다.,森繁朔太郎,對戲劇有著強烈的熱情，,但認為與他人交流是件麻煩事，,,1,0,0,1,0,0,0,0,0,,Translated
340,,り、どんな場にいても孤立している事が多い。,,,,り、どんな場にいても孤立している事が多い。,,,,り、どんな場にいても孤立している事が多い。,,,,無論在什麼場合都經常孤立自己。,,,-1,0,0,1,0,0,0,0,0,,Translated
341,森繁朔太郎（もりしげ　さくたろう）,祖父につけてもらった名前を大事にしており、,いつも冷静沈着に振舞っているが、,名前をからかわれると本気でキレる。,Sakutaro Morishige,"Takes great pride in his family heritage, and reacts",violently if anyone makes fun of his name. The only,exception is the nickname Mayu's given him: 'Shig.',모리시게 사쿠타로,할아버지가 지어 준 이름을 소중하게 여기고,언제나 냉정 침착하게 행동하지만,이름을 가지고 놀리면 화를 낸다.,森繁朔太郎,非常珍惜祖父為他取的名字，,平時總是保持冷靜沉著，,,1,0,0,1,0,0,0,0,0,,Translated
342,,ると本気でキレる。,,,,ると本気でキレる。,,,,ると本気でキレる。,,,,但如果有人拿他的名字開玩笑就會真的生氣。,,,-1,0,0,1,0,0,0,0,0,,Translated
343,鈴本繭（すずもと　まゆ）,１６歳。哲志達のクラスメートで演劇部に所属。,発育不全気味の小さな体だが、活発で明るく、高等部の,１年生～３年生まで如月学園全校にファンがいる。,Mayu Suzumoto,A 16-year-old student in Kisaragi High class 2-9.,"Somehow looks much tinier than she actually is, but",possesses a big heart and a bright personality.,스즈모토 마유,16세. 사토시와 같은 반. 연극부에 소속.,"조금 덜 자란 것 같은 작은 몸이지만, 활발하고 밝은",성격으로 1~3학년을 통틀어 많은 팬을 가지고 있다.,鈴本繭,十六歲。哲志的同班同學，話劇社成員。,雖然身材嬌小看似發育不全，但活潑開朗，,,1,0,0,1,0,0,0,0,0,,Translated
344,,～３年生まで如月学園全校にファンがいる。,,,,～３年生まで如月学園全校にファンがいる。,,,,～３年生まで如月学園全校にファンがいる。,,,,從高中部一年級到三年級，全校都有她的粉絲。,,,-1,0,0,1,0,0,0,0,0,,Translated
345,鈴本繭（すずもと　まゆ）,誰とでも分け隔てなく心を開いて飛び込んでゆく,天真爛漫な性格から、男子にも女子にも人気が高い。, ,Mayu Suzumoto,"Accepts anyone and everyone with open arms, never","playing favorites, which has earned her nearly",universal regard amongst her fellow students.,스즈모토 마유,누구와도 허물없이 지내는,천진난만한 성격으로 남녀 모두에게 인기가 많다.,,鈴本繭,無論對誰都能毫無隔閡地敞開心扉，,天真爛漫的性格使她無論在男生還是女生中都很受歡迎。,,1,0,0,1,0,0,0,0,0,,Translated
346,,,,,,,,,,,,,,,,,-1,0,0,1,0,0,0,0,0,,Translated
347,鈴本繭（すずもと　まゆ）,家庭の事情により突然転校が決まってしまい、,ショックを受けているようだ。, ,Mayu Suzumoto,"Unfortunately, due to familial circumstances, this",was Mayu's last day at Kisaragi High. She'll be,"moving shortly, and transferring to a new school.",스즈모토 마유,집안 사정으로 인해 갑자기 전학을 가게 되어,충격을 받은 모양이다.,,鈴本繭,由於家庭因素突然決定轉學，,似乎受到了打擊。,,1,0,0,1,0,0,0,0,0,,Translated
348,,何の変哲もない机だ。,特に異質な箇所はなさそうだ……,,,"It's a fairly plain, unremarkable desk. There's",nothing about it that's particularly noteworthy.,,,그냥 평범한 책상이다.,딱히 이상한 점은 안 보인다......,,,就是一張普通的桌子。,看起來沒有什麼特別之處……,,0,0,0,0,1,0,0,0,0,,Translated
349,中嶋直美（なかしま　なおみ）,１６歳。哲志とは中等部からの縁。中一の時から,今までずっと同じクラスになっており、,「その顔、うんざりです」が挨拶のようになっている。,Naomi Nakashima,"A 16-year-old student in Kisaragi High class 2-9,",and a classmate of Satoshi's since junior high.,"Frequently greets Satoshi with, 'Oh, not YOU again!'",나카시마 나오미,16세. 사토시와는 중학교 때부터의 인연.,중1부터 지금까지 줄곧 같은 반이다.,"매일 아침 인사는 「그 얼굴, 지긋지긋해」.",中嶋直美,十六歲。與哲志從國中時就認識。,從國一起至今一直同班，,,1,0,0,1,0,0,0,0,0,,Translated
350,,りです」が挨拶のようになっている。,,,,りです」が挨拶のようになっている。,,,,りです」が挨拶のようになっている。,,,,「看到你就煩」幾乎成了她的問候語。,,,-1,0,0,1,0,0,0,0,0,,Translated
351,中嶋直美（なかしま　なおみ）,数年前に父親が他界し、母と娘二人で支え合いながら,日々明るく暮らしている。, ,Naomi Nakashima,"Having lost her father a few years back, Naomi and",her mother now depend on one another for moral,"support. Still, she remains optimistic and cheerful.",나카시마 나오미,아버지는 몇 년 전에 타계. 어머니와 딸 둘이 ,서로 의지하며 밝은 매일을 보내고 있다.,,中嶋直美,幾年前父親去世後，,與母親兩人互相扶持，每天樂觀地生活著。,,1,0,0,1,0,0,0,0,0,,Translated
352,中嶋直美（なかしま　なおみ）,将来の夢は女性保育士のようで、,専門の短大進学を目指して現在勉強中である。, ,Naomi Nakashima,"Her home life has given her an interest in nursing,",which she's intent on pursuing. She spends her time,"studying, aiming for acceptance to medical school.",나카시마 나오미,장래의 꿈인 여성 보육사가 되기 위해,전문 대학 진학을 목표 삼아 공부 중이다.,,中嶋直美,將來的夢想似乎是成為女性保育士，,目前正以進入專門的短期大學為目標努力學習。,,1,0,0,1,0,0,0,0,0,,Translated
353,持田由香（もちだ　ゆか）,１４歳。如月学園中等部の二年生で、哲志の妹。,兄の哲志に傘を届けに来たために、,一緒に巻き込まれる事になってしまった。,Yuka Mochida,Satoshi's 14-year-old sister. Though she's an,eighth-grader at Kisaragi Academy Junior High,"School, she looks and acts much, much younger.",모치다 유카,14세. 키사라기 학원 중등부 2학년으로 사토시의 여동생.,오빠인 사토시에게 우산을 갖다 주러 왔다가,사건에 말려들게 되었다.,持田由香,十四歲。如月學園國中部二年級，哲志的妹妹。,為了幫哥哥哲志送傘而來，,,1,0,0,1,0,0,0,0,0,,Translated
354,,ってしまった。,,,,ってしまった。,,,,ってしまった。,,,,結果一起被捲入事件中。,,,-1,0,0,1,0,0,0,0,0,,Translated
355,持田由香（もちだ　ゆか）,子供の頃からの甘えん坊気質が抜けきれておらず、,よく人に年齢を間違えられる。, ,Yuka Mochida,"In the Mochida household, Yuka's always been the","'princess,' generally getting her way and thus",never really shedding her childlike behavior.,모치다 유카,어릴 적 응석받이 기질이 계속 이어져,나이를 착각하게 되는 경우가 많다.,,持田由香,從小就有的撒嬌性格至今未改，,經常被人猜錯年齡。,,1,0,0,1,0,0,0,0,0,,Translated
356,持田由香（もちだ　ゆか）,本人は成長したいと願っているため、,時々無理をして大人の振る舞いをするが,いつも長くは続かないようだ。,Yuka Mochida,"Despite this, she yearns to grow up, often",attempting to act older or braver than she,is -- which sometimes gets her into trouble.,모치다 유카,정작 본인은 어른이 되고 싶어서,무리하게 어른처럼 행동하려고 하지만,그리 오래가지 못한다.,持田由香,本人希望能夠成長，,有時會勉強自己做出大人的舉止，,但似乎總維持不了多久。,1,0,0,1,0,0,0,0,0,,Translated
357,,,,,,,,,,,,,,,,,-1,0,0,1,0,0,0,0,0,,Translated
358,篠原世以子(しのはら　せいこ),１６歳。２年９組の哲志達のクラスメート。,直美とは家が近所で、いつも一緒に登校する仲。, ,Seiko Shinohara,A 16-year-old student in Kisaragi High class 2-9.,"Lives very close to Naomi, and generally accompanies",her to and from school each day.,시노하라 세이코,16세. 2학년 9반. 사토시의 친구.,나오미와 집이 가까워서 언제나 함께 등교하는 사이.,,篠原世以子,十六歲。二年九班，哲志的同班同學。,與直美家住在附近，總是結伴上下學。,,1,0,0,1,0,0,0,0,0,,Translated
359,篠原世以子(しのはら　せいこ),明るく奔放な性格から友達も多く、,時折、周囲の驚くような発言をしても、,割と許されるポジションにいる。,Seiko Shinohara,"A free spirit, she often says or does things that",take others by surprise -- though she's also easily,forgiven due to her good nature and amiability.,시노하라 세이코,밝고 자유분방한 성격 덕분에 친구가 많고,가끔 주위 사람들이 놀랄 만한 발언을 하기도 하지만,그런대로 허용하는 분위기다.,篠原世以子,個性開朗奔放，朋友很多，,即使偶爾說出驚人之語，,,1,0,0,1,0,0,0,0,0,,Translated
360,,。,,,,。,,,,。,,,,也處於能被諒解的地位。,,,-1,0,0,1,0,0,0,0,0,,Translated
361,篠原世以子(しのはら　せいこ),家には小さな弟・妹達が待っており、,３年前に母親が失踪して以来、長女の世以子が,母親代わりとなって世話をやいている。,Seiko Shinohara,"Her mother disappeared three years ago, leaving her",with three younger siblings and a working father. As,"such, she basically serves as head of the household.",시노하라 세이코,"집에는 어린 남동생, 여동생들이 있고","3년 전에 모친이 실종된 이래, 장녀인 세이코가",모친 대신 아이들을 돌보고 있다.,篠原世以子,家裡有年幼的弟妹們在等她，,三年前母親失蹤以來，作為長女的世以子,,1,0,0,1,0,0,0,0,0,,Translated
362,,bをやいている。,,,,bをやいている。,,,,bをやいている。,,,,便代替母親照顧家人。,,,-1,0,0,1,0,0,0,0,0,,Translated
363,篠原世以子(しのはら　せいこ),容易でない境遇の親近感もあってか、,直美と話も合い、よく二人で将来の夢などを,語り合っている。,Seiko Shinohara,"Seiko seems to regard Naomi as a kindred spirit, and",the two of them frequently have long conversations,about their many dreams for the future.,시노하라 세이코,좋지 않은 집안 사정에 친근감을 느낀 것인지,"나오미와 마음이 맞아, 둘이서 자주 장래의 꿈에 대한",얘기를 나누곤 한다.,篠原世以子,也許是因為相似的境遇而產生親近感，,與直美很聊得來，,,1,0,0,1,0,0,0,0,0,,Translated
364,,,,,,,,,,,,,,兩人經常一起談論將來的夢想。,,,-1,0,0,1,0,0,0,0,0,,Translated
365,,棚の中には、ホルマリン漬けにされた,蛙の標本が入っています……, ,,A lone frog soaking in formalin sits upon the top,"shelf, eagerly awaiting dissection.",,,수납장 안에는 포르말린에 잠긴,개구리 표본이 들어 있습니다......,,,櫃子裡放著浸泡在福馬林中的,青蛙標本……,,0,0,0,1,0,0,0,0,0,,Translated
366,宍戸結衣（ししど　ゆい）,２３歳。教員採用試験を新卒でパスし、晴れて,今期より如月学園に赴任した、英語科の新任教員。,副担任として、２年９組を受け持つ事になった。,Ms. Yui Shishido,A 23-year-old 11th grade English teacher at Kisaragi,High. Just started this semester after passing her,"teaching exam, and is eager to make an impression.",시시도 유이,23세. 졸업하자마자 교원 채용 시험에 합격하고,키사라기 학원에 부임하게 된 영어과 신임 교원.,부담임으로서 2학년 9반을 맡게 되었다.,宍戸結衣,二十三歲。應屆通過教師錄用考試，,從本學期開始到如月學園任職的英語科新進教師。,,1,0,0,1,0,0,0,0,0,,Translated
367,,、２年９組を受け持つ事になった。,,,,、２年９組を受け持つ事になった。,,,,、２年９組を受け持つ事になった。,,,,作為副導師，負責二年九班。,,,-1,0,0,1,0,0,0,0,0,,Translated
368,宍戸結衣（ししど　ゆい）,自他共に認める「教え下手」な面もあるが、,一生懸命に生徒と共に“授業”を作ろうと,模索する毎日を送っている。,Ms. Yui Shishido,"Although not a perfect instructor by any means, her","unjaded zeal and enthusiasm are infectious, and her",students seem generally responsive to her methods.,시시도 유이,자타가 공인할 정도로 「실력은 부족」하지만,학생들과 함께 열심히 “수업”을 만들어 가길,모색하는 나날을 보내고 있다.,宍戸結衣,雖然自認和公認都有「不擅長教學」的一面，,但每天都努力與學生共同摸索,,1,0,0,1,0,0,0,0,0,,Translated
369,,る。,,,,る。,,,,る。,,,,如何創造「課堂」。,,,-1,0,0,1,0,0,0,0,0,,Translated
370,宍戸結衣（ししど　ゆい）,明るい性格と連発する天然ボケが生徒に受けが良く、,ＳＨＲ(ショートホームルーム)の時間になると,生徒たちは目を輝かせる。,Ms. Yui Shishido,Also serves as a teacher's assistant during homeroom,"for class 2-9, and really seems to have connected",with the students there.,시시도 유이,밝고 천연덕스러운 성격이 학생들에게 반응이 좋아서,SHR(쇼트 홈 룸) 시간이 되면,학생들의 눈이 빛난다.,宍戸結衣,開朗的性格和接連不斷的天真發言很受學生歡迎，,每到ＳＨＲ（班會）時間，,,1,0,0,1,0,0,0,0,0,,Translated
371,,目を輝かせる。,,,,目を輝かせる。,,,,目を輝かせる。,,,,學生們就會眼睛發亮。,,,-1,0,0,1,0,0,0,0,0,,Translated
372,,キャラクター紹介を終了しますか？, ,,,End character introductions and return to game?,,,,캐릭터 소개를 종료하겠습니까?,,,,結束角色介紹嗎？,,,0,0,0,0,0,0,0,0,0,,Translated
373,,はい,いいえ,,,Yes,No,,,네,아니오,,,是,否,,0,255,255,255,255,255,255,255,255,,Translated
374,,■キャラクター紹介, , ,,[Character Introductions],,,,■ 캐릭터 소개,,,,■角色介紹,,,0,0,0,1,0,0,0,0,0,,Translated
375,,　対象を向いて調べると、そのキャラクターの,　詳細を知ることが出来ます。, ,,Use the eye to interact with any character and,learn more about them.,,,"대상을 향해 버튼을 누르면, 그 캐릭터의",자세한 사항을 알 수 있습니다.,,,　朝向對象進行調查，就能了解該角色的詳細資訊。,,,0,0,0,1,0,0,0,0,0,,Translated
376,,　キャラクター紹介を終了する際は、,　右下の出口より退出して下さい。, ,,"When you're done, exit through the door on the",southeast side of the room to resume play.,,,캐릭터 소개를 종료하고 싶을 때에는,오른쪽 아래에 있는 출구로 나가세요.,,,　結束角色介紹時，,　請從右下角的出口離開。,,0,0,0,1,0,0,0,0,0,,Translated
377,,　奥に扉がありますが、,　ガチリと空間に固定されていて開きません……, ,,"There's a door in the back of the room, but just","as with the windows, it seems fixed in place like",a decoration.,,안쪽에 문이 있지만,공간에 고정되어 있어 열 수 없습니다......,,,　裡面有扇門，但,　就像固定在空間裡一樣，打不開……,,0,0,0,1,0,0,0,0,0,,Translated
378,,■天神小連絡通紙■,　校内で頻発している【生徒児童　誘拐事件】への,　対策を……,,[Heavenly Host Elementary - Notice to All Faculty,"and Students] Due to the recent kidnappings, caution",is highly recommended during all daily activities.,,■ 텐진초 연락 통신 ■,교내에 빈발하고 있는 【아동 유괴 사건】에 대한,대책을......,,■天神小連絡通紙■,　針對校內頻繁發生的【學生兒童　誘拐事件】的,　對策……,0,0,0,1,0,0,0,0,0,,Translated
379,,　先般の事例に基づいて、,　各員速やかに執られたし……,　　　　　【天神小学校校長：柳堀隆峰】,,"In each instance, the victim was taken quickly and","unexpectedly, so please remain alert and aware at",all times.          -Principal Takamine Yanagihori,,각 교원은 선례에 기반하여,조속히 대처하기 바란다......,        【텐진초등학교 교장：야나기호리 타카미네】,,　根據先前的案例，,　請各位人員迅速執行……,　　　　　【天神小學校校長：柳堀隆峰】,0,0,0,1,0,0,0,0,0,,Translated
380,,昭和４＊年９月１８日　　日番　江迂／辻, , ,,197_-09-18,                    [Day duty: Qo／Tsuji],,,197*년 9월 18일    당번  코우/츠지,,,,一九七＊年九月十八日　　值日　江迂／辻,,,0,0,0,1,0,0,0,0,0,,Translated
381,,　所々、チョークが擦れて読めません……, , ,,"The chalk's been worn away in a few spots, leaving",the date on the board somewhat vague.,,,곳곳이 분필로 칠해져 있어서 알아볼 수 없습니다......,,,,到處都被粉筆塗抹過，無法辨識……,,,0,0,0,1,0,0,0,0,0,,Translated
382,,窓の外には、うっそうと繁った,森の木々が見えます。, ,,"Outside the window, so dimly lit as to be almost","imperceptible, looms a sheer wall of dense foliage",stretching as far as the eye can see.,,창밖에는 울창하게 우거진,나무들이 보입니다.,,,窗外可以看到茂密的樹林。,,,0,0,0,1,0,0,0,0,0,,Translated
383,,遠くが全く見渡せません……, , ,,There's not even a hint of what may lie beyond it.,,,,먼 곳은 전혀 안 보입니다......,,,,完全看不到遠處……,,,0,0,0,1,0,0,0,0,0,,Translated
384,世以子,あれ……ねぇ、直美、, , ,Seiko,"Uhh...hey, Naomi?",,,세이코,"어라...... 저기, 나오미",,,世以子,咦……喂，直美，,,,1,81,19,1,0,0,0,0,0,,Translated
385,直美,ん？, , ,Naomi,Hmm?,,,나오미,응?,,,直美,嗯？,,,1,121,10,1,0,0,0,0,0,,Translated
386,世以子,足どうしたの？, , ,Seiko,Is something wrong with your leg?,,,세이코,발은 어떻게 된 거야?,,,世以子,你的腳怎麼了？,,,1,82,19,1,0,0,0,0,0,,Translated
387,直美,あぁ……緊張して、忘れてたけど、, , ,Naomi,"Oh, yeah. I was so freaked out, I forgot all about",it.,,나오미,아아...... 긴장해서 잊고 있었는데,,,直美,啊……太緊張了，都忘了，,,,1,122,10,1,0,0,0,0,0,,Translated
388,直美,さっき転んだとき、捻挫したみたい。, , ,Naomi,I think I sprained my ankle when I fell.,,,나오미,좀 전에 넘어졌을 때 삐었나봐.,,,直美,剛才摔倒的時候，好像扭傷了。,,,1,123,10,1,0,0,0,0,0,,Translated
389,世以子,え～、大丈夫？, , ,Seiko,"Well, that's not good! Will you be okay?",,,세이코,에~ 괜찮아?,,,世以子,欸～沒關係嗎？,,,1,83,19,1,0,0,0,0,0,,Translated
390,直美,なんとか歩けるよ、平気。, , ,Naomi,"I can walk, at least. I'm sure it'll heal on its",own.,,나오미,걸을 수는 있으니까 괜찮아.,,,直美,勉強還能走，沒事的。,,,1,124,10,1,0,0,0,0,0,,Translated
391,世以子,無理しないでね……肩貸してあげる、ホラ。, , ,Seiko,"Yeah, but you shouldn't push yourself. Here, lean","on my shoulder, okay?",,세이코,"무리하진 말고...... 어깨 빌려줄게, 자.",,,世以子,別勉強哦……我借你肩膀，來。,,,1,84,19,1,0,0,0,0,0,,Translated
392,直美,ん、ありがと～……, , ,Naomi,Okay. Thanks.,,,나오미,"응, 고마워......",,,直美,嗯，謝謝……,,,1,125,10,1,0,0,0,0,0,,Translated
393,,　犠牲者の手記（１／５）, , ,,[Victim's Memoirs],(1／5),,,희생자의 수기 (1/5),,,,　犧牲者的手記（１／５）,,,0,0,0,1,0,0,0,0,0,,Translated
394,,　君、死ニタモウコトナカレ,　,　,,Let Our Parting Be But Temporary,,,,"그대, 죽지 마오",,,,　君，請勿死去,,,0,0,0,1,0,0,0,0,0,,Translated
395,,　美シイ君ニ　花ヲ贈ロウ,　僕ノ帰リヲ　待ツ君ニ,　美シイ花ヲ贈ロウ,,"I send thee flowers, my beautiful flower,",as thou wait'st eternal for my return;,beautiful flowers thou canst see.,,아름다운 그대에게 꽃을 보내리,나의 귀환을 기다리는 그대에게,아름다운 꽃을 보내리,,　獻花予美麗的妳,　予等待我歸來的妳,　獻上美麗的花朵,0,0,0,0,0,0,0,0,0,,Translated
396,,　僕ガ　コノ地獄ヲ抜ケテ,　君ノ元ヘ　辿リ着イタノナラバ,　,,"And shouldst I e'er break free of this hell,","and retake my place at thy side,",,,내가 이 지옥을 빠져나가,그대 곁으로 가게 된다면,,,　若我能逃離這地獄,　回到妳的身邊,,0,0,0,0,0,0,0,0,0,,Translated
397,,　言エナカッタ　アノ言葉,　渡セナカッタ　コノ思イ,　全テ　マトメテ伝エヨウ,,These words I couldst never say,and these feelings I couldst never give,will all be laid bare for thee.,,하지 못했던 그 말을,전하지 못했던 이 마음을,그대에게 모두 전하리다,,　未能說出的那句話,　未能傳達的這份心意,　將全部一併訴說,0,0,0,0,0,0,0,0,0,,Translated
398,直美,きゃっ！, , ,Naomi,Eep!,,,나오미,꺅!,,,直美,呀！,,,1,0,0,1,0,0,0,0,0,,Translated
399,,棚の中には、長く、真っ黒な髪の毛が,たっぷりと詰め込まれています……, ,,"The shelves are filled to overflowing with long,",black hairs.,,,수납장에는 길고 새까만 머리카락이,가득 담겨져 있습니다......,,,櫃子裡塞滿了長長的黑色頭髮……,,,0,0,0,1,0,0,0,0,0,,Translated
400,世以子,じゃ、行こ、直美！, , ,Seiko,"Come on, Naomi. Let's go!",,,세이코,"그럼, 가자, 나오미!",,,世以子,那，走吧，直美！,,,1,80,19,1,0,0,0,0,0,,Translated
401,直美,オッケ！, , ,Naomi,Right!,,,나오미,오케이!,,,直美,ＯＫ！,,,1,120,10,1,0,0,0,0,0,,Translated
402,世以子,待って！, , ,Seiko,Wait a sec...,,,세이코,기다려!,,,世以子,等一下！,,,1,85,19,1,0,0,0,0,0,,Translated
403,世以子,ひゃぁー！, , ,Seiko,EEK!,,,세이코,햐아~!,,,世以子,呀～！,,,1,86,19,1,0,0,0,0,0,,Translated
404,直美,また地震……！？, , ,Naomi,Another earthquake?!,,,나오미,또 지진......!?,,,直美,又是地震……！？,,,1,126,10,1,0,0,0,0,0,,Translated
405,世以子,いやーー！, , ,Seiko,Noooo!,,,세이코,꺄아~~!,,,世以子,不要啊～～！,,,1,87,19,1,0,0,0,0,0,,Translated
406,世以子,……おさまった……？, , ,Seiko,Is it over...?,,,세이코,...... 멎었나......?,,,世以子,……停了……？,,,1,88,19,1,0,0,0,0,0,,Translated
407,直美,ふぅ……, , ,Naomi,Whew...,,,나오미,후우......,,,直美,呼……,,,1,127,10,1,0,0,0,0,0,,Translated
408,世以子,もうイヤ……, , ,Seiko,I've had enough...,,,세이코,이젠 싫어......,,,世以子,已經受不了了……,,,1,89,19,1,0,0,0,0,0,,Translated
409,直美,と、とにかく……廊下へ出ましょう。, , ,Naomi,...Let's just get out of this room.,,,나오미,"이, 일단...... 복도로 가보자.",,,直美,總、總之……先到走廊去吧。,,,1,128,10,1,0,0,0,0,0,,Translated
410,直美,――！, , ,Naomi,...!,,,나오미,!!,,,直美,――！,,,1,129,10,1,0,0,0,0,0,,Translated
411,世以子,ど、どしたの？　何？, , ,Seiko,What? What's wrong?,,,세이코,"왜, 왜 그래? 뭐야?",,,世以子,怎、怎麼了？什麼？,,,1,90,19,1,0,0,0,0,0,,Translated
412,直美,さっきと、廊下の形が変わってる……, , ,Naomi,This hallway...looks totally different than it did,before...,,나오미,복도의 모습이 좀 전과 달라......,,,直美,剛剛的走廊，樣子變了……,,,1,130,10,1,0,0,0,0,0,,Translated
413,世以子,い、今の地震で……床が崩れたりしたんだよ。, , ,Seiko,...M-Maybe the earthquake...made more of the floor,collapse?,,세이코,"바, 방금 지진으로...... 바닥이 꺼진 거야.",,,世以子,剛、剛才的地震……讓地板崩塌了吧。,,,1,91,19,1,0,0,0,0,0,,Translated
414,直美,……そ、そう、かな……, , ,Naomi,...Y-Yeah... Maybe...,,,나오미,"......그, 그런가......",,,直美,……是、是嗎……,,,1,131,10,1,0,0,0,0,0,,Translated
415,,　ボロの板切れがあります。取りますか？, ,,,There's a loose board lying on the ground here.,Take it with you?,,,낡은 널빤지가 있습니다. 가져가겠습니까?,,,,　有一塊破爛的木板。要拿走嗎？,,,0,0,0,0,0,0,0,0,0,,Translated
416,,はい,いいえ,,,Yes,No,,,네,아니오,,,是,否,,0,255,255,255,255,255,255,255,255,,Translated
417,,ボロの板切れ　を取りました。, , ,,Acquired [Loose Board].,,,,낡은 널빤지를 얻었습니다.,,,,拿到了【破爛的木板】。,,,0,0,0,1,0,0,0,0,0,,Translated
418,世以子,な、直美……あれ、調べようよ。,放っとくの、怖いよ。, ,Seiko,Naomi... I think you're right. We need to take a,closer look. I...need to know if they're real or,not. Please.,세이코,"나, 나오미...... 저거, 조사해 보자.","놔두고 가기, 무서워.",,世以子,直、直美……那個，調查一下吧。,就那樣放著，好可怕。,,1,108,19,1,0,0,0,0,0,,Translated
419,直美,え、ええ……, , ,Naomi,O-Okay...,,,나오미,"으, 응......",,,直美,嗯、嗯……,,,1,153,10,1,0,0,0,0,0,,Translated
420,,害虫の死骸が、整然と並べられています……, , ,,Rows of dead bugs are neatly arranged on each shelf.,,,,해충의 사체가 가지런히 늘어서 있습니다......,,,,害蟲的屍體整齊地排列著……,,,0,0,0,1,0,0,0,0,0,,Translated
421,,■天神小連絡通紙■, , ,,[Heavenly Host Elementary -,Notice to All Faculty and Students],,,■ 텐진초 연락 통신 ■,,,,■天神小連絡通紙■,,,0,0,0,1,0,0,0,0,0,,Translated
422,,1973　9　18, ,,,1973-09-18, ,,,1973　9　18, ,,,一九七三　九　十八,,,0,0,0,0,0,0,0,0,0,,Translated
423,直美,あれ……？　さっきこんなところに、,蝋燭なんてあった？, ,Naomi,Huh? Was there...always a candle here?,,,나오미,어라......? 여기 좀 전에,양초가 있었던가?,,直美,咦……？剛剛這裡有蠟燭嗎？,,,1,179,10,1,0,0,0,0,0,,Translated
424,世以子,え……憶えてないや。,……なんか、見覚えある蝋燭だね。, ,Seiko,I...don't think so...but doesn't it look awfully,familiar...?,,세이코,어...... 기억이 안 나네.,...... 뭔가 본 기억이 있는 양초인데.,,世以子,欸……不記得了。,……總覺得，好像在哪看過這蠟燭。,,1,124,19,1,0,0,0,0,0,,Translated
425,,扉はピタリと空間に固定され、開きません。, , ,,The door seems fixed to the wall like a decoration.,It won't open.,,,문은 공간에 고정되어 열리지 않습니다.,,,,門就像固定在空間裡一樣，打不開。,,,0,0,0,1,0,0,0,0,0,,Translated
426,,棚の中には、長く、真っ黒な髪の毛が,たっぷりと詰め込まれています……, ,,"The shelves are filled to overflowing with long,",black hairs.,,,수납장에는 길고 새까만 머리카락이,가득 담겨져 있습니다......,,,櫃子裡塞滿了長長的黑色頭髮……,,,0,0,0,1,0,0,0,0,0,,Translated
427,,棚の中には、長く、真っ黒な髪の毛が,たっぷりと詰め込まれています……, ,,"The shelves are filled to overflowing with long,",black hairs.,,,수납장에는 길고 새까만 머리카락이,가득 담겨져 있습니다......,,,櫃子裡塞滿了長長的黑色頭髮……,,,0,0,0,1,0,0,0,0,0,,Translated
428,,鋏（はさみ）を持った大人と、,数人の子供の絵が描かれています……, ,,The image on the board depicts a figure holding a,"pair of scissors, pursuing four smaller figures.",,,가위를 든 어른과,어린아이 몇 명이 그려져 있습니다......,,,畫中有一個拿著剪刀的大人，,和幾個小孩……,,0,0,0,1,0,0,0,0,0,,Translated
429,世以子,なにこれ……？　さっき、こんなのあった？, , ,Seiko,What the heck is this? Was this...here before?,,,세이코,뭐야 이건......? 좀 전에 이런 게 있었던가?,,,世以子,這是什麼……？剛剛有這個嗎？,,,1,123,19,1,0,0,0,0,0,,Translated
430,直美,わかんない……何かの絵……だよね。, , ,Naomi,"I don't know. But it's...just a picture, right?",,,나오미,모르겠어...... 이건 그림...... 맞지.,,,直美,不知道……是某種畫……吧。,,,1,178,10,1,0,0,0,0,0,,Translated
431,,窓の外には、うっそうと繁った,森の木々が見えます。, ,,"Outside the window, so dimly lit as to be almost","imperceptible, looms a sheer wall of dense foliage",stretching as far as the eye can see.,,창밖에는 울창하게 우거진,나무들이 보입니다.,,,窗外可以看到茂密的樹林。,,,0,0,0,1,0,0,0,0,0,,Translated
432,,遠くが全く見渡せません……, , ,,There's not even a hint of what may lie beyond it.,,,,먼 곳은 전혀 안 보입니다......,,,,完全看不到遠處……,,,0,0,0,1,0,0,0,0,0,,Translated
433,,　犠牲者の手記（２／５）, , ,,[Victim's Memoirs],(2／5),,,희생자의 수기 (2/5),,,,　犧牲者的手記（２／５）,,,0,0,0,1,0,0,0,0,0,,Translated
434,,　地獄ニ咲イタ咲イタ花,　真ッ白デマルデ雪ノヨウ,　,,"Alas, the only flowers that bloom in hell",are white as freshly fallen snow.,,,지옥에 피어난 꽃,새하얀 게 마치 눈과 같아,,,　地獄中盛開的花,　雪白如雪一般,,0,0,0,1,0,0,0,0,0,,Translated
435,,　君ノ心ハ穢レヲ知ラヌ,　戯レニ針ヲ刺シテ花ビラヲ散ラセテミタクナル,　,,"So on a lark, thy heart -- pure as a heart can be --","I wish to stab with pins, and scatter the petals.",Let the white flowers be dyed red by thee!,,네 마음은 더러움을 몰라,장난 삼아 바늘로 찔러 꽃잎을 떼어 내고 싶어져,,,　妳的心不知污穢,　想以戲謔之針刺下，讓花瓣飄散,,0,0,0,0,0,0,0,0,0,,Translated
436,,　・　・　・　・　・, ,,,...,,,,  ·     ·     ·     ·     ·,,,,　‧　‧　‧　‧　‧,,,0,0,0,0,0,0,0,0,0,,Translated
437,直美,やっぱり骨だよ…… 人の……, , ,Naomi,They really are...somebody's bones...,,,나오미,역시 사람...... 뼈야......,,,直美,果然是骨頭……人的……,,,1,154,10,1,0,0,0,0,0,,Translated
438,世以子,……いやぁ～！　　　　　　　, , ,Seiko,Noooo...!,,,세이코,...... 꺄아아~!,,,世以子,……不要啊～！,,,1,0,0,1,0,0,0,4,0,,Translated
439,直美,世以子！, , ,Naomi,Seiko!,,,나오미,세이코!,,,直美,世以子！,,,1,155,10,1,0,0,0,0,0,,Translated
440,,……ｷ ﾐ ﾀ ﾁ……, , ,,. . . Y o u   t w o . . .,,,,너희들......,,,,……你　們　兩　個……,,,0,78,5,1,0,0,0,0,0,,Translated
441,直美,……きゃっ！, , ,Naomi,Eep!,,,나오미,......꺅!,,,直美,……呀！,,,1,156,10,1,0,0,0,0,0,,Translated
442,＊,……キミ達ハ、新シイ犠牲者か……, , ,*,"...You two are new victims, are you not?",,,＊,너희들은 새로운 희생자인가......,,,＊,……你們是新的犧牲者嗎……,,,1,79,5,1,0,0,0,0,0,,Translated
443,世以子,ひ、人魂……！, , ,Seiko,A gh-gh-ghost!,,,세이코,"도, 도깨비불......!",,,世以子,鬼、鬼火……！,,,1,110,19,1,0,0,0,0,0,,Translated
444,直美,あ、あ……ぁ、　あなたは……？, , ,Naomi,Wh-wh...who are you?,,,나오미,"아, 아...... 다, 당신은......?",,,直美,你、你……你是……？,,,1,157,10,1,0,0,0,0,0,,Translated
445,＊,……キミ達と同ジように……,無理ヤリ此処ニ、『監禁』サレタ者だ……, ,*,I was brought here against my will...and confined...,just like you...,,＊,너희들처럼......,억지로 여기에 『감금』된 자다......,,＊,……和你們一樣……,是被強行帶到這裡，被『監禁』的人……,,1,80,5,1,0,0,0,0,0,,Translated
446,,此処は？,監禁！？,,,Where is 'here'?,'Confined'?,,,여기는?,감금!?,,,這裡是？,監禁！？,,0,255,255,255,255,255,255,255,255,,Translated
447,直美,し 知ってるの……？　ここの事……, , ,Naomi,Where is 'here'? ...Do you know something about this,place?,,나오미,"아, 알고 있어......? 여기가 어딘지......",,,直美,你……知道嗎……？關於這裡的事……,,,1,158,10,1,0,0,0,0,0,,Translated
448,直美,監禁って……外には、出られないって事……？, , ,Naomi,'Confined'? Do you mean...there's no way out...?, ,,나오미,감금이라니...... 밖으로는 못나가는 거야......?,,,直美,監禁……意思是……出不去了……？,,,1,159,10,1,0,0,0,0,0,,Translated
449,＊,……そうサ。この学校ハ、君達のイタ世界とは、,切リ離されて存在シテいる。, ,*,I'm afraid not. This school exists in a reality all,"its own, cut off from the world you know.",,＊,그래. 이 학원은 너희들이 있던 세계와,단절된 곳이야.,,＊,……沒錯。這所學校，與你們所在的世界,是分離存在的。,,1,81,5,1,0,0,0,0,0,,Translated
450,直美,どうして……そんな所に、私達……, , ,Naomi,So why...have we been brought here?,,,나오미,"어째서...... 우리가, 이런 곳에......",,,直美,為什麼……我們會……在這種地方……,,,1,160,10,1,0,0,0,0,0,,Translated
451,＊,……『彼等』ガ。何人も何人も、この空間に,送り込んでいるらしイ……, ,*,...'They' brought you. They're constantly bringing,"new victims into this school. More and more, all the",time...,＊,"『그들』이. 몇 명이고 계속, 이 공간에",보내고 있어......,,＊,……是『他們』。不斷地將許多人,送入這個空間……,,1,82,5,1,0,0,0,0,0,,Translated
452,＊,……何の罪もない、生きた人間を次々とね。, , ,*,"Sinless innocents, one after another...",,,＊,"아무 죄도 없는, 살아있는 인간을 말이지.",,,＊,……一個又一個，無辜的活人。,,,1,83,5,1,0,0,0,0,0,,Translated
453,＊,……此処は、恐ろしい力を持つ,怨霊が作り出シた、呪われた異次元空間……,幾つモの空間が重なり合う、 ,*,"This is a cursed, multidimensional nexus...multiple","planes of existence, all piled on top of one","another...created by powerful, vengeful spirits.",＊,"여긴, 무서운 힘을 가진","원령이 만들어 낸, 저주받은 이차원 공간......",몇 공간이 겹쳐,＊,……這裡是由擁有可怕力量的,怨靈所創造的，被詛咒的異次元空間……,多重空間重疊交錯，,1,84,5,1,0,0,0,0,0,,Translated
454,＊,閉じられた【多重閉鎖空間】さ……, , ,*,'Closed space'...,"Or perhaps, 'closed spaces'...",,＊,닫혀진 【다중 폐쇄 공간】이지......,,,＊,封閉的【多重封閉空間】……,,,1,85,5,1,0,0,0,0,0,,Translated
455,＊,キミ達も我々も、運悪く手ニ掛カった……,……『誘拐』の被害者ト云う訳だ。, ,*,"You, and we as well, are the unlucky victims of an",inescapable abduction...,,＊,너희들도 우리들도 재수 없게 걸린......,『유괴』의 피해자란 말이야.,,＊,你們和我們，都是運氣不好被捲入的……,……所謂『綁架』的受害者。,,1,86,5,1,0,0,0,0,0,,Translated
456,直美,多重……閉鎖空間？, , ,Naomi,Closed...spaces?,,,나오미,다중...... 폐쇄 공간?,,,直美,多重……封閉空間？,,,1,161,10,1,0,0,0,0,0,,Translated
457,＊,……ソウダ。, , ,*,Indeed.,,,＊,그래.,,,＊,……沒錯。,,,1,87,5,1,0,0,0,0,0,,Translated
458,＊,キミ達二人の他にも……　,此処に連レて来られた者が、何人かイル,みたいだね……,*,And it seems you two are not the only ones to have,been brought here. I'm sensing numerous others...,,＊,너희들 외에도......,여기로 오게 된 자가 몇 명,있는 것 같다......,＊,除了你們兩人之外……,似乎還有幾個人也被帶到這裡來了……,,1,88,5,1,0,0,0,0,0,,Translated
459,直美,――！, , ,Naomi,What?!,,,나오미,!!,,,直美,――！,,,1,162,10,1,0,0,0,0,0,,Translated
460,直美,（まさか……本当に……みんなもここに？）, , ,Naomi,(Does that mean...everybody else...is here too?),,,나오미,(설마...... 정말...... 다들 여기에?),,,直美,（難道說……真的……大家也在這裡？）,,,1,163,10,1,0,0,0,0,0,,Translated
461,直美,（……無事……なのかしら……　心配……）, , ,Naomi,(...Are they...okay...I wonder...?),,,나오미,(무사할까...... 걱정된다......),,,直美,（……平安……嗎……擔心……）,,,1,164,10,1,0,0,0,0,0,,Translated
462,世以子,み、みんなも、この学校の何処かにいるの？, , ,Seiko,So our friends...are in this school too?,,,세이코,"다, 다들 이 학교 어딘가에 있는 거야?",,,世以子,大、大家也在這所學校的某個地方嗎？,,,1,111,19,1,0,0,0,0,0,,Translated
463,＊,何人かは、ワタシニはワカらないが……,君達と同時に連れて来らレタ人間ガ数名、, ,*,"I don't know the exact number, but I do know that",others were pulled into these spaces at the same,time as you...,＊,몇 명인지는 나도 잘 모르지만......,너희들과 동시에 온 인간이 몇 명,,＊,雖然我不清楚有幾個人……,但和你們同時被帶來的人類，確實有幾名,,1,89,5,1,0,0,0,0,0,,Translated
464,＊,この学校に確かニいる……, , ,*,They are definitely in this school.,,,＊,이 학원에 분명히 있어......,,,＊,在這所學校裡……,,,1,90,5,1,0,0,0,0,0,,Translated
465,世以子,やった！　直美みんなも一緒だよ。, , ,Seiko,"Oh my God, that's SUCH good news! Naomi, they're",here! We're not alone!,,세이코,"만세! 나오미, 다들 있대.",,,世以子,太好了！直美，大家都在呢。,,,1,112,19,1,0,0,0,0,0,,Translated
466,直美,…………っ, , ,Naomi,...,,,나오미,............,,,直美,…………,,,1,165,10,1,0,0,0,0,0,,Translated
467,世以子,持田君もきっといるよ、良かったね直美！, , ,Seiko,"That means Mochida's here, too! I'll bet that makes","you feel a lot better, right?",,세이코,"모치다 군도 있을 거야, 잘 됐다 나오미!",,,世以子,持田同學也一定在呢，太好了直美！,,,1,113,19,1,0,0,0,0,0,,Translated
468,＊,ダガ……会えない。, , ,*,However...you cannot meet them.,,,＊,하지만...... 만날 수 없어.,,,＊,但是……見不到面。,,,1,91,5,1,0,0,0,0,0,,Translated
469,＊,……この学校内ニ確かにいるが、,存在している次元ガ違う。, ,*,They are definitely in this school. But the space,they occupy differs from the space we occupy...,,＊,분명 이 학원 안에 있지만,존재하고 있는 차원이 달라.,,＊,……他們確實在這所學校裡，,但存在的次元不同。,,1,92,5,1,0,0,0,0,0,,Translated
470,＊,再ビ仲間と逢いたけレば、,“同じ次元”に存在スル方法を,見つけなけレばならない……そうすれば、,*,"If you wish to see your friends, you must find some","means of entering their space, or bringing them into",this space.,＊,친구들이 보고 싶다면,“같은 차원”에 존재할 방법을,찾아야 해...... 그러기만 하면,＊,如果想要再次見到夥伴，,就必須找到存在於『相同次元』的方法……,只要能做到，,1,93,5,1,0,0,0,0,0,,Translated
471,＊,脱出ハ出来なくトモ……,せめて一緒に死ヌ事くらいは,出来るカも知レないな……,*,"...Even then, escape is nigh impossible...but at",least you'll be able to die together...,,＊,탈출이 불가능하지는 않아......,하다못해 함께 죽는 건,가능할지도 모르겠군......,＊,即使無法逃脫……,至少也能夠一起死去……,,1,94,5,1,0,0,0,0,0,,Translated
472,世以子,そ、そんな……どうやったら、帰れるの？, , ,Seiko,"Oh... Oh God... Is there no way out of here, then?",,,세이코,"그, 그럴 수가...... 어떻게 하면 돌아가는데?",,,世以子,怎、怎麼會……要怎樣才能回去？,,,1,114,19,1,0,0,0,0,0,,Translated
473,直美,怨霊って、何者なの？　どうしてこんな事を？, , ,Naomi,"You said we were brought here by vengeful spirits,",right? Who are they? And why have they taken us?,,나오미,그리고 원령은 누구야? 왜 이런 짓을?,,,直美,怨靈是什麼人？為什麼要做這種事？,,,1,166,10,1,0,0,0,0,0,,Translated
474,＊,……わかラない……彼らの目的モ、,ここから抜け出す方法モ……, ,*,...I don't know...,Neither the motives of our captors...,Nor a means of escaping this hell...,＊,몰라...... 그들의 목적도,여기에서 빠져나갈 방법도......,,＊,……不知道……他們的目的也好，,逃離這裡的方法也好……,,1,95,5,1,0,0,0,0,0,,Translated
475,＊,だが……頑張れるカもな。,……キミ達は一緒ノ次元に存在出来タだけ……,まだ幸運ダ。,*,All I know...is that with some effort...you can at,"least live out your days together, in the same",space. And that alone is a fate worth fighting for.,＊,하지만...... 할 수 있을지도 몰라.,너희들은 같은 차원에 존재한 것만으로도......,행운이야.,＊,但是……可以努力試試。,……你們能夠存在於同一次元……已經算幸運了。,,1,96,5,1,0,0,0,0,0,,Translated
476,＊,頭が二つアレバ、発想も広ガル, , ,*,"Two heads are better than one. Your chances, and","your opportunities, are so much greater when working",together...,＊,머리가 둘 있으면 좋은 생각이 나겠지.,,,＊,兩個人一起思考，想法也會更廣闊。,,,1,97,5,1,0,0,0,0,0,,Translated
477,＊,……何とか脱出方法を見ツケ出スンダ……, , ,*,Do whatever you can...to find a way out of here...,,,＊,어떻게든 탈출 방법을 찾아내 봐......,,,＊,……一定要設法找出逃脫的方法……,,,1,98,5,1,0,0,0,0,0,,Translated
478,＊,ワタシ達ノヨウニ……　ナラナイデクレ……, , ,*,Don't end up...like us...,,,＊,우리들처럼...... 되지는 마라......,,,＊,別變得……像我們一樣……,,,1,99,5,1,0,0,0,0,0,,Translated
479,,・・・？, , ,,...?,,,,......?,,,,・・・？,,,0,0,0,1,0,0,0,0,0,,Translated
480,＊,……ヒィッ！！, , ,*,No...!,,,＊,히익!!,,,＊,……咿！！,,,1,100,5,1,1,0,1,0,0,,Translated
481,直美・世以子,きゃあぁぁぁぁーっ！, , ,Naomi & Seiko,Eeek!!,,,나오미·세이코,꺄아아아아아~!,,,直美・世以子,呀啊啊啊啊啊～！,,,1,167,10,1,0,0,0,0,0,,Translated
482,世以子,なな直美、に、逃げよ！　……はや、早く！,いやぁ！, ,Seiko,N-Naomi! Run! We have to get out of here! NOW!,,,세이코,"나나나오미, 도, 도망치자! 어, 어서!",꺄아아!,,世以子,直直直美，快、快逃！……快、快點！,不要啊！,,1,116,19,1,0,0,0,0,0,,Translated
483,直美,え、ええ！, , ,Naomi,O-Okay!,,,나오미,"으, 응!",,,直美,嗯、嗯！,,,1,168,10,1,0,0,0,0,0,,Translated
484,,　……ﾀ　ｽ　ｹ　ﾃ, , ,,. . . H e l p   m e . . .,,,, 살  려  줘,,,,　……救　命,,,0,101,5,1,0,0,0,0,0,,Translated
485,,　……ﾀ　ｽ　ｹ　ﾃ, , ,,. . . H e l p   m e . . .,,,, 살  려  줘,,,,　……救　命,,,0,102,5,1,0,0,0,0,0,,Translated
486,,大きさから判断すると中高生の遺体のようです……,よく見ると名札があります。, ,,"Judging by size, these appear to be the remains",of a junior or senior high school student. Closer,inspection reveals a school ID name tag.,,크기로 보아 중고등학생의 유해인 모양입니다......,잘 보니 명찰이 있습니다.,,,從大小判斷，似乎是中學生的遺體……,仔細看有名牌。,,0,0,0,1,0,0,0,0,0,,Translated
487,直美,きゃぁっ！, , ,Naomi,AAAH!,,,나오미,꺄악!,,,直美,呀！,,,1,149,10,1,0,0,0,0,0,,Translated
488,世以子,あいたっ！　ど、どうしたの直美？！, , ,Seiko,"Ow! What's wrong, Naomi?",,,세이코,"아얏! 왜, 왜 그래 나오미?!",,,世以子,啊痛！怎、怎麼了直美？！,,,1,105,19,1,0,0,0,0,0,,Translated
489,直美,あ、あれ！　ほ、骨じゃない？　人の……, , ,Naomi,"L-Look! Over there! Aren't those...bones? Like,",PEOPLE bones?,,나오미,"저, 저거! 뼈, 뼈 아냐? 사람의......",,,直美,那、那個！不、不是骨頭嗎？人的……,,,1,150,10,1,0,0,0,0,0,,Translated
490,世以子,きゃあぁぁぁぁ！！, , ,Seiko,EEEEEEK!!,,,세이코,꺄아아아아아!!,,,世以子,呀啊啊啊啊！！,,,1,106,19,1,0,0,0,0,0,,Translated
491,世以子,なんなの……なんで？,なんで、人が死んでんの？, ,Seiko,Wh-what... Why... Why is there a dead person here?!,,,세이코,뭐야...... 어째서?,왜 사람이 죽어 있어?,,世以子,什麼啊……為什麼？,為什麼，有人死了？,,1,107,19,1,0,0,0,0,0,,Translated
492,直美,ま、待って、確かめてみるわ……！, , ,Naomi,W-Wait. Let me look at them more closely.,,,나오미,"자, 잠깐, 확인해 볼게......!",,,直美,等、等一下，我確認看看……！,,,1,151,10,1,0,0,0,0,0,,Translated
493,直美,ほんとに人の骨かどうか……, , ,Naomi,Maybe...they're not real...,,,나오미,진짜 사람 뼈인지 아닌지......,,,直美,到底是不是真的骨頭……,,,1,152,10,1,0,0,0,0,0,,Translated
494,,９月１８日　　日番　吉沢／梓 , ,,,09-18,                    [Day duty: Yoshizawa／Azusa],,,9월 18일    당번  요시자와/아즈사,,,,九月十八日　　值日　吉沢／梓,,,0,0,0,0,0,0,0,0,0,,Translated
495,,出して,出して　出して　出して　出して　出して　出して出して,出して出して出して出して出して出して出して,,LET ME OUT,LET ME OUT LET ME OUT LET ME OUT LET ME OUT LET ,ME OUTLETMEOUTLETMEOUTLETMEOUTLETMEOUTLETMEOUT,,꺼내줘,꺼내줘 꺼내줘 꺼내줘 꺼내줘 꺼내줘 꺼내줘 꺼내줘,꺼내줘꺼내줘꺼내줘꺼내줘꺼내줘꺼내줘꺼내줘,,放我出去,放我出去　放我出去　放我出去　放我出去,放我出去放我出去放我出去放我出去放我出去,0,0,0,1,0,0,0,0,0,,Translated
496,,　窓の外には、うっそうと繁った,　森の木々が見えます。,,,"Outside the window, so dimly lit as to be almost","imperceptible, looms a sheer wall of dense foliage",stretching as far as the eye can see.,,창밖에는 울창하게 우거진,나무들이 보입니다.,,,窗外可以看到茂密的樹林。,,,0,0,0,0,0,0,0,0,0,,Translated
497,,　遠くが全く見渡せません……, ,,,There's not even a hint of what may lie beyond it.,,,,먼 곳은 전혀 안 보입니다......,,,,完全看不到遠處……,,,0,0,0,0,0,0,0,0,0,,Translated
498,,火の消えたローソクが置いてあります。, , ,,"There's a candle here, but it's unlit.",,,,불이 꺼진 양초가 놓여 있습니다.,,,,放著一根熄滅的蠟燭。,,,0,0,0,1,0,0,0,0,0,,Translated
499,,机にマジックで、大きな文字が,殴り書きされています……, ,,A message has been written on the desk with magic,"marker, in big letters:",,,책상에 매직으로 휘갈겨 쓴,큰 글씨가 적혀 있습니다......,,,桌子上用麥克筆潦草地寫著,很大的字……,,0,0,0,1,0,0,0,0,0,,Translated
500,,“醜く憎しみ合え、羊共”, , ,,'ALL ARE SHEEP.,SHEEP ARE SLAUGHTERED.',,,"“서로 미워해라, 어린 양들아”",,,,「醜陋地互相憎恨吧，羊群們」,,,0,0,0,1,0,0,0,0,0,,Translated
501,,扉はピタリと空間に固定され、開きません。, , ,,The door seems fixed to the wall like a decoration.,It won't open.,,,문은 공간에 고정되어 열리지 않습니다.,,,,門就像固定在空間裡一樣，打不開。,,,0,0,0,1,0,0,0,0,0,,Translated
502,,扉はピタリと空間に固定され、開きません。, , ,,The door seems fixed to the wall like a decoration.,It won't open.,,,문은 공간에 고정되어 열리지 않습니다.,,,,門就像固定在空間裡一樣，打不開。,,,0,0,0,1,0,0,0,0,0,,Translated
503,,扉はピタリと空間に固定され、開きません。, , ,,The door seems fixed to the wall like a decoration.,It won't open.,,,문은 공간에 고정되어 열리지 않습니다.,,,,門就像固定在空間裡一樣，打不開。,,,0,0,0,1,0,0,0,0,0,,Translated
504,世以子,ああ、びっくりした～、もぅ～, , ,Seiko,"Ohhh man, that scared the crap out of me!",,,세이코,"아아, 깜짝이야~ 정말~",,,世以子,啊啊，嚇死我了～真是的～,,,1,134,19,1,0,0,0,0,0,,Translated
505,直美,……はぁっ。, , ,Naomi,*panicked sigh*,,,나오미,...... 하아.,,,直美,……呼。,,,1,193,10,1,0,0,0,0,0,,Translated
506,世以子,……あれ……？　な、ない……ないよ！, , ,Seiko,...Hold up...,"Oh, no... No, it's gone!",,세이코,"어라......? 어, 없다...... 없어!",,,世以子,……咦……？不、不見了……不見了！,,,1,135,19,1,0,0,0,0,0,,Translated
507,直美,なに？, , ,Naomi,What is?,,,나오미,뭐가?,,,直美,什麼？,,,1,194,10,1,0,0,0,0,0,,Translated
508,世以子,あゆみちゃんから貰った、紙人形の切れ端……, , ,Seiko,The paper doll scrap I got from Ayumi!,,,세이코,아유미가 준 종이 인형 조각......,,,世以子,あゆみ給我的，紙人偶碎片……,,,1,136,19,1,0,0,0,0,0,,Translated
509,直美,ああ……おまじないの？, , ,Naomi,Oh...the charm?,,,나오미,아아...... 그 주술 말야?,,,直美,啊……那個咒語的？,,,1,195,10,1,0,0,0,0,0,,Translated
510,直美,……私のは、学生証入れに入ってるけど……, , ,Naomi,Mine's still in my student ID holder...,,,나오미,"...... 내 건, 지갑 안에 있는데......",,,直美,……我的還放在學生證夾裡……,,,1,196,10,1,0,0,0,0,0,,Translated
511,世以子,うそー……あの時、ポケットに入れたせいかな……, , ,Seiko,Craaap...,I put mine in my pocket. It must have fallen out,somewhere...,세이코,아~ 그때 주머니에 넣어서 그런가......,,,世以子,不會吧～那時候我放口袋裡了……,,,1,137,19,1,0,0,0,0,0,,Translated
512,直美,直ぐ、ちゃんとしまわないからだよ……, , ,Naomi,"That's why I keep telling you, you need to put",things away before they get lost.,,나오미,그때 잘 넣어 놨어야지......,,,直美,就是因為沒有馬上收好啊……,,,1,197,10,1,0,0,0,0,0,,Translated
513,世以子,しょんぼり……, , ,Seiko,Now I'm sad...,,,세이코,시무룩......,,,世以子,沮喪……,,,1,138,19,1,0,0,0,0,0,,Translated
514,,爪で床を引っ掻いて、強引に文字を,書き残してあります……, ,,A message has been painstakingly scratched into the,floor with fingernails:,,,손톱으로 바닥을 긁어,글자를 남긴 자국입니다......,,,用指甲刮地板，強行留下,文字……,,0,0,0,1,0,0,0,0,0,,Translated
515,,“奥にある新聞紙は……,　絶対に、見てはならない”, ,,"'Whatever you do, don't look at the newspaper.'", ,,,“절대로 안에 있는,신문지를 봐서는 안 돼”,,,「裡面的報紙……,　絕對不能看」,,0,0,0,1,0,0,0,0,0,,Translated
516,世以子,ひィッ……！, , ,Seiko,Eep!,,,세이코,히익......!,,,世以子,咿……！,,,1,128,19,1,0,0,0,0,0,,Translated
517,直美,う……また人の亡骸だわ……, , ,Naomi,Ugh... Another dead body...,,,나오미,으...... 또 사람 시체야......,,,直美,嗚……又是人的遺體……,,,1,184,10,1,0,0,0,0,0,,Translated
518,,爪で床を引っ掻いて、強引に文字を,書き残してあります……, ,,A message has been painstakingly scratched into the,floor with fingernails:,,,손톱으로 바닥을 긁어,글자를 남긴 자국입니다......,,,用指甲刮地板，強行留下,文字……,,0,0,0,1,0,0,0,0,0,,Translated
519,,“奥にある新聞紙は……,　絶対に、見てはならない”, ,,"'Whatever you do, don't look at the newspaper.'", ,,,“절대로 안에 있는,신문지를 봐서는 안 돼”,,,「裡面的報紙……,　絕對不能看」,,0,0,0,1,0,0,0,0,0,,Translated
520,直美,やっぱ出ましょ。,この部屋……なんか変だよ……, ,Naomi,I really think we should just leave this room.,Something's...not right in here...,,나오미,역시 나가자.,이 교실...... 뭔가 이상해......,,直美,還是出去吧。,這個房間……感覺好奇怪……,,1,185,10,1,0,0,0,0,0,,Translated
521,世以子,う、うん……　でも気になるなぁ……,新聞てあれ？　見てみようよ。, ,Seiko,"O-Okay... But I dunno, I'm really curious about that",newspaper now. Can't we just take one little peek?,,세이코,"으, 응...... 그런데 궁금하네......",저건가? 한번 보자.,,世以子,嗯、嗯……可是好在意啊……,報紙是那個嗎？看一下吧。,,1,129,19,1,0,0,0,0,0,,Translated
522,,爪で床を引っ掻いて、強引に文字を,書き残してあります……, ,,A message has been painstakingly scratched into the,floor with fingernails:,,,손톱으로 바닥을 긁어,글자를 남긴 자국입니다......,,,用指甲刮地板，強行留下,文字……,,0,0,0,1,0,0,0,0,0,,Translated
523,,“奥にある新聞紙は……,　絶対に、見てはならない”, ,,"'Whatever you do, don't look at the newspaper.'", ,,,“절대로 안에 있는,신문지를 봐서는 안 돼”,,,「裡面的報紙……,　絕對不能看」,,0,0,0,1,0,0,0,0,0,,Translated
524,世以子,ひィッ……！, , ,Seiko,Eep!,,,세이코,히익......!,,,世以子,咿……！,,,1,128,19,1,0,0,0,0,0,,Translated
525,直美,う……　また人の亡骸だわ……, , ,Naomi,Ugh... Another dead body...,,,나오미,으...... 또 사람 시체야......,,,直美,嗚……又是人的遺體……,,,1,184,10,1,0,0,0,0,0,,Translated
526,,爪で床を引っ掻いて、強引に文字を,書き残してあります……, ,,A message has been painstakingly scratched into the,floor with fingernails:,,,손톱으로 바닥을 긁어,글자를 남긴 자국입니다......,,,用指甲刮地板，強行留下,文字……,,0,0,0,1,0,0,0,0,0,,Translated
527,,“奥にある新聞紙は……,　絶対に、見てはならない”, ,,"'Whatever you do, don't look at the newspaper.'", ,,,“절대로 안에 있는,신문지를 봐서는 안 돼”,,,「裡面的報紙……,　絕對不能看」,,0,0,0,1,0,0,0,0,0,,Translated
528,＊,ｼｸ……ｼｸ……,　　ｼｸ……ｼｸ……, ,*,*sob* *sob*,,,＊,훌쩍...... 훌쩍......,  훌쩍...... 훌쩍......,,＊,嗚咽……嗚咽……,　　嗚咽……嗚咽……,,1,111,5,1,0,0,0,0,0,,Translated
529,,白骨死体が床に横たわっています……,よく見ると名札があります。, ,,Skeletal remains lie sprawled out on the floor.,Closer inspection reveals a school ID name tag.,,,백골 시체가 바닥에 누워 있습니다......,잘 보니 명찰이 있습니다.,,,白骨遺體躺在地上……,仔細看有名牌。,,0,0,0,1,0,0,0,0,0,,Translated
530,,■天神町奉知新聞■,　児童四名 連続誘拐・殺害事件　速報, ,,[Heavenly Post],'Breaking News: Serial Kidnapping Ends In Murder',,,■ 텐진 지역 신문 ■,아동 4명 연속 유괴·살해 사건  속보,,,■天神町奉知新聞■,　兒童四名 連續綁架・殺害事件　速報,,0,0,0,1,0,0,0,0,0,,Translated
531,,　我が町の誇る学び舎『天神小学校』に於いて、,　忌むべき犯罪が勃発した。, ,,The good name of Heavenly Host Elementary School has,been stained in blood today as horrific details on,the recent wave of disappearances are revealed.,,우리 지역의 자랑스러운 배움터 『텐진초등학교』에,일어나서는 안 될 범죄가 발생했다.,,,　在我鎮引以為傲的學府『天神小學校』中，,　發生了令人憎惡的犯罪。,,0,0,0,1,0,0,0,0,0,,Translated
532,,　ここひと月の間に、,　町内で多数発生していた,　『連続児童失踪事件』は,,"Over the past month, numerous children have gone","missing within the town, and authorities quickly",turned to kidnapping as the most likely explanation.,,요 1개월간,이 지역에서 수차례 발생한,『연속 아동 실종 사건』은,,　在這一個月內，,　鎮上接連發生的,　『連續兒童失蹤事件』,0,0,0,1,0,0,0,0,0,,Translated
533,,　当局の捜査の結果、,　急転直下、最悪の形で解決へと向かった。, ,,Now investigators have located the whereabouts of,"these children, and their findings are far worse",than anyone could've anticipated.,,당국의 수사 끝에,최악의 결과를 맞게 되었다.,,,　經過當局的搜查，,　情況急轉直下，以最壞的形式迎向結局。,,0,0,0,1,0,0,0,0,0,,Translated
534,,　昭和四拾八年九月拾八日,　午後七時、同校内にて,　失踪中の児童たちの亡骸と,,The bodies of the absconded youths were discovered,within the Heavenly Host Elementary School building,"on September 18th, 1973 at around 7:00 PM.",,1973년 9월 18일,"오후 7시, 교내에서",실종된 아동들의 유해와,,　昭和四十八年九月十八日,　下午七時，在校內發現,　失蹤兒童們的遺體，以及,0,0,0,1,0,0,0,0,0,,Translated
535,,　血の付いた鋏(はさみ)を,　持ち放心している教員一名を発見、,　これを確保した。,,Authorities further revealed that a male instructor,"from the school was found with them, alive but near-","catatonic, holding a pair of bloodied scissors.",,피가 묻은 가위를 들고,가만히 있던 교원 1명을 발견,확보했다.,,　一名手持沾血剪刀、,　茫然呆立的教育人員，已將其控制。,,0,0,0,1,0,0,0,0,0,,Translated
536,,　遺体は全て、舌が,　＊り取ら＊ており、＊＊＊を凶器＊＊定＊,,,Each of the corpses appeared to have had its tongue,sev__ed and remove_________________ique mutilations,far too grot___________________g to describe.,,유해는 모두,"혀가 *혀 *어, **를 흉기* *정",,,　所有遺體的舌頭都被,　＊去＊，＊＊＊被判定為凶器＊＊,,0,0,0,0,0,0,0,0,0,,Translated
537,,　（下半分がちぎれていて読めません）, ,,,"(The page is torn at this point, and the bottom",half of the article is nowhere to be found.),,,(아랫부분이 찢어져 읽을 수 없습니다),,,,　（下半部被撕掉，無法閱讀）,,,0,0,0,0,0,0,0,0,0,,Translated
538,直美,……ひどい事件。, , ,Naomi,...How awful...,,,나오미,...... 심하네.,,,直美,……好可怕的事件。,,,1,186,10,1,0,0,0,0,0,,Translated
539,世以子,そういえば何か、昔 そんな事があったって、,聞いた事がある……, ,Seiko,"I think I heard about this, though, once before...",,,세이코,그러고 보니 예전에 그런 일이 있었다는 얘길,들은 적이 있어......,,世以子,說起來，我好像聽說過,以前發生過這種事……,,1,130,19,1,0,0,0,0,0,,Translated
540,直美,あたし達、まだ生まれてなかった時代の話だから,よく知らないけどね……, ,Naomi,Not me. But I guess it did happen long before we,"were born, so I shouldn't be too surprised.",,나오미,우리가 아직 태어나기도 전의 일이라,잘은 모르지만......,,直美,畢竟是我們出生以前的事了，,不太清楚呢……,,1,187,10,1,0,0,0,0,0,,Translated
541,,ガチャリ, , ,,*slam*,,,,찰칵,,,,喀嚓,,,0,0,0,1,0,0,0,0,0,,Translated
542,直美,……！？, , ,Naomi,...?!,,,나오미,......!?,,,直美,……！？,,,1,189,10,1,0,0,0,0,0,,Translated
543,,■天神町奉知新聞■,　児童四名連続誘拐・殺害事件　速報, ,,[Heavenly Post],'Breaking News: Serial Kidnapping Ends In Murder',,,■ 텐진 지역 신문 ■,아동 4명 연속 유괴·살해 사건  속보,,,■天神町奉知新聞■,　兒童四名連續綁架・殺害事件　速報,,0,0,0,1,0,0,0,0,0,,Translated
544,世以子,な、直美……それより、, , ,Seiko,N-Naomi... Just leave it.,,,세이코,"나, 나오미...... 그것보다",,,世以子,直、直美……別看了，,,,1,131,19,1,0,0,0,0,0,,Translated
545,直美,え、ええ……, , ,Naomi,O-Okay...,,,나오미,"으, 응......",,,直美,嗯、嗯……,,,1,188,10,1,0,0,0,0,0,,Translated
546,,■天神町奉知新聞■, ,,,[Heavenly Post],,,,■ 텐진 지역 신문 ■,,,,■天神町奉知新聞■,,,0,0,0,0,0,0,0,0,0,,Translated
547,,　お前等は、もう出られない。, , ,,You will never leave this room.,,,,너희들은 나갈 수 없어.,,,,　你們已經出不去了。,,,0,0,0,1,0,0,0,0,0,,Translated
548,,■お前奉,知等は新聞もう■出,れな　　い,,[YHoueavenlywill never,Polsteave] thi s,ro  om      .,,■ 너희 지,역들은 신문나 ■갈,수 없어.,,■你們天,神町奉知新已聞經■出不,去了,0,0,0,1,0,0,0,0,0,,Translated
549,直美,……出られないよ……, , ,Naomi,There's no way out!,,,나오미,못 나가겠어......,,,直美,……出不去啊……,,,1,190,10,1,0,0,0,0,0,,Translated
550,世以子,うぅ……どうしよう。, , ,Seiko,Ooooh... What do we do?,,,세이코,으으...... 어쩌지.,,,世以子,嗚……怎麼辦。,,,1,132,19,1,0,0,0,0,0,,Translated
551,直美,……っていうかさぁ……, , ,Naomi,"...What, indeed.",,,나오미,아니 그것보다......,,,直美,……話說回來……,,,1,191,10,1,0,0,0,0,0,,Translated
552,世以子,えっ？　えっ？, , ,Seiko,Huh? What do you mean?,,,세이코,어? 어?,,,世以子,欸？欸？,,,1,133,19,1,0,0,0,0,0,,Translated
553,直美,あぁもう……！, , ,Naomi,...Just...never mind!,,,나오미,아아 진짜......!,,,直美,啊真是的……！,,,1,192,10,1,0,0,0,0,0,,Translated
554,世以子,さっき光ってたのは、この辺だっけ……？, , ,Seiko,Is this the spot where we saw that weird glowy,thing?,,세이코,"좀 전에 빛난 건, 요 주변이었던가......?",,,世以子,剛才發光的地方，是這附近嗎……？,,,1,171,19,1,0,0,0,0,0,,Translated
555,,多分,違うよ,,,I think so.,"No, it's not.",,,아마도,아니야,,,大概是,不是哦,,0,255,255,255,255,255,255,255,255,,Translated
556,世以子,オッケー, , ,Seiko,Okay!,,,세이코,오케이,,,世以子,ＯＫ,,,1,172,19,1,0,0,0,0,0,,Translated
557,世以子,（ガタガタ）,　ありえないんだけど、この寒さ……, ,Seiko,"*chatter* It's like, arctic-grade cold in here...",,,세이코,(덜덜),"아, 진짜 춥네......",,世以子,（發抖）,真是受不了，這寒冷……,,1,177,19,1,0,0,0,0,0,,Translated
558,世以子,さっき光ってたのは、この辺だっけ……？, , ,Seiko,Is this the spot where we saw that weird glowy,thing?,,세이코,"좀 전에 빛난 건, 요 주변이었던가......?",,,世以子,剛才發光的地方，是這附近嗎……？,,,1,171,19,1,0,0,0,0,0,,Translated
559,,多分,違うよ,,,I think so.,"No, it's not.",,,아마도,아니야,,,大概是,不是哦,,0,255,255,255,255,255,255,255,255,,Translated
560,世以子,オッケー, , ,Seiko,Okay!,,,세이코,오케이,,,世以子,ＯＫ,,,1,172,19,1,0,0,0,0,0,,Translated
561,世以子,（ガタガタ）さむーい……, , ,Seiko,*chatter* It's getting cold...,,,세이코,(덜덜) 춥다~,,,世以子,（發抖）好冷……,,,1,174,19,1,0,0,0,0,0,,Translated
562,世以子,さっき光ってたのは、この辺だっけ……？, , ,Seiko,Is this the spot where we saw that weird glowy,thing?,,세이코,"좀 전에 빛난 건, 요 주변이었던가......?",,,世以子,剛才發光的地方，是這附近嗎……？,,,1,171,19,1,0,0,0,0,0,,Translated
563,,多分,違うよ,,,I think so.,"No, it's not.",,,아마도,아니야,,,大概是,不是哦,,0,255,255,255,255,255,255,255,255,,Translated
564,世以子,オッケー, , ,Seiko,Okay!,,,세이코,오케이,,,世以子,ＯＫ,,,1,172,19,1,0,0,0,0,0,,Translated
565,世以子,はやく戻ってきてね……, , ,Seiko,"Hurry back, all right?",,,세이코,빨리 와야 해......,,,世以子,要快點回來哦……,,,1,181,19,1,0,0,0,0,0,,Translated
566,世以子,さっき光ってたのは、この辺だっけ……？, , ,Seiko,Is this the spot where we saw that weird glowy,thing?,,세이코,"좀 전에 빛난 건, 요 주변이었던가......?",,,世以子,剛才發光的地方，是這附近嗎……？,,,1,171,19,1,0,0,0,0,0,,Translated
567,,多分,違うよ,,,I think so.,"No, it's not.",,,아마도,아니야,,,大概是,不是哦,,0,255,255,255,255,255,255,255,255,,Translated
568,世以子,オッケー, , ,Seiko,Okay!,,,세이코,오케이,,,世以子,ＯＫ,,,1,172,19,1,0,0,0,0,0,,Translated
569,世以子,置いてっちゃやだよ……, , ,Seiko,Don't you dare leave me behind!,,,세이코,날 두고 가지 마......,,,世以子,不准丟下我哦……,,,1,180,19,1,0,0,0,0,0,,Translated
570,世以子,さっき光ってたのは、この辺だっけ……？, , ,Seiko,Is this the spot where we saw that weird glowy,thing?,,세이코,"좀 전에 빛난 건, 요 주변이었던가......?",,,世以子,剛才發光的地方，是這附近嗎……？,,,1,171,19,1,0,0,0,0,0,,Translated
571,,多分,違うよ,,,I think so.,"No, it's not.",,,아마도,아니야,,,大概是,不是哦,,0,255,255,255,255,255,255,255,255,,Translated
572,世以子,オッケー, , ,Seiko,Okay!,,,세이코,오케이,,,世以子,ＯＫ,,,1,172,19,1,0,0,0,0,0,,Translated
573,世以子,寒……　み、みて直美、私の歯。,（カチカチカチカチ）, ,Seiko,"Man, it's freezing in here...","See? Look at my teeth, Naomi!",*chatter* *chatter*,세이코,"추워...... 봐, 봐봐 나오미, 내 이빨.",(딱딱딱딱),,世以子,冷……看、看啊直美，我的牙齒。,（喀喀喀喀）,,1,178,19,1,0,0,0,0,0,,Translated
574,世以子,さっき光ってたのは、この辺だっけ……？, , ,Seiko,Is this the spot where we saw that weird glowy,thing?,,세이코,"좀 전에 빛난 건, 요 주변이었던가......?",,,世以子,剛才發光的地方，是這附近嗎……？,,,1,171,19,1,0,0,0,0,0,,Translated
575,,多分,違うよ,,,I think so.,"No, it's not.",,,아마도,아니야,,,大概是,不是哦,,0,255,255,255,255,255,255,255,255,,Translated
576,世以子,オッケー, , ,Seiko,Okay!,,,세이코,오케이,,,世以子,ＯＫ,,,1,172,19,1,0,0,0,0,0,,Translated
577,世以子,静かだね……, , ,Seiko,It's so quiet...,,,세이코,조용하네......,,,世以子,好安靜啊……,,,1,179,19,1,0,0,0,0,0,,Translated
578,世以子,さっき光ってたのは、この辺だっけ……？, , ,Seiko,Is this the spot where we saw that weird glowy,thing?,,세이코,"좀 전에 빛난 건, 요 주변이었던가......?",,,世以子,剛才發光的地方，是這附近嗎……？,,,1,171,19,1,0,0,0,0,0,,Translated
579,,多分,違うよ,,,I think so.,"No, it's not.",,,아마도,아니야,,,大概是,不是哦,,0,255,255,255,255,255,255,255,255,,Translated
580,世以子,オッケー, , ,Seiko,Okay!,,,세이코,오케이,,,世以子,ＯＫ,,,1,172,19,1,0,0,0,0,0,,Translated
581,世以子,なんか、この部屋、空気重くない？, , ,Seiko,Doesn't the air in this room feel a little heavy,to you?,,세이코,"뭔가 이 방, 공기가 무겁지 않아?",,,世以子,總覺得，這個房間空氣很沉重？,,,1,173,19,1,0,0,0,0,0,,Translated
582,,　月　日　　日番　東雲／管乃, ,,,    -  -,                    [Day duty: Shinonome／Kanno],,, 월   일    당번  시노노메/칸노,,,,　月　日　　值日　東雲／管乃,,,0,0,0,0,0,0,0,0,0,,Translated
583,,窓の外には、うっそうと繁った,森の木々が見えます。, ,,"Outside the window, so dimly lit as to be almost","imperceptible, looms a sheer wall of dense foliage",stretching as far as the eye can see.,,창밖에는 울창하게 우거진,나무들이 보입니다.,,,窗外可以看到茂密的樹林。,,,0,0,0,1,0,0,0,0,0,,Translated
584,,遠くが全く見渡せません……, , ,,There's not even a hint of what may lie beyond it.,,,,먼 곳은 전혀 안 보입니다......,,,,完全看不到遠處……,,,0,0,0,1,0,0,0,0,0,,Translated
585,,　頭蓋骨に大きな穴の開いた人骨が,　椅子に腰掛けています……,　よく見ると、名札が見えます。,,The skeletal remains of a girl with a big hole in,her skull are still sitting on the chair. Closer,inspection reveals a student ID name tag.,,두개골에 크게 구멍이 뚫린 사람의 뼈가,의자에 걸터 앉아 있습니다......,잘 보니 명찰이 있습니다.,,　頭骨上有個大洞的人骨,　坐在椅子上……,　仔細看，可以看見名牌。,0,0,0,1,0,0,0,0,0,,Translated
586,,　握り締められ、くしゃくしゃになった紙が,　落ちています……,,,A crumpled-up note fell from the skeleton's hand.,,,,꽉 쥐어서 구겨진 종이가,떨어져 있습니다......,,,　有一張被緊握著、揉皺的紙,　掉落在地上……,,0,0,0,0,0,0,0,0,0,,Translated
587,,”恋都のばか、,　信じなきゃ救われないわよ”,,,"'You're an idiot, Koito. If you don't believe with","all your heart, then we'll never get rescued.",,,“코이토는 바보,믿지 않으면 구원받을 수 없어”,,,「恋都是笨蛋，,　不相信的話是得不到救贖的哦」,,0,0,0,0,0,0,0,0,0,,Translated
588,,”私たち友達でしょ”, ,,,'I thought we were friends!', ,,,“우리는 친구잖아”,,,,「我們是朋友吧」,,,0,0,0,0,0,0,0,0,0,,Translated
589,,　犠牲者の手記（４／５）, , ,,[Victim's Memoirs],(4／5),,,희생자의 수기 (4/5),,,,　犧牲者的手記（４／５）,,,0,0,0,1,0,0,0,0,0,,Translated
590,,　見タクナカッタ君ノ顔,　僕以外ヘノソンナ顔,　僕ハココデ地獄ニ灼カレテイルトイフノニ,,didn't want to see your face,  your face is for no one but me,    as i burn in the fires of hell,,보고 싶지 않았던 그대의 얼굴,나 이외에게 보이는 그 표정,나는 여기 지옥불에 불타고 있는데,,　不想看到的妳的臉,　對著我以外的人露出那種表情,　我明明在這裡被地獄之火灼燒,0,0,0,1,0,0,0,0,0,,Translated
591,,　僕ハココデ生キテイルノニ,　僕ハマダ死ンデイナイノニ,　君死ニタマフコト＊＊＊君死ニタマフコト＊＊＊,,i continue to live here,  i am not dead yet,     let our par**** ** *** ***pora**,,나는 여기 살아있는데,나는 아직 안 죽었는데,"그대, 죽지 **     그대, 죽지 **",,　我明明在這裡活著,　我明明還沒有死,　君請勿逝＊＊＊君請勿逝＊＊＊,0,0,0,0,0,0,0,0,0,,Translated
592,,　,（手記は、所々血にまみれていて読めません……）, ,,(The remainder of the page is caked with blood,so thick as to obscure any further writing.),,,(곳곳에 피가 묻어 있어서 읽을 수 없습니다......),,,,　,（手記處處沾染血跡，無法閱讀……）,,0,0,0,1,0,0,0,0,0,,Translated
593,直美,……えっ？, , ,Naomi,...Huh?,,,나오미,...... 어?,,,直美,……欸？,,,1,94,33,1,0,0,0,0,0,,Translated
594,直美,世以子！？　世以子！？, , ,Naomi,Seiko? Seiko?!,,,나오미,세이코!? 세이코!?,,,直美,世以子！？世以子！？,,,1,95,33,1,0,0,0,0,0,,Translated
595,世以子,カワイソウ　カワイソウ, , ,Seiko,Poor girl... Poor girl...,,,세이코,불쌍해 불쌍해,,,世以子,好可憐　好可憐,,,1,75,32,1,0,0,0,0,0,,Translated
596,直美,世以子！, , ,Naomi,Seiko!,,,나오미,세이코!,,,直美,世以子！,,,1,96,33,1,0,0,0,0,0,,Translated
597,世以子,直美　カワイソウ　カワイソウ, , ,Seiko,"Naomi. You poor girl. You poor, poor girl.",,,세이코,나오미 불쌍해 불쌍해,,,世以子,直美　好可憐　好可憐,,,1,76,32,1,0,0,0,0,0,,Translated
598,直美,世以子！　どうしちゃったのよ……！　世以子！！, , ,Naomi,Seiko! What's happened to you?! Seiko!,,,나오미,세이코! 어떻게 된 거야......! 세이코!!,,,直美,世以子！你怎麼了……！世以子！！,,,1,97,33,1,0,0,0,0,0,,Translated
599,世以子,アハハハハハハ, , ,Seiko,Ahahahahaha...,,,세이코,아하하하하하하,,,世以子,啊哈哈哈哈哈哈,,,1,77,32,1,0,0,0,0,0,,Translated
600,世以子,アハハハハ　アハハハハハハ, , ,Seiko,"Ahahahaha, ahahahahahaha...",,,세이코,아하하하하 아하하하하하하,,,世以子,啊哈哈哈哈　啊啊啊啊,,,1,78,32,1,0,0,0,0,0,,Translated
601,直美,世以子！　やだ！　お願い……！, , ,Naomi,Seiko! No! Please!,,,나오미,세이코! 제발! 부탁이야......!,,,直美,世以子！不要！求求你……！,,,1,98,33,1,0,0,0,0,0,,Translated
602,世以子,グフー、ウフー、グフフフ……, , ,Seiko,Glphh. Umph. Glphhhh...,,,세이코,구흐~ 우흐~ 구흐흐흐......,,,世以子,咕呼、嗚呼、咕呼呼……,,,1,79,32,1,0,0,0,0,0,,Translated
603,,　世以子の心が還ってくることは……なかった。, , ,,Seiko's spirit was clearly not entirely intact.,She was a shell of her former self...and it didn't,seem like she was coming back.,,세이코의 마음이 돌아오는 일은...... 없었다.,,,,　世以子的心神……再也沒有回來。,,,0,0,0,1,0,0,0,0,0,,Translated
604,,　私達はこの学校を出られないまま、,　もう多分、４日ほどになる。, ,,It had been around four days since we'd gotten,"trapped in this school, give or take.",,,우리가 이 학교를 못 나간 지,4일 정도가 흘렀다.,,,　我們無法離開這所學校，,　大概已經過了四天左右。,,0,0,0,1,0,0,0,0,0,,Translated
605,,　誰にも会えないまま、この地獄に二人きりで,　, ,,"And the two of us were stuck here, forever, alone","together in this hell, never again to see another",living being while we still drew breath.,,"아무도 만나지 못한 채, 이 지옥을 둘이서만",,,,　見不到任何人，兩人獨自在這地獄中,,,0,0,0,1,0,0,0,0,0,,Translated
606,世以子,直美。, , ,Seiko,Naomi.,,,세이코,나오미.,,,世以子,直美。,,,1,80,32,1,0,0,0,0,0,,Translated
607,直美,……っ　世以子？, , ,Naomi,...Seiko?,,,나오미,"...... 윽, 세이코?",,,直美,……世以子？,,,1,99,33,1,0,0,0,0,0,,Translated
608,世以子,直美、, , ,Seiko,Naomi...,,,세이코,나오미,,,世以子,直美，,,,1,81,32,1,0,0,0,0,0,,Translated
609,直美,世以子、やだ元に戻ったの？　もう！　心配……, , ,Naomi,"Seiko, have you finally come back to your senses?",You have no idea how worried I w--,,나오미,세이코 원래대로 돌아온 거니? 차암! 걱정......,,,直美,世以子，你恢復正常了嗎？真是的！擔心死……,,,1,100,33,1,0,0,0,0,0,,Translated
610,世以子,直美カワイソウカワイソウ, , ,Seiko,Naomiyoupoorgirlyoupoorpoorgirl.,,,세이코,나오미불쌍해불쌍해,,,世以子,直美好可憐好可憐,,,1,82,32,1,0,0,0,0,0,,Translated
611,直美,……っ, , ,Naomi,...,,,나오미,...... 윽,,,直美,……,,,1,101,33,1,0,0,0,0,0,,Translated
612,世以子,アハハハハハ　アハハハハハハ, , ,Seiko,"Ahahahaha, ahahahahahaha...",,,세이코,아하하하하하 아하하하하하하,,,世以子,啊哈哈哈哈　啊啊啊啊,,,1,83,32,1,0,0,0,0,0,,Translated
613,直美,…………っ, , ,Naomi,...,,,나오미,............ 윽,,,直美,…………,,,1,102,33,1,0,0,0,0,0,,Translated
614,直美,もう、い…ゃぁ……,ぁ…ああﾞあﾞあﾞあﾞーーー, ,Naomi,I can't...,I...can't...take this...any...more...,I CAN'T TAKE IT ANYMORE!! AAAAAAAHHHHH...!!,나오미,"더는, 싫... 어......",아... 아아  아  아  아,,直美,已經……受……不了了……,啊…啊啊啊啊啊────,,1,113,36,1,0,0,0,18,0,,Translated
615,世以子,さっき光ってたのは、この辺だっけ……？, , ,Seiko,Is this the spot where we saw that weird glowy,thing?,,세이코,"좀 전에 빛난 건, 요 주변이었던가......?",,,世以子,剛才發光的地方，是這附近嗎……？,,,1,171,19,1,0,0,0,0,0,,Translated
616,,多分,違うよ,,,I think so.,"No, it's not.",,,아마도,아니야,,,大概是,不是哦,,0,255,255,255,255,255,255,255,255,,Translated
617,世以子,オッケー, , ,Seiko,Okay!,,,세이코,오케이,,,世以子,ＯＫ,,,1,172,19,1,0,0,0,0,0,,Translated
618,世以子,置いてっちゃやだよ……, , ,Seiko,Don't you dare leave me behind!,,,세이코,날 두고 가지 마......,,,世以子,不准丟下我哦……,,,1,180,19,1,0,0,0,0,0,,Translated
619,世以子,あっ、来……わっと！, , ,Seiko,"Ah, there we go...",Aaaalmost got it...,,세이코,"앗, 왔...... 다!",,,世以子,啊，來了……！快了！,,,1,184,19,1,1,0,1,0,0,,Translated
620,世以子,取れた！　やったよ直美！, , ,Seiko,AHA! Gotcha!,"Naomi, I got it!",,세이코,잡았어! 해냈어 나오미!,,,世以子,拿到了！做到了直美！,,,1,185,19,1,0,0,0,0,0,,Translated
621,直美,ほんと？！　よかった。, , ,Naomi,You did? Nice job!,,,나오미,정말?! 다행이다.,,,直美,真的？！太好了。,,,1,233,10,1,0,0,0,0,0,,Translated
622,世以子,ほら、これだよ。, , ,Seiko,Turned out to be this.,,,세이코,"봐, 이거야.",,,世以子,你看，就是這個。,,,1,186,19,1,0,0,0,0,0,,Translated
623,,保健室の鍵　を取りました。, , ,,Acquired [Infirmary Key].,,,,보건실 열쇠를 얻었습니다.,,,,拿到了【保健室的鑰匙】。,,,0,0,0,1,0,0,0,0,0,,Translated
624,直美,協力成功ってやつ？, , ,Naomi,"Goes to show you what a little teamwork can do, eh?",,,나오미,협력 플레이 성공이라고나 할까?,,,直美,算是合作成功？,,,1,234,10,1,0,0,0,0,0,,Translated
625,世以子,えへへ、嬉しいね。, , ,Seiko,Eheheh... We make a great team!,,,세이코,"에헤헤, 기쁘다.",,,世以子,欸嘿嘿，好開心。,,,1,187,19,1,0,0,0,0,0,,Translated
626,世以子,……消えちゃった……, , ,Seiko,It disappeared...,,,세이코,...... 사라졌어......,,,世以子,……消失了……,,,1,182,19,1,0,0,0,0,0,,Translated
627,世以子,……微妙に、ここじゃないみたい。, , ,Seiko,And it doesn't seem to have made the jump over to,"here, either.",,세이코,왠지 여기가 아닌 것 같아.,,,世以子,……好像不是這裡。,,,1,183,19,1,0,0,0,0,0,,Translated
628,直美,あれ、そう……？, , ,Naomi,"Aww, really?",,,나오미,"어라, 그래......?",,,直美,咦，是嗎……？,,,1,232,10,1,0,0,0,0,0,,Translated
629,直美,こっちから入ると向こうに逃げちゃう……, , ,Naomi,"When we come in the back, it jumps to the front...",,,나오미,여기로 들어오면 저쪽으로 도망쳐 버려......,,,直美,從這邊進去就會跑到那邊去……,,,1,229,10,1,0,0,0,0,0,,Translated
630,直美,……あっちで待ち伏せすればいいって事？, , ,Naomi,...So how about one of us waits for it over there?,,,나오미,...... 저기에서 기다리고 있으란 말이지?,,,直美,……也就是說在那邊埋伏就行？,,,1,230,10,1,0,0,0,0,0,,Translated
631,世以子,さっき光ってたのは、この辺だっけ……？, , ,Seiko,Is this the spot where we saw that weird glowy,thing?,,세이코,"좀 전에 빛난 건, 요 주변이었던가......?",,,世以子,剛才發光的地方，是這附近嗎……？,,,1,171,19,1,0,0,0,0,0,,Translated
632,,多分,違うよ,,,I think so.,"No, it's not.",,,아마도,아니야,,,大概是,不是哦,,0,255,255,255,255,255,255,255,255,,Translated
633,世以子,オッケー, , ,Seiko,Okay!,,,세이코,오케이,,,世以子,ＯＫ,,,1,172,19,1,0,0,0,0,0,,Translated
634,世以子,寒いね……, , ,Seiko,It's a little chilly in here...,,,세이코,춥네......,,,世以子,好冷啊……,,,1,175,19,1,0,0,0,0,0,,Translated
635,世以子,さっき光ってたのは、この辺だっけ……？, , ,Seiko,Is this the spot where we saw that weird glowy,thing?,,세이코,"좀 전에 빛난 건, 요 주변이었던가......?",,,世以子,剛才發光的地方，是這附近嗎……？,,,1,171,19,1,0,0,0,0,0,,Translated
636,,多分,違うよ,,,I think so.,"No, it's not.",,,아마도,아니야,,,大概是,不是哦,,0,255,255,255,255,255,255,255,255,,Translated
637,世以子,オッケー, , ,Seiko,Okay!,,,세이코,오케이,,,世以子,ＯＫ,,,1,172,19,1,0,0,0,0,0,,Translated
638,世以子,（ブルブル）,　やば、おしっこ出そう……ここ寒すぎるよ。, ,Seiko,*shiver* It's WAAAY colder in here than it has any,right to be. I feel like I'm gonna pee myself!,,세이코,(덜덜),"아, 오줌 나오겠다...... 여기 너무 추워.",,世以子,（發抖）,糟了，快尿出來了……這裡太冷了。,,1,176,19,1,0,0,0,0,0,,Translated
639,世以子,さっき光ってたのは、この辺だっけ……？, , ,Seiko,Is this the spot where we saw that weird glowy,thing?,,세이코,"좀 전에 빛난 건, 요 주변이었던가......?",,,世以子,剛才發光的地方，是這附近嗎……？,,,1,171,19,1,0,0,0,0,0,,Translated
640,,多分,違うよ,,,I think so.,"No, it's not.",,,아마도,아니야,,,大概是,不是哦,,0,255,255,255,255,255,255,255,255,,Translated
641,世以子,オッケー, , ,Seiko,Okay!,,,세이코,오케이,,,世以子,ＯＫ,,,1,172,19,1,0,0,0,0,0,,Translated
642,世以子,静かだね……, , ,Seiko,It's so quiet...,,,세이코,조용하네......,,,世以子,好安靜啊……,,,1,179,19,1,0,0,0,0,0,,Translated
643,,　白い棚の中には、【アルコール】などの,　薬品の瓶が並んでいます。, ,,Vast quantities of medicine and tonics are lined up,"on each of the shelves, along with a single bottle",of rubbing alcohol.,,하얀 수납장 안에는 【알코올】 등,약품이 든 병이 진열되어 있습니다.,,,　白色櫃子裡，排放著【酒精】等,　藥品的瓶子。,,0,0,0,1,0,0,0,0,0,,Translated
644,直美,（何に使うんだろう……？）, , ,Naomi,(What did they need all of THESE for...?),,,나오미,(어디 쓰는 거지......?),,,直美,（是做什麼用的呢……？）,,,1,0,0,1,0,0,0,0,0,,Translated
645,,棚の中に、アルコールなどの『薬品の瓶』が,並んでいます。, ,,Vast quantities of medicine and tonics are lined up,"on each of the shelves, along with a single bottle",of rubbing alcohol.,,수납장 안에는 알코올 등 『약품병』이,진열되어 있습니다.,,,櫃子裡排放著酒精等『藥品瓶』。,,,0,0,0,1,0,0,0,0,0,,Translated
646,,瓶を取りますか？, , ,,Take the bottle of rubbing alcohol?,,,,병을 가져가겠습니까?,,,,要拿走瓶子嗎？,,,0,0,0,1,0,0,0,0,0,,Translated
647,,取る,置いておく,,,Yes,No,,,가져간다,두고 간다,,,拿走,放著,,0,255,255,255,255,255,255,255,255,,Translated
648,,アルコール瓶　を取りました。, , ,,Acquired [Rubbing Alcohol].,,,,알코올병을 얻었습니다.,,,,拿到了【酒精瓶】。,,,0,0,0,1,0,0,0,0,0,,Translated
649,,他に役に立ちそうな薬品はありません…… , , ,,None of the other bottles seem like they'd be of,any use. Most of them aren't even identifiable!,,,달리 도움이 될 만한 약품은 없습니다......,,,,沒有其他看起來有用的藥品……,,,0,0,0,1,0,0,0,0,0,,Translated
650,,他に役に立ちそうな薬品はありません…… , , ,,None of the other bottles seem like they'd be of,any use. Most of them aren't even identifiable!,,,달리 도움이 될 만한 약품은 없습니다......,,,,沒有其他看起來有用的藥品……,,,0,0,0,1,0,0,0,0,0,,Translated
651,直美,……？　どうして鍵まで閉めてるの……？, , ,Naomi,...? Why's the door locked?,,,나오미,......? 왜 문을 잠근 거야......?,,,直美,……？為什麼連門都鎖著……？,,,1,12,11,1,0,0,0,0,0,,Translated
652,,よく見ると、鍵は外したままになっています。, , ,,"On closer inspection, there's no visible bolt","keeping the door closed, nor any other evidence",that it's been locked at all.,,잘 보니 열쇠가 빠져 있습니다.,,,,仔細一看，鎖是解開的。,,,0,0,0,1,0,0,0,0,0,,Translated
653,直美,うそ……鍵かかってないのに、開かない……！, , ,Naomi,What...? But if it's not locked...then why won't,it open?!,,나오미,"거짓말...... 잠기지도 않았는데, 안 열려......!",,,直美,騙人……明明沒鎖，卻打不開……！,,,1,13,11,1,0,0,0,0,0,,Translated
654,,扉はピタリと空間に固定され、動きません。, , ,,It won't budge. It's as if it's been completely,fastened to the wall through invisible bonds.,,,문은 공간에 고정되어 움직이지 않습니다.,,,,門就像固定在空間裡一樣，動也不動。,,,0,0,0,1,0,0,0,0,0,,Translated
655,,扉に、たくさんの黒い髪の毛が絡まっています……, , ,,The door is latticed with countless strands of black,"hair, rooting it in place.",,,문에 검은 머리카락이 잔뜩 얽혀 있습니다.,,,,門上纏繞著大量黑色頭髮……,,,0,0,0,1,0,0,0,0,0,,Translated
656,,扉に、たくさんの黒い髪の毛が絡まっています……, , ,,The door is latticed with countless strands of black,"hair, rooting it in place.",,,문에 검은 머리카락이 잔뜩 얽혀 있습니다.,,,,門上纏繞著大量黑色頭髮……,,,0,0,0,1,0,0,0,0,0,,Translated
657,直美,開けて！　誰かぁ！,世以子！！　いないの！？, ,Naomi,OPEN UP! SOMEBODY! SEIKO!!,IS ANYBODY OUT THERE?!,,나오미,누가 좀 열어줘!,세이코!! 없어!?,,直美,開門！誰來啊！,世以子！！不在嗎！？,,1,26,11,1,0,0,0,0,0,,Translated
658,直美,うんッ……！ ,……開かない……！, ,Naomi,Mrrrrrrng...,It's no use!,,나오미,으으......!,안 열리네......!,,直美,唔……！,……打不開……！,,1,24,11,1,0,0,0,0,0,,Translated
659,直美,何よ、この髪の毛……　……やだぁ！, , ,Naomi,Where did this hair come from?!,"God, help me...",,나오미,"뭐야, 이 머리카락...... 싫어!",,,直美,什麼啊，這些頭髮……　……不要啊！,,,1,25,11,1,0,0,0,0,0,,Translated
660,,　マッチを使いますか？, ,,,Try using a match to burn the hair?,,,,성냥을 사용하겠습니까?,,,,　要使用火柴嗎？,,,0,0,0,0,0,0,0,0,0,,Translated
661,,はい,いいえ,,,Yes,No,,,네,아니오,,,是,否,,0,255,255,255,255,255,255,255,255,,Translated
662,,火力が弱く、思うように髪の毛を,燃やすことができません。, ,,The flame wasn't strong enough to do any significant,damage.,,,화력이 약해서 머리카락이,잘 태워지지 않습니다.,,,火力太弱，無法順利燃燒頭髮。,,,0,0,0,1,0,0,0,0,0,,Translated
663,直美,（駄目だわ……マッチの火だけじゃ、,　これだけの量の髪の毛を燃やせない！）, ,Naomi,(This isn't going to work... I'll need more than,just matches to burn through all of this!),,나오미,(틀렸어...... 성냥불만으로는,이렇게 많은 머리카락은 못 태워!),,直美,（不行……光靠火柴的火，,　沒辦法燒掉這麼多的頭髮！）,,1,0,0,1,0,0,0,0,0,,Translated
664,直美,（何か、火を大きくする方法はないの……？！）, , ,Naomi,(Isn't there anything super-flammable in here...?!),,,나오미,(뭔가 불을 강하게 만들 방법은 없을까......?!),,,直美,（有沒有什麼方法可以讓火變大……？！）,,,1,0,0,1,0,0,0,0,0,,Translated
665,,扉にたくさんの黒い髪の毛が絡まっていて、,動きません……, ,,The door is latticed with countless strands of black,"hair, rooting it in place.",,,문에 검은 머리카락이 잔뜩 얽혀 있어서,움직이지 않습니다......,,,門上纏繞著大量黑色頭髮，,動也不動……,,0,0,0,1,0,0,0,0,0,,Translated
666,,アルコール瓶　を使いますか？, , ,,Douse the hairs with rubbing alcohol?,,,,알코올병을 쓰겠습니까?,,,,要使用【酒精瓶】嗎？,,,0,0,0,1,0,0,0,0,0,,Translated
667,,はい,いいえ,,,Yes,No,,,네,아니오,,,是,否,,0,255,255,255,255,255,255,255,255,,Translated
668,,アルコールを扉の髪の毛に振りかけ、,マッチで火を点けました……, ,,After hastily splashing alcohol all along the edges,"of the door, Naomi lit a match in an attempt to burn",through the seemingly endless strands of hair.,,알코올을 문에 얽힌 머리카락에 뿌린 후,성냥으로 불을 붙였습니다.,,,將酒精灑在門上的頭髮，,用火柴點火……,,0,0,0,1,0,0,0,0,0,,Translated
669,,猛烈な悪臭を漂わせながら,髪の毛は、ぼろぼろに焼き切れ、扉が開きました。, ,,With a sizable whoosh and a waft of foul-smelling,"heat, the hair lit up, then hardened and fell away,",freeing the door and allowing it to open.,,맹렬한 악취를 뿜어대며,"머리카락이 활활 불타 끊어지고, 문이 열렸습니다.",,,頭髮散發出猛烈惡臭，,被燒成灰燼，門打開了。,,0,0,0,1,0,0,0,0,0,,Translated
670,,棚の中に、血のついた鋏（はさみ）が,置かれています…… , ,,"There's a pair of scissors on one of the shelves,",both its blades covered liberally in blood.,,,수납장 안에 피묻은 가위가,놓여 있습니다......,,,櫃子裡放著一把沾血的剪刀……,,,0,0,0,1,0,0,0,0,0,,Translated
671,,棚は、からっぽになっています……, , ,,The shelves are all empty.,,,,수납장이 텅 비었습니다......,,,,櫃子是空的……,,,0,0,0,1,0,0,0,0,0,,Translated
672,,中には薬剤のビンなどが、整然と並んでいます。, , ,,Vast quantities of medicines and tonics are lined up,on each of the shelves.,,,안에는 약품병 같은 것이 나란히 늘어서 있습니다.,,,,裡面整齊地排放著藥劑瓶等物品。,,,0,0,0,1,0,0,0,0,0,,Translated
673,,　ｶﾀ……,　　ｶﾀ……, ,,*rattle* *rattle*,,,,  덜컥......,    덜컥......,,,　喀啦……,　　喀啦……,,0,0,0,1,0,0,0,0,0,,Translated
674,,よく見ると、棚全体が小刻みに振動しています。, , ,,"Looking closely, the whole shelf seems to be",shaking violently.,,,잘 보니 수납장 전체가 작게 흔들리고 있습니다.,,,,仔細一看，整個櫃子正在微微震動。,,,0,0,0,1,0,0,0,0,0,,Translated
675,,蛇口をひねっても、水が出ません……, , ,,"The handle turns, but not a drop of water comes out.",,,,수도꼭지를 돌려도 물이 나오지 않습니다......,,,,轉動水龍頭，也沒有水出來……,,,0,0,0,1,0,0,0,0,0,,Translated
676,直美,そういえば のど……渇いたな…… , , ,Naomi,I didn't realize just how thirsty I am...,,,나오미,그나저나 목이 마르네......,,,直美,說起來……喉嚨……好渴啊……,,,1,235,10,1,0,0,0,0,0,,Translated
677,,蛇口をひねっても、水が出ません……, , ,,"The handle turns, but not a drop of water comes out.",,,,수도꼭지를 돌려도 물이 나오지 않습니다......,,,,轉動水龍頭，也沒有水出來……,,,0,0,0,1,0,0,0,0,0,,Translated
678,,蛇口をひねっても、水が出ません……, , ,,"The handle turns, but not a drop of water comes out.",,,,수도꼭지를 돌려도 물이 나오지 않습니다......,,,,轉動水龍頭，也沒有水出來……,,,0,0,0,1,0,0,0,0,0,,Translated
679,,蛇口をひねっても、水が出ません……, , ,,"The handle turns, but not a drop of water comes out.",,,,수도꼭지를 돌려도 물이 나오지 않습니다......,,,,轉動水龍頭，也沒有水出來……,,,0,0,0,1,0,0,0,0,0,,Translated
680,,机の上に、古い日記帳が置いてあります。, , ,,There's an old journal on the desk.,,,,책상 위에 낡은 일기장이 놓여 있습니다.,,,,桌子上放著一本舊日記。,,,0,0,0,1,0,0,0,0,0,,Translated
681,,模型のように机の上に固定されていて、,手に取る事が出来ません。, ,,"At least, it appears to be a journal. In reality,",it's more like a model fused to the desk's surface.,"It can't be lifted, and the page can't be turned.",,모형처럼 책상 위에 고정되어 있어서,집어 들 수 없습니다.,,,就像模型一樣固定在桌上，,無法拿起來。,,0,0,0,1,0,0,0,0,0,,Translated
682,,ｶﾘｶﾘｶﾘｶﾘ……,ｶﾘｶﾘｶﾘ……, ,,*scratch* *scratch*,*scribble* *scratch*,,,슥슥슥슥......,슥슥슥......,,,沙沙沙沙……,沙沙沙……,,0,0,0,1,0,0,0,0,0,,Translated
683,,机の上の日記帳に、ひとりでに文字が,書き殴られてゆきます。, ,,Haphazardly-scrawled shorthand begins appearing in,"the journal on the desk, as if being written by",unseen hands.,,책상 위 일기장에 저절로,글자가 휘갈겨 써집니다.,,,桌上的日記本，自動地,被寫上文字。,,0,0,0,1,0,0,0,0,0,,Translated
684,,文字は乱れて形を留めておらず、,読む事が出来ません……, ,,"The letters are so misshapen and inconsistent,","however, that they're completely illegible.",,,글자의 형태가 온전하지 못해,읽을 수 없습니다......,,,文字雜亂無章，無法辨識形狀，,無法閱讀……,,0,0,0,1,0,0,0,0,0,,Translated
685,直美,うぐっ……　ぁ……, , ,Naomi,Ooh... A-Ahh...,,,나오미,으윽...... 아......,,,直美,嗚……啊……,,,1,29,11,1,0,0,0,0,0,,Translated
686,直美,……きゃうッ！, , ,Naomi,...Eek!,,,나오미,꺄악!,,,直美,……呀！,,,1,28,11,1,0,0,0,0,0,,Translated
687,直美,きゃぁ！, , ,Naomi,"Oh, God!",,,나오미,꺄아!,,,直美,呀！,,,1,27,11,1,0,0,0,0,0,,Translated
688,,……黒い霧のようなものが、体中に絡みついて来ます。, , ,,The black mist begins to wrap itself around Naomi's,body.,,,검은 안개 같은 것이 온몸을 휘감습니다.,,,,……黑色的霧氣，纏繞上全身。,,,0,0,0,1,0,0,0,0,0,,Translated
689,,このまま取り込まれると危険です。, , ,,There's no question that this is a malevolent force.,"If this continues, death is inevitable.",,,이대로 붙잡히면 위험합니다.,,,,如果就這樣被吞噬會有危險。,,,0,0,0,1,0,0,0,0,0,,Translated
690,,卓上ランプがあります。スイッチを入れても,灯りは点きません……, ,,"There's a lamp on the desk, but it doesn't seem to",work. Flipping the switch does nothing.,,,탁상 램프가 있습니다. 스위치를 눌러도,불은 켜지지 않습니다......,,,有盞桌燈。即使按下開關，,也不會亮……,,0,0,0,1,0,0,0,0,0,,Translated
691,,先ほどまで消えていた卓上ランプが,不自然な感覚で瞬いています……, ,,The previously-inoperable desk lamp now shines with,"an unnatural, almost ethereal glow.",,,조금 전까지 꺼져 있던 탁상 램프가,부자연스러운 감각으로 빛나고 있습니다......,,,剛才還熄著的桌燈，,正以不自然的方式閃爍著……,,0,0,0,1,0,0,0,0,0,,Translated
692,,ｷｬﾊﾊ……　　　　　　　,　……ｱﾊﾊ　　　　　　　, ,,Heeheehee...,...Ahaha...,,,꺄하하......,  ...... 아하하,,,喀哈哈……,　……啊哈哈,,0,86,14,1,1,0,0,0,0,,Translated
693,直美,……？　こ……子供の……声？, , ,Naomi,...? Are those...children...?,,,나오미,......? 어...... 어린아이...... 목소리?,,,直美,……？孩……孩子的……聲音？,,,1,14,11,1,0,0,0,0,0,,Translated
694,直美,！……, , ,Naomi,...!,,,나오미,!,,,直美,！……,,,1,0,0,1,0,1,1,8,0,,Translated
695,直美,だ……誰……？　何？, , ,Naomi,Wh-who... What...?,,,나오미,누...... 누구야......? 뭐야?,,,直美,是……誰……？什麼？,,,1,16,11,1,0,0,0,0,0,,Translated
696,直美,なんか……頭が痛いな。,……耳鳴りがする……, ,Naomi,My head...hurts so bad...,I can't stop...this ringing...in my ears...,,나오미,왠지...... 머리가 아파.,귀가 울려......,,直美,總覺得……頭好痛。,……耳鳴……,,1,17,11,1,0,0,0,0,0,,Translated
697,直美,（ひ……人の……気配……？）, , ,Naomi,(Is... Is someone there...?),,,나오미,(사...... 사람의...... 기척......?),,,直美,（有……人的……氣息……？）,,,1,18,11,1,0,0,0,0,0,,Translated
698,直美,（……？　ボールペンで、書き殴る音だわ……）, , ,Naomi,(It sounds like a ball-point pen scribbling away,on a sheet of paper...),,나오미,(......? 볼펜으로 휘갈기는 소리야......),,,直美,（……？是原子筆在紙上書寫的聲音……）,,,1,19,11,1,0,0,0,0,0,,Translated
699,直美,……！？, , ,Naomi,...?!,,,나오미,......!?,,,直美,……！？,,,1,20,11,1,0,0,0,0,0,,Translated
700,直美,な、なによ、これ、, , ,Naomi,Wh-What the...?!,,,나오미,"뭐, 뭐야, 이건",,,直美,什、什麼啊，這是，,,,1,21,11,1,0,0,0,0,0,,Translated
701,直美,きゃぁぁぁ！, , ,Naomi,EEEEK!!,,,나오미,꺄아아아!,,,直美,呀啊啊！,,,1,22,11,1,0,0,0,0,0,,Translated
702,直美,（……逃げなきゃ！）, , ,Naomi,(...I need to get away!),,,나오미,(도망쳐야 해!),,,直美,（……得逃跑！）,,,1,23,11,1,0,0,0,0,0,,Translated
703,直美,あれ……？　この蝋燭……, , ,Naomi,Hmm? This candle...,,,나오미,어라......? 이 양초......,,,直美,咦……？這蠟燭……,,,1,0,0,0,0,0,0,0,0,,Translated
704,直美,……なんか、見覚えある……, , ,Naomi,I could swear I've seen it before...,,,나오미,어디에서 본 것 같아......,,,直美,……總覺得，好像在哪看過……,,,1,0,0,0,0,0,0,0,0,,Translated
705,直美,あれ……？　この蝋燭……, , ,Naomi,Hmm? This candle...,,,나오미,어라......? 이 양초......,,,直美,咦……？這蠟燭……,,,1,0,0,0,0,0,0,0,0,,Translated
706,直美,……なんか、見覚えある……, , ,Naomi,I could swear I've seen it before...,,,나오미,어디에서 본 것 같아......,,,直美,……總覺得，好像在哪看過……,,,1,0,0,0,0,0,0,0,0,,Translated
707,,　古いストーブがあります。,　中に灰が大量に溜まっていて、,　火は点きそうにありません。,,"It's an old-fashioned space heater, but it's so full",of ash that it'll probably never light again.,,,낡은 난로가 있습니다.,안에 대량의 재가 쌓여 있어서,불을 붙일 수 없습니다.,,　有座舊暖爐。,　裡面堆滿了大量的灰燼，,　似乎無法點火。,0,0,0,1,0,0,0,0,0,,Translated
708,,　そばにマッチがあります。,　取りますか？, ,,A box of matches is on the ground next to it.,Take them?,,,옆에 성냥이 있습니다.,가져가겠습니까?,,,　旁邊有火柴。,　要拿走嗎？,,0,0,0,0,0,0,0,0,0,,Translated
709,,取る,置いておく,,,Yes,No,,,가져간다,두고 간다,,,拿走,放著,,0,255,255,255,255,255,255,255,255,,Translated
710,,　マッチ　を取りました。, , ,,Acquired [Box of Matches].,,,,성냥을 얻었습니다.,,,,　拿到了【火柴】。,,,0,0,0,0,0,0,0,0,0,,Translated
711,,　古いストーブがあります。, , ,,It's an old-fashioned space heater.,,,,낡은 난로가 있습니다.,,,,　有座舊暖爐。,,,0,0,0,0,0,0,0,0,0,,Translated
712,,　中に灰が大量に溜まっていて、,　火は点きそうにありません……, ,,"Unfortunately, it's so full of ash that it'll",probably never light again.,,,안에 대량의 재가 쌓여 있어서,불을 붙일 수 없습니다.,,,　裡面堆滿了大量的灰燼，,　似乎無法點火……,,0,0,0,1,0,0,0,0,0,,Translated
713,,　古いストーブがあります。, , ,,It's an old-fashioned space heater.,,,,낡은 난로가 있습니다.,,,,　有座舊暖爐。,,,0,0,0,0,0,0,0,0,0,,Translated
714,,　中に灰が大量に溜まっていて、,　火は点きそうにありません……, ,,"Unfortunately, it's so full of ash that it'll",probably never light again.,,,안에 대량의 재가 쌓여 있어서,불을 붙일 수 없습니다.,,,　裡面堆滿了大量的灰燼，,　似乎無法點火……,,0,0,0,1,0,0,0,0,0,,Translated
715,直美,や……は、離し……て,……いや！　きゃぁ！, ,Naomi,L-Let...me...g-... ...No... Noo...!,,,나오미,"싫어...... 놔, 놔줘......",싫어! 꺄아!,,直美,不……放、放開我,……不要！呀！,,1,30,11,1,1,0,0,0,0,,Translated
716,,ザワザワザワ……！, , ,,*swish*,,,,술렁술렁술렁......!,,,,沙沙沙沙……！,,,0,0,0,1,0,0,0,0,0,,Translated
717,直美,う……え……ケホッ！　,なにこれ……！　う……, ,Naomi,Glgh...rrrg... *cough* *cough*,...What's...happe...ning...ggglg...,,나오미,우...... 에...... 콜록!,뭐야 이건......! 우......,,直美,嗚……欸……咳咳！,這是什麼……！嗚……,,1,31,11,1,0,0,0,0,0,,Translated
718,直美,ぐ……ぅ　,……ううﾞうﾞうﾞ, ,Naomi,*gasp* *choke*,,,나오미,으...... 윽,...... 우우욱,,直美,咕……嗚,……嗚嗚嗚,,1,32,11,1,0,0,0,0,0,,Translated
719,,……黒い霧が、鼻や口、耳、目、,すべての穴から体内に流れ込んで来ます……, ,,The black mist begins flowing into Naomi's body,"through her nose, her mouth, her ears, her eyes...","In no time at all, she's completely engulfed.",,"...... 검은 안개가 코와 입, 귀, 눈",온갖 구멍을 통해 체내로 흘러 들어옵니다......,,,……黑色的霧氣，從鼻子、嘴巴、耳朵、眼睛，,所有孔穴流入體內……,,0,0,0,1,0,0,0,0,0,,Translated
720,直美,ひ……　クッ……　ﾋ……, , ,Naomi,*gasp* *choke*,,,나오미,히...... 큭...... 히......,,,直美,咿……　咳……　咿……,,,1,33,11,1,0,0,0,0,0,,Translated
721,直美,……　……　…… ！, , ,Naomi,*gurgle*,,,나오미,...... ...... ...... !,,,直美,……　……　…… ！,,,1,34,11,1,1,0,0,0,0,,Translated
722,,……真っ暗になる視界と、遠のく意識の中で……, , ,,With vision darkening and consciousness fading...,,,,...... 새까매진 시야와 멀어지는 의식 속에서......,,,,……在視野逐漸變暗、意識遠去的過程中……,,,0,0,0,1,0,0,0,0,0,,Translated
723,,最後に目の前に浮かんで来たものは、, , ,,...the last thing Naomi ever sees...,,,,마지막으로 눈앞에 떠오른 것은,,,,最後浮現在眼前的，,,,0,0,0,1,0,0,0,0,0,,Translated
724,,……見覚えのない女性の、,不気味にゆがんだ、笑顔だった。, ,,...is the wildly grinning visage of a woman she's,never seen before...,,,...... 누군지 모를 여성의,기분 나쁘게 일그러진 미소였다.,,,……是一個從未見過的女人，,那詭異扭曲的笑容。,,0,0,0,1,0,0,0,0,0,,Translated
725,,人体解剖図が壁に貼ってあります……, , ,,There's an anatomical diagram of the human body,tacked to the wall.,,,벽에 인체 해부도가 붙어 있습니다......,,,,牆上貼著人體解剖圖……,,,0,0,0,1,0,0,0,0,0,,Translated
726,,……よく見ると、臓器の絵ひとつひとつから,赤黒い血が垂れはじめています。, ,,"Looking closely, each individual organ seems to be","bleeding, with actual dark red blood dripping from",the paper...,,...... 잘 보니 장기가 그려진 그림 하나 하나로부터,검붉은 피가 흘러나옵니다.,,,……仔細一看，每一個臟器的圖畫,都開始滴下暗紅色的血。,,0,0,0,1,0,0,0,0,0,,Translated
727,,……よく見ると、臓器の絵ひとつひとつに,本物の血をなすりつけて色を塗った跡があります。, ,,"Looking closely, it seems as if someone painted over",each of the organs with actual blood...,,,...... 잘 보니 장기가 그려진 그림 하나 하나에,진짜 피를 문지른 흔적이 있습니다.,,,……仔細一看，每一個臟器的圖畫上,都有塗抹真血的痕跡。,,0,0,0,1,0,0,0,0,0,,Translated
728,直美,……プッ。, , ,Naomi,...Oof...,,,나오미,...... 풋,,,直美,……噗。,,,1,8,11,1,0,0,0,0,0,,Translated
729,直美,…………, , ,Naomi,...,,,나오미,............,,,直美,…………,,,1,9,11,1,0,0,0,0,0,,Translated
730,直美,会いたいよ……, , ,Naomi,I just...want to see him...,,,나오미,보고 싶어......,,,直美,好想見他……,,,1,10,11,1,0,0,0,0,0,,Translated
731,直美,何で……こんなことに……, , ,Naomi,Why...did this have to happen...?,,,나오미,어쩌다...... 이렇게......,,,直美,為什麼……會變成這樣……,,,1,11,11,1,0,0,0,0,0,,Translated
732,,せっけんで　てを　あらおう, , ,,Wash your hands with soap,,,,비누로 손을 씻자,,,,用肥皂洗手吧,,,0,0,0,1,0,0,0,0,0,,Translated
733,, , , ,,,,,, , , ,,,,,0,0,0,1,0,0,0,0,0,,Translated
734,,【したの　ぬきかた】,　まずは　手足を　机に　固定　しましょう, ,,[How To Remove A Tongue],"First, you must ensure the patient's arms and legs","are tied down tightly, preventing escape.",,【혀를 뽑아내는 방법】,우선 손발을 책상에 고정시킵니다,,,【舌頭的取出方法】,　首先將手腳固定在桌子上,,0,0,0,1,0,0,0,0,0,,Translated
735,,　くちの　なかに　固定金具を入れ,　くちを　閉じられないようにしよう, ,,"Next, insert a fixed metal object into the patient's",mouth to impede jaw movement and keep the mouth,locked in an open position.,,입 안에 고정구를 넣어,입을 닫지 못하도록 합니다,,,　將固定器具放入口中,　使其無法閉上嘴巴,,0,0,0,1,0,0,0,0,0,,Translated
736,,　患者が　したを　ひっこませても ,　かまわずに, ,,The patient may attempt to pull back or curl its,tongue to impede your progress. No need to worry:,The effect of this will prove negligible.,,환자가 혀를 집어넣으려고 해도,상관하지 말고,,,　即使患者試圖將舌頭縮回,　也不要理會,,0,0,0,1,0,0,0,0,0,,Translated
737,,　はさみを　ひらいて　したの　根元に　押し入れます, , ,,"Open your scissors all the way, then close them","hard around the base of the tongue, as far back",as you can manage.,,가위를 벌려 혀의 뿌리 부분에 집어넣습니다,,,,　張開剪刀，插入舌頭的根部,,,0,0,0,1,0,0,0,0,0,,Translated
738,,　患者が　あばれるのを,　みはからって　いっきに, ,,"The patient will thrash and scream, so it is",recommended you apply as much pressure as possible,and attempt to complete your task in one fell swoop.,,환자가 날뛰는 것을,잘 보고 있다가 단숨에,,,　觀察患者掙扎的時機,　一口氣,,0,0,0,1,0,0,0,0,0,,Translated
739,直美,あれ……意外と埃っぽくないね、ベッド。, , ,Naomi,"Huh... Somehow, I expected the beds to be a lot",dustier.,,나오미,"어라...... 의외로 깨끗하네, 침대.",,,直美,咦……出乎意料地沒有灰塵呢，床。,,,1,236,10,1,0,0,0,0,0,,Translated
740,世以子,ホントだ、良かったね直美。,とりあえず休みなよ。, ,Seiko,"They are surprisingly clean. That's good, though!","Now you can finally rest your weary bones, Naomi.",,세이코,"정말이네, 잘 됐다 나오미.",일단 여기에서 쉬어.,,世以子,真的耶，太好了直美。,總之先休息一下吧。,,1,188,19,1,0,0,0,0,0,,Translated
741,直美,うん。じゃ、ちょっと横になるね。, , ,Naomi,"Yeah, I think I'm going to lie down for a bit.",,,나오미,응. 그럼 좀 누워 있을게.,,,直美,嗯。那我躺一下。,,,1,237,10,1,0,0,0,0,0,,Translated
742,世以子,なんでそんな隅っこに？, , ,Seiko,All tucked away in the corner like that?,,,세이코,왜 그렇게 구석에 가 있어?,,,世以子,為什麼要窩在角落啊？,,,1,189,19,1,0,0,0,0,0,,Translated
743,直美,隅っこのほうが落ち着くんだ、あたし。, , ,Naomi,I've always preferred nooks and corners. They just,"make me feel...safe, I guess.",,나오미,난 구석이 진정되거든.,,,直美,角落比較讓我安心。,,,1,238,10,1,0,0,0,0,0,,Translated
744,世以子,あはは、わかる。私もそうだよ。, , ,Seiko,Ahaha... I know just what you mean! I'm the exact,same way!,,세이코,"아하하, 알지. 나도 그래.",,,世以子,啊哈哈，我懂。我也是。,,,1,190,19,1,0,0,0,0,0,,Translated
745,世以子,なんか、足クビ、固定出来る物ないかな……,ちょっと休んでて、直美。, ,Seiko,I wonder if there's anything in here we could use,"to soothe that ankle of yours. Sit tight, Naomi.",I'm gonna take a look.,세이코,뭔가 발목을 고정할 게 없을까......,"좀 쉬고 있어, 나오미.",,世以子,有沒有什麼可以固定腳踝的東西呢……,你先休息一下，直美。,,1,191,19,1,0,0,0,0,0,,Translated
746,直美,うん、……すまないねぇ。, , ,Naomi,Okay... Thanks a bunch.,,,나오미,응...... 미안하네.,,,直美,嗯……抱歉啦。,,,1,239,10,1,0,0,0,0,0,,Translated
747,世以子,……感謝にはおよばねぇよ、直美さん。, , ,Seiko,Don't thank me yet. I haven't done anything!,,,세이코,"인사를 받을 정도는 아냐, 나오미 양.",,,世以子,……不用道謝啦，直美小姐。,,,1,192,19,1,0,0,0,0,0,,Translated
748,直美,ふぅ……, , ,Naomi,*sigh*,,,나오미,후우......,,,直美,呼……,,,1,240,10,1,0,0,0,0,0,,Translated
749,世以子,ウン、よしよし。 , , ,Seiko,"Ah, this will do nicely.",,,세이코,"응, 좋아.",,,世以子,嗯，好。,,,1,193,19,1,0,0,0,0,0,,Translated
750,世以子,板切れと包帯ＧＥＴしたよ。,……はい、ジッとしててね。, ,Seiko,I got me a makeshift splint and some bandages.,"That sprain's a goner! Now, hold still...",,세이코,널빤지랑 붕대 얻어 왔어.,"자, 가만 있어봐.",,世以子,拿到了木板和繃帶哦。,……好，別動哦。,,1,194,19,1,0,0,0,0,0,,Translated
751,直美,ありがとー、助かる……, , ,Naomi,"Oh, man, you're a life-saver...",,,나오미,"고마워, 살 것 같다......",,,直美,謝謝，幫了大忙……,,,1,241,10,1,0,0,0,0,0,,Translated
752,世以子,おっし、カンペキ！　ど～ぉ？, , ,Seiko,"All right, you're wrapped up tight! How's it feel?",,,세이코,"좋아, 완벽해! 어때~?",,,世以子,好，完美！怎麼樣～？,,,1,195,19,1,0,0,0,0,0,,Translated
753,直美,あ、すごい楽……世以子、ありがとう。, , ,Naomi,"Mmm, feels great! Seiko... Thank you.",,,나오미,"아, 정말 편해...... 세이코, 고마워.",,,直美,啊，好舒服……世以子，謝謝你。,,,1,242,10,1,0,0,0,0,0,,Translated
754,世以子,うふふ、どういたしまして。,私も前、足クビやった時あるんだ。, ,Seiko,Heehee! You're very welcome.,"I've sprained my ankle pretty badly before too,",so I know just how you feel.,세이코,"우후후, 이 정도 가지고 뭘.",나도 전에 발을 삔 적이 있거든.,,世以子,唔呼呼，不客氣。,我以前也扭傷過腳踝。,,1,196,19,1,0,0,0,0,0,,Translated
755,世以子,あと冷やす物でもあればいいんだけどねー……, , ,Seiko,"I wish I had some ice or something to put on it,",though...,,세이코,뭔가 차가운 게 있으면 좋을 텐데......,,,世以子,要是有什麼可以冷敷的東西就好了……,,,1,197,19,1,0,0,0,0,0,,Translated
756,直美,助かったよ……って寝てるし。,……いいけど。, ,Naomi,"No worries, you've done more than enough already.","...Er, you're asleep now?! That's...fair enough,",I guess...,나오미,고마워...... 아 자네.,...... 상관없지만.,,直美,幫了大忙……啊，睡著了。,……算了也好。,,1,243,10,1,0,0,0,0,0,,Translated
757,世以子,お許しもＧＥＴ！　うぷぷぷ。では遠慮なく……, , ,Seiko,Glad you agree! Hee hee hee...,...It's slumberland for me!,,세이코,허가도 얻었고! 우후후후. 그럼 사양 않고......,,,世以子,得到許可了！嗚噗噗噗。那我就不客氣了……,,,1,198,19,1,0,0,0,0,0,,Translated
758,直美,……相変わらずヘンナコだね。, , ,Naomi,"You really are an oddball, you know that?",,,나오미,...... 여전히 별나다니까.,,,直美,……你還真是個怪人。,,,1,244,10,1,0,0,0,0,0,,Translated
759,世以子,ねぇねぇ……直美ぃ？, , ,Seiko,"So, hey, Naomi?",,,세이코,저기 저기...... 나오미~?,,,世以子,喂喂……直美？,,,1,199,19,1,0,0,0,0,0,,Translated
760,直美,ん？, , ,Naomi,Hmm?,,,나오미,응?,,,直美,嗯？,,,1,245,10,1,0,0,0,0,0,,Translated
761,世以子,持田くんに会ったら、何したい？, , ,Seiko,If we find Mochida...have you thought about what,you want to do with him?,,세이코,모치다 군을 보게 되면 뭘 하고 싶어?,,,世以子,如果見到持田同學，你想做什麼？,,,1,200,19,1,0,0,0,0,0,,Translated
762,直美,……は？, , ,Naomi,...Ehh?,,,나오미,뭐?,,,直美,……蛤？,,,1,246,10,1,0,0,0,0,0,,Translated
763,世以子,だってさ、ほら……,きょくげん状態？　に置かれた二人って、,恋に落ちやすいって言うじゃん。,Seiko,"Well, you know what they say! When two people are","faced with...difficult situations, shall we say?...","it often leads to love, sweet love!",세이코,그게 말이지......,극한 상황? 에 놓이면,사랑에 빠지기 쉽다고 하잖아.,世以子,因為你想啊……,在極限狀態下的兩人，,不是很容易墜入愛河嗎？,1,201,19,1,0,0,0,0,0,,Translated
764,世以子,もう覚悟決めて、告っちゃいなよ！, , ,Seiko,You should well up all your courage and confess,your feelings to him!,,세이코,그러니까 마음먹고 고백해 버려!,,,世以子,下定決心跟他告白吧！,,,1,202,19,1,0,0,0,0,0,,Translated
765,世以子,きっと直美の事も、可愛さ３割増しで見えるって、,持田君。, ,Seiko,"You get all girly with him in this creepy place,",and your cuteness factor'll grow three sizes in,"his eyes, I bet!",세이코,분명 나오미가 30%는 더 귀엽게 보일 거야.,모치다 군의 눈엔,,世以子,在這種地方展現女孩子的一面，,持田同學一定會覺得直美可愛度增加三成！,,1,203,19,1,0,0,0,0,0,,Translated
766,直美,……ぷっ, , ,Naomi,*snork*,,,나오미,...... 풋,,,直美,……噗,,,1,247,10,1,1,0,0,3,0,,Translated
767,直美,アンタといると、なんか普通に、いつもの学校で,喋ってるみたいだよ。, ,Naomi,"I swear, with you around, I almost feel like we're","just...shootin' the breeze back at school, like",nothing ever happened.,나오미,너랑 있으면 그냥 언제나 다니던 학교에서,잡담을 하고 있는 것 같아.,,直美,跟你說話，感覺就像在學校裡,平常聊天一樣。,,1,248,10,1,0,0,0,0,0,,Translated
768,世以子,あはは～。, , ,Seiko,Ahahaha...,,,세이코,아하하~,,,世以子,啊哈哈～。,,,1,204,19,1,0,0,0,0,0,,Translated
769,直美,……ありがと。考えとく。, , ,Naomi,Thanks for your...advice. I'll think about it.,,,나오미,...... 고마워. 생각해 둘게.,,,直美,……謝謝。我會考慮的。,,,1,249,10,1,0,0,0,0,0,,Translated
770,世以子,（ニコッ）, , ,Seiko,Eheh.,,,세이코,(싱긋),,,世以子,（微笑）,,,1,205,19,1,0,0,0,0,0,,Translated
771,世以子,早く会えるといいね。, , ,Seiko,I hope we find him soon.,,,세이코,얼른 만났으면 좋겠다.,,,世以子,希望能早點見到他呢。,,,1,206,19,1,0,0,0,0,0,,Translated
772,直美,……うん。, , ,Naomi,Uh-huh.,,,나오미,... 응.,,,直美,……嗯。,,,1,250,10,1,0,0,0,0,0,,Translated
773,世以子,でも一方で、カレまでこんな酷い目に,遭ってなければ良かったのにって、, ,Seiko,"You kinda...don't, though, do you? You're thinking",about how you wish he didn't have to be put through,all of this.,세이코,하지만 한편으론 걔까지 이런 상황에,놓이게 된 게 잘 된 건지,,世以子,但另一方面，又希望他不要,遭遇這麼慘的事，,,1,207,19,1,0,0,0,0,0,,Translated
774,世以子,ここにいなければ良かったのにって,心配してるんだよね……直美。, ,Seiko,"You want to see him, but you wish you could rest","easy knowing that he's safe and sound back home,",rather than wandering around here. Am I right?,세이코,차라리 여기에 없었으면 어땠을까 하고,생각하고 있지...... 나오미.,,世以子,希望他不要在這裡……,你是在擔心這個吧……直美。,,1,208,19,1,0,0,0,0,0,,Translated
775,世以子,これって母性みたいなもの？　……深いわ～, , ,Seiko,Must be those maternal instincts of yours kicking,"in, huh? You're a deep one, to be sure...",,세이코,이런 걸 모성이라고 하던가? 사랑이네~,,,世以子,這算是母性嗎？……好深奧啊～,,,1,209,19,1,0,0,0,0,0,,Translated
776,直美,（軽い口調でよく見てるよね……この子。,　かなわないや）, ,Naomi,"(She may sound like an idiot, but she's right on",all counts. Guess there's no fooling Seiko...),,나오미,(말은 많으면서 제대로 본다니까...... 얘는.,못 당해내겠어),,直美,（嘴上輕浮，卻看得很透徹呢……這孩子。,　真拿她沒辦法）,,1,251,10,1,0,0,0,0,0,,Translated
777,直美,（さっきから結構辛くあたってるなあたし……,　あとで、謝らなきゃ）, ,Naomi,(I've been pretty curt with her since we got here.,I'll have to make sure I apologize later.),,나오미,(좀 전부터 계속 심하게 대한 것 같아......,나중에 사과해야겠다),,直美,（剛才我一直對她態度很差……,　之後得道歉才行）,,1,252,10,1,0,0,0,0,0,,Translated
778,世以子,……ゴクリ。, , ,Seiko,Mmmmm... *gasp* *gulp*,,,세이코,...... 꿀꺽,,,世以子,……咕嚕。,,,1,210,19,1,0,0,0,0,0,,Translated
779,直美,ゴクリて何？, , ,Naomi,"And what was that, exactly?",,,나오미,꿀꺽은 뭐야?,,,直美,咕嚕是什麼？,,,1,253,10,1,0,0,0,0,0,,Translated
780,世以子,すまねぇ、直美さんの尻ィ見てると,生唾が……, ,Seiko,"Heh, sorry. It's just that when I see dat ass o'","yours, I start to drooooool...",,세이코,"미안, 나오미의 엉덩이를 보고 있자니",군침이......,,世以子,抱歉，看到直美同學的屁股，,口水都流出來了……,,1,211,19,1,0,0,0,0,0,,Translated
781,直美,うん、意味わかんない。, , ,Naomi,...You are so weird.,,,나오미,"응, 뭐라는 건지 모르겠어.",,,直美,嗯，完全不懂你在說什麼。,,,1,254,10,1,0,0,0,0,0,,Translated
782,,　……おにぃ……ちゃぁーん……,　　……うぁーん,　　　　……うぁ ー ん,,Big brooootheeer...!,*sob* *sob*,,,  ...... 오...... 빠~,    ...... 우아앙~,        ...... 우아앙~,,　……哥……哥～,　　……嗚哇～,　　　　……嗚哇～,0,236,27,1,1,0,1,0,0,,Translated
783,直美,――また、由香ちゃんの声……！, , ,Naomi,...That was Yuka again!,,,나오미,또 유카의 목소리......!,,,直美,――又是由香的聲音……！,,,1,255,10,1,0,0,0,0,0,,Translated
784,世以子,聞こえたね……ちょっと見てくるよ。, , ,Seiko,I heard it too. I'll go take a look.,,,세이코,들렸지...... 잠깐 보고 올게.,,,世以子,聽到了呢……我去看一下。,,,1,212,19,1,0,0,0,0,0,,Translated
785,世以子,直美は、も少し休んでて？　すぐ戻るから。, , ,Seiko,"You stay here and rest, okay? I'll be back in a",jiffy!,,세이코,나오미는 좀 더 쉬고 있어. 금방 올 테니까.,,,世以子,直美你再多休息一下？我馬上回來。,,,1,213,19,1,0,0,0,0,0,,Translated
786,直美,心配だから、あたしも行くよ。, , ,Naomi,I don't think that's such a good idea. I should,go too.,,나오미,걱정되니까 나도 갈게.,,,直美,我擔心你，我也去。,,,1,0,11,1,0,0,0,0,0,,Translated
787,世以子,ん、ダイジョブだよ！　ちょっと待ってて？, , ,Seiko,"I insist! Don't worry, I'll be fine. Just keep dat","ass parked on dat bed, you got it?",,세이코,"음, 괜찮아! 여기 있어.",,,世以子,嗯，沒事的！等我一下？,,,1,214,19,1,0,0,0,0,0,,Translated
788,直美,え、でも……, , ,Naomi,"Well, but...",,,나오미,"에, 그치만......",,,直美,欸，可是……,,,1,1,11,1,0,0,0,0,0,,Translated
789,世以子,せっかくだし、もう少し休んでなよ。, , ,Seiko,"Look, your ankle's all dressed and feeling better,",right? Don't make it all for nothing!,,세이코,모처럼이니까 좀 더 쉬고 있어.,,,世以子,難得有機會，再多休息一下吧。,,,1,215,19,1,0,0,0,0,0,,Translated
790,直美,……うん、わかったわ……, , ,Naomi,...All right. I guess I'll stay here.,,,나오미,"...... 응, 알았어......",,,直美,……嗯，我知道了……,,,1,2,11,1,0,0,0,0,0,,Translated
791,直美,（……あ……ホントに楽になった……,　流石だなぁ、世以子）, ,Naomi,"(Mmmm, my ankle really does feel a lot better. Seiko",has a definite knack for caretaking.),,나오미,(아...... 정말 편해졌어......,역시나 세이코야),,直美,（……啊……真的舒服多了……,　不愧是世以子）,,1,3,11,1,0,0,0,0,0,,Translated
792,直美,ふう……, , ,Naomi,*sigh*,,,나오미,후우......,,,直美,呼……,,,1,4,11,1,0,0,0,0,0,,Translated
793,直美,（先生……みんな……哲志……,　どうしてるかな）, ,Naomi,(Ms. Yui...and the others...,...Satoshi...,...I wonder what they're all doing right now...),나오미,(선생님...... 다들...... 사토시......,뭘 하고 있을까),,直美,（老師……大家……哲志……,　不知道怎麼樣了）,,1,5,11,1,0,0,0,0,0,,Translated
794,直美,……人の気配がする……, , ,Naomi,...There's someone in there...,,,나오미,...... 사람의 기척이 느껴져......,,,直美,……有人的氣息……,,,1,110,11,1,0,0,0,0,0,,Translated
795,直美,……世以子が！ ……死んじゃう！, , ,Naomi,...Seiko! No...!,,,나오미,...... 세이코가......! 죽겠어!,,,直美,……世以子！ ……會死！,,,1,130,11,1,0,0,0,0,0,,Translated
796,直美,いやーーーーーっ！, , ,Naomi,Noooooooooo!,,,나오미,꺄아~~~~~!,,,直美,不要啊啊啊啊啊！,,,1,137,11,1,0,0,0,0,0,,Translated
797,直美,いや……　　　　　　　　, , ,Naomi,No...,,,나오미,싫어......,,,直美,不要……,,,1,138,11,1,1,0,0,0,0,,Translated
798,直美,いやぁぁーーーっ！　　　　　　　, , ,Naomi,NOOOOOOOOOOOOOO!!,,,나오미,꺄아아~~~!,,,直美,不要啊啊啊──！,,,1,139,11,1,0,0,0,0,0,,Translated
799,直美,……ううっ……, , ,Naomi,*sob*,,,나오미,...... 으윽......,,,直美,……嗚嗚……,,,1,140,11,1,0,0,0,0,0,,Translated
800,直美,……なんでよ！　なんで、首なんて吊るの……！, , ,Naomi,Why?! Why would you hang yourself?!,,,나오미,...... 뭐야! 왜 목을 맨 거야......!,,,直美,……為什麼！為什麼要上吊……！,,,1,141,11,1,0,0,0,0,0,,Translated
801,直美,……さっきまで 笑ってたじゃない……, , ,Naomi,You were smiling and laughing all this time...,,,나오미,...... 좀 전까진 웃고 있었으면서......,,,直美,……剛才明明還在笑的……,,,1,142,11,1,0,0,0,0,0,,Translated
802,直美,……一緒に……生きて、ここを出ようって,言ったじゃない……！, ,Naomi,Didn't you say we'd find a way out of here,together...?,,나오미,"...... 같이...... 살아서, 여길 나가자고",말했으면서......!,,直美,……不是說好……要一起活著離開這裡的嗎……！,,,1,143,11,1,0,0,0,0,0,,Translated
803,直美,……やめてよ……, , ,Naomi,Stop this...,,,나오미,...... 그만둬......,,,直美,……不要這樣……,,,1,144,11,1,0,0,0,0,0,,Translated
804,直美,一人に……しないでよぉ！, , ,Naomi,Don't leave me all by myself...!,,,나오미,날 혼자...... 두지 마!,,,直美,不要丟下我一個人……！,,,1,145,11,1,0,0,0,0,0,,Translated
805,直美,ヒクッ……グスッ　……っ返事してよぉ……！, , ,Naomi,*sob* *whimper*,Say something!!,,나오미,흑...... 훌쩍...... 대답 좀 해 봐......!,,,直美,嗚……吸……回我一句話啊……！,,,1,146,11,1,0,0,0,0,0,,Translated
806,直美,……ううぅ……　世以子……, , ,Naomi,Ooooooooaaaaah...,Seiko...,,나오미,...... 으으으...... 세이코......,,,直美,……嗚嗚……世以子……,,,1,160,11,1,0,0,0,0,0,,Translated
807,直美,……さっきの事……謝らせてよ……！, , ,Naomi,I want to apologize to you...for what I said...,,,나오미,...... 조금 전 일...... 사과하게 해줘......!,,,直美,……剛才的事……讓我道歉……！,,,1,161,11,1,0,0,0,0,0,,Translated
808,,ほんの数時間前、教室で楽しく笑ってたトモダチが、, , ,,"Up until just a few hours before, I was laughing and",playing in school with my best friend.,,,"몇 시간 전, 교실에서 즐겁게 웃던 친구가",,,,幾個小時前，還在教室裡開心笑著的朋友，,,,0,0,0,1,0,0,0,0,0,,Translated
809,,目の前で首を吊って絶命……こんな現実、,受け入れられるわけない。, ,,"Now, here she was, right in front of my eyes...","lifeless, hanging from a noose...",How could I possibly accept that as reality?!,,눈앞에서 목을 매고 죽다니...... 이런 현실을,어떻게 받아들이란 말야.,,,在眼前上吊身亡……這樣的現實，,怎麼可能接受。,,0,0,0,1,0,0,0,0,0,,Translated
810,直美,信じない……あたし……信じない。, , ,Naomi,...I can't believe this is real...,I refuse...to accept it...,,나오미,안 믿어...... 난...... 못 믿어.,,,直美,不相信……我……不相信。,,,1,162,11,1,0,0,0,0,0,,Translated
811,直美,信じない……！, , ,Naomi,It just...can't be...,,,나오미,못 믿는다고......!,,,直美,不相信……！,,,1,163,11,1,0,0,0,0,0,,Translated
812,, ,【Chapter2へ続く】,,, ,[Continued in Chapter 2],,,【Chapter2에서 계속】,,,,,【待續第二章】,,0,0,0,0,0,0,0,0,0,,Translated
813,,ｸｽｸｽ……,　ｷｬｧｯﾊﾊﾊ……, ,,Heeheehee...,      Heehee...,,,쿡쿡......,  꺄하하하......,,,嘻嘻……,　喀哈哈哈……,,0,32,22,1,1,0,1,0,0,,Translated
814,直美,……っ！？, , ,Naomi,?!,,,나오미,...... 윽!?,,,直美,……！？,,,1,147,11,1,0,0,0,0,0,,Translated
815,直美,う……ぁ, , ,Naomi,Ulllgh...,,,나오미,우...... 아,,,直美,嗚……啊,,,1,148,11,1,0,0,0,0,0,,Translated
816,,ｷｬﾊﾊﾊ……,　ｸｽｽｯ……, ,,Heeheehee...,    Hahaha...,        Eheh...,,꺄하하하......,  쿡쿡......,,,喀哈哈哈……,　嘻嘻……,,0,34,22,1,1,0,1,0,0,,Translated
817,直美,（子供の……霊……？　,　か、身体が動かない……！）, ,Naomi,(Child spirits?,...! I can't move!),,나오미,(어린아이...... 유령......?,"모, 몸이 안 움직여......!)",,直美,（孩子的……幽靈……？,　身、身體動不了……！）,,1,149,11,1,0,0,0,0,0,,Translated
818,直美,……ひ……ぃ……ッ,（声も……出せない……）, ,Naomi,Ahh...auuh...,(And...I can't even speak!),,나오미,...... 히...... 익......,(목소리도...... 안 나와......),,直美,……咿……呀……,（聲音也……發不出來……）,,1,150,11,1,0,0,0,0,0,,Translated
819,,怖い……怖い　,……怖い　怖い　怖い　怖い！, ,,(I'm scared...,"I'm scared! ...I'm really, really, really, really",scared!),,무서워...... 무서워,...... 무서워 무서워 무서워 무서워!,,,好可怕……好可怕,　……好可怕　好可怕　好可怕　好可怕！,,0,151,11,1,0,0,0,0,0,,Translated
820,＊,…………, , ,*,...,,,＊,............,,,＊,…………,,,1,33,22,1,0,0,0,0,0,,Translated
821,直美,あ……がッ, , ,Naomi,*chortle*,*choke*,,나오미,아...... 칵,,,直美,啊……咕,,,1,152,11,1,0,0,0,0,0,,Translated
822,,いつの間にか 直美の手に持たされた,大きな裁ち切り鋏（たちきりばさみ）が, ,,"Somehow or another, Naomi found herself with a large",pair of sewing scissors in her hand.,,,어느 샌가 나오미의 손에 들린,커다란 절단 가위가,,,不知何時被放到直美手中的,大把裁縫剪刀,,0,0,0,1,0,0,0,0,0,,Translated
823,,吸い込まれるように開かれて、,直美の口の中に押し込まれます……, ,,"Her mouth was agape, and she was lowering the opened",scissors into it as if intending to swallow them,whole.,,빨려 들어가듯,나오미의 입속으로 들어갑니다......,,,像是被吸進去一般地張開，,被塞入直美的口中……,,0,0,0,1,0,0,0,0,0,,Translated
824,直美,う……　ご……　かはッ、　,あが……, ,Naomi,*gasp* *gurgle*,,,나오미,으...... 윽...... 카학......,아악......,,直美,嗚……　咕……　咳……　,啊……,,1,153,11,1,0,0,0,0,0,,Translated
825,,ｸｽｸｽｸｽ……,　ｷｬﾊﾊﾊ……, ,,Ahahaha...,    Ahahaha...,        Hahaha...,,쿡쿡쿡......,  꺄하하하......,,,嘻嘻嘻……,　喀哈哈哈……,,0,35,22,1,1,0,1,0,0,,Translated
826,直美,（開かれたハサミの刃が奥歯にあたって、,　カキカキと音を立てている……）, ,Naomi,(I can feel the scissor blades clanging against my,"molars...and I can hear it, too...)",,나오미,(벌어진 가윗날이 어금니에 닿아,딱딱 소리를 내고 있어......),,直美,（張開的剪刀刀刃碰到臼齒，,　發出喀喀的聲響……）,,1,154,11,1,0,0,0,0,0,,Translated
827,直美,（……ん……）, , ,Naomi,Nlg...,,,나오미,(응......),,,直美,（……嗯……）,,,1,155,11,1,0,0,0,0,0,,Translated
828,直美,（……あれ？　何してるの……？　あたし……）, , ,Naomi,(...Wh...What...am I doing...?),,,나오미,(어라? 뭘 하는 거지......? 난......),,,直美,（……咦？在做什麼……？我……）,,,1,156,11,1,0,0,0,0,0,,Translated
829,直美,（……ハサミなんか口に入れ……　,　！？　勝手に　手が　動く……）, ,Naomi,(Why would I...try to swallow a pair of scissors...?,...?! My hand's moving on its own...!),,나오미,(가위 같은 걸 입 안에 넣고......,!? 손이 멋대로 움직여......),,直美,（……把剪刀放進嘴裡……,　！？手自己動起來了……）,,1,157,11,1,0,0,0,0,0,,Translated
830,直美,（嘘！　やめ……　ヒッ！）, , ,Naomi,(No! Stop! Ahh!),,,나오미,(거짓말! 그만...... 힉!),,,直美,（騙人！住手……　咿！）,,,1,158,11,1,1,0,0,0,0,,Translated
831,直美,……ッがァ！, , ,Naomi,AAAUUUGGH!!,,,나오미,...... 아악!,,,直美,……啊啊！,,,1,159,11,1,0,0,0,0,0,,Translated
832,,ｷｬﾊﾊ……　　　　　　,　ｸｽｸｽｸｽ……　　　　　　, ,,Ahaha...,    Haha...,       Haha...,,꺄하하......,  쿡쿡쿡......,,,喀哈哈……　　　　,　嘻嘻嘻……,,0,31,22,1,1,0,1,0,0,,Translated
833,直美,世以子ー？, , ,Naomi,Seiko...?,,,나오미,세이코~?,,,直美,世以子～？,,,1,212,10,1,0,0,0,0,0,,Translated
834,世以子,ん～？, , ,Seiko,Hmmmmmm?,,,세이코,응~?,,,世以子,嗯～？,,,1,151,19,1,0,0,0,0,0,,Translated
835,直美,あ、いや、いるならいいの。, , ,Naomi,"Ah, nothing. Just checking to make sure you're here.",,,나오미,"아, 아니, 있으면 됐어.",,,直美,啊，沒事，在就好。,,,1,213,10,1,0,0,0,0,0,,Translated
836,世以子,お待たせ～。 , , ,Seiko,Sorry for the wait!,,,세이코,기다렸지~,,,世以子,久等了～,,,1,152,19,1,0,0,0,0,0,,Translated
837,世以子,薬ありがとう、直美。……はい、握手。, , ,Seiko,"Thanks for the cream, Naomi.",...Put 'er there!,,세이코,"약 고마워, 나오미. 자, 악수.",,,世以子,謝謝你的藥，直美。……來，握手。,,,1,153,19,1,0,0,0,0,0,,Translated
838,直美,あ、うん。　,……あれ？　あそこ、開いたの？, ,Naomi,Uh...no problem.,"...Hey, wait! Was that stall open?",,나오미,"아, 응.","어라? 거기, 열렸어?",,直美,啊，嗯。,……咦？那邊，打開了？,,1,214,10,1,0,0,0,0,0,,Translated
839,世以子,ん？, , ,Seiko,Hmm?,,,세이코,응?,,,世以子,嗯？,,,1,154,19,1,0,0,0,0,0,,Translated
840,直美,さっきあそこの扉、開かなかったような,気がするんだけど, ,Naomi,I thought that stall was locked when we were in here,before...,,나오미,좀 전에 거기,안 열리던데,,直美,剛才那扇門，我記得,好像是打不開的……,,1,215,10,1,0,0,0,0,0,,Translated
841,世以子,そうだっけ……？　なんとなく,あの個室に入ったんだけど……, ,Seiko,Was it...? I didn't have any trouble getting in...,,,세이코,그랬나......?,그냥 들어가지던데......,,世以子,是嗎……？我就直接,走進去了……,,1,155,19,1,0,0,0,0,0,,Translated
842,直美,あ、うん。　,……ってアンタ手洗ってなくない？, ,Naomi,Huh. Oh well.,"...Hey, you didn't wash your hands, did you?!",,나오미,"아, 응.","어, 너 손 안 씻었지?",,直美,啊，嗯。,……話說妳沒洗手吧？,,1,216,10,1,0,0,0,0,0,,Translated
843,世以子,……ゴメ～, , ,Seiko,...My bad?,,,세이코,미안~,,,世以子,……抱歉～,,,1,156,19,1,0,0,0,0,0,,Translated
844,直美,ゴメ～じゃないでしょもう、バッチいな。, , ,Naomi,Don't you 'my bad' me! You're a walking biohazard!,,,나오미,"미안~ 은 무슨, 정말 더럽게.",,,直美,抱歉什麼啦，真髒。,,,1,217,10,1,0,0,0,0,0,,Translated
845,世以子,ひどーい。, , ,Seiko,"Aww, you're so mean!",,,세이코,너무해~,,,世以子,好過分～,,,1,157,19,1,0,0,0,0,0,,Translated
846,直美,……まいいや。ねぇ、世以子それより、, , ,Naomi,"...Fine, I guess I'll let you off the hook. We have","bigger things to worry about, after all.",,나오미,"뭐 됐어. 저기, 세이코 그것보다",,,直美,……算了。喂，世以子，比起那個，,,,1,218,10,1,0,0,0,0,0,,Translated
847,直美,今、外で由香ちゃんの声が聞こえたの。,多分、下の階……, ,Naomi,I actually just heard Yuka's voice out in the,hallway. I think it was coming from downstairs.,,나오미,방금 밖에서 유카 목소리가 들렸어.,"아마, 아래층......",,直美,剛才在外面聽到了由香的聲音。,大概是在樓下……,,1,219,10,1,0,0,0,0,0,,Translated
848,世以子,ホント？　行ってみようか。, , ,Seiko,Really?! Let's go check it out!,,,세이코,정말? 가볼까.,,,世以子,真的？去看看。,,,1,158,19,1,0,0,0,0,0,,Translated
849,直美,うん。, , ,Naomi,Right.,,,나오미,응.,,,直美,嗯。,,,1,220,10,1,0,0,0,0,0,,Translated
850,,強烈なアンモニア臭がたちこめています……, , ,,The smell of ammonia is almost staggering here.,,,,강렬한 암모니아 냄새가 자욱합니다......,,,,強烈的阿摩尼亞氣味瀰漫著……,,,0,0,0,1,0,0,0,0,0,,Translated
851,,蛇口をひねっても反応はありません…… , , ,,"Even turning the handle all the way, not a drop of",water emerges from the faucet.,,,수도꼭지를 돌려도 반응이 없습니다......,,,,轉動水龍頭也沒有反應……,,,0,0,0,1,0,0,0,0,0,,Translated
852,,長い髪の毛が排水口に絡まって、,汚水が溜まっています……, ,,The drain is completely stopped up with long strands,"of black hair, and the basin is filled with dirty",water.,,긴 머리카락이 배수구에 얽혀서,오수가 고여 있습니다......,,,長長的頭髮纏在排水口，,積滿了髒水……,,0,0,0,1,0,0,0,0,0,,Translated
853,,ゴボボボッ、と,蛇口から不快な音がしています……, ,,The faucet makes an unpleasant sound of clanging,"pipes when the handle is turned, but no water comes",out.,,수도꼭지에서 부글부글,불쾌한 소리가 들려 옵니다......,,,水龍頭發出咕嚕咕嚕的,不愉快聲音……,,0,0,0,1,0,0,0,0,0,,Translated
854,,開けるなぁぁぁぁぁぁぁぁぁ！！！, , ,,SHUT THE GODDAMNED DOOR!!,,,,열지마아아아아아아아아아!!!,,,,不准開門啊啊啊啊啊啊啊啊！！！,,,0,248,13,1,1,0,1,0,0,,Translated
855,世以子,な、何？　今の……, , ,Seiko,Wh-what the hell was that...?!,,,세이코,"뭐, 뭐야? 방금......",,,世以子,剛、剛才那是……？,,,1,145,19,1,0,0,0,0,0,,Translated
856,直美,…………, , ,Naomi,...,,,나오미,............,,,直美,…………,,,1,202,10,1,0,0,0,0,0,,Translated
857,直美,ほんとに聞こえたのか、幻聴なのか……, , ,Naomi,"That was either an actual voice, or an auditory",hallucination.,,나오미,"정말 들린 건지, 환청인지......",,,直美,到底是真的聽到了，還是幻聽……,,,1,203,10,1,0,0,0,0,0,,Translated
858,直美,わからなくなってきたよ……, , ,Naomi,And I really don't know which is more likely...,,,나오미,알 수가 없네......,,,直美,已經搞不清楚了……,,,1,204,10,1,0,0,0,0,0,,Translated
859,, ,　開けるなぁぁぁぁぁぁぁぁぁ！！！, ,,SHUT THE GODDAMNED DOOR!!,,,,열지마아아아아아아아아아!!!,,,,,　不准開門啊啊啊啊啊啊啊啊！！！,,0,248,13,1,1,1,1,0,1,,Translated
860,直美,な……何よ……？　……げ、幻聴？, , ,Naomi,Wh...what the hell? ...Am I...hearing things...?,,,나오미,"뭐...... 뭐야......? 화, 환청?",,,直美,什……什麼啊……？……幻、幻聽？,,,1,205,10,1,0,0,0,0,0,,Translated
861,, ,　開けるなぁぁぁぁぁぁぁぁぁ！！！, ,,SHUT THE GODDAMNED DOOR!!,,,,열지마아아아아아아아아아!!!,,,,,　不准開門啊啊啊啊啊啊啊啊！！！,,0,248,13,1,1,1,1,0,1,,Translated
862,直美,な……何よ……？　……げ、幻聴？, , ,Naomi,Wh...what the hell? ...Am I...hearing things...?,,,나오미,"뭐...... 뭐야......? 화, 환청?",,,直美,什……什麼啊……？……幻、幻聽？,,,1,205,10,1,0,0,0,0,0,,Translated
863,,扉が開きません。, , ,,It won't open.,,,,문이 열리지 않습니다.,,,,門打不開。,,,0,0,0,0,0,0,0,0,0,,Translated
864,直美,（何度も話しかけたら可哀想だよね……）, , ,Naomi,(I shouldn't keep bothering her while she's...,occupied...),,나오미,(몇 번이고 말을 걸면 불쌍한데......),,,直美,（一直跟她說話也太可憐了……）,,,1,0,0,1,0,0,0,0,0,,Translated
865,直美,世以子ー？, , ,Naomi,Seiko...?,,,나오미,세이코~?,,,直美,世以子～？,,,1,212,10,1,0,0,0,0,0,,Translated
866,世以子,ん～？, , ,Seiko,Hmm?,,,세이코,응~?,,,世以子,嗯～？,,,1,151,19,1,0,0,0,0,0,,Translated
867,直美,あ、いや、いるならいいの。, , ,Naomi,"Ah, nothing. Just checking to make sure you're here.",,,나오미,"아, 아니, 있으면 됐어.",,,直美,啊，沒事，在就好。,,,1,213,10,1,0,0,0,0,0,,Translated
868,,扉に鍵がかかっています。, , ,,The stall door is locked from the inside.,,,,문이 잠겨 있습니다.,,,,門鎖著。,,,0,0,0,1,0,0,0,0,0,,Translated
869,直美,……？（人の気配……）, , ,Naomi,...?,(Someone's definitely in there...),,나오미,......? (사람의 기척......),,,直美,……？（人的氣息……）,,,1,111,11,1,0,0,0,0,0,,Translated
870,直美,！, , ,Naomi,*gasp*,,,나오미,!,,,直美,！,,,1,112,11,1,0,0,0,0,0,,Translated
871,直美,！！, , ,Naomi,...!,,,나오미,!!,,,直美,！！,,,1,113,11,1,0,0,0,0,0,,Translated
872,直美,世以子！ 　　,……いやああああァァァ！　　　　　　　, ,Naomi,SEIKO!! NOOOOOO!!,,,나오미,세이코!,...... 꺄아아아아아아아!,,直美,世以子！ 　　,……啊啊啊啊啊啊！,,1,114,11,1,1,0,0,0,0,,Translated
873,直美,なんで！？　どうしてよ！, , ,Naomi,Why? WHY?!,,,나오미,뭐야!? 어째서!,,,直美,為什麼！？為什麼啊！,,,1,115,11,1,0,0,0,0,0,,Translated
874,直美,やだ……やだ！, , ,Naomi,No! NO!!,,,나오미,싫어...... 싫어!,,,直美,不要……不要！,,,1,116,11,1,0,0,0,0,0,,Translated
875,,　ク……ヒッ……,　ナ……オ……　……ミ……ッ, ,,*gurgle*,Na...o... ...mi...,,,크...... 힉......,나...... 오...... 미......,,,　咕……咿……,　直……美……　　,,0,29,20,1,1,0,0,0,0,,Translated
876,直美,……世以子！　生きてるの！？,今助けるから！, ,Naomi,"Seiko! You're alive?! Hold on, I'll get you down!",,,나오미,...... 세이코! 살아 있어!?,지금 구해줄게!,,直美,……世以子！你還活著嗎！？,我現在就救你！,,1,117,11,1,0,0,0,0,0,,Translated
877,直美,（グスッ、ズルッ）,　……く、首を……ほどいてあげないと……！, ,Naomi,*whimper*,I have to... ...her neck...,,나오미,"(스윽, 주륵)","모, 목을...... 풀어줘야 해......!",,直美,（吸、吸鼻子）,　……得、把脖子上的繩子解開……！,,1,119,11,1,0,0,0,0,0,,Translated
878,世以子,クﾞ……ゥゥゥ, , ,Seiko,*strangle*,,,세이코,윽...... 으으으,,,世以子,咕……嗚嗚嗚,,,1,31,20,1,0,0,0,0,0,,Translated
879,直美,ああぁ……ああぁ駄目、……身体引っ張っちゃう！, , ,Naomi,"Ahhh! No, no, no! That's just making it worse!",,,나오미,아아아...... 아아아 안 돼...... 몸이 당겨져!,,,直美,啊啊……啊啊不行，……身體被拉得更緊了！,,,1,120,11,1,0,0,0,0,0,,Translated
880,直美,何か…… 台！　足場になるもの……！, , ,Naomi,I need...a platform! Something for her to stand on!,,,나오미,뭔가...... 받침! 받침이 될 만한 걸......!,,,直美,有沒有……墊腳的東西……！,,,1,121,11,1,0,0,0,0,0,,Translated
881,世以子,カッ……, , ,Seiko,*strangle*,,,세이코,칵......,,,世以子,喀……,,,1,30,20,1,0,0,0,0,0,,Translated
882,直美,ああっ！　ごめ……！　あぁ……,どうすれば……ああぁ！, ,Naomi,"Ahhh! Sorry! ...Ooohh, what do I do? What do I do?!",*whimper*,,나오미,아앗! 미안......! 아아......,어쩌면 좋지...... 아아아!,,直美,啊啊！對不起……！啊啊……,該怎麼辦……啊啊！,,1,118,11,1,0,0,0,0,0,,Translated
883,,……高い位置に身体が吊られているので、,手をかけると逆に首が絞まってしまうようです……, ,,The noose around Seiko's neck is attached directly,"to the ceiling, and there's nothing at her feet. All",attempts to help are just strangling her further.,,몸이 높은 위치에 매달려 있어서,손을 대려고 하면 오히려 목이 조이는 모양입니다......,,,……身體被吊在高處，,伸手去碰反而會勒得更緊……,,0,0,0,1,0,0,0,0,0,,Translated
884,直美, ,世以子……！, ,Naomi,Seiko...!,,,나오미,,세이코......!,,直美,,世以子……！,,1,122,11,1,0,0,0,0,0,,Translated
885,直美,……ッあ！, , ,Naomi,...Ah!,,,나오미,...... 아!,,,直美,……啊！,,,1,123,11,1,0,0,0,0,0,,Translated
886,,……ゴキリ、と鈍い音が響き渡り,世以子は、ぱたりと脱力しました……, ,,"With one final gurgle deep in her throat, what",little color remained in Seiko's face was instantly,"drained, and her eyes rendered completely blank.",,"...... 덜컥, 하는 둔탁한 소리가 울리며",세이코는 힘을 잃고 축 늘어졌습니다......,,,……隨著「喀」一聲鈍響，,世以子癱軟無力……,,0,0,0,1,0,0,0,0,0,,Translated
887,,……小刻みに痙攣しながら、彼女の身体は,個室をゆらゆらと揺れています……, ,,"A few stray convulsions shook through her body, then",all was quiet. Seiko swung back and forth slowly in,"her noose, limp as a rag doll.",,찔끔찔끔 경련을 일으키는 그녀의 몸은,화장실 칸을 흔들흔들 흔들고 있습니다......,,,……她的身體微微抽搐著，,在隔間裡搖搖晃晃……,,0,0,0,1,0,0,0,0,0,,Translated
888,直美,ひ……　っ！ , , ,Naomi,Ee...,,,나오미,히...... 익!,,,直美,咿……！,,,1,124,11,1,0,0,0,0,0,,Translated
889,直美,世以子！　今助けるから……, , ,Naomi,Seiko! I'm right here!,,,나오미,세이코! 지금 구해줄게......,,,直美,世以子！我現在就救你……,,,1,131,11,1,0,0,0,0,0,,Translated
890,直美,――！, , ,Naomi,...,,,나오미,!!,,,直美,――！,,,1,132,11,1,0,0,0,0,0,,Translated
891,,（汚れたバケツ　を落としました）, , ,,The [Filthy Bucket] fell from Naomi's hands.,,,,(더러운 양동이를 떨어뜨렸습니다),,,,（弄掉了髒水桶）,,,0,0,0,1,0,0,0,0,0,,Translated
892,直美,――！, , ,Naomi,...,,,나오미,!!,,,直美,――！,,,1,132,11,1,0,0,0,0,0,,Translated
893,,……空ろな目をした世以子は,完全に脱力し、ゆらゆらと揺れていました…… , ,,"With blank eyes, Seiko swung back and forth slowly",in her noose. All life had been completely drained,from her face.,,...... 세이코는 멍한 눈으로,축 늘어져 흔들흔들 몸을 흔들고 있습니다......,,,……眼神空洞的世以子,完全癱軟，搖搖晃晃……,,0,0,0,1,0,0,0,0,0,,Translated
894,直美,あ……ァ　……あっ……！, , ,Naomi,Ahh...aahhh...ahhh...,,,나오미,아...... 아...... 악......!,,,直美,啊……啊……啊……！,,,1,133,11,1,0,0,0,0,0,,Translated
895,,錆びたバケツがある……, , ,,There's a rusty bucket here.,,,,녹슨 양동이가 있다......,,,,有個生鏽的水桶……,,,0,0,0,1,0,0,0,0,0,,Translated
896,直美,痛っ……！　くぅ……, , ,Naomi,Oof... That really hurt...,,,나오미,아얏......! 크으......,,,直美,好痛……！嗚……,,,1,81,10,1,0,0,0,0,0,,Translated
897,直美,足……大丈夫かな…… やばそう……, , ,Naomi,My ankle's...in pretty bad shape...,,,나오미,발...... 괜찮을까...... 위험하겠는데......,,,直美,腳……還好吧……不太妙……,,,1,82,10,1,0,0,0,0,0,,Translated
898,,■天神町奉知新聞■,“行方不明者ついに３名に”,,,[Heavenly Post],'Third Student Reported Missing',,,■ 텐진 지역 신문 ■,“행방불명자 기어이 3명으로”,,,■天神町奉知新聞■,「失蹤者終於達到三人」,,0,0,0,0,0,0,0,0,0,,Translated
899,,　相次ぐ天神＊＊校の 生徒児童の,　失踪事件に、ついに三人目の行方不明者が,　出てしまった。,,"One by one, the young students of Heavenly Host","__________ School seem to be disappearing, as now",a third student has joined the ranks of the missing.,,잇따르는 텐진***교의 아동,"실종 사건, 드디어 세 번째",행방불명자가 나왔다.,,　接連發生的天神＊＊校學生兒童,　失蹤事件，終於出現了第三名,　失蹤者。,0,0,0,0,0,0,0,0,0,,Translated
900,,　同級生の証言によると、５年生の,　＊＊＊＊んは下校時刻に、校内の渡り廊下で,　友人達と別れた後、その後の消息を絶った模様。,,Classmates testify that fifth-grader __________ was,"on her way home from school, but got separated from",her friends in the hall and hasn't been seen since.,,"동급생의 증언에 의하면, 5학년",****은 하교 시간에 교내 복도에서,"친구들과 헤어진 후, 소식이 끊긴 모양.",,　根據同班同學的證詞，五年級的,　＊＊＊＊在放學時間，於校內的走廊,　與朋友分開後，便失去了蹤影。,0,0,0,0,0,0,0,0,0,,Translated
901,,,,,,,,,,,,,,,,,-1,0,0,0,0,0,0,0,0,,Translated
902,,　警察は誘拐事件の可能性も視野に入れ、,　捜査員を増やし、一刻も早い解決に向けて,　捜索にあたっているが,,Police are investigating the possibility of a serial,kidnapping and have assigned countless investigators,to the case in hopes of a speedy resolution.,,경찰은 이것을 유괴 사건일 가능성이 있는 것으로 보고,"수사원을 늘려, 한시라도 빨리 해결할 수 있도록",수색에 총력을 다하고 있지만,,　警方也考慮到綁架案的可能性，,　增加搜查人員，以盡快解決事件,　為目標進行搜索，,0,0,0,0,0,0,0,0,0,,Translated
903,,　一人目の児童の失踪よりはや十日。,　未だ消息の知れない子供達の安否が ,　気遣われている……,,"However, ten days have already passed since the","first disappearance, giving parents and classmates",ample cause for concern.,,첫 번째 아동이 실종된 지 열흘.,여전히 소식을 알 수 없는 아이들의 안부가,걱정된다......,,　距離第一名兒童失蹤已過了十天。,　仍不知下落的孩子們的安危,　令人擔憂……,0,0,0,0,0,0,0,0,0,,Translated
904,,　頭が割れる……,　頭が割れる……, ,,My head is splitting...,It's unbearable...,,,머리가 깨진다......,머리가 깨진다......,,,　頭要裂開了……,　頭要裂開了……,,0,0,0,0,0,0,0,0,0,,Translated
905,,　頭が割れる,　頭が割れる,　頭が割れる,,I can't take it. I can't take it. I can't take it!,,,,머리가 깨진다,머리가 깨진다,머리가 깨진다,,　頭要裂開了,　頭要裂開了,　頭要裂開了,0,0,0,0,0,0,0,0,0,,Translated
906,,　ゆずはの死体を見つけたとき,　私わ大きな黒い影を見てしまった, ,,"When we found Yuzuha's body, I saw a black shadow.",,,,유즈하의 사체를 봤을 때,난 커다란 검은 그림자를 보고 말았다,,,　發現ゆずは的屍體時,　我看到了一個巨大的黑影,,0,0,0,0,0,0,0,0,0,,Translated
907,,　その事をみんなに　ゆわなかったから、,　みんなそいつに殺された, ,,"But I didn't tell anyone about it. And now, it's",killed them all.,,,그것을 모두에게 알리지 않아서,모두 그 녀석에게 죽임을 당했다,,,　因為沒有告訴大家這件事，,　大家都被那傢伙殺了,,0,0,0,0,0,0,0,0,0,,Translated
908,,　ごめん、みんな……,　ごめ、～～～～, ,,"I'm so sorry, everybody. I'm so sor--",,,,"미안, 얘들아......","미아, ~~~~",,,　對不起，大家……,　對不，～～～～,,0,0,0,0,0,0,0,0,0,,Translated
909,,　そこから下は夥しい血が付着していて,　読めません……, ,,(The lower half of the text is obscured by a thick,layer of dried blood.),,,그 다음부터는 다량의 피가 묻어 있어서,읽을 수 없습니다......,,,　從那裡開始沾染了大量血跡，,　無法閱讀……,,0,0,0,0,0,0,0,0,0,,Translated
910,,“一緒に行こうって……,　みんなと約束したのに……”, ,,'I told everyone...that I'd go with them...',,,,“같이 가자고......,  모두와 약속했는데......”,,,「說好要一起去的……,　明明和大家約定好了的……」,,0,0,0,1,0,0,0,0,0,,Translated
911,,“どうして……僕だけが,　置いて行かれるんだ……”, ,,'So why...have I been left behind...?',,,,“어째서...... 나만을,  남기고 가 버린 거야......”,,,「為什麼……只有我,　被留下來……」,,0,0,0,1,0,0,0,0,0,,Translated
912,,“……ｸﾙｼｨ,　 ……ｸﾙｼｨよ……”, ,,'...It hurts... It hurts so much...',,,,“...... 괴롭다,  괴로워......”,,,「……好痛苦,　 ……好痛苦啊……」,,0,0,0,1,0,0,0,0,0,,Translated
913,直美,色んな人達がここに連れて来られたって話は、,本当みたいだね……, ,Naomi,Looks like there really have been a lot of different,people brought here...,,나오미,여러 사람들이 여기에 왔다는 얘긴,정말인가봐......,,直美,有很多人被帶到這裡來的事，,看來是真的呢……,,1,227,10,1,0,0,0,0,0,,Translated
914,世以子,……なんとかなるよ、アハハ。, , ,Seiko,"...It'll work out for us, though. I'm sure of it!",Eheh...,,세이코,"...... 어떻게든 되겠지, 아하하.",,,世以子,……總會有辦法的，啊哈哈。,,,1,169,19,1,0,0,0,0,0,,Translated
915,世以子,アハハ……。, , ,Seiko,Ahaha...,,,세이코,아하하......,,,世以子,啊哈哈……。,,,1,170,19,1,0,0,0,0,0,,Translated
916,直美,…………。, , ,Naomi,...,,,나오미,............,,,直美,…………。,,,1,228,10,1,0,0,0,0,0,,Translated
917,,“一緒に行こうって……,　みんなと約束したのに……”, ,,'I told everyone...that I'd go with them...',,,,“같이 가자고......,  모두와 약속했는데......”,,,「說好要一起去的……,　明明和大家約定好了的……」,,0,0,0,1,0,0,0,0,0,,Translated
918,,“どうして……僕だけが,　置いて行かれるんだ……”, ,,'So why...have I been left behind...?',,,,“어째서...... 나만을,  남기고 가 버린 거야......”,,,「為什麼……只有我,　被留下來……」,,0,0,0,1,0,0,0,0,0,,Translated
919,,“……ｸﾙｼｨ,　 ……ｸﾙｼｨよ……”, ,,'...It hurts... It hurts so much...',,,,“...... 괴롭다,  괴로워......”,,,「……好痛苦,　 ……好痛苦啊……」,,0,0,0,1,0,0,0,0,0,,Translated
920,世以子,…………。, , ,Seiko,...,,,세이코,............,,,世以子,…………。,,,1,0,0,1,0,0,0,0,0,,Translated
921,世以子,……うう……, , ,Seiko,Ooh...,,,세이코,...... 우우......,,,世以子,……嗚嗚……,,,1,2,20,1,0,0,0,0,0,,Translated
922,世以子,お母さんがいない！　……お母さんがいない！, , ,Seiko,Mommy's gone! Mommy's gone!,,,세이코,엄마가 없어! 엄마가 없어!,,,世以子,媽媽不見了！……媽媽不見了！,,,1,3,20,1,0,0,0,0,0,,Translated
923,世以子,お父さん、お母さんがいなくなっちゃった！,……うぅ……っ　……あああぁぁぁーーん！, ,Seiko,"Daddy, I can't find Mommy anywhere!",...Ahh... Waaaaaaaaaaah!,,세이코,"아빠, 엄마가 사라졌어!",우우...... 윽...... 아아아아아아~~!,,世以子,爸爸，媽媽不見了！,……嗚……啊啊啊啊──！,,1,4,20,1,0,0,0,0,0,,Translated
924,世以子,あぁあぁああーーん……！, , ,Seiko,Aaaaaaaaaaaahhhh!!,,,세이코,아아아아아앙~~!,,,世以子,啊啊啊啊──！,,,1,5,20,1,0,0,0,0,0,,Translated
925,世以子,……ぐすっ。, , ,Seiko,*sniffle*,,,세이코,훌쩍.,,,世以子,……吸。,,,1,6,20,1,0,0,0,0,0,,Translated
926,世以子,……一人じゃ、色々考えちゃって駄目だなぁ……, , ,Seiko,"...When I'm by myself, I think of the stupidest",things...,,세이코,혼자 있으면 이것저것 생각하게 된단 말이지......,,,世以子,……一個人待著就會想東想西啊……,,,1,7,20,1,0,0,0,0,0,,Translated
927,,……ここから脱出したければ, , ,,If you wish to leave this place...,,,,여기에서 탈출하고 싶다면,,,,……想要逃離這裡的話,,,0,112,5,1,0,0,0,0,0,,Translated
928,,ここで死んだ、先の犠牲者達が遺した,メッセージを見逃さないことだ……, ,,...you must take heed of the messages left behind by,the many other victims who've died here...,,,여기에서 죽은 희생자들이 남긴,메시지를 놓치지 마라......,,,就不能錯過先前的犧牲者們,留下的訊息……,,0,113,5,1,0,0,0,0,0,,Translated
929,,校舎内の張り紙にも、思念が宿って,ダイイングメッセージが浮き出ている, ,,"Many victims have left their thoughts, or even their","dying messages, on the scraps of paper that litter",these walls...,,교사 안에 붙어 있는 종이에도 사념이 깃들어,다잉 메시지를 띄우고 있어,,,校舍內的貼紙上也寄宿著思念，,浮現出臨終遺言,,0,114,5,1,0,0,0,0,0,,Translated
930,,……ｸﾙｼｨ, ……ｸﾙｼｨよ……, ,,...It hurts... It hurts so much...,,,,...... 괴롭다,  괴로워......,,,……好痛苦,　……好痛苦啊……,,0,115,5,1,0,0,0,0,0,,Translated
931,直美,世以子、ほったらかしにしたら、可哀想かな……, , ,Naomi,I shouldn't leave Seiko by herself like that...,I don't think she can handle this without me...,,나오미,세이코를 혼자 놔두면 불쌍한데......,,,直美,把世以子丟在一邊，也太可憐了……,,,1,231,10,1,0,0,0,0,0,,Translated
932,世以子,…………, , ,Seiko,...,,,세이코,............,,,世以子,…………,,,1,19,20,1,0,0,0,0,0,,Translated
933,世以子,（……このまま……帰れないかも知れないんだ、,　やっぱり……）, ,Seiko,(We really might not ever make it back home,"again, huh...)",,세이코,"(이대로...... 돌아가지 못할지도 모르는 거구나,",역시......),,世以子,（也許……真的回不去了吧，,　果然……）,,1,20,20,1,0,0,0,0,0,,Translated
934,世以子,（悪い夢じゃなく……本当に……）, , ,Seiko,(This isn't a nightmare...,It's actually happening...),,세이코,(악몽이 아니라...... 진짜로......),,,世以子,（不是惡夢……是真的……）,,,1,21,20,1,0,0,0,0,0,,Translated
935,世以子,（だったら…………何かある前に……）, , ,Seiko,(I guess...before anything happens to either one,of us...),,세이코,(그렇다면...... 무슨 일이 생기기 전에......),,,世以子,（既然如此……在發生什麼之前……）,,,1,22,20,1,0,0,0,0,0,,Translated
936,世以子,（私の気持ち……言っとくべきかな……）, , ,Seiko,(...I should tell her...how I feel...),,,세이코,(내 마음을...... 말해야 하나......),,,世以子,（我的心情……應該說出來嗎……）,,,1,23,20,1,0,0,0,0,0,,Translated
937,世以子,（……なんちゃって～……,　ナイナイ。あり得ない）, ,Seiko,(...or not! There's really no way...it would ever,work out.),,세이코,(...... 그럴 리가~,없지 없어. 말도 안 돼),,世以子,（……開玩笑的～,　沒有沒有。不可能的）,,1,24,20,1,0,0,0,0,0,,Translated
938,世以子,（持田君に、……勝てるわけないし）, , ,Seiko,(Try as I might...I'd stand no chance against,Mochida!),,세이코,(모치다 군은...... 이길 수 없는걸),,,世以子,（畢竟……贏不了持田同學嘛）,,,1,25,20,1,0,0,0,0,0,,Translated
939,世以子,？……　誰か呼んでる……, , ,Seiko,...?,I think I just heard somebody calling out...,,세이코,? ...... 누가 부르고 있어......,,,世以子,？……有人在叫……,,,1,8,20,1,0,0,0,0,0,,Translated
940,,声のする方へ進みますか？, ,,,Follow the voice?,,,,목소리가 들린 쪽으로 가보겠습니까?,,,,要往聲音傳來的方向前進嗎？,,,0,0,0,0,0,0,0,0,0,,Translated
941,,はい,いいえ,,,Yes,No,,,네,아니오,,,是,否,,0,255,255,255,255,255,255,255,255,,Translated
942,,　…………, , ,,...,,,,............,,,,　…………,,,0,0,0,1,0,0,0,0,0,,Translated
943,世以子,…………。, , ,Seiko,...,,,세이코,............,,,世以子,…………。,,,1,26,20,1,0,0,0,0,0,,Translated
944,世以子,はじめて……だなぁ。, , ,Seiko,"That was...the first time, huh.",,,세이코,처음...... 이지.,,,世以子,第一次……呢。,,,1,27,20,1,0,0,0,0,0,,Translated
945,世以子,直美と……あんなふうに、ぶつかり合ったの……, , ,Seiko,The first time...I ever fought with Naomi like that.,,,세이코,나오미와...... 그런 식으로 부딪힌 건......,,,世以子,和直美……那樣吵架……,,,1,28,20,1,0,0,0,0,0,,Translated
946,直美,……はぁっ、はぁっ……, , ,Naomi,*pant* *pant*,,,나오미,"...... 하아, 하아......",,,直美,……呼、呼……,,,1,97,11,1,0,0,0,0,0,,Translated
947,直美,（一人になると、だんだん……,　さっきの恐怖がよみがえって）, ,Naomi,"(From the moment Seiko and I parted ways, the fear",I'd been harboring since I got here just kept,growing stronger and stronger.),나오미,"(혼자 있으면, 점점......",조금 전의 공포가 되살아나서),,直美,（一個人獨處時，漸漸地……,　剛才的恐懼又湧了上來）,,1,98,11,1,0,0,0,0,0,,Translated
948,直美,（何かに頭を支配されたように……,　理性を失ったあたしは）, ,Naomi,(I felt like something else was in my head...,like I was under some alien influence...),,나오미,(누군가에게 머리를 지배당한 것처럼......,이성을 잃은 나는),,直美,（像是被什麼控制了頭腦一樣……,　失去理性的我）,,1,99,11,1,0,0,0,0,0,,Translated
949,直美,（世以子を探して、校舎の中を走りまわった）, , ,Naomi,"(In my mentally distraught state, I ran all through","the building, frantically searching for Seiko.)",,나오미,(세이코를 찾아 교사 안을 달렸다),,,直美,（到處跑著尋找世以子）,,,1,100,11,1,0,0,0,0,0,,Translated
950,直美,（何度も何度も、名前を呼びながら……）, , ,Naomi,"(I just kept calling her name, over and over again.)",,,나오미,"(몇 번이고 몇 번이고, 이름을 부르면서......)",,,直美,（一次又一次，呼喊著她的名字……）,,,1,101,11,1,0,0,0,0,0,,Translated
951,,不思議なことに、この後何処を走ったのか、,記憶がすっぽりと抜け落ちていた――。, ,,"Strangely, I have no memory of where I went during","this time. I just ran as if in a daze, unaware of",and unconcerned with my surroundings.,,"신기하게도, 이후 어디를 달렸는지",기억이 완전히 날아가 있었다.,,,神奇的是，之後跑過哪些地方，,記憶完全空白――。,,0,0,0,1,0,0,0,0,0,,Translated
952,直美,（……気が付くと、あたしは、校舎の３階にいた）, , ,Naomi,"(When I finally came back to my senses, I found",myself standing in the third floor hallway.),,나오미,"(...... 정신을 차리고 보니, 나는 교사 3층에 있었다)",,,直美,（……回過神來，我已經在校舍的三樓）,,,1,42,11,1,0,0,0,0,0,,Translated
953,世以子,一階が駄目でも、二階にも非常口とかあるかも？,もいちど上の階見てみよ？, ,Seiko,"If the first floor is no good, maybe there's an",emergency exit on the second floor or something.,We should head back up and see.,세이코,"1층이 안 된다면, 2층에 비상구가 있을지도?",다시 한번 위층에 가보자.,,世以子,一樓不行的話，二樓也許有逃生口？,再上去看看吧？,,1,0,0,1,0,0,0,0,0,,Translated
954,直美,そうだね……, , ,Naomi,"Yeah, maybe...",,,나오미,그래......,,,直美,也是……,,,1,0,0,1,0,0,0,0,0,,Translated
955,,頭の中に、何者かの思念が入り込んで来ます……, , ,,Someone else's thoughts echo in your head:,,,,머릿속에 누군가의 사념이 들어옵니다......,,,,腦中傳來某人的思念……,,,0,0,0,1,0,0,0,0,0,,Translated
956,, 　……あの光は、,　じっと見張ってなきゃ逃げちゃうよ……, ,,"   ...If you don't keep a close eye on it, that",   light's going to run away from you...,,,...... 그 빛은,계속 지켜보고 있지 않으면 도망가 버려......,,,　……那道光，,　不一直盯著的話會跑掉哦……,,0,0,0,1,0,0,0,0,0,,Translated
957,,　場所をよく覚えて、,　その場に立って調べてごらん……, ,,   Pay attention to its location. Find the exact,"   spot where it once stood, and examine it",   thoroughly...,,장소를 기억해 뒀다가,그 자리에 서서 조사해 봐......,,,　記住位置，,　站在那個地方調查看看……,,0,0,0,1,0,0,0,0,0,,Translated
958,世以子,小っちゃい靴……, , ,Seiko,Such tiny shoes...,,,세이코,자그마한 신발......,,,世以子,好小的鞋子……,,,1,94,19,1,0,0,0,0,0,,Translated
959,世以子,ここ、やっぱり小学校の校舎なんだね。, , ,Seiko,"This really was an elementary school, huh...",,,세이코,여긴 역시 초등학교 교사였어.,,,世以子,這裡果然是學校的校舍呢。,,,1,95,19,1,0,0,0,0,0,,Translated
960,直美,ええ……, , ,Naomi,Yeah...,,,나오미,응......,,,直美,嗯……,,,1,136,10,1,0,0,0,0,0,,Translated
961,世以子,悠たち……お腹空かせてるかな……, , ,Seiko,Yuu and the others must be getting pretty hungry,by now.,,세이코,유우랑 동생들...... 배고프겠다......,,,世以子,悠他們……應該餓了吧……,,,1,96,19,1,0,0,0,0,0,,Translated
962,直美,……そっか、世以子ん家、今お父さん、,帰り遅いんだっけ。, ,Naomi,"Oh, yeah, I forgot. Your father's working late","tonight, isn't he...",,나오미,"...... 맞다, 세이코네 아버지",늦게 오시던가.,,直美,……對啊，世以子家現在，,爸爸很晚才下班吧。,,1,137,10,1,0,0,0,0,0,,Translated
963,世以子,うん。なんせほら、ウチ姉弟多いから家計がね。, , ,Seiko,"Yep. All those mouths to feed don't come cheap,",after all!,,세이코,응. 우리 집은 아이가 많아서 집안 사정이 안 좋으니까.,,,世以子,嗯。畢竟我家兄弟姊妹多，開銷大嘛。,,,1,97,19,1,0,0,0,0,0,,Translated
964,世以子,父さん頑張ってる間、私が主婦やんないとね……,たはは。, ,Seiko,"And while Dad's working to put some food in 'em,",I get to be the housefrau! Heheh...,,세이코,"아빠가 열심히 일하는 동안, 내가 집안일을 해야지.",하하하.,,世以子,爸爸努力工作的時候，我得當主婦才行呢……,啊哈哈。,,1,98,19,1,0,0,0,0,0,,Translated
965,直美,悠くん達、まだ小っちゃいもんね……, , ,Naomi,"Yeah, I guess Yuu and them are still just little","kids, so somebody would need to be around...",,나오미,"동생들, 아직 어렸지......",,,直美,悠他們還小呢……,,,1,138,10,1,0,0,0,0,0,,Translated
966,直美,世以子偉い。女子高生にしてお母さんだ。, , ,Naomi,"You're pretty amazing, Seiko. High-schooler and mom,",all rolled into one!,,나오미,세이코 장하다. 여고생인데 엄마야.,,,直美,世以子真了不起。又是女高中生又是媽媽。,,,1,139,10,1,0,0,0,0,0,,Translated
967,世以子,なんかソレ、微妙？, , ,Seiko,...I'm not sure how I feel about that statement.,,,세이코,"뭔가 그거, 조금 묘한데?",,,世以子,總覺得這話有點微妙？,,,1,99,19,1,0,0,0,0,0,,Translated
968,直美,あははっ, , ,Naomi,Hahaha...,,,나오미,아하하,,,直美,啊哈哈,,,1,140,10,1,0,0,0,0,0,,Translated
969,世以子,早く帰ってあげないと……, , ,Seiko,"I just have to get back to them, though!",,,세이코,얼른 돌아가야 해......,,,世以子,得快點回去才行……,,,1,100,19,1,0,0,0,0,0,,Translated
970,世以子,てか直美もだよね、お母さん一人で待ってる。, , ,Seiko,"Guess it's the same for you, too. Your mom's","waiting for you, Naomi.",,세이코,나오미도 엄마 혼자 기다리고 있고.,,,世以子,直美也是吧，媽媽一個人等著。,,,1,101,19,1,0,0,0,0,0,,Translated
971,世以子,……絶対帰ろうね、直美。なんとかなるよ！, , ,Seiko,But we'll make it back. I know we will. One way,or another...we'll get out of this place!,,세이코,"...... 꼭 돌아가자, 나오미. 어떻게든 될 거야!",,,世以子,……一定要回去哦，直美。總有辦法的！,,,1,102,19,1,0,0,0,0,0,,Translated
972,直美,ええ！, , ,Naomi,You bet!,,,나오미,응!,,,直美,嗯！,,,1,141,10,1,0,0,0,0,0,,Translated
973,,【玄関】,　重い扉はドシリと閉じられ、,　開けられそうにありません。,,[Entranceway],"The heavy door is firmly shut, and seems unlikely",(or unwilling) to open through any normal means.,,【현관】,무거운 문은 꽉 닫혀,열릴 기미도 없습니다.,,【玄關】,　沉重的門緊閉著，,　似乎無法打開。,0,0,0,0,0,0,0,0,0,,Translated
974,直美,（どうしよう……他に出口と言ったって……）, , ,Naomi,(What now? This is the most obvious means,"of exiting the school. If it's no good, then",what chance do we have anywhere else...?),나오미,(어쩌지...... 여기 말고 출구는......),,,直美,（怎麼辦……就算有別的出口……）,,,1,0,0,1,1,0,0,0,0,,Translated
975,直美,うん……ッ……！, , ,Naomi,...Urrgh...,,,나오미,으응...... 으......!,,,直美,嗯……！,,,1,142,10,1,1,0,0,0,0,,Translated
976,直美,……はぁ、駄目だわ……, , ,Naomi,Oof!,...No good. It won't budge.,,나오미,"...... 하아, 안 열리네......",,,直美,……呼，不行……,,,1,143,10,1,0,0,0,0,0,,Translated
977,直美,力ずくで、開く感じじゃないみたい……, , ,Naomi,"Didn't feel like it gave at all, in fact. I don't",think we'll be able to force it open.,,나오미,힘으로 열릴 게 아닌 것 같아......,,,直美,看來不是靠蠻力能打開的……,,,1,144,10,1,0,0,0,0,0,,Translated
978,世以子,ん～、せっかく玄関まで来たのにね……,別の出口探してみよっか。, ,Seiko,"Maaan... So close, and yet so far!","Well, guess we'd better look for another way out.",,세이코,으응~ 겨우 현관까지 왔는데......,다른 출구를 찾아볼까.,,世以子,嗯～好不容易來到玄關呢……,找找別的出口吧。,,1,103,19,1,0,0,0,0,0,,Translated
979,直美,そうだね……, , ,Naomi,Yeah...,,,나오미,그래......,,,直美,也是……,,,1,145,10,1,0,0,0,0,0,,Translated
980,,【地下室】,　扉は釘で打ちつけてあり、,　開きそうにありません。,,[Basement],The door is nailed shut. It definitely won't be,opening anytime soon.,,【지하실】,문은 못이 박혀,꿈쩍도 하지 않습니다.,,【地下室】,　門被釘住了，,　打不開。,0,0,0,1,0,0,0,0,0,,Translated
981,,“何人も立ち入りを禁ず”,　　　　　【天神小学校校長：柳堀隆峰】 , ,,Do not enter under any circumstances.,                    -Principal Takamine Yanagihori,,,“누구든 입장을 금한다”,        【텐진초등학교 교장 : 야나기호리 타카미네】,,,「禁止任何人進入」,　　　　　【天神小學校校長：柳堀隆峰】,,0,0,0,1,0,0,0,0,0,,Translated
982,,【４のＡ】,　扉は空間に固定されており、動きません。, ,,[Classroom 4-A],"The door seems attached to the wall, like a",sculpture. It won't budge in the slightest.,,【4-A】,문은 공간에 고정되어 움직이지 않습니다.,,,【４年Ａ班】,　門固定在空間裡，動也不動。,,0,0,0,0,0,0,0,0,0,,Translated
983,,【用務員室】,　扉は、模型のようにガチリと壁に固定され,　開ける事が出来ません。,,[Custodian's Closet],The door is affixed to the wall like a decoration.,It won't open.,,【수위실】,문은 모형처럼 벽에 고정되어,열리지 않습니다.,,【校工室】,　門像模型一樣固定在牆上，,　無法打開。,0,0,0,0,0,0,0,0,0,,Translated
984,,　……部屋の中から、つけっ放しにされた,　ＴＶのノイズ音が聞こえます……, ,,"There's an erratic noise, like that of TV static,",coming from within.,,,...... 방 안에 틀어 둔,TV의 소음이 들려옵니다......,,,　……從房間裡傳來,　電視沒關的雜訊聲……,,0,0,0,0,0,0,0,0,0,,Translated
985,,　半分白骨化した遺体が、床に横たわっています。,　名札は付けていません……, ,,There's a partially-bleached skeleton sprawled,"across the floor. Unfortunately, there doesn't",seem to be any sort of name tag this time.,,반쯤 백골이 된 유해가 바닥에 누워 있습니다.,명찰은 없습니다......,,,　半成白骨的遺體躺在地上。,　沒有掛名牌……,,0,0,0,0,0,0,0,0,0,,Translated
986,,　腐汁をたっぷり吸い込んだ制服や,　散乱している髪の毛の長さから、,　女生徒の亡骸のようです……,,Based on the gore-soaked remains of the uniform and,"the length of the hairs scattered around the head,",it's safe to say this was a female student.,,시체 썩은 물을 듬뿍 빨아들인 교복과,흩어져 있는 머리카락을 보건대,여학생의 유해인 모양입니다......,,　從吸滿腐液的制服和,　散落的頭髮長度來看，,　似乎是女學生的遺體……,0,0,0,0,0,0,0,0,0,,Translated
987,,　ほぼ全体が白骨化した、,　女生徒の遺体が床に倒れています……, ,,The mostly-bleached skeletal remains of a female,student lie sprawled across the floor.,,,거의 전체가 백골화된,여학생의 유해가 바닥에 쓰러져 있습니다......,,,　幾乎完全白骨的,　女學生遺體倒在地上……,,0,0,0,0,0,0,0,0,0,,Translated
988,,　天井にも骨や服の欠片が ぶら下がっている事から、,　２階から落ちて砕けた遺体のようです。, ,,Loose bones and scraps of clothing are dangling from,"a hole in the ceiling above the body, suggesting she",fell to her death from the second floor.,,천장에도 뼈와 옷 조각이 있는 것을 볼 때,2층에서 떨어져 깨진 유해인 모양입니다.,,,　天花板上也掛著骨頭和衣服碎片，,　似乎是從二樓摔下碎裂的遺體。,,0,0,0,0,0,0,0,0,0,,Translated
989,,　よくみると、制服に名札がついています……, , ,,"Upon closer inspection, there's a student ID name",tag attached to what's left of her uniform.,,,잘 보니 교복에 명찰이 달려 있습니다......,,,,　仔細一看，制服上掛著名牌……,,,0,0,0,0,0,0,0,0,0,,Translated
990,,　２階から落ちて砕けた遺体があります……,　よく見ると名札があります。 , ,,Skeletal remains of a female student lie sprawled,across the floor. She seems to have fallen from the,second story. A name tag is visible on her uniform.,,2층에서 떨어져 깨진 유해가 있습니다......,잘 보니 명찰이 있습니다.,,,　從二樓摔下碎裂的遺體……,　仔細看有名牌。,,0,0,0,0,0,0,0,0,0,,Translated
991,,聖清女子学院,Ⅰ-2　三上ゆずは, ,,Seikiyo Joshi Gakuin,  I-2: Yuzuha Mikami , ,,쇼세이여자학원,Ⅰ-2 미카미 유즈하,,,聖清女子學院,Ⅰ-2　三上ゆずは,,0,0,0,0,0,0,0,0,0,,Translated
992,,　中高生くらいの大きさの人骨が,　床に横たわっています……,　よく見ると名札があります。,,There are skeletal remains sprawled across the floor,"here, small enough to be a middle-schooler. Looking","closely, you can see a student ID name tag.",,중고등학생 정도 되는 사람의 뼈가,바닥에 누워 있습니다......,잘 보니 명찰이 있습니다.,,　大約國高中生大小的人骨,　躺在地上……,　仔細看有名牌。,0,0,0,0,0,0,0,0,0,,Translated
993,,　握り締められ、くしゃくしゃになった紙が,　数枚、落ちています……, ,,There are several crumpled sheets of paper on the,floor next to the body. They seem to have been,dropped by the victim at the time of death.,,꽉 쥐어서 구겨진 종이가,몇 장 떨어져 있습니다......,,,　有幾張被緊握著、揉皺的紙,　掉在地上……,,0,0,0,0,0,0,0,0,0,,Translated
994,,”仲良し４人組 本日活動日！,　放課後、校門裏で集合だよ　　恋都”, ,, 'We four noble musketeers begin today! Let's meet,  behind the main gate after school!     -Koito',,,“사이 좋은 4인조 오늘 활동일!,"방과 후, 교문 뒤에 집합이야     코이토”",,,「好朋友四人組 今日活動日！,　放學後在校門後面集合哦　　恋都」,,0,0,0,0,0,0,0,0,0,,Translated
995,,”５のＡの教室にいるよ。みんな無事だよ、,　ゆずはも来て！　　あすか”, ,," 'I'm in classroom 5-A. Everybody's fine. Yuzuha,",  come join us!       -Asuka',,,“5-A 교실에 있어. 다들 무사해,유즈하도 와!   아스카”,,,「在５年Ａ班的教室。大家都沒事，,　ゆずは也來！　　明日香」,,0,0,0,0,0,0,0,0,0,,Translated
996,,　床に、書き置きが残されています。, , ,,There's a hand-written letter on the floor.,,,,바닥에 메모가 남겨져 있습니다.,,,,　地上留有一張便條。,,,0,0,0,0,0,0,0,0,0,,Translated
997,,　……ねえさま……私はもう駄目です……,　切断された足首の腱(けん)から、血が,　止まりません。,,"I'm a goner, sis. The tendons in my ankle have been",cut really bad. The bleeding just won't stop!,,,...... 언니...... 저는 이제 틀린 것 같습니다......,절단된 발목 인대에서,피가 멈추지 않습니다.,,　……姊姊……我已經不行了……,　被切斷的腳踝肌腱，血,　止不住。,0,0,0,0,0,0,0,0,0,,Translated
998,,　……せめて、ねえさまは,　生き延びてください……, ,,"Please, don't give up. I want you to keep living",for both of us.,,,...... 하다못해 언니는,살아남아 주세요......,,,　……至少，請姊姊,　活下去……,,0,0,0,0,0,0,0,0,0,,Translated
999,,　私の調べた事を、ここに記しておきます。, , ,,I'm going to document everything I've learned so,"far, in the hope that you can use this information",to help keep yourself safe.,,제가 조사한 것을 여기에 남깁니다.,,,,　我把調查到的事情記在這裡。,,,0,0,0,0,0,0,0,0,0,,Translated
1000,,　……ひとつ……,　この校舎の外へと面している窓や扉、壁などは,　動かす事も壊す事も出来ませんが、,,"First: All the windows, doors and outside walls of",this school are completely immovable. You can't open,them...can't break them...can't bust them down.,,...... 첫 번째......,"이 교사 밖에 접해 있는 창문과 문, 벽은",움직일 수도 부술 수도 없지만,,　……第一……,　面向校舍外側的窗戶、門、牆壁等，,　既無法移動也無法破壞，,0,0,0,0,0,0,0,0,0,,Translated
1001,,　廊下側の教室の窓など、内にあるそれらには、,　ある程度は影響を与える事が出来る。, ,,"Anything that doesn't lead outside the school,",though -- like the hall windows in the classrooms --,can be affected to some extent or another.,,"복도 쪽에 있는 교실 창문 등, 안쪽에 있는 것은",어느 정도 영향을 줄 수 있다.,,,　但走廊一側的教室窗戶等，內側的這些，,　則可以在一定程度上產生影響。,,0,0,0,0,0,0,0,0,0,,Translated
1002,,　……ふたつ……,　校舎内の至る所にいる霊魂・……これらには、,　生者と同じで、良き者と悪しき者とがいる……,,Second: Just as some people are inherently good- or,"bad-natured, some of the ghosts in here are good,",while others are quite nasty.,,...... 두 번째......,교사  내에 있는 영혼...... 이들 중에는,산 사람과 같이 좋은 사람과 나쁜 사람이 있다......,,　……第二……,　校舍內到處都有靈魂……這些靈魂中，,　和活人一樣，有善靈也有惡靈……,0,0,0,0,0,0,0,0,0,,Translated
1003,,　穏やかで優しい心の魂は、,　静かに蒼く光を灯しています……, ,,The more kind and gentle spirits shed a pale blue,light...,,,온화하고 자상한 혼은,은은한 푸른 빛을 발하고 있다......,,,　溫和善良的靈魂，,　靜靜地散發著藍色的光芒……,,0,0,0,0,0,0,0,0,0,,Translated
1004,,　しかし、悪い性質の魂は、,　血のように赤い、炎のような光を宿しています……, ,,"...while the less savory types appear in blood-red,",and glow like fire.,,,그러나 나쁜 성질을 가진 혼은,"피처럼 붉은, 불꽃 같은 빛을 발한다......",,,　然而，惡質的靈魂，,　則散發著如血般赤紅的、火焰般的光芒……,,0,0,0,0,0,0,0,0,0,,Translated
1005,,　……痛い……, , ,,...It hurts...,,,,...... 아파......,,,,　……好痛……,,,0,0,0,0,0,0,0,0,0,,Translated
1006,,　……鋏（はさみ）で踵の腱を切られた痛みが……,　足がなくなってしまえばいいのにと思うほど,　痛みます……,,Having the tendons in the heels of your feet sliced,out is so excruciating...I'd rather my feet be cut,off altogether than have to bear this pain...,,...... 가위로 발뒤꿈치를 잘린 아픔이......,차라리 발이 없었으면 좋겠다는 생각이 들 정도로,아픕니다......,,　……被剪刀切斷腳跟肌腱的疼痛……,　痛到我寧願腳整個不見……,,0,0,0,0,0,0,0,0,0,,Translated
1007,,　死ねば、この酷い痛みも感じなくなるのが……,　今は、せめてもの心の救いです……けれど, ,,My only solace...is knowing that when I die...it'll,stop hurting...,,,죽어서 더 이상 이 아픔을 느끼지 않게 되는 것이......,그나마 작은 위안이 됩니다...... 하지만,,,　死了之後，就不用再感受這劇痛了……,　這是我現在唯一的心靈慰藉……但是,,0,0,0,0,0,0,0,0,0,,Translated
1008,,　……ねえさま……会いたい……,　……もういちど、優しく抱きしめて欲しい……, ,,...but sis...before I go...I want to see you one,more time...,...I want to hug you...,,...... 언니...... 보고 싶어요......,"...... 다시 한 번, 상냥하게 안아줬으면......",,,　……姊姊……好想見你……,　……好想再被你溫柔地擁抱……,,0,0,0,0,0,0,0,0,0,,Translated
1009,,　……ねえさま……一人で死ぬのは寂しいです。,　……ねえさま……死ぬのは……怖いです。, ,,"I don't want to die alone, sis...",I don't want to die at all...,I'm scared...,,...... 언니...... 혼자 죽는 건 쓸쓸해요.,...... 언니...... 죽는 건...... 무서워요.,,,　……姊姊……一個人死好寂寞。,　……姊姊……死……好可怕。,,0,0,0,0,0,0,0,0,0,,Translated
1010,,　ねえさ＊＊＊　＊＊＊＊,　＊＊＊＊＊＊＊, ,,My dear sis____ __________,_______,,,언*** ****,*******,,,　姊＊＊＊　＊＊＊＊,　＊＊＊＊＊＊＊,,0,0,0,0,0,0,0,0,0,,Translated
1011,,そこから先は、文字が乱れて読めません。, , ,,(The increasingly-messy lettering on the paper,becomes completely illegible at this point.),,,그 다음은 글자가 삐뚤어져서 읽을 수 없습니다.,,,,從那裡開始，文字雜亂，無法閱讀。,,,0,0,0,0,0,0,0,0,0,,Translated
1012,,　……せめて、ねえさまは　生き延びて……, , ,,"...Live, sister. Live for us both...",,,,...... 하다못해 언니는 살았으면......,,,,　……至少，請姊姊活下去……,,,0,0,0,0,0,0,0,0,0,,Translated
1013,,　……早く……痛みから　解放されたい……, , ,,...I just want...to be freed from this pain...,,,,...... 어서...... 이 아픔으로부터 해방되고 싶어......,,,,　……快點……想從痛苦中解脫……,,,0,0,0,0,0,0,0,0,0,,Translated
1014,世以子,はぁっ、はぁっ、はぁ……, , ,Seiko,*pant* *pant*,,,세이코,"하아, 하아, 하아......",,,世以子,呼、呼、呼……,,,1,117,19,1,0,0,0,0,0,,Translated
1015,直美,けほっ、けほ……　だ、大丈夫？　世以子。, , ,Naomi,"*cough* A-Are you all right, Seiko?",,,나오미,"콜록, 콜록...... 괘, 괜찮아? 세이코.",,,直美,咳咳、咳……沒、沒事吧？世以子。,,,1,169,10,1,0,0,0,0,0,,Translated
1016,世以子,う、うん……それよりさっきの、子供？　幽霊？, , ,Seiko,Y-Yeah...but what the hell was that? A child...,spirit?,,세이코,"으, 응...... 그것보다 방금 그거, 어린애? 유령?",,,世以子,嗯、嗯……比起那個，剛才那孩子？幽靈？,,,1,118,19,1,0,0,0,0,0,,Translated
1017,直美,ぼんやり光ってたよね……, , ,Naomi,It...did kind of...glow...,,,나오미,살짝 빛나던데......,,,直美,隱隱約約在發光呢……,,,1,170,10,1,0,0,0,0,0,,Translated
1018,直美,幽霊とかなんとか……信じられないんだけど……！, , ,Naomi,I never believed in ghosts before...,,,나오미,유령 같은 건...... 안 믿지만......!,,,直美,幽靈什麼的……雖然不想相信……！,,,1,171,10,1,0,0,0,0,0,,Translated
1019,直美,……ホントに現実なの？　これ……, , ,Naomi,...Is this really happening?,,,나오미,...... 정말 현실이야? 이거......,,,直美,……這真的是現實嗎？這一切……,,,1,172,10,1,0,0,0,0,0,,Translated
1020,世以子,でも……人魂とかいたし……,……あんなの初めて見た。, ,Seiko,There were...definitely ghosts in there.,First time I've ever seen something like that!,,세이코,그치만...... 도깨비불도 있었고......,...... 그런 건 처음 봤어.,,世以子,可是……確實有鬼火……,……那種東西還是第一次看到。,,1,119,19,1,0,0,0,0,0,,Translated
1021,直美,世以子も、見たんだよね……, , ,Naomi,"So you saw it too, right...?",,,나오미,세이코도 봤지......,,,直美,世以子也看到了吧……,,,1,173,10,1,0,0,0,0,0,,Translated
1022,世以子,うん……。 話もした……, , ,Seiko,Yeah...and we were talking to it...,,,세이코,응...... 얘기도 나눴고......,,,世以子,嗯……還說了話……,,,1,120,19,1,0,0,0,0,0,,Translated
1023,直美,わけ、わからない……！, , ,Naomi,I just...don't understand any of this!,,,나오미,뭐가 뭔지 모르겠어......!,,,直美,完全搞不懂……！,,,1,174,10,1,0,0,0,0,0,,Translated
1024,直美,けど……ただ校舎を出れば家に帰れる……なんて、, , ,Naomi,Except...that there's no easy way out for us...,,,나오미,"그치만, 그저 여길 나가기만 하면 집으로 갈 수 있는",,,直美,但是……只要走出校舍就能回家……這種,,,1,175,10,1,0,0,0,0,0,,Translated
1025,直美,簡単な状況じゃないのは……確か、なのかも……, , ,Naomi,Like it or not...we're stuck in here...,,,나오미,그런 간단한 상황이 아닌 건...... 분명한 것 같아......,,,直美,簡單的情況……似乎不是這樣……,,,1,176,10,1,0,0,0,0,0,,Translated
1026,世以子,……だ、大丈夫だよ！　明るく行こうよ、ね、ね？, , ,Seiko,...It-it'll be okay! Let's just...you know...march,on with our heads held high...or something!,,세이코,"...... 괘, 괜찮아! 밝게 가자, 응, 응?",,,世以子,……沒、沒事的！樂觀一點吧，對吧？,,,1,121,19,1,0,0,0,0,0,,Translated
1027,世以子,ぎゃぁ！　なな、何これ……！！, , ,Seiko,AAAAAAHHH!!,Oh-oh God! What the hell is this?!,,세이코,"꺄아! 뭐뭐, 뭐야 이건......!!",,,世以子,呀！這、這是什麼……！！,,,1,139,19,1,0,0,0,0,0,,Translated
1028,直美,……っ！？　気持ち悪い……, , ,Naomi,*gasp*,It's...horrifying...,,나오미,...... 윽!? 기분 나빠......,,,直美,……！？好噁心……,,,1,198,10,1,0,0,0,0,0,,Translated
1029,世以子,なんか……壁に思いっきり、, , ,Seiko,It's like...somebody was thrown from the other end,of the hall...at superhuman speed...,,세이코,뭔가...... 벽에 힘껏,,,世以子,好像……被狠狠砸在牆上，,,,1,140,19,1,0,0,0,0,0,,Translated
1030,世以子,向こうから叩き付けられて、潰れた死体っぽい。, , ,Seiko,...and just...splattered...everywhere...,,,세이코,"저쪽에서 날아와 부딪혀서, 짜부러진 사체 같아.",,,世以子,從對面被砸過來，壓扁的屍體。,,,1,141,19,1,0,0,0,0,0,,Translated
1031,世以子,うわ……生臭い……, , ,Seiko,"Ulgh, it smells so...meaty...",,,세이코,우와...... 비린내......,,,世以子,哇……好腥……,,,1,142,19,1,0,0,0,0,0,,Translated
1032,直美,う……ぷ。, , ,Naomi,*gulp*,,,나오미,우...... 욱.,,,直美,嗚……噁。,,,1,199,10,1,0,0,0,0,0,,Translated
1033,世以子,！　ごめん……だ、大丈夫、直美？, , ,Seiko,...! S-Sorry! Are you okay...Naomi?,,,세이코,"! 미안...... 괘, 괜찮아? 나오미.",,,世以子,！抱歉……沒、沒事吧，直美？,,,1,143,19,1,0,0,0,0,0,,Translated
1034,直美,だ、大丈夫……平気。, , ,Naomi,I'm... I'm fine...,,,나오미,"괘, 괜찮아...... 문제없어.",,,直美,沒、沒事……還好。,,,1,200,10,1,0,0,0,0,0,,Translated
1035,直美,は、離れましょ。……けほっ、けほっ, , ,Naomi,Let's just...get away from here...,*cough* *cough*,,나오미,"가, 가자. 콜록, 콜록.",,,直美,離、離開吧。……咳咳、咳咳,,,1,201,10,1,0,0,0,0,0,,Translated
1036,世以子,うん。, , ,Seiko,Okay.,,,세이코,응.,,,世以子,嗯。,,,1,144,19,1,0,0,0,0,0,,Translated
1037,世以子,ぎゃぁ！, , ,Seiko,OH GOD!,,,세이코,꺄아!,,,世以子,呀！,,,1,164,19,1,0,0,0,0,0,,Translated
1038,世以子,ふふふ踏んだぁ！, , ,Seiko,I think I stepped in it...!,,,세이코,바바바밟았다아!,,,世以子,踩踩踩到了！,,,1,165,19,1,0,0,0,0,0,,Translated
1039,直美,うぇ、ほんと？　……拭きなよ、ティッシュで……, , ,Naomi,"Eww, you did? ...H-Here, I've got some tissues.",Maybe you can...wipe it off...,,나오미,"우에, 정말? 자, 이걸로 닦아......",,,直美,噁，真的？……用衛生紙擦一擦吧……,,,1,225,10,1,0,0,0,0,0,,Translated
1040,世以子,うう……ぜ、絶対これ、人の内臓だよ！, , ,Seiko,"Ullgh, these...these are definitely somebody's guts!",,,세이코,"으으...... 이, 이건 분명, 사람 내장이야!",,,世以子,嗚嗚……這、這絕對是人的內臟！,,,1,166,19,1,0,0,0,0,0,,Translated
1041,世以子,腸みたいなの踏んだら、ブチュッて、,うんこみたいなの出たもの！, ,Seiko,And when I stepped on...whatever part of their body,"I stepped on...it made a squishy sound, like I'd",just plopped my shoe into a juicy pile of dog poo!,세이코,"장 같은 걸 밟았더니, 푸슛하고",똥 같은 게 나왔어!,,世以子,踩到像腸子一樣的東西，噗滋一聲，,跑出像大便一樣的東西！,,1,167,19,1,0,0,0,0,0,,Translated
1042,直美,う……ヤな事言わないでよ！,本当に吐いちゃうじゃない……, ,Naomi,Oh God! That's WAY too much information!,You're gonna make me puke...,,나오미,으...... 그런 말 하지 마!,진짜 토할 거 같단 말야......,,直美,嗚……別說那麼噁心的話！,真的會吐出來……,,1,226,10,1,0,0,0,0,0,,Translated
1043,世以子,ご、ごめん……, , ,Seiko,S-Sorry...,,,세이코,"미, 미안......",,,世以子,對、對不起……,,,1,168,19,1,0,0,0,0,0,,Translated
1044,,ボロの板切れがあります。取りますか？, , ,,There's a loose board lying on the ground here.,Take it with you?,,,낡은 널빤지가 있습니다. 가져가겠습니까?,,,,有一塊破爛的木板。要拿走嗎？,,,0,0,0,0,0,0,0,0,0,,Translated
1045,,はい,いいえ,,,Yes,No,,,네,아니오,,,是,否,,0,255,255,255,255,255,255,255,255,,Translated
1046,,ボロの板切れ　を取りました。, , ,,Acquired [Loose Board].,,,,낡은 널빤지를 얻었습니다.,,,,拿到了【破爛的木板】。,,,0,0,0,1,0,0,0,0,0,,Translated
1047,,【保健室】,扉に鍵がかかっています。, ,,[Infirmary],The door is locked.,,,【보건실】,문이 잠겨 있습니다.,,,【保健室】,門鎖著。,,0,0,0,1,0,0,0,0,0,,Translated
1048,,【保健室】, , ,,[Infirmary],,,,【보건실】,,,,【保健室】,,,0,0,0,1,0,0,0,0,0,,Translated
1049,,保健室の鍵を開けました。, , ,,Used the Infirmary Key. The door is now unlocked.,,,,보건실 문을 열었습니다.,,,,打開了保健室的鎖。,,,0,0,0,1,0,0,0,0,0,,Translated
1050,,何か、橋になるようなものでもあれば……, , ,,The gap is relatively narrow here. It seems,"crossable, but it's a little too wide to risk",jumping.,,뭔가 다리가 될 만한 게 있다면......,,,,要是有什麼可以當橋的東西就好了……,,,0,0,0,1,0,0,0,0,0,,Translated
1051,,何か、橋になるようなものでもあれば……, , ,,The gap is relatively narrow here. It seems,"crossable, but it's a little too wide to risk",jumping.,,뭔가 다리가 될 만한 게 있다면......,,,,要是有什麼可以當橋的東西就好了……,,,0,0,0,1,0,0,0,0,0,,Translated
1052,,　ボロの板切れ　を使いますか？, , ,,Place the [Loose Board]?,,,,낡은 널빤지를 사용하겠습니까?,,,,　要使用【破爛的木板】嗎？,,,0,0,0,0,0,0,0,0,0,,Translated
1053,世以子,そだ直美、さっきの板使えないかな？, , ,Seiko,"Hey, Naomi! What about that loose board we found?",You think it would support our weight?,,세이코,"맞다 나오미, 좀 전에 그 널빤지를 쓰면 되지 않을까?",,,世以子,對了直美，剛才那塊木板不能用嗎？,,,1,93,19,1,0,0,0,0,0,,Translated
1054,直美,橋に？　なるかなぁ、相当ボロボロだけど……, , ,Naomi,"Like a bridge? Hmm, I dunno. It seems kind of beat","up, but I guess it IS pretty solid...",,나오미,"다리로? 괜찮을까, 무지 낡았는데......",,,直美,當橋？能行嗎，相當破爛耶……,,,1,133,10,1,0,0,0,0,0,,Translated
1055,,使う,使わない,,,Try it,Too risky,,,사용한다,사용하지 않는다,,,使用,不使用,,0,255,255,255,255,255,255,255,255,,Translated
1056,,ボロの板切れ　を使った！, , ,,The loose board has been set in place.,,,,낡은 널빤지를 사용했다!,,,,使用了【破爛的木板】！,,,0,0,0,1,0,0,0,0,0,,Translated
1057,,ボロの板切れ　が外れそうになっています。,……取りますか？, ,,The loose board is dangling precariously over the,edge. Pick it back up?,,,낡은 널빤지가 빠질 것 같습니다.,...... 떼어 내겠습니까?,,,【破爛的木板】快要掉下來了。,……要拿起來嗎？,,0,0,0,1,0,0,0,0,0,,Translated
1058,,はい,いいえ,,,Yes,No,,,네,아니오,,,是,否,,0,255,255,255,255,255,255,255,255,,Translated
1059,,ボロの板切れ　を取りました。, , ,,Acquired [Loose Board].,,,,낡은 널빤지를 얻었습니다.,,,,拿到了【破爛的木板】。,,,0,0,0,1,0,0,0,0,0,,Translated
1060,,大きな穴が開いてしまい、板切れで橋をかける事も,出来ません……, ,,The gap in the floor has widened. The loose board,would no longer suffice (nor be even remotely safe),for crossing it.,,커다란 구멍이 뚫려,널빤지로 다리를 만들 수조차 없습니다......,,,開了個大洞，連用木板搭橋,都沒辦法了……,,0,0,0,1,0,0,0,0,0,,Translated
1061,,校舎内の行き止まりの壁や床など、気になる場所は,積極的に近付いて、調べるといい……, ,,"If you should encounter any dead-ends, be sure to",examine any spots on the walls or floors nearby that,seem peculiar to you.,,"교사 안 벽이나 바닥 등, 신경 쓰이는 곳은",적극적으로 조사하는 게 좋아......,,,校舍內的死路牆壁或地板等，在意的場所,最好積極靠近調查……,,0,0,0,1,0,0,0,0,0,,Translated
1062,,校舎内の行き止まりの壁や床など、気になる場所は,積極的に近付いて、調べるといい……, ,,"If you should encounter any dead-ends, be sure to",examine any spots on the walls or floors nearby that,seem peculiar to you.,,"교사 안 벽이나 바닥 등, 신경 쓰이는 곳은",적극적으로 조사하는 게 좋아......,,,校舍內的死路牆壁或地板等，在意的場所,最好積極靠近調查……,,0,0,0,1,0,0,0,0,0,,Translated
1063,,死の際に人が書いた文章は、生者には時に、,受け止めきれないものだ。, ,,Compositions written by the dead at the time of,their demise may be too much for the living to,handle.,,사람이 죽음에 이르렀을 때 쓴 문장은,살아있는 사람에게 받아들이기 힘든 내용이야.,,,人在臨死之際寫下的文字，對生者而言有時,是難以承受的。,,0,0,0,1,0,0,0,0,0,,Translated
1064,,読むものの精神を深刻に破壊する,“犠牲者の手記”……, ,,They may cause lasting damage to the psyche of all,who deign to read them.,,,읽은 사람의 정신을 심각하게 파괴하는,“희생자의 수기” ......,,,會嚴重破壞閱讀者精神的,「犧牲者的手記」……,,0,0,0,1,0,0,0,0,0,,Translated
1065,,命が惜しければ絶対に、最後まで読んではいけない。, , ,,"If you have any desire to live, do not read the",Victim's Memoirs through to the end.,,,목숨이 아깝다면 절대로 끝까지 읽어서는 안 돼.,,,,如果還想活命，絕對不要讀到最後。,,,0,0,0,1,0,0,0,0,0,,Translated
1066,,【理科室】,扉は、模型のようにガチリと壁に固定され,開ける事が出来ません。,,[Science Lab],"The door seems almost like a model, as if sculpted",onto the wall. There's no way of opening it.,,【과학실】,문은 모형처럼 벽에 고정되어,열리지 않습니다.,,【理科室】,門像模型一樣固定在牆上，,無法打開。,0,0,0,1,0,0,0,0,0,,Translated
1067,,【３のＡ】,鍵がかかっています。, ,,[Classroom 3-A],The door is locked.,,,【3-A】,잠겨 있습니다,,,【３年Ａ班】,鎖著。,,0,0,0,1,0,0,0,0,0,,Translated
1068,,【３のＡ】,鍵がかかっています。, ,,[Classroom 3-A],The door is locked.,,,【3-A】,잠겨 있습니다,,,【３年Ａ班】,鎖著。,,0,0,0,1,0,0,0,0,0,,Translated
1069,,不明の鍵が合い、扉が開きました……, , ,,The [Unknown Key] seems to fit the lock perfectly.,The door can now be opened.,,,"알 수 없는 열쇠가 들어맞아, 문이 열렸습니다......",,,,不明的鑰匙吻合，門打開了……,,,0,0,0,1,0,0,0,0,0,,Translated
1070,直美,……う……っ, , ,Naomi,...Oof...,,,나오미,...... 으...... 윽,,,直美,……嗚……,,,1,180,10,1,0,0,0,0,0,,Translated
1071,世以子,ん、どしたの直美？, , ,Seiko,"Hmm? Naomi, what's wrong?",,,세이코,"응, 왜 그래 나오미?",,,世以子,嗯，怎麼了直美？,,,1,125,19,1,0,0,0,0,0,,Translated
1072,直美,なんだろ……胸が、, , ,Naomi,I...don't know. It's like...,,,나오미,뭐지...... 가슴이,,,直美,怎麼說呢……胸口……,,,1,181,10,1,0,0,0,0,0,,Translated
1073,直美,今、一瞬心臓がズキッとしたの……,なんか、嫌な予感がする……この部屋。, ,Naomi,...my heart skipped a beat as soon as the key was,turned. I have a really bad feeling about this,room...,나오미,"방금, 순간 심장이 욱신했어......",뭔가 안 좋은 예감이 들어...... 이 방.,,直美,剛才心臟突然抽痛了一下……,總覺得，有不好的預感……這個房間。,,1,182,10,1,0,0,0,0,0,,Translated
1074,世以子,ん～……だいじょうぶだよ、きっと。,……鍵のかかってた部屋だよ、, ,Seiko,"...Oh, trust me, it'll be just fine! I mean, it's","a locked door! You know what that means, right?",,세이코,"응~ 괜찮을 거야, 분명.",...... 잠겨 있던 방이니까,,世以子,嗯～……沒事的，一定。,……是鎖著的房間哦，,,1,126,19,1,0,0,0,0,0,,Translated
1075,世以子,ゼッタイ重大な秘密が隠されてるよ、,こういう部屋！　ね？　ね？, ,Seiko,Booty! Behind every locked door lies a hidden,"treasure, just waiting to be claimed! Can't you",hear it calling to you?,세이코,이 방엔 정말 중대한 비밀이,숨겨져 있을 거야! 응? 그치?,,世以子,這種房間一定藏著重大的秘密，,對吧？對吧？,,1,127,19,1,0,0,0,0,0,,Translated
1076,直美,…………。, , ,Naomi,...,,,나오미,............,,,直美,…………。,,,1,183,10,1,0,0,0,0,0,,Translated
1077,,入る,入らない,,,Enter,Don't enter,,,들어간다,들어가지 않는다,,,進去,不進去,,0,255,255,255,255,255,255,255,255,,Translated
1078,,錆びたバケツの中には、黄色い液体が,入っています……, ,,There's a yellow fluid congealing inside the rusted,bucket.,,,녹슨 양동이 안에는,노란 액체가 담겨져 있습니다......,,,生鏽的水桶裡裝著黃色液體……,,,0,0,0,1,0,0,0,0,0,,Translated
1079,直美,（でも、本当に行きたくなったらどうしよう……）, , ,Naomi,"(Though if I really had to go, what would I do?","It's a last resort, but...it's an option...)",,나오미,(그런데 정말 가고 싶어지면 어쩌지......),,,直美,（但是，如果真的想上廁所了怎麼辦……）,,,1,0,0,1,0,0,0,0,0,,Translated
1080,世以子,何コレ、おしっこ？, , ,Seiko,What the heck is this? Pee?,,,세이코,"뭐야 이건, 오줌?",,,世以子,這是什麼，尿嗎？,,,1,92,19,1,0,0,0,0,0,,Translated
1081,直美,や、やめてよ。, , ,Naomi,"Eww, don't say that...",,,나오미,"그, 그만해.",,,直美,別、別說了。,,,1,132,10,1,0,0,0,0,0,,Translated
1082,直美,ハァッ、ハァッ、……ハァッ、ハァッ, , ,Naomi,*gasp* *pant* *wheeze*,,,나오미,"하악, 하악...... 하악, 하악",,,直美,哈啊、哈啊……哈啊、哈啊,,,1,35,11,1,1,0,0,0,0,,Translated
1083,直美,ケッホ、ケホッ！　はぁ……はぁ……, , ,Naomi,*cough* *cough*,*wheeze*,,나오미,"콜록, 콜록! 하아...... 하아......",,,直美,咳咳、咳！呼……呼……,,,1,36,11,1,0,0,0,0,0,,Translated
1084,,殺してやる　　　　　　　　　　　　　　　　,　　　　　　　　　　　　 , ,, ,I ' m   g o i n g   t o   k i l l   y o u,,,죽일 거야,,,,殺了你,,,0,78,26,1,1,0,0,0,0,,Translated
1085,直美,ひぃ……！ , , ,Naomi,...!,,,나오미,히이......!,,,直美,咿……！,,,1,37,11,1,0,0,0,0,0,,Translated
1086,直美,うぷっ……、おえっ……, , ,Naomi,*gag*,*retch*,,나오미,우욱...... 우웩......,,,直美,噁……嘔……,,,1,43,11,1,1,0,0,0,0,,Translated
1087,直美,……けはっ、ごぼっ。けほっ、けほっ！, , ,Naomi,*cough* *hack*,*spit*,,나오미,"커헉, 콜록. 콜록, 콜록!",,,直美,……咳哈、咕。咳咳、咳咳！,,,1,44,11,1,0,0,0,0,0,,Translated
1088,,ｶﾞﾁｶﾞﾁｶﾞﾁｶﾞﾁ……, , ,,*patter* *patter*,,,,딱딱딱딱......,,,,喀喀喀喀……,,,0,0,0,1,0,0,0,0,0,,Translated
1089,世以子,直美！　どうしたの、大丈夫？！, , ,Seiko,Naomi!,What happened? Are you okay?!,,세이코,"나오미! 왜 그래, 괜찮아?!",,,世以子,直美！怎麼了，還好嗎？！,,,1,216,19,1,0,0,0,0,0,,Translated
1090,直美,世以子……, , ,Naomi,Seiko...,,,나오미,세이코......,,,直美,世以子……,,,1,45,11,1,0,0,0,0,0,,Translated
1091,直美,ごめん、戻しちゃった……, , ,Naomi,Sorry...for the mess...,,,나오미,"미안, 토해 버렸어......",,,直美,抱歉，吐了……,,,1,46,11,1,0,0,0,0,0,,Translated
1092,世以子,あやまる事ないじゃん……可哀想に、直美……, , ,Seiko,What are you talking about? Don't apologize for,barfing! You poor girl...,,세이코,"사과할 거 없어...... 나오미, 불쌍하게도......",,,世以子,沒什麼好道歉的……直美好可憐……,,,1,217,19,1,0,0,0,0,0,,Translated
1093,直美,うっ……ぷ……, , ,Naomi,*belch*,,,나오미,우...... 욱......,,,直美,嗚……噁……,,,1,47,11,1,0,0,0,0,0,,Translated
1094,世以子,大丈夫、吐いちゃったら楽になるよ。, , ,Seiko,Everything's okay. You'll feel better now that,it's out of your system.,,세이코,"괜찮아, 토하면 편해질 거야.",,,世以子,沒事的，吐出來就會舒服了。,,,1,218,19,1,0,0,0,0,0,,Translated
1095,世以子,背中……擦ってあげる……, , ,Seiko,You need me to rub your back?,,,세이코,등...... 쓰다듬어 줄게......,,,世以子,幫你……拍拍背……,,,1,219,19,1,0,0,0,0,0,,Translated
1096,直美,うん、……ありがと。……もう平気っぽい。, , ,Naomi,"Oof... I think I'll be fine. Thanks, though.",,,나오미,"응, 고마워. 이제 괜찮은 것 같아.",,,直美,嗯，謝謝。……好像沒事了。,,,1,48,11,1,0,0,0,0,0,,Translated
1097,直美,……由香ちゃん、いた？, , ,Naomi,Did you find Yuka?,,,나오미,"...... 유카, 있었어?",,,直美,……由香，在嗎？,,,1,49,11,1,0,0,0,0,0,,Translated
1098,世以子,ううん……, , ,Seiko,Huh-uh.,,,세이코,아니......,,,世以子,沒有……,,,1,220,19,1,0,0,0,0,0,,Translated
1099,世以子,……やっぱり、此処には……　この学校には、, , ,Seiko,Looks like we really are the only two people here.,,,세이코,"역시, 여기엔...... 이 학교에는",,,世以子,果然，這裡……這所學校，,,,1,221,19,1,0,0,0,0,0,,Translated
1100,世以子,私達２人しか……生きてる人いないみたい。, , ,Seiko,"The only two living people, anyway.",,,세이코,살아있는 사람은......  우리 둘 밖에 없나봐.,,,世以子,活著的人……好像只有我們兩個。,,,1,222,19,1,0,0,0,0,0,,Translated
1101,世以子,静かすぎるもの……, , ,Seiko,This place is just way too quiet...,,,세이코,너무 조용해......,,,世以子,太安靜了……,,,1,223,19,1,0,0,0,0,0,,Translated
1102,直美,…………。, , ,Naomi,...,,,나오미,............,,,直美,…………。,,,1,50,11,1,0,0,0,0,0,,Translated
1103,世以子,直美は？　もうベッドで休んでなくて平気なの？, , ,Seiko,"How about you, Naomi? Is your leg any better? Are",you okay to be up and about?,,세이코,나오미는? 침대에서 더 안 쉬어도 되겠어?,,,世以子,直美呢？不在床上休息沒關係嗎？,,,1,224,19,1,0,0,0,0,0,,Translated
1104,直美,休んでたら急にね……真っ黒な幽霊みたいのが、,出て来たの。, ,Naomi,"While I was resting, I was suddenly attacked by",this...creepy...black...apparition thing!,,나오미,쉬고 있었는데 갑자기......,새까만 유령 같은 게 나왔어.,,直美,休息的時候突然……有個黑色幽靈,一樣的東西跑出來。,,1,51,11,1,0,0,0,0,0,,Translated
1105,世以子,マジ！？　……大丈夫だった？, , ,Seiko,"What?! Oh my God, are you all right?!",,,세이코,진짜!? ...... 괜찮아?,,,世以子,真的！？……沒事吧？,,,1,225,19,1,0,0,0,0,0,,Translated
1106,直美,なんとか…… , , ,Naomi,I think so...,,,나오미,응......,,,直美,勉強算……,,,1,52,11,1,0,0,0,0,0,,Translated
1107,直美,あの部屋、もう近寄らない方がいいわ。, , ,Naomi,We should consider that room off-limits from here,"on out, though.",,나오미,이제 그 방은 가까이 하지 않는 게 좋을 거야.,,,直美,那個房間最好不要再靠近了。,,,1,53,11,1,0,0,0,0,0,,Translated
1108,世以子,そう……よかった。とりあえず無事で……。, , ,Seiko,That's fine. I'm just glad you're okay...,,,세이코,그래...... 다행이다. 일단 무사해서......,,,世以子,是嗎……太好了。總之人沒事就好……。,,,1,226,19,1,0,0,0,0,0,,Translated
1109,世以子,じゃ、そろそろ行こっか。……立てる？, , ,Seiko,"I guess...we'd better keep moving, then! Can you",stand?,,세이코,"그럼, 슬슬 가볼까...... 설 수 있겠어?",,,世以子,那，差不多該走了……能站起來嗎？,,,1,227,19,1,0,0,0,0,0,,Translated
1110,直美,……ええ。, , ,Naomi,Yeah.,,,나오미,...... 응.,,,直美,……嗯。,,,1,54,11,1,0,0,0,0,0,,Translated
1111,直美,でも、行くって何処に？, , ,Naomi,But...where are we supposed to go?,,,나오미,그런데 어디로 가려고?,,,直美,不過，要去哪裡？,,,1,55,11,1,0,0,0,0,0,,Translated
1112,世以子,ん……と……, , ,Seiko,Hmmm... Well...,,,세이코,으음......,,,世以子,嗯……這個……,,,1,228,19,1,0,0,0,0,0,,Translated
1113,直美,もう、大体周ったじゃん……校舎。, , ,Naomi,We've already been pretty much everywhere we can go,in this godforsaken school.,,나오미,이제 거의 다 돌았잖아...... 교사.,,,直美,已經差不多都走遍了吧……校舍。,,,1,56,11,1,0,0,0,0,0,,Translated
1114,直美,みんな、死んでたじゃん。, , ,Naomi,And the only other people we've come across are all,dead!,,나오미,"모두, 죽었잖아.",,,直美,大家都死了啊。,,,1,57,11,1,0,0,0,0,0,,Translated
1115,世以子,…………。, , ,Seiko,...,,,세이코,............,,,世以子,…………。,,,1,229,19,1,0,0,0,0,0,,Translated
1116,,（あ……やばい、またあたし……）, , ,,(Dammit... There I go again...),,,,"(아...... 이런, 나는 또......)",,,,（啊……糟了，我又……）,,,0,58,11,1,0,0,0,0,0,,Translated
1117,直美,もう、無理だよきっと。……疲れた。, , ,Naomi,It's hopeless. We're finished!,...And I'm so tired...,,나오미,이제 더는 무리야...... 지쳤어.,,,直美,已經不行了……好累。,,,1,59,11,1,0,0,0,0,0,,Translated
1118,,（また、子供みたいになってる……）, , ,,(I'm acting like a child again...),,,,(또 어린애처럼......),,,,（又像個小孩一樣……）,,,0,60,11,1,0,0,0,0,0,,Translated
1119,世以子,……な、直美、元気出して？　何とかなるよ！, , ,Seiko,"...N-Naomi... Come on, it's not that bad!",We'll figure something out!,,세이코,"...... 나, 나오미, 기운 내. 어떻게든 될 거야!",,,世以子,……直、直美，打起精神來？總有辦法的！,,,1,230,19,1,0,0,0,0,0,,Translated
1120,世以子,ありえないじゃん？　死ぬなんて、私達……, , ,Seiko,"Class 2-9ers never say die, right? We're invincible!",,,세이코,"그럴 리 없잖아? 우리가, 죽을 일은......",,,世以子,不可能吧？我們怎麼會死……,,,1,231,19,1,0,0,0,0,0,,Translated
1121,世以子,明日は朝イチで、カットの予約入れてるし……, , ,Seiko,I've got a hairdresser's appointment first thing in,"the morning tomorrow, and I intend to keep it!",,세이코,내일은 아침 일찍 커트를 예약해놨고......,,,世以子,明天一早我還約了剪頭髮……,,,1,232,19,1,0,0,0,0,0,,Translated
1122,世以子,午後から、ほら、一緒に自転車直しに行くの、, , ,Seiko,"And then in the afternoon, what say you and I go get",our bikes fixed?,,세이코,오후에는 같이 자전거를 고치러,,,世以子,下午不是要一起去修腳踏車嗎，,,,1,233,19,1,0,0,0,0,0,,Translated
1123,世以子,ついて来てくれるんでしょ？, , ,Seiko,"Sounds like a plan, right?",,,세이코,가기로 했잖아?,,,世以子,你會跟我去吧？,,,1,234,19,1,0,0,0,0,0,,Translated
1124,直美,……帰れたらね……, , ,Naomi,"...If we make it back alive, sure...",,,나오미,...... 돌아간다면 말이지......,,,直美,……如果能回去的話……,,,1,61,11,1,0,0,0,0,0,,Translated
1125,,（……世以子にあたっても仕方ないじゃん……）, , ,,(...This is Seiko! What am I doing?!),,,,(...... 세이코에게 화풀이해봤자 별수 없는데......),,,,（……對世以子發脾氣也沒用啊……）,,,0,62,11,1,0,0,0,0,0,,Translated
1126,,（……止めなきゃ、心……）, , ,,(I just can't seem to hold back...),,,,"(...... 마음을, 진정시켜야......)",,,,（……得控制住，情緒……）,,,0,63,11,1,0,0,0,0,0,,Translated
1127,世以子,……な、直美疲れちゃった？,らしくないよ？　なんか。, ,Seiko,"N-Naomi, are you, like, super-duper tired or",something? This is so not like you!,,세이코,"나, 나오미, 힘들어?",너 답지 않아. 왠지.,,世以子,……直、直美累了嗎？,不像你呢。,,1,235,19,1,0,0,0,0,0,,Translated
1128,世以子,……もっとアゲて行こうよ。,そしたら怖くないって！, ,Seiko,"C'mon, raise that chin! The only thing we have to",fear is fear itself!,,세이코,...... 좀 더 힘차게 가자.,그럼 무섭지 않을 거야!,,世以子,……再振作一點吧。,那樣就不會害怕了！,,1,236,19,1,0,0,0,0,0,,Translated
1129,直美,……ねぇ。何が、そう楽しいの？, , ,Naomi,What the hell's got you so chipper?,,,나오미,너. 뭐가 그렇게 즐거워?,,,直美,……喂。有什麼好開心的？,,,1,64,11,1,0,0,0,0,0,,Translated
1130,世以子,ん、ん？, , ,Seiko,Uh...hmm?,,,세이코,"으, 응?",,,世以子,嗯、嗯？,,,1,237,19,1,0,0,0,0,0,,Translated
1131,直美,なんか、ずっと笑ってる。, , ,Naomi,You just keep smiling and laughing...,,,나오미,계속 웃고만 있고.,,,直美,你一直笑著。,,,1,65,11,1,0,0,0,0,0,,Translated
1132,世以子,そ、そうかな……, , ,Seiko,D-Do I...?,,,세이코,"그, 그랬나......",,,世以子,是、是嗎……,,,1,238,19,1,0,0,0,0,0,,Translated
1133,直美,このまま、ホントに出られなかったら……,どうするの？, ,Naomi,Tell me...how long is that going to last if it,turns out we can never go home again?!,,나오미,정말 이대로 못 나가게 되면......,어쩔 거야?,,直美,如果就這樣真的出不去了……,你打算怎麼辦？,,1,66,11,1,0,0,0,0,0,,Translated
1134,世以子,…………。, , ,Seiko,...,,,세이코,............,,,世以子,…………。,,,1,239,19,1,0,0,0,0,0,,Translated
1135,直美,真剣に考えてる？　何とかなるよ、じゃなくてさぁ。, , ,Naomi,Have you given that any thought at all?,'We'll figure something out'?!,"That's a crock, and you know it!",나오미,"진지하게 생각은 하니? 어떻게든 될 거야, 그런 거 말고.",,,直美,你有認真想過嗎？不是說什麼總有辦法的。,,,1,67,11,1,0,0,0,0,0,,Translated
1136,,恐ろしい目にあって……,心がとうとう折れてしまった。, ,,I must have finally cracked under the pressure.,This whole situation was just more than my soul,could bear.,,무서운 나머지......,끝내 마음이 꺾이고 말았다.,,,經歷了可怕的事……,心靈終於被擊垮了。,,0,68,11,1,0,0,0,0,0,,Translated
1137,,世以子を元気付けようと思ってたあたしが、, , ,,I thought I'd be keeping Seiko's spirits up till,the bitter end...,,,세이코를 격려하려고 했던 내가,,,,本來想給世以子打氣的我，,,,0,69,11,1,0,0,0,0,0,,Translated
1138,,気付いたら……傷付けてた。, , ,,...but just like that...I was berating her...,abusing her...,,,어느새...... 상처를 입히고 있다.,,,,回過神來……卻在傷害她。,,,0,70,11,1,0,0,0,0,0,,Translated
1139,,辛くて、悲しくて……,子供が我慢しきれずに、泣きだしてしまう感覚……, ,,All I had running through my head was pain and,sadness. I was like a baby throwing a hissy fit.,"I was crying out, irrationally, and couldn't stop.",,"괴롭고, 슬퍼서......",어린애가 참지 못하고 울음을 터뜨리는 감각......,,,痛苦、悲傷……,就像孩子忍不住哭出來的感覺……,,0,71,11,1,0,0,0,0,0,,Translated
1140,,堰を切ったように、酷い言葉をたたき付ける,あたしの心の開放感は……, ,,Venomous words were flowing from my mouth as if,someone had turned on a spigot. All I could do was,"moan, complain and belittle.",,"둑이 터진 듯, 연달아 심한 말을 내뱉는",이 마음의 해방감은......,,,像潰堤一樣，不斷說出傷人的話,那種內心的解放感……,,0,72,11,1,0,0,0,0,0,,Translated
1141,,それと似ていた気がする。, , ,,I really was behaving just like a spoiled little,brat...,,,그것과 닮은 것 같다.,,,,感覺和那很相似。,,,0,73,11,1,0,0,0,0,0,,Translated
1142,直美,家族だって……きっと、, , ,Naomi,I'm sure...our families...,,,나오미,가족도...... 분명,,,直美,家人也……一定，,,,1,74,11,1,0,0,0,0,0,,Translated
1143,直美,いつまでも心配して……ずっと、捜したりして、, , ,Naomi,...are going to be really worried about us.,"They're going to search, and search...but",they'll never find us.,나오미,언제까지나 걱정하고...... 줄곧 찾아다니고,,,直美,會一直擔心……到處尋找，,,,1,75,11,1,0,0,0,0,0,,Translated
1144,直美,すごい迷惑かけるし。, , ,Naomi,It'll be a terrible burden for them...,,,나오미,폐를 끼치게 될 테니까.,,,直美,會造成很大的麻煩。,,,1,76,11,1,0,0,0,0,0,,Translated
1145,世以子,それは違うよ。, , ,Seiko,You're wrong.,,,세이코,그건 아냐.,,,世以子,不是那樣的。,,,1,240,19,1,0,0,0,0,0,,Translated
1146,直美,何が？, , ,Naomi,How so?,,,나오미,뭐가 아냐?,,,直美,哪裡不是？,,,1,77,11,1,0,0,0,0,0,,Translated
1147,世以子,迷惑っていうのは絶対、違うよ……？, , ,Seiko,About it being a burden.,,,세이코,폐를 끼치는 건 절대로 아냐......,,,世以子,說是麻煩，絕對不是那樣的……？,,,1,241,19,1,0,0,0,0,0,,Translated
1148,世以子,いなくなった人が、大事だから……,何かしたくて、, ,Seiko,When you lose a loved one...you cherish that,person's memory. It's never a burden...,,세이코,사라진 사람이 소중해서......,뭔가 하고 싶어서,,世以子,因為消失的人很重要……,想要為她做些什麼，,,1,242,19,1,0,0,0,0,0,,Translated
1149,世以子,苦労でも何でも、してあげたいから……,したいから、するんだよ。, ,Seiko,You just...want to do whatever you can.,Whatever you can...to make her proud...,You just want to...so you do!,세이코,"고생이든 뭐든, 해주고 싶어서......",하고 싶어서 하는 거야.,,世以子,不管多辛苦都想要去做……,因為想做，才會去做。,,1,243,19,1,0,0,0,0,0,,Translated
1150,,（！……　私の馬鹿……！　世以子のお母さん、,　数年前に失踪しているの知ってたくせに……）, ,,(What is wrong with me?! Seiko's mom disappeared,several years ago. I know that! So why am I putting,her through all this grief?!),,(!...... 난 바보야......! 세이코 엄마가,몇 년 전에 실종된 걸 알면서......),,,（！……我真是笨蛋……！明明知道,　世以子的媽媽幾年前就失蹤了……）,,0,78,11,1,0,0,0,0,0,,Translated
1151,世以子,残された人って……そう考えるものじゃないかな。, , ,Seiko,That's...how I think the people we leave behind,are going to feel.,,세이코,남겨진 사람은...... 그렇게 생각하지 않을까.,,,世以子,留下來的人……應該會那樣想吧。,,,1,244,19,1,0,0,0,0,0,,Translated
1152,直美,あんたの所は……　……どうか、知らないけど。, , ,Naomi,I don't know how it is for you and your family...,,,나오미,"너희 집은...... 어떨지, 모르지만.",,,直美,你們家……是怎樣，我不知道。,,,1,79,11,1,0,0,0,0,0,,Translated
1153,直美,普通は……そんな、おめでたい考え方……,出来ないよ！, ,Naomi,...but normal people don't work that way!,,,나오미,보통은...... 그렇게 낙관적으로......,생각 못 한단 말야!,,直美,一般人……沒辦法那麼樂觀地……,思考啊！,,1,80,11,1,0,0,0,0,0,,Translated
1154,世以子,……直美……, , ,Seiko,Naomi...,,,세이코,...... 나오미......,,,世以子,……直美……,,,1,245,19,1,0,0,0,0,0,,Translated
1155,直美,――ごめん、手分けしない？ ,……別々に手がかり探したほうが、, ,Naomi,...Sorry. How about we split up? We can cover more,ground that way...maybe find a clue to help get us,out of here.,나오미,"미안, 흩어져서 찾지 않을래?",...... 따로 단서를 찾는 게,,直美,――抱歉，要分頭行動嗎？,……分開尋找線索的話，,,1,81,11,1,0,0,0,0,0,,Translated
1156,直美,効率いいかもしれないし。, , ,Naomi,"Seems the most efficient plan of attack, don't",you think?,,나오미,효율이 좋을 테니까.,,,直美,效率可能比較好。,,,1,82,11,1,0,0,0,0,0,,Translated
1157,世以子,そんな、, , ,Seiko,Who...,,,세이코,그렇게,,,世以子,怎麼這樣，,,,1,246,19,1,0,0,0,0,0,,Translated
1158,世以子,そんな言い方ってある？, , ,Seiko,Who says things like that?!,,,세이코,그렇게 말하기야?,,,世以子,有這樣說話的嗎？,,,1,247,19,1,0,0,0,0,0,,Translated
1159,, （謝んなきゃ……）, , ,,(I have to apologize...),,,,(사과해야 하는데......),,,,（得道歉才行……）,,,0,83,11,1,0,0,0,0,0,,Translated
1160,世以子,私だって帰りたいよ！　お父さんや悠たちに……, , ,Seiko,I want to get home just as much as you do! Back to,"my dad, and Yuu, and everybody else!",,세이코,나도 돌아가고 싶어!  아빠와 동생들에게......,,,世以子,我也想回去啊！對爸爸和悠他們……,,,1,248,19,1,0,0,0,0,0,,Translated
1161,世以子,心配かけたくないよ……！, , ,Seiko,And I sure as hell don't want to make them worry,about me!,,세이코,걱정 끼치고 싶지 않아......!,,,世以子,不想讓他們擔心啊……！,,,1,249,19,1,0,0,0,0,0,,Translated
1162,, （私が悪いんだから……　謝んなきゃ……）, , ,,(This is all my fault. I have to apologize!),,,,(내 잘못이니까...... 사과해야......),,,,（是我不好……得道歉……）,,,0,84,11,1,0,0,0,0,0,,Translated
1163,世以子,それなのに……直美にそんな言い方されたら……, , ,Seiko,"But most of all...I don't want you, of all people...",to speak to me like that...,,세이코,그런데...... 나오미가 그런 말을 하면......,,,世以子,可是……直美那樣說我的話……,,,1,250,19,1,0,0,0,0,0,,Translated
1164,,ごめん,いいから一人にしてよ！,,,I'm sorry...,Just leave me alone!,,,미안,됐으니까 혼자 있게 해줘!,,,對不起,算了讓我一個人靜一靜！,,0,255,255,255,255,255,255,255,255,,Translated
1165,直美,……せ、世以子……　ごめ……あたし、, , ,Naomi,S-Seiko...,I-I...I'm...I'm so...,,나오미,"...... 세, 세이코...... 미안...... 나",,,直美,……世、世以子……對不……我，,,,1,85,11,1,0,0,0,0,0,,Translated
1166,世以子,…………, , ,Seiko,...,,,세이코,.........,,,世以子,…………,,,1,251,19,1,0,0,0,0,0,,Translated
1167,直美,……えと……, , ,Naomi,...I...,,,나오미,...... 으음......,,,直美,……那個……,,,1,86,11,1,0,0,0,0,0,,Translated
1168,世以子,……私こそ、ごめん……,直美が、そうしたいのなら、, ,Seiko,...I'm sorry too...but...it's okay. If that's what,"you think we should do, then let's split up.",,세이코,"...... 나야말로, 미안......",나오미가 그러고 싶다면,,世以子,……我才要說對不起……,如果直美想那樣做的話，,,1,252,19,1,0,0,0,0,0,,Translated
1169,世以子,私、行くね。, , ,Seiko,I'll go this way.,,,세이코,"나, 갈게.",,,世以子,我先走了。,,,1,253,19,1,0,0,0,0,0,,Translated
1170,直美,……何やってんのよ、あたし……,（全然謝れてないじゃない……！）, ,Naomi,What the hell is wrong with me...?,(I couldn't even manage to say the word 'sorry'!),,나오미,"...... 뭐하는 거야, 나는......",(전혀 사과하지 않았잖아......!),,直美,……我在做什麼啊……,（根本沒有好好道歉……！）,,1,87,11,1,0,0,0,0,0,,Translated
1171,直美,……いいから、ちょっと一人にしてよ！, , ,Naomi,"Look...just leave me alone, okay?!",,,나오미,"...... 됐으니까, 좀 혼자 있게 해달라고!",,,直美,……算了，讓我一個人待著！,,,1,88,11,1,0,0,0,0,0,,Translated
1172,世以子,バカバカ！　……人の気持ちも知らないで！, , ,Seiko,You're a jerk! ...And you don't care about anyone's,feelings but your own!,,세이코,바보 바보! 사람 마음도 몰라주고!,,,世以子,笨蛋笨蛋！……都不懂別人的心情！,,,1,254,19,1,0,0,0,0,0,,Translated
1173,直美,……知らないわ！, , ,Naomi,I sure don't care about yours!,,,나오미,...... 몰라!,,,直美,……我不知道！,,,1,89,11,1,0,0,0,0,0,,Translated
1174,直美,ばか世以子！, , ,Naomi,...Stupid Seiko!,,,나오미,바보 세이코!,,,直美,笨蛋世以子！,,,1,90,11,1,0,0,0,0,0,,Translated
1175,,……本当はわかってた……, , ,,"...I'd heard her loud and clear, though.",,,,...... 실은 알고 있었다......,,,,……其實我都明白……,,,0,0,0,1,0,0,0,0,0,,Translated
1176,,世以子の優しい、私を励まそうって想い。, , ,,She was trying her hardest to keep my spirits up.,Trying her hardest to make me feel better.,,,"나를 격려해주려고 했던, 세이코의 자상한 마음.",,,,世以子那份溫柔的、想鼓勵我的心意。,,,0,0,0,1,0,0,0,0,0,,Translated
1177,,でも……この時の私には、あの娘の明るさが……,まぶしすぎたんだ。, ,,"But the way I was at that moment, Seiko was just",a little too bright for me. So bright that it,hurt.,,"하지만...... 그때 나에겐, 그 애의 밝음이......",너무 눈부셨다.,,,但是……那時的我，那孩子的開朗……,太耀眼了。,,0,0,0,1,0,0,0,0,0,,Translated
1178,,……こうして……, , ,,And so...,,,,...... 이렇게......,,,,……就這樣……,,,0,91,11,1,0,0,0,0,0,,Translated
1179,,この異空間に拉致された者の中でも,まだ幸運だったはずの, ,,"...in this nexus of closed spaces, where humans are",scattered and imprisoned and killed...,,,이 이공간에 납치된 사람 중에서도,운 좋게,,,在被綁架到這個異空間的人當中,本該算是幸運的，,,0,92,11,1,0,0,0,0,0,,Translated
1180,,同じ次元に存在する事が出来た,あたし達二人は、, ,,...two friends who should have been thankful just,for the small favor of being trapped together in,this unforgiving place...,,같은 차원에 존재할 수 있었던,우리 둘은,,,能夠存在於同一次元的,我們兩人，,,0,93,11,1,0,0,0,0,0,,Translated
1181,,簡単に、喧嘩別れをしてしまった……, , ,,...were quickly and easily divided.,,,,"그렇게 싸우고, 헤어지고 말았다......",,,,就這麼輕易地吵架分開了……,,,0,94,11,1,0,0,0,0,0,,Translated
1182,,この些細な私の意地っ張りが、,大きな後悔を招く事になるのは……, ,,My petty obstinacy toward Seiko would come to be the,"biggest regret of my life, as the consequences of",that heated exchange...,,나의 이 작은 고집이,큰 후회를 부르게 되는 건......,,,我這點小小的固執，,帶來巨大悔恨……,,0,95,11,1,0,0,0,0,0,,Translated
1183,,その後、すぐの事だった。, , ,,...were far more dire than I ever could have,imagined...,,,"그 후, 얼마 지나지 않아서였다.",,,,那是發生在之後不久的事。,,,0,96,11,1,0,0,0,0,0,,Translated
1184,世以子,うわ～ん、うわ～ん, , ,Seiko,*sob* *wail*,,,세이코,우와앙~ 우와앙~,,,世以子,嗚哇～嗚哇～,,,1,255,19,1,0,0,0,0,0,,Translated
1185,世以子,直美ぃ～、うわ～ん, , ,Seiko,Naomi... *wail*,,,세이코,나오미~ 우와앙~,,,世以子,直美～嗚哇～,,,1,0,20,1,0,0,0,0,0,,Translated
1186,世以子,……ばか～, , ,Seiko,...That jerk...,,,세이코,바보~,,,世以子,……笨蛋～,,,1,1,20,1,0,0,0,0,0,,Translated
1187,直美,ひィィ……ッ！, , ,Naomi,Eeeeek!!,,,나오미,히이익......!,,,直美,咿……！,,,1,38,11,1,0,0,0,0,0,,Translated
1188,直美,（恐ろしくなった私は、必死に走り出した）, , ,Naomi,"(In an utter panic, I began to run as fast as my",feet would carry me.),,나오미,(무서워진 나는 필사적으로 달렸다),,,直美,（嚇壞了的我，拚命地跑了起來）,,,1,39,11,1,0,0,0,0,0,,Translated
1189,直美,（どこを走ったかも判らないくらい、無我夢中で）, , ,Naomi,"(I was so out of sorts, I didn't even know where",I was running!),,나오미,"(어디를 달렸는지 모를 정도로, 정신없이)",,,直美,（甚至不知道自己跑過了哪裡，拼命地）,,,1,40,11,1,0,0,0,0,0,,Translated
1190,直美,（世以子の名前を、何度も呼びながら……）, , ,Naomi,"(I kept calling out Seiko's name, over and over...)",,,나오미,(세이코의 이름을 몇 번이고 부르며......),,,直美,（一邊呼喊著世以子的名字……）,,,1,41,11,1,0,0,0,0,0,,Translated
1191,,不思議なことに、この後何処を走ったのか、,記憶がすっぽりと抜け落ちていた――。, ,,"Strangely, I have no memory of where I went during","this time. I just ran as if in a daze, unaware of",and unconcerned with my surroundings.,,"신기하게도, 이후 어디를 달렸는지",기억이 완전히 날아가 있었다.,,,神奇的是，之後跑過哪些地方，,記憶完全空白――。,,0,0,0,1,0,0,0,0,0,,Translated
1192,直美,（……気が付くと、あたしは校舎の３階にいた）, , ,Naomi,"(When I regained my senses, I found myself standing",in the third floor hallway.),,나오미,"(정신이 들고 보니, 나는 교사 3층에 있었다)",,,直美,（……回過神來，我已經在校舍的三樓）,,,1,42,11,1,0,0,0,0,0,,Translated
1193,,ろうかを　はしらない, , ,,No running in the halls.,,,,복도를 달리지 말 것,,,,走廊上請勿奔跑,,,0,0,0,1,0,0,0,0,0,,Translated
1194,,はしった　せいとは　厳罰に処す, , ,,Any student caught running will be severely,disciplined.,,,달린 학생은 엄벌에 처한다,,,,奔跑者將受到嚴懲,,,0,0,0,1,0,0,0,0,0,,Translated
1195,,　おまえたちは,　ほんとうはお互いがきらい, ,,Admit it. You hate all your friends.,,,,사실 너희들은,서로를 미워하고 있어,,,　其實你們,　彼此都討厭對方,,0,0,0,1,0,0,0,0,0,,Translated
1196,,　いずれころしあう, , ,,"Eventually, you'll kill one another.",,,,언젠가 서로 죽이게 될 거야,,,,　總有一天會互相殘殺,,,0,0,0,1,0,0,0,0,0,,Translated
1197,,何か、橋になるようなものでもあれば……, , ,,The gap is relatively narrow here. It seems,"crossable, but it's a little too wide to risk",jumping.,,뭔가 다리가 될 만한 게 있다면......,,,,要是有什麼可以當橋的東西就好了……,,,0,0,0,1,0,0,0,0,0,,Translated
1198,,何か、橋になるようなものでもあれば……, , ,,The gap is relatively narrow here. It seems,"crossable, but it's a little too wide to risk",jumping.,,뭔가 다리가 될 만한 게 있다면......,,,,要是有什麼可以當橋的東西就好了……,,,0,0,0,1,0,0,0,0,0,,Translated
1199,,　ボロの板切れを使いますか？, , ,,Place the [Loose Board]?,,,,낡은 널빤지를 사용하겠습니까?,,,,　要使用【破爛的木板】嗎？,,,0,0,0,1,0,0,0,0,0,,Translated
1200,世以子,そだ直美、さっきの板使えないかな？, , ,Seiko,"Hey, Naomi! What about that loose board we found?",You think it would support our weight?,,세이코,"맞다 나오미, 좀 전에 그 널빤지를 쓰면 되지 않을까?",,,世以子,對了直美，剛才那塊木板不能用嗎？,,,1,93,19,1,0,0,0,0,0,,Translated
1201,直美,橋に？　なるかなぁ、相当ボロボロだけど……, , ,Naomi,"Like a bridge? Hmm, I dunno. It seems kind of beat","up, but I guess it IS pretty solid...",,나오미,"다리로? 괜찮을까, 무지 낡았는데......",,,直美,當橋？能行嗎，相當破爛耶……,,,1,133,10,1,0,0,0,0,0,,Translated
1202,,使う,使わない,,,Try it,Too risky,,,사용한다,사용하지 않는다,,,使用,不使用,,0,255,255,255,255,255,255,255,255,,Translated
1203,,ボロの板切れ　を使った！, , ,,The loose board has been set in place.,,,,낡은 널빤지를 사용했다!,,,,使用了【破爛的木板】！,,,0,0,0,1,0,0,0,0,0,,Translated
1204,,この先、お前たちを待つ運命は過酷だ。, , ,,The fate that awaits you from here on out is,a cruel one indeed.,,,이 앞에 너희들을 기다리는 운명은 가혹하다.,,,,前方等待你們的命運是殘酷的。,,,0,0,0,1,0,0,0,0,0,,Translated
1205,,ここからは、別のセーブデータに分けて記録して,おくといい……ひとつのデータに運命を上書きすると,やり直しは効かなくなる……,,You may wish to record your progress on another,layer of candlelight -- for if one fate is over-,"written, it may never be remade.",,이제부터는 데이터를 따로 저장하는 게 좋을 거야......,하나의 데이터에 운명을 덮어씌우면,되돌아갈 수 없게 돼......,,從這裡開始，建議另外存檔記錄……,在一個存檔上覆蓋命運的話，,就無法重來了……,0,0,0,1,0,0,0,0,0,,Translated
1206,,,,,,,,,,,,,,,,,-1,0,0,1,0,0,0,0,0,,Translated
1207,,可能性を繋ぐのは,生き残りの、基本だ……, ,,Playing the odds and creating multiple paths,for yourself is one of the basics of survival.,,,가능성을 만들어 두는 건,생존의 기본이야......,,,保留可能性是,生存的基本……,,0,0,0,1,0,0,0,0,0,,Translated
1208,,この先、お前たちを待つ運命は過酷だ。, , ,,The fate that awaits you from here on out is,a cruel one indeed.,,,이 앞에 너희들을 기다리는 운명은 가혹하다.,,,,前方等待你們的命運是殘酷的。,,,0,0,0,1,0,0,0,0,0,,Translated
1209,,未来に行き詰まり、絶望した時は,過去を振り返り、未知の場所を探してみるのもいい。, ,,"If you should get stuck and lose hope, the answer","may lie in your past; relive it, and search through",areas you've not yet seen.,,미래에 앞길이 막혀 절망적일 때에는,과거로 되돌아가 미지의 장소를 찾아보는 게 좋아.,,,當未來陷入僵局、絕望之時，,回顧過去，探索未知的場所也不錯。,,0,0,0,1,0,0,0,0,0,,Translated
1210,,先へ進むための何かが足りていない……,生存にはそんな局面もある……, ,,You may simply be missing the one thing you,desperately need to continue onward. Reality,will often throw such twists at you...,,앞으로 나아가기 위한 무언가가 부족한 상황......,살아있을 땐 그런 국면도 맞게 돼......,,,缺少了前進所需的某些東西……,生存中就會遇到這樣的局面……,,0,0,0,1,0,0,0,0,0,,Translated
1211,世以子,ぎゃぁ！　なな、何これ……!!, , ,Seiko,AAAAAAHHH!!,Oh-oh God! What the hell is this?!,,세이코,"꺄아! 뭐뭐, 뭐야 이건......!!",,,世以子,呀！這、這是什麼……！！,,,1,139,19,1,0,0,0,0,0,,Translated
1212,直美,……っ！？　気持ち悪い……, , ,Naomi,*gasp*,It's...horrifying...,,나오미,...... 윽!? 기분 나빠......,,,直美,……！？好噁心……,,,1,198,10,1,0,0,0,0,0,,Translated
1213,世以子,なんか……壁に思いっきり、, , ,Seiko,It's like...somebody was thrown from the other end,of the hall...at superhuman speed...,,세이코,뭔가...... 벽에 힘껏,,,世以子,好像……被狠狠砸在牆上，,,,1,140,19,1,0,0,0,0,0,,Translated
1214,世以子,向こうから叩き付けられて、潰れた死体っぽい。, , ,Seiko,...and just...splattered...everywhere...,,,세이코,"저쪽에서 날아와 부딪혀서, 짜부러진 사체 같아.",,,世以子,從對面被砸過來，壓扁的屍體。,,,1,141,19,1,0,0,0,0,0,,Translated
1215,世以子,うわ……生臭い……, , ,Seiko,"Ulgh, it smells so...meaty...",,,세이코,우와...... 비린내......,,,世以子,哇……好腥……,,,1,142,19,1,0,0,0,0,0,,Translated
1216,直美,う……ぷ。, , ,Naomi,*gulp*,,,나오미,우...... 욱.,,,直美,嗚……噁。,,,1,199,10,1,0,0,0,0,0,,Translated
1217,世以子,！　ごめん……だ、大丈夫、直美？, , ,Seiko,...! S-Sorry! Are you okay...Naomi?,,,세이코,"! 미안...... 괘, 괜찮아? 나오미.",,,世以子,！抱歉……沒、沒事吧，直美？,,,1,143,19,1,0,0,0,0,0,,Translated
1218,直美,だ、大丈夫……平気。, , ,Naomi,I'm... I'm fine...,,,나오미,"괘, 괜찮아...... 문제없어.",,,直美,沒、沒事……還好。,,,1,200,10,1,0,0,0,0,0,,Translated
1219,直美,は、離れましょ。……けほっ、けほっ,  , ,Naomi,Let's just...get away from here...,*cough* *cough*,,나오미,"가, 가자. 콜록, 콜록.",,,直美,離、離開吧。……咳咳、咳咳,,,1,201,10,1,0,0,0,0,0,,Translated
1220,世以子,うん。, , ,Seiko,Okay.,,,세이코,응.,,,世以子,嗯。,,,1,144,19,1,0,0,0,0,0,,Translated
1221,世以子,ぎゃぁ！, , ,Seiko,OH GOD!,,,세이코,꺄아!,,,世以子,呀！,,,1,164,19,1,0,0,0,0,0,,Translated
1222,世以子,ふふふ踏んだぁ!, , ,Seiko,I think I stepped in it...!,,,세이코,바바바밟았다아!,,,世以子,踩踩踩到了！,,,1,165,19,1,0,0,0,0,0,,Translated
1223,直美,うぇ、ほんと？　……拭きなよ、ティッシュで。, , ,Naomi,"Eww, you did? ...H-Here, I've got some tissues.",Maybe you can...wipe it off...,,나오미,"우에, 정말? 자, 이걸로 닦아......",,,直美,噁，真的？……用衛生紙擦一擦吧……,,,1,225,10,1,0,0,0,0,0,,Translated
1224,世以子,うう……ぜ、絶対これ、人の内臓だよ！, , ,Seiko,"Ullgh, these...these are definitely somebody's guts!",,,세이코,"으으...... 이, 이건 분명, 사람 내장이야!",,,世以子,嗚嗚……這、這絕對是人的內臟！,,,1,166,19,1,0,0,0,0,0,,Translated
1225,世以子,腸みたいなの踏んだら、ブチュッて、,うんこみたいなの出たもの！, ,Seiko,And when I stepped on...whatever part of their body,"I stepped on...it made a squishy sound, like I'd",just plopped my shoe into a juicy pile of dog poo!,세이코,"장 같은 걸 밟았더니, 푸슛하고",똥 같은 게 나왔어!,,世以子,踩到像腸子一樣的東西，噗滋一聲，,跑出像大便一樣的東西！,,1,167,19,1,0,0,0,0,0,,Translated
1226,直美,う……ヤな事言わないでよ！,本当に吐いちゃうじゃない……, ,Naomi,Oh God! That's WAY too much information!,You're gonna make me puke...,,나오미,으...... 그런 말 하지 마!,진짜 토할 거 같단 말야......,,直美,嗚……別說那麼噁心的話！,真的會吐出來……,,1,226,10,1,0,0,0,0,0,,Translated
1227,世以子,ご、ごめん……, , ,Seiko,S-Sorry...,,,세이코,"미, 미안......",,,世以子,對、對不起……,,,1,168,19,1,0,0,0,0,0,,Translated
1228,,　犠牲者の手記（３／５）, , ,,[Victim's Memoirs],(3／5),,,희생자의 수기 (3/5),,,,　犧牲者的手記（３／５）,,,0,0,0,1,0,0,0,0,0,,Translated
1229,,　カワイソウ　カワイソウ,　僕ノ心ハ揺ルギハセヌノニ,　帰レナイウチニ君ハユクノカ,,woe is me woe is the me who never stopped loving the,e even if thou choosest to move on i will always lov,e thee forevermore forevermore forevermore foreverm,,불쌍하다 불쌍해,내 마음은 흔들리지 않는데,돌아가기 전에 너는 가는구나,,　好可憐　好可憐,　我的心明明不會動搖,　你卻在回不去的時候離去,0,0,0,1,0,0,0,0,0,,Translated
1230,,　カワイソウ　カワイソウ,　掻キ毟リ業血ニマミレタ,　僕ノ股ヲ見セテヤリタイ,,woe is me woe is the me whose crotch is raw and bloo,dy i scratched it so much i want to show it to thee,to prove that it is thine and that i still love thee,,불쌍하다 불쌍해,쥐어 뜯기고 피가 묻은,내 옷을 보여주고 싶어,,　好可憐　好可憐,　想要讓你看見,　被撕扯得血跡斑斑的我,0,0,0,0,0,0,0,0,0,,Translated
1231,,何か、橋になるようなものでもあれば……, , ,,The gap is relatively narrow here. It seems,"crossable, but it's a little too wide to risk",jumping.,,뭔가 다리가 될 만한 게 있다면......,,,,要是有什麼可以當橋的東西就好了……,,,0,0,0,1,0,0,0,0,0,,Translated
1232,,ボロの板切れ　を使いますか？, , ,,Place the [Loose Board]?,,,,낡은 널빤지를 사용하겠습니까?,,,,要使用【破爛的木板】嗎？,,,0,0,0,1,0,0,0,0,0,,Translated
1233,,使う,使わない,,,Try it,Too risky,,,사용한다,사용하지 않는다,,,使用,不使用,,0,255,255,255,255,255,255,255,255,,Translated
1234,,　……おにぃ……ちゃぁーん……,　　……うぁーん,　　　　……うぁ　ー　ん,,...Big...brooo...theer...,... ...*sob*... *sob*...,,,  ...... 오...... 빠......,    ...... 우와앙~,        ...... 우와앙~,,　……哥……哥～,　　……嗚哇～,　　　　……嗚哇～,0,236,27,1,1,0,1,0,0,,Translated
1235,直美,……？　由香ちゃん……の声？, , ,Naomi,...? Was that...Yuka...?,,,나오미,......? 유카...... 목소리?,,,直美,……？由香……的聲音？,,,1,210,10,1,0,0,0,0,0,,Translated
1236,,【 厠 】,　手前：男子生徒用　厠,　奥：女子生徒用　厠,,[Lavatories],BOYS ROOM to the left.,GIRLS ROOM at the end of the hall.,,【 화장실 】,앞 : 남학생용 화장실,안쪽 : 여학생용 화장실,,【 廁所 】,　前面：男學生用　廁所,　裡面：女學生用　廁所,0,0,0,1,0,0,0,0,0,,Translated
1237,, 【 厠 】,　おまえたちは,　ほんとうはお互いがきらい,,[Lavatories],Admit it. You hate all your friends.,,,【 화장실 】,사실 너희들은,서로를 미워하고 있어,,【 廁所 】,　其實你們,　彼此都討厭對方,0,0,0,1,0,0,0,0,0,,Translated
1238,, ,　いずれころしあう, ,, ,"Eventually, you'll kill one another.",,,언젠가 서로 죽이게 될 거야,,,,,　總有一天會互相殘殺,,0,0,0,1,0,0,0,0,0,,Translated
1239,世以子,ね、ねぇ直美……？, , ,Seiko,"H-Hey, Naomi?",,,세이코,"저, 저기, 나오미......?",,,世以子,喂、喂直美……？,,,1,146,19,1,0,0,0,0,0,,Translated
1240,直美,ん？, , ,Naomi,Hmm?,,,나오미,응?,,,直美,嗯？,,,1,206,10,1,0,0,0,0,0,,Translated
1241,世以子,お尻の薬持ってない？　塗るやつ。, , ,Seiko,"Do you have any of that ass medicine on you, by any","chance? You know, the smeary stuff?",,세이코,엉덩이에 쓰는 약 없어? 바르는 거.,,,世以子,有沒有屁股用的藥？塗的那種。,,,1,147,19,1,0,0,0,0,0,,Translated
1242,直美,え、アンタまた？, , ,Naomi,"What, again?!",,,나오미,"어, 너 또?",,,直美,欸，你又？,,,1,207,10,1,0,0,0,0,0,,Translated
1243,世以子,うん……最近なんかお尻の調子わるくてさ～, , ,Seiko,Yep. My butt's been drier 'n a desert since we got,here.,,세이코,응...... 요즘 엉덩이 상태가 영 아니라서 말야~,,,世以子,嗯……最近屁股狀況不太好～,,,1,148,19,1,0,0,0,0,0,,Translated
1244,直美,普通の軟膏ならあるよ、ホレ。, , ,Naomi,"Well, I've got some antibacterial cream, if that'll",work...,,나오미,"보통 연고라면 있어, 자.",,,直美,普通的藥膏倒是有哦，給你。,,,1,208,10,1,0,0,0,0,0,,Translated
1245,世以子,さんきゅー！　じゃ、ちょっと塗ったくって来る！, , ,Seiko,Thanks! I'm gonna go butter up my pooper with it,real good!,,세이코,땡큐~! 그럼 바르고 올게!,,,世以子,謝啦！那，我去塗一下！,,,1,149,19,1,0,0,0,0,0,,Translated
1246,世以子,イエーィ♪♪, , ,Seiko,Yaaay!,,,세이코,예이~♪♪,,,世以子,耶～♪,,,1,0,0,1,0,0,0,0,0,,Translated
1247,直美,……もうちょっと、恥じらいなよ。, , ,Naomi,...Do you have any shame at all?,,,나오미,...... 조금은 부끄러워하지.,,,直美,……稍微害羞一下行不行啊。,,,1,209,10,1,0,0,0,0,0,,Translated
1248,直美,世以子ぉー！　何処にいるのー！？, , ,Naomi,Seiko!,"Seiko, where are you?!",,나오미,세이코오~! 어디 있어~!?,,,直美,世以子～！你在哪裡～！？,,,1,103,11,1,1,0,0,0,0,,Translated
1249,直美,……世以子！　ねぇ！　一人にしないでぇ！！, , ,Naomi,"...Come on, Seiko! Don't leave me by myself in here!",,,나오미,...... 세이코! 저기! 혼자 두지 마!!,,,直美,……世以子！喂！別丟下我一個人！！,,,1,104,11,1,0,0,0,0,0,,Translated
1250,直美,ふっ……く……　うぅ……, , ,Naomi,*sob* *sob*,,,나오미,흐...... 흑...... 으으......,,,直美,嗚……嗚……嗚嗚……,,,1,105,11,1,0,0,0,0,0,,Translated
1251,直美,……世以子？, , ,Naomi,Seiko?,,,나오미,...... 세이코?,,,直美,……世以子？,,,1,106,11,1,0,0,0,0,0,,Translated
1252,直美,いるの？, , ,Naomi,Is that you...?,,,나오미,있어?,,,直美,在嗎？,,,1,107,11,1,0,0,0,0,0,,Translated
1253,,　【警告】犠牲者の手記（５）が落ちています……,　読みますか？, ,,The fifth and final chapter of the Victim's Memoirs,is sitting on the ground here. Read it?,,,【경고】희생자의 수기 (5)가 떨어져 있습니다......,읽겠습니까?,,,　【警告】犧牲者的手記（５）掉在地上……,　要閱讀嗎？,,0,0,0,1,0,0,0,0,0,,Translated
1254,,読まない,読む,,,Better not to,Let's have a look,,,읽지 않는다,읽는다,,,不讀,讀,,0,255,255,255,255,255,255,255,255,,Translated
1255,,　犠牲者の手記（５／５）, , ,,[Victim's Memoirs],(5／5),,,희생자의 수기 (5/5),,,,　犧牲者的手記（５／５）,,,0,0,0,1,0,0,0,0,0,,Translated
1256,,　＊＊死ネ＊＊＊、死＊＊僕＊詫＊＊糞＊,　,　,,**U CA* **ST DIE,AP***GIZ* TO ME W*** **UR DEA** *OU BIT**,,,"**죽어***, 죽** 나* 사** 이 새*",,,,　＊＊去死＊＊＊、死＊＊我＊歉＊＊糞＊,,,0,0,0,1,0,0,0,0,0,,Translated
1257,,　ハラワ＊＊引＊摺＊出シ＊,　,　,,IM GOIN* ** R** **UR INTEST***S FR*M Y*** B*DY,,,,배를 갈** 내** 끊***,,,,　把肚＊子＊拉＊出來＊,,,0,0,0,1,0,0,0,0,0,,Translated
1258,,　ソノ白＊身体＊真ッ赤＊血＊華＊咲カセテ＊＊,　,　,,AND MAKE RED FLOWERS BLOOM A** ****AD A** *VER,THAT WH*TE SKIN O* **URS,,,그 하* 몸* 피*** 새빨* 꽃* 피워**,,,,　讓那白＊身體＊滿＊鮮紅＊花＊綻放＊＊,,,0,0,0,1,0,0,0,0,0,,Translated
1259,,　性別ガ　ナンダト　イウノ,　,　,,TH** **NT EV** ** *BLE TO TELL IF **URE A BOY,OR GIRL ANYM*** ***N IM DONE WI** YOU,,,성별이 뭐 어쨌다는 거야,,,,　性別　算什麼,,,0,0,0,1,0,0,0,0,0,,Translated
1260,,　粉々になった人骨が床に散らばっています……,　よく見ると、骨の粉に名札が埋もれて見えます。, ,,A pile of haphazardly-strewn human bones is heaped,"upon the floor. Upon closer examination, a student",ID name tag can be seen jutting out from one side.,,바닥에 가루가 된 사람의 뼈가 뿌려져 있습니다......,잘 보니 뼛가루에 명찰이 묻혀 있는 것이 보입니다.,,,　粉碎的人骨散落在地上……,　仔細一看，骨粉中埋著名牌。,,0,0,0,0,0,0,0,0,0,,Translated
1261,直美,う……うっ……, , ,Naomi,...,,,나오미,으...... 윽......,,,直美,嗚……嗚……,,,1,108,11,1,0,0,0,0,0,,Translated
1262,直美,世以子……そっち？, , ,Naomi,Is Seiko...in there?,,,나오미,세이코...... 거기 있어?,,,直美,世以子……在裡面嗎？,,,1,109,11,1,0,0,0,0,0,,Translated
1263,直美,う……うっ……, , ,Naomi,...,,,나오미,으...... 윽......,,,直美,嗚……嗚……,,,1,125,11,1,0,0,0,0,0,,Translated
1264,直美,何か……何かないの！？　足場になるもの……！！, , ,Naomi,Isn't there anything? Anything at all?! I need to,give her something to stand on!,,나오미,뭐...... 뭔가 없나!? 발판이 될 만한 거......!!,,,直美,有沒有……什麼可以墊腳的……！！,,,1,126,11,1,0,0,0,0,0,,Translated
1265,,握り締められ、くしゃくしゃになった紙が,落ちています……, ,,There's a crumpled piece of paper on the ground,that seems to have fallen from the corpse's,lifeless hand.,,꽉 쥐어서 구겨진 종이가,떨어져 있습니다......,,,有一張被緊握著、揉皺的紙,掉在地上……,,0,0,0,1,0,0,0,0,0,,Translated
1266,,”かみさ　まは,　きっと　た　すけ　てくれる”, ,,'Go d  will sure ly,sav e    me .',,,“신  은,분명 구  해줄  것이다”,,,「上　帝　一　定,　會　救　我　的」,,0,0,0,1,0,0,0,0,0,,Translated
1267,,　錆びたバケツの中に、蛆虫の大量に湧いた,　何かの肉塊が入れてあります……, ,,There's a clump of unidentifiable meat inside the,"rusted bucket, completely crawling with maggots.",,,"녹슨 양동이 안에, 대량의 구더기가 꼬인",무언가의 고깃덩어리가 있습니다......,,,　生鏽的水桶裡，放著一塊,　長滿大量蛆蟲的肉塊……,,0,0,0,0,0,0,0,0,0,,Translated
1268,直美,これを足場に……！, , ,Naomi,I might be able to use this as a footstool!,,,나오미,이걸 발판으로......!,,,直美,用這個當墊腳……！,,,1,127,11,1,0,0,0,0,0,,Translated
1269,,ドサッ！　ボトッ！,ガサガサガサ, ,,*clang* *splurch* *scutter*,,,,툭!  툭!,후두둑,,,咚！　啪！,唰啦唰啦,,0,0,0,0,0,0,0,0,0,,Translated
1270,直美,う、ぅっ……！（き、気持ち悪い……でも！）, , ,Naomi,U-Ulllgh...,(This is so revolting...but if it saves Seiko...),,나오미,"우, 욱......! (너, 넘어올 것 같아...... 하지만!)",,,直美,嗚、嗚……！（好、好噁心……但是！）,,,1,128,11,1,0,0,0,0,0,,Translated
1271,直美,……うあぁぁぁぁっ！, , ,Naomi,...RRLLGGHH!!,,,나오미,우아아아아아악!,,,直美,……嗚啊啊啊啊！,,,1,129,11,1,1,0,0,0,0,,Translated
1272,,　蛆虫をスカートや手に大量にぶちまけながら……, , ,,A significant number of maggots have found their way,onto Naomi's hands and skirt.,,,양동이에 든 구더기를 스커트와 손에 잔뜩 뿌려대며......,,,,　大量蛆蟲灑在裙子和手上……,,,0,0,0,0,0,0,0,0,0,,Translated
1273,,汚れたバケツ　を取りました。, , ,,Acquired [Filthy Bucket].,,,,더러운 양동이를 집었습니다.,,,,拿到了【髒水桶】。,,,0,0,0,1,0,0,0,0,0,,Translated
1274,,　錆びたバケツの中に、蛆虫の大量に湧いた,　何かの肉塊が入れてあります……, ,,There's a clump of unidentifiable meat inside the,"rusted bucket, completely crawling with maggots.",,,"녹슨 양동이 안에, 대량의 구더기가 꼬인",어떤 고깃덩어리가 있습니다......,,,　生鏽的水桶裡，放著一塊,　長滿大量蛆蟲的肉塊……,,0,0,0,0,0,0,0,0,0,,Translated
1275,直美,これを足場に……！, , ,Naomi,I can use this as a footstool...!,,,나오미,이걸 발판으로......!,,,直美,用這個當墊腳……！,,,1,127,11,1,0,0,0,0,0,,Translated
1276,,ドサッ！　ボトッ！,ガサガサガサ, ,,*clang* *splurch* *scutter*,,,,툭!  툭!,후두둑,,,咚！　啪！,唰啦唰啦,,0,0,0,0,0,0,0,0,0,,Translated
1277,直美,う、ぅっ……！（き、気持ち悪い……でも！）, , ,Naomi,U-Ulllgh...,(This is so revolting...but if it saves Seiko...!),,나오미,"우, 욱......! (너, 넘어올 것 같아...... 하지만!)",,,直美,嗚、嗚……！（好、好噁心……但是！）,,,1,128,11,1,0,0,0,0,0,,Translated
1278,直美,……うあぁぁぁぁっ！, , ,Naomi,...RRLLGGHH!!,,,나오미,우아아아아아악!,,,直美,……嗚啊啊啊啊！,,,1,129,11,1,1,0,0,0,0,,Translated
1279,,　蛆虫をスカートや手に大量にぶちまけながら……, , ,,A significant number of maggots have found their way,onto Naomi's hands and skirt.,,,양동이에 든 구더기를 스커트와 손에 잔뜩 뿌려대며......,,,,　大量蛆蟲灑在裙子和手上……,,,0,0,0,0,0,0,0,0,0,,Translated
1280,,汚れたバケツ　を取りました。, , ,,Acquired [Filthy Bucket].,,,,더러운 양동이를 집었습니다.,,,,拿到了【髒水桶】。,,,0,0,0,1,0,0,0,0,0,,Translated
1281,,　犠　　の　記は,　ぜっ　い　さい　まで,　よんでは　　　い,,Do not re    he Vic   's Me   rs  o the r,c ncl si  .,,,  희     의    기는,  절  로   끝  지,  봐서는    돼,,　犧　者的手　是,　絕　不　能　到　最　後,　讀　,0,0,0,0,0,0,0,0,0,,Translated
1282,,ところどころ文字が消えて読めません。,,,,"Some of the letters have faded away completely,",making it difficult to piece together what the,sentence is saying.,,글자 곳곳이 지워져서 읽을 수 없습니다.,,,,到處都有文字消失，無法閱讀。,,,0,0,0,0,0,0,0,0,0,,Translated
1283,,　……おにぃ……ちゃぁーん……,　　……うぁーん,　　　　……うぁ　ー　ん,,...Big...brooo...theer...,... ...*sob*... *sob*...,,,  ...... 오...... 빠......,    ...... 우와앙~,      ...... 우와앙~,,　……哥……哥～,　　……嗚哇～,　　　　……嗚哇～,0,236,27,1,1,0,1,0,0,,Translated
1284,直美,……？　由香ちゃん……の声？, , ,Naomi,...? Was that...Yuka...?,,,나오미,......? 유카...... 목소리?,,,直美,……？由香……的聲音？,,,1,210,10,1,0,0,0,0,0,,Translated
1285,,【本館２Ｆ・東通路】, , ,,[Main Building 2F - East Hall],,,,【본관 2F 동쪽 통로】,,,,【本館２Ｆ・東側通道】,,,0,0,0,0,0,0,0,0,0,,Translated
1286,,【本館２Ｆ・東通路】, , ,,[Main Building 2F - East Hall],,,,【본관 2F 동쪽 통로】,,,,【本館２Ｆ・東側通道】,,,0,0,0,0,0,0,0,0,0,,Translated
1287,,【本館２Ｆ・東通路】, , ,,[Main Building 2F - East Hall],,,,【본관 2F 동쪽 통로】,,,,【本館２Ｆ・東側通道】,,,0,0,0,0,0,0,0,0,0,,Translated
1288,,【本館２Ｆ・東通路】, , ,,[Main Building 2F - East Hall],,,,【본관 2F 동쪽 통로】,,,,【本館２Ｆ・東側通道】,,,0,0,0,0,0,0,0,0,0,,Translated
1289,,【本館１Ｆ・東通路】, , ,,[Main Building 1F - East Hall],,,,【본관 1F 동쪽 통로】,,,,【本館１Ｆ・東側通道】,,,0,0,0,0,0,0,0,0,0,,Translated
1290,,【犠牲者の手記】,（１／５）, ,,[Victim's Memoirs],(1／5),,,【희생자의 수기】,(1/5),,,【犧牲者的手記】,（１／５）,,0,0,0,1,0,0,0,0,0,,Translated
1291,,　……大瀧君……光春君に、会いたい,　さっき幽霊が教えてくれた, ,,"Ohtaki... Mitsuharu, I want to see you again.",A ghost told me...,,,"...... 오오타키 군...... 미츠하루 군, 보고 싶다",좀 전에 유령이 알려 줬어,,,　……大瀧同學……光春同學，好想見你,　剛才幽靈告訴我的,,0,0,0,1,0,0,0,0,0,,Translated
1292,,　……一緒に連れて来られたけど、,　別の空間に閉じ込められているから, ,,"Apparently, you were brought here too, but we're",in different spaces.,,,...... 함께 왔지만,다른 공간에 갇혀 있어서,,,　……雖然是一起被帶來的，,　但被關在不同的空間裡,,0,0,0,1,0,0,0,0,0,,Translated
1293,,　……同じ校舎に居るのに、,　会えないらしい, ,,"Even though we're in the same school, I can't see",you.,,,같은 교사에 있지만,만날 수 없다고,,,　……明明在同一棟校舍裡，,　卻見不到面,,0,0,0,1,0,0,0,0,0,,Translated
1294,,　どうしてこんな目に遭うの　,　今日は予備校で数Ⅰの補講があったのに, ,,Why did this happen to us? I shouldn't be here!,I should be in my Math 1 class at prep school!,,,왜 이렇게 된 거야,오늘은 학원에서 수학Ⅰ 보강을 하는데,,,　為什麼會遇到這種事,　今天預備校明明有數學Ⅰ的補課,,0,0,0,1,0,0,0,0,0,,Translated
1295,,　さぼったらまたお姉ちゃん,　に怒られる, ,,My sister's going to be really mad at me for,skipping. I don't think she'd believe this excuse,"even if I told her, though!",,땡땡이쳤다간 또 언니한테,혼날 거야,,,　蹺課的話又要被姊姊,　罵了,,0,0,0,1,0,0,0,0,0,,Translated
1296,,　光春君と会えたら、こんなトコ,　抜け出せる気がする, ,,"I feel like if I can ever find you, I'll be able",to get out of here alive. I don't know why...,,,"미츠하루 군과 함께라면, 이런 곳",빠져나갈 수 있을 것 같아,,,　如果能見到光春同學，,　感覺就能離開這種地方,,0,0,0,1,0,0,0,0,0,,Translated
1297,,　同じ学校にいるのなら、,　何か連絡をとる方法は,　……あるはずだよね,,"...but if we really are in the same school, then",I know there MUST be a way of getting in contact,with you. And I'm going to find it!,,같은 학교에 있다면,뭔가 연락을 취할 방법이,...... 있지 않을까,,　既然在同一所學校，,　一定有辦法聯絡上,　……對吧,0,0,0,1,0,0,0,0,0,,Translated
1298,,【本館１Ｆ・東通路】, , ,,[Main Building 1F - East Hall],,,,【본관 1F 동쪽 통로】,,,,【本館１Ｆ・東側通道】,,,0,0,0,0,0,0,0,0,0,,Translated
1299,,【本館２Ｆ・西通路】, , ,,[Main Building 2F - West Hall],,,,【본관 2F 서쪽 통로】,,,,【本館２Ｆ・西側通道】,,,0,0,0,0,0,0,0,0,0,,Translated
1300,,【本館２Ｆ・西通路】, , ,,[Main Building 2F - West Hall],,,,【본관 2F 서쪽 통로】,,,,【本館２Ｆ・西側通道】,,,0,0,0,0,0,0,0,0,0,,Translated
1301,＊,ここで死ぬと……永遠に、死んだ瞬間の,痛みが続く……, ,*,If you should die here...you'll experience the pain,you felt at the moment of death for all eternity.,,＊,"여기에서 죽으면...... 영원히, 죽은 순간의",아픔이 이어지지......,,＊,如果在這裡死掉……永遠都會,承受死亡瞬間的痛苦……,,1,104,5,1,0,0,0,0,0,,Translated
1302,＊,成仏への道は、,完全に閉ざされているからね……, ,*,Heaven's completely cut off. No paradise.,No nirvana. Just eternal pain.,,＊,성불하는 길은,완전히 닫혀져 있으니까......,,＊,通往成佛的道路，,完全被封閉了……,,1,105,5,1,0,0,0,0,0,,Translated
1303,＊,……グゥ……。,どうして俺は……あんな死に方を,……あああぁ…,*,...Gah... Why...did I have to die like that...?,Oooh...,,＊,...... 그으......,어쩌다 난...... 그렇게 죽었는지,아아아아...,＊,……咕……。,為什麼我會……以那種方式死去,……啊啊啊…,1,106,5,1,0,0,0,0,0,,Translated
1304,＊,……うううううぅぅ！, , ,*,...Ooooooooaaaaahhh...,,,＊,...... 으으으으으으으!,,,＊,……嗚嗚嗚嗚嗚！,,,1,107,5,1,0,0,0,0,0,,Translated
1305,,不明の鍵　を取りました。, , ,,Acquired [Unknown Key].,,,,알 수 없는 열쇠를 얻었습니다.,,,,拿到了【不明的鑰匙】。,,,0,0,0,1,0,0,0,0,0,,Translated
1306,直美,……死んだ瞬間の……,苦しみが、ずっと……って……, ,Naomi,So...we'll feel the pain of death...forever...,,,나오미,...... 죽은 순간의......,괴로움이 줄곧......,,直美,……死亡瞬間的……,痛苦，永遠……？,,1,177,10,1,0,0,0,0,0,,Translated
1307,世以子,そ、想像しないでおこうよ……, , ,Seiko,B-Best not to think about that...,,,세이코,"사, 상상하지 말자......",,,世以子,別、別去想像了……,,,1,122,19,1,0,0,0,0,0,,Translated
1308,世以子,……きゃっ！, , ,Seiko,...Yaagh!,,,세이코,...... 꺅!,,,世以子,……呀！,,,1,9,20,1,0,0,0,0,0,,Translated
1309,世以子,も、もう……　地震いやーっ！, , ,Seiko,Not another...earthquake...!,,,세이코,"이, 이제...... 지진은 싫어~!",,,世以子,又、又是……地震不要啊～！,,,1,10,20,1,0,0,0,0,0,,Translated
1310,世以子,おさまった……？, , ,Seiko,Is it over...?,,,세이코,멎었나......?,,,世以子,停了……？,,,1,11,20,1,0,0,0,0,0,,Translated
1311,世以子,だ、大丈夫だった？　直……, , ,Seiko,"A-Are you okay, Nao...",,,세이코,"괘, 괜찮아? 나오......",,,世以子,沒、沒事吧？直……,,,1,12,20,1,0,0,0,0,0,,Translated
1312,世以子,…………, , ,Seiko,...,,,세이코,............,,,世以子,…………,,,1,13,20,1,0,0,0,0,0,,Translated
1313,直美,痛ぃっ！　　　　　　, , ,Naomi,Oof!,,,나오미,아얏!,,,直美,好痛！,,,1,221,10,1,1,0,0,0,0,,Translated
1314,,【本館１Ｆ・西通路】, , ,,[Main Building 1F - West Hall],,,,【본관 1F 서쪽 통로】,,,,【本館１Ｆ・西側通道】,,,0,0,0,0,0,0,0,0,0,,Translated
1315,直美,痛ぃっ！　　　　　, , ,Naomi,Oof!,,,나오미,아얏!,,,直美,好痛！,,,1,221,10,1,1,0,0,0,0,,Translated
1316,直美,あれ……？　この蝋燭……, , ,Naomi,Hmm? This candle...,,,나오미,어라......?  이 양초......,,,直美,咦……？這蠟燭……,,,1,134,10,1,0,0,0,0,0,,Translated
1317,直美,……なんか、見覚えある……, , ,Naomi,I could swear I've seen it before...,,,나오미,"...... 뭔가, 기억이 있어......",,,直美,……總覺得，好像在哪看過……,,,1,135,10,1,0,0,0,0,0,,Translated
1318,直美,（世以子、ほったらかしはマズいよね……） , , ,Naomi,(Seiko doesn't take being alone very well...),,,나오미,"(세이코, 놔두고 가면 위험하겠지......)",,,直美,（把世以子丟下不管不太好吧……）,,,1,211,10,1,0,0,0,0,0,,Translated
1319,世以子,直美！　大丈夫？　……あっぶない……！, , ,Seiko,Naomi! Are you okay?! ...That was a close one!,,,세이코,나오미! 괜찮아? 큰일 날 뻔했네......!,,,世以子,直美！沒事吧？……好危險……！,,,1,159,19,1,0,0,0,0,0,,Translated
1320,直美,んっ……あ、足が……　,……ありがと、腕つかんでくれて。, ,Naomi,Nng... My leg...,...Thanks for lending me a hand.,,나오미,"응...... 아, 발이......","...... 고마워, 팔을 잡아줘서.",,直美,嗯……啊，腳……,……謝謝你抓住我的手臂。,,1,222,10,1,0,0,0,0,0,,Translated
1321,世以子,ううん。……良かった、落っこちなくて。, , ,Seiko,No problem. I'm just glad you didn't fall all the,way down!,,세이코,"아니...... 다행이야, 떨어지지 않아서.",,,世以子,不會。……太好了，沒有掉下去。,,,1,160,19,1,0,0,0,0,0,,Translated
1322,世以子,足の捻挫、きつそうだね……,とりあえず、休めるトコで休みなよ。, ,Seiko,"Seems like you sprained your ankle really badly,",though. We should find you someplace to sit down,and rest!,세이코,"삔 발, 아프겠다......",일단 쉴 곳을 찾아보자.,,世以子,腳扭傷好像很嚴重呢……,總之先找個地方休息吧。,,1,161,19,1,0,0,0,0,0,,Translated
1323,直美,……そう……だね。, , ,Naomi,Yeah...you're probably right...,,,나오미,...... 그래......,,,直美,……也……是。,,,1,223,10,1,0,0,0,0,0,,Translated
1324,世以子,ほら、私に肩のっけて。, , ,Seiko,"Here, lean on my shoulder for the time being.",,,세이코,"자, 나한테 기대.",,,世以子,來，靠著我的肩膀。,,,1,162,19,1,0,0,0,0,0,,Translated
1325,直美,ありがと……世以子、助かるよ。, , ,Naomi,"Thanks... I owe you one, Seiko.",,,나오미,"고마워...... 세이코, 살았어.",,,直美,謝謝……世以子，幫了大忙。,,,1,224,10,1,0,0,0,0,0,,Translated
1326,世以子,気にしない、気にしない。, , ,Seiko,Think nothing of it!,,,세이코,신경 쓰지 마.,,,世以子,別在意，別在意。,,,1,163,19,1,0,0,0,0,0,,Translated
1327,直美,（これだけ探しても出口らしい場所は,見つからないし……足首、もう限界かも）, ,Naomi,(If we haven't been successful at finding a way out,"yet, I doubt we'll have more luck anytime soon. Be-","sides, I don't think my ankle can take much more...)",나오미,(이만큼 찾았는데도 출구 같은 곳은,안 나오고...... 발목은 이제 한계일지도),,直美,（找了這麼多地方也找不到出口之類的……,　腳踝也快撐不住了）,,1,0,0,1,0,0,0,0,0,,Translated
1328,直美,痛ぃっ！　　　　　　, , ,Naomi,Ouch!,,,나오미,아얏!,,,直美,好痛！,,,1,221,10,1,1,0,0,0,0,,Translated
1329,,【本館１Ｆ・西通路】, , ,,[Main Building 1F - West Hall],,,,【본관 1F 서쪽 통로】,,,,【本館１Ｆ・西側通道】,,,0,0,0,0,0,0,0,0,0,,Translated
1330,直美,……？　何か言った？　世以子。, , ,Naomi,"Huh? You say something, Seiko?",,,나오미,......? 뭐라고 했어? 세이코.,,,直美,……？你說了什麼嗎？世以子。,,,1,146,10,1,0,0,0,0,0,,Translated
1331,世以子,うんにゃ？, , ,Seiko,Hmm?,,,세이코,아닝?,,,世以子,沒有啊？,,,1,104,19,1,0,0,0,0,0,,Translated
1332,直美,……そう……？, , ,Naomi,...It...wasn't you?,,,나오미,...... 그래......?,,,直美,……是嗎……？,,,1,147,10,1,0,0,0,0,0,,Translated
1333,直美,（……何かの気配を感じたんだけど……）, , ,Naomi,(I definitely felt a presence of some kind...),,,나오미,(...... 어떤 기척을 느꼈는데......),,,直美,（確實感覺到了某種氣息……）,,,1,148,10,1,0,0,0,0,0,,Translated
1334,,３階への道は塞がれています……, , ,,The stairs beyond this point are piled with rubble.,There's no way through.,,,3층으로 가는 길은 막혀 있습니다......,,,,通往三樓的路被堵住了……,,,0,0,0,1,0,0,0,0,0,,Translated
1335,,【保健室】,何かに阻まれて、入れません……, ,,[Infirmary],"Some unknown, ethereal force has completely sealed",the room. All attempts to enter are being blocked.,,【보건실】,무언가에 막혀 들어갈 수 없습니다......,,,【保健室】,被某種東西阻擋，進不去……,,0,0,0,1,0,0,0,0,0,,Translated
1336,世以子,……うそ……　床が壊れてる……！, , ,Seiko,No... The floor's collapsed!,,,세이코,...... 거짓말...... 바닥이 꺼졌어......!,,,世以子,……騙人……地板塌了……！,,,1,16,20,1,0,0,0,0,0,,Translated
1337,世以子,今の、地震のせい……？, , ,Seiko,Did this happen...because of the earthquake?,,,세이코,방금 지진 때문에......?,,,世以子,是因為剛才的地震……？,,,1,17,20,1,0,0,0,0,0,,Translated
1338,世以子,やだ……　直美ぃーっ……！, , ,Seiko,I can't take this... Naoooomiiii...,,,세이코,싫어...... 나오미이~!,,,世以子,不要……直美～！,,,1,18,20,1,0,0,0,0,0,,Translated
1339,世以子,……うそ……　床が壊れてる……！, , ,Seiko,No... The floor's collapsed!,,,세이코,...... 거짓말...... 바닥이 꺼졌어......!,,,世以子,……騙人……地板塌了……！,,,1,16,20,1,0,0,0,0,0,,Translated
1340,世以子,今の、地震のせい……？, , ,Seiko,Did this happen...because of the earthquake?,,,세이코,방금 지진 때문에......?,,,世以子,是因為剛才的地震……？,,,1,17,20,1,0,0,0,0,0,,Translated
1341,世以子,やだ……　直美ぃーっ……！, , ,Seiko,I can't take this... Naoooomiiii...,,,세이코,싫어...... 나오미이~!,,,世以子,不要……直美～！,,,1,18,20,1,0,0,0,0,0,,Translated
1342,世以子,…………。, , ,Seiko,...,,,세이코,............,,,世以子,…………。,,,1,15,20,1,0,0,0,0,0,,Translated
1343,世以子,直美……大丈夫かな……, , ,Seiko,I hope...Naomi's okay...,,,세이코,나오미...... 괜찮을까......,,,世以子,直美……還好嗎……,,,1,14,20,1,0,0,0,0,0,,Translated
1344,,【理科室】, , ,,[Science Lab],,,,【과학실】,,,,【理科室】,,,0,0,0,0,0,0,0,0,0,,Translated
1345,,扉に鍵がかかっています。, , ,,The door is locked.,,,,문이 잠겨 있습니다.,,,,門鎖著。,,,0,0,0,0,0,0,0,0,0,,Translated
1346,,何か、橋になるようなものでもあれば……, , ,,The gap is relatively narrow here. It seems,"crossable, but it's a little too wide to risk",jumping.,,뭔가 다리가 될 만한 게 있다면......,,,,要是有什麼可以當橋的東西就好了……,,,0,0,0,0,0,0,0,0,0,,Translated
1347,,何か、橋になるようなものでもあれば……, , ,,The gap is relatively narrow here. It seems,"crossable, but it's a little too wide to risk",jumping.,,뭔가 다리가 될 만한 게 있다면......,,,,要是有什麼可以當橋的東西就好了……,,,0,0,0,0,0,0,0,0,0,,Translated
1348,世以子,そだ直美、さっきの板、使えないかな？, , ,Seiko,"Hey, Naomi! What about that loose board we found?",You think it would support our weight?,,세이코,"맞다 나오미, 좀 전에 그 널빤지를 쓰면 되지 않을까?",,,世以子,對了直美，剛才那塊木板不能用嗎？,,,1,0,0,0,0,0,0,0,0,,Translated
1349,直美,橋に？　なるかなぁ、相当ボロボロだけど……, , ,Naomi,"Like a bridge? Hmm, I dunno. It seems kind of beat","up, but I guess it IS pretty solid...",,나오미,"다리로? 괜찮을까, 무지 낡았는데......",,,直美,當橋？能行嗎，相當破爛耶……,,,1,0,0,0,0,0,0,0,0,,Translated
1350,,使う,使わない,,,Try it,Too risky,,,사용한다,사용하지 않는다,,,使用,不使用,,0,255,255,255,255,255,255,255,255,,Translated
1351,,ボロの板切れ　を使った！,,,,The loose board has been set in place.,,,,낡은 널빤지를 사용했다!,,,,使用了【破爛的木板】！,,,0,0,0,0,1,0,0,0,0,,Translated
1352,,test, , ,,test,,,,test, , ,,test,,,0,0,0,1,0,0,0,0,0,,Translated
1353,,test2, , ,,test2,,,,test2, , ,,test2,,,0,0,0,1,0,0,0,0,0,,Translated
