Index,JP_Name,JP_Page1,JP_Page2,JP_Page3,EN2_Name,EN2_Page1,EN2_Page2,EN2_Page3,KO_Name,KO_Page1,KO_Page2,KO_Page3,TC_Name,TC_Page1,TC_Page2,TC_Page3,NameFlag,VoiceNo_low,VoiceNo_high,Timing,VoiceAutoPage,TextSpeed,Button,AutoPage,ExtVoice,Translator_Notes,Status
0,,チャプター３のオープニングを見ますか？, , ,,View the Chapter 3 opening?,,,,챕터3 오프닝을 보겠습니까?,,,,要觀看第三章的開場嗎？, ,,0,0,0,1,0,0,0,0,0,,Translated
1,,はい,いいえ,,,Yes,No,,,네,아니오,,,是,否,,0,255,255,255,255,255,255,255,255,,Translated
2,,ハァッ…ハァッ…！,　ケホッ、ケホッ！, ,,*pant* *pant* *pant*,*cough* *cough*,,,하악... 하악...!,"  콜록, 콜록!",,,哈啊…哈啊…！,　咳咳、咳咳！,,0,44,5,1,0,0,0,0,0,,Translated
3,美月,もういや！　何なのよこの学校……！, , ,Mitsuki,I can't take much more of this!,What's wrong with this school?!,,미츠키,더는 싫어!  뭐야 이 학교......!,,,美月,受不了了！這學校到底是怎麼回事……！, ,,1,71,8,1,0,0,0,0,0,,Translated
4,美月,何であんなのがいるの！,……あんな金槌で殴られたら、死んじゃうわ！, ,Mitsuki,"Who the hell was that, and why is he here?!",If we got hit with a hammer like that...we'd be,goners!,미츠키,...... 왜 저런 게 있는 거야!,...... 그런 망치에 맞았다간 죽는다고!,,美月,為什麼會有那種東西在！,……被那種鐵鎚砸到的話，會死的！,,1,72,8,1,0,0,0,0,0,,Translated
5,美月,黒崎は……何処いったのよ！,ううぅぅ……, ,Mitsuki,Where's Kurosaki...?! *sob* *sob*,,,미츠키,쿠로사키는...... 어딜 간 거야!,으으으으......,,美月,黒崎……跑哪去了！,嗚嗚嗚……,,1,73,8,1,0,0,0,0,0,,Translated
6,袋井,……心配すんな、さっきまで一緒だったんだろ？, , ,Fukuroi,Don't worry about him. He was just here.,,,후쿠로이,"...... 걱정 마, 좀 전까지 같이 있었잖아?",,,袋井,……別擔心，剛才不是還在一起嗎？, ,,1,45,5,1,0,0,0,0,0,,Translated
7,袋井,すぐその辺で会えるって……, , ,Fukuroi,"We'll run into him any minute now, I'm sure of it.",,,후쿠로이,곧 이 근처에서 보게 될 거야......,,,袋井,馬上就能在附近見到他了……, ,,1,46,5,1,0,0,0,0,0,,Translated
8,美月,ううぅぅ……　やだ…やだぁ……,あんな死に方、したくない……, ,Mitsuki,*whine* I hate this... I hate this!,I don't want to die like that!,,미츠키,우우우우......  싫어... 싫어......,그런 식으로는 죽고 싶지 않아......,,美月,嗚嗚嗚……　不要…不要啊……,我不想那樣死掉……,,1,74,8,1,0,0,0,0,0,,Translated
9,美月,アンタも見たでしょう！？　恵美の死体……！,頭が…頭が、バックリ割れて……, ,Mitsuki,"You saw it too, right? Emi's body?",Her head... Her head was split wide open!,,미츠키,너도 봤지!?  에미의 사체......!,"머리가... 머리가, 팍 깨져서......",,美月,你也看到了吧！？　惠美的屍體……！,頭…頭被劈開了……,,1,75,8,1,0,0,0,0,0,,Translated
10,美月,きっと、アイツに殴られたのよ！, , ,Mitsuki,It had to have been from that hammer!,,,미츠키,"분명, 그 녀석에게 맞은 거야!",,,美月,一定是被那傢伙打的！, ,,1,76,8,1,0,0,0,0,0,,Translated
11,袋井,……思い出させんなよ……　頼むから……, , ,Fukuroi,Don't think about it. Please!,,,후쿠로이,...... 생각나게 하지 마......  부탁이니까......,,,袋井,……別讓我想起來……　求你了……, ,,1,47,5,1,0,0,0,0,0,,Translated
12,美月,うううぅぅ……, , ,Mitsuki,*weep*,,,미츠키,우우우우우......,,,美月,嗚嗚嗚嗚……, ,,1,77,8,1,0,0,0,0,0,,Translated
13,袋井,クソッ……みんなどこいったんだ……, , ,Fukuroi,Dammit... Where DID everybody go?!,,,후쿠로이,젠장...... 다들 어디 간 거야......,,,袋井,可惡……大家都去哪了……, ,,1,48,5,1,0,0,0,0,0,,Translated
14,美月,……？, , ,Mitsuki,...?,,,미츠키,......?,,,美月,……？, ,,1,78,8,1,0,0,0,0,0,,Translated
15,美月,あ…　…れ？　みて、見て袋井。,廊下が……, ,Mitsuki,"Ahh... Wha...? Look... Fukuroi, look!",The hallway!,,미츠키,어...  ... 라?  봐봐 후쿠로이.,복도가......,,美月,啊…　…咦？　看、看啊袋井。,走廊……,,1,79,8,1,0,0,0,0,0,,Translated
16,美月,廊下が……,うそ…　…伸びてる。, ,Mitsuki,It... It can't be...,The corridor... It grew...,,미츠키,복도가......,거짓말...  길어졌어.,,美月,走廊……,騙人…　…變長了。,,1,80,8,1,0,0,0,0,0,,Translated
17,袋井,……何だ、アレ, , ,Fukuroi,...What...is...?,,,후쿠로이,"...... 뭐야, 저건",,,袋井,……那是什麼, ,,1,49,5,1,0,0,0,0,0,,Translated
18,美月,そっちじゃないよ、こっちだって,ほら、廊下。, ,Mitsuki,"No, no, the other way! Look, down the hall!",,,미츠키,"그쪽이 아냐, 이쪽이라고","봐, 복도.",,美月,不是那邊啦，是這邊,你看，走廊。,,1,81,8,1,0,0,0,0,0,,Translated
19,袋井,なんか……　ッ？,……こっちくるぞ……？, ,Fukuroi,Something's... Ack! Something's coming!,,,후쿠로이,뭔가......,...... 이쪽으로 오는데......?,,袋井,好像有……　？,……朝這邊來了……？,,1,50,5,1,0,0,0,0,0,,Translated
20,美月,はァ？, , ,Mitsuki,What?!,,,미츠키,뭐어?,,,美月,蛤？, ,,1,82,8,1,0,0,0,0,0,,Translated
21,＊,アアアアアアアアアアァーーーーー！！, , ,*,AAAAAAAAAAAAAAHHHHHH!!,,,＊,아아아아아아아아아아아~~~~~!!,,,＊,啊啊啊啊啊啊啊啊啊啊──────！！, ,,1,164,26,1,1,0,0,0,0,,Translated
22,袋井,っ！？　ぅわあぁぁぁ！！, , ,Fukuroi,Wh...WHAAAAAAAAAA!!,,,후쿠로이,윽!?  우와아아아아!!,,,袋井,！？　嗚哇啊啊啊！！, ,,1,51,5,1,0,0,0,0,0,,Translated
23,袋井,ガァ…！　…ッア！　…アアァァア－ッ！, , ,Fukuroi,GAH!,Aagh...AAAAAAAHHHH!!,,후쿠로이,아아...!   ...으아!  ...아아아아아악~!,,,袋井,嘎…！　…呃啊！　…啊啊啊啊啊－！, ,,1,52,5,1,0,0,0,0,0,,Translated
24,＊,アアアアアー！！, , ,*,OOOOOAAAAGGGHH!!,,,＊,아아아아아~!!,,,＊,啊啊啊啊啊－！！, ,,1,165,26,1,1,0,0,0,0,,Translated
25,袋井,ッ…　ァ　ガ, , ,Fukuroi,Oaallgghh!!,,,후쿠로이,윽...  아  악,,,袋井,…　啊　嘎, ,,1,53,5,1,0,0,0,0,0,,Translated
26,美月,―いやああぁぁぁぁ！！, , ,Mitsuki,NOOOOOOOOO!!,,,미츠키,... 꺄아아아아아아아!!,,,美月,―不要啊啊啊啊啊！！, ,,1,83,8,1,0,0,0,0,0,,Translated
27,美月,…ああ…あ……,うわああぁあぁあぁあぁ！！, ,Mitsuki,*whimper* *whimper*,NOOOOOOOOOOOOOO!!,,미츠키,... 아아... 아......,우와아아아아아아아아아!!,,美月,…啊啊…啊……,嗚哇啊啊啊啊啊啊！！,,1,84,8,1,0,0,0,0,0,,Translated
28,美月,ひぃッ！,……あああ！　いやあぁぁ！, ,Mitsuki,Hyaaah!,Aaaaah...no...NOOOOO!!,,미츠키,히익!,...... 아아아!  싫어어어어!,,美月,咿！,……啊啊啊！　不要啊啊！,,1,86,8,1,0,0,0,0,0,,Translated
29,美月,いやああぁぁぁ！, , ,Mitsuki,No... No... NOOOOOOOOOO!!,,,미츠키,꺄아아아아아아!,,,美月,不要啊啊啊啊！, ,,1,87,8,1,0,0,0,0,0,,Translated
30,美月,っ！　…ヒィィ！, , ,Mitsuki,*whimper*,,,미츠키,윽!  ... 히이이!,,,美月,！　…咿！, ,,1,88,8,1,0,0,0,0,0,,Translated
31,美月,あうッ……,うううぅぅ……　グスッ、グスッ。, ,Mitsuki,*weep* *sniffle* *whimper*,,,미츠키,아욱......,"으으으으으......  훌쩍, 훌쩍",,美月,啊嗚……,嗚嗚嗚嗚……　吸、吸。,,1,0,0,1,0,0,0,0,0,,Translated
32,美月,グスッ……　何よ……もうっ！, , ,Mitsuki,...What's happening...,,,미츠키,훌쩍......  뭐야...... 진짜!,,,美月,吸……　什麼啊……真是的！, ,,1,90,8,1,0,0,0,0,0,,Translated
33,美月,……何なのよぉ！, , ,Mitsuki,...What the hell is going on?!,,,미츠키,...... 뭐냐고!,,,美月,……到底怎麼回事啊！, ,,1,91,8,1,0,0,0,0,0,,Translated
34,, ,　・・・・・・。, ,, ,     ...,,,    ·  ·  ·  ·  ·  ·  ,,,,　　‧　‧　‧　‧　‧　‧, ,,0,0,0,1,0,0,0,0,0,,Translated
35,＊,おねぇひゃん……　わたヒのあたま,……かえして？, ,*,Gihh me back my heahh...,,,＊,언니......  내 머리,...... 돌려줘.,,＊,姐姐……　把　我的頭,……還給我？,,1,4,21,1,1,0,0,0,0,,Translated
36,美月,　　　　　　　　　　　　　　　　　　　　　　　,いやあああぁぁぁぁぁーーッ！！, ,Mitsuki, ,YAAAAAAAAAGGGGGGHHHHH!!,,미츠키,,꺄아아아아아아아아악~~!!,,美月,　　　　　　　　　　　　　　　　　　　　　　　,不要啊啊啊啊啊啊──！！,,1,92,8,1,0,0,0,0,0,,Translated
37,直美,も、もしもし……, , ,Naomi,Uh... Hello?,,,나오미,"여, 여보세요......",,,直美,喂、喂……, ,,1,179,11,1,0,0,0,0,0,,Translated
38,,　た・す・け・て・く・れ, , ,,H e l p   m e . . .,,,,살·려·줘,,,,　救・命・啊, ,,0,189,5,1,1,0,0,0,0,,Translated
39,,　た・す・け・て・く・れ, , ,,H e l p   m e . . .,,,,살·려·줘,,,,　救・命・啊, ,,0,190,5,1,1,0,0,0,0,,Translated
40,＊,直美？　直美なの？, , ,*,Naomi? Are you there?!,,,＊,나오미? 나오미야?,,,＊,直美？是直美嗎？, ,,1,215,9,1,1,0,0,0,0,,Translated
41,＊,……返事をして！　ねぇ！, , ,*,Answer me! Please!,,,＊,...... 대답 좀 해 봐! 제발!,,,＊,……回答我！　喂！, ,,1,216,9,1,1,0,0,0,0,,Translated
42,直美,……お母さん……？,！　お母さん？！, ,Naomi,Mom...? Mom!,,,나오미,...... 엄마......?,!  엄마?!,,直美,……媽媽……？,！　媽媽？！,,1,180,11,1,0,0,0,0,0,,Translated
43,直美,……お母さん！　私だよ,今、大変な事になって……, ,Naomi,"Mom! Mom, it's me! I'm in real trouble!",,,나오미,...... 엄마! 나야,지금 큰일이 나서......,,直美,……媽媽！是我啊,現在遇到了大麻煩……,,1,181,11,1,0,0,0,0,0,,Translated
44,＊,直美！　声を聞かせて……！,ああぁぁ……！, ,*,"Naomi! Please, just let me hear your voice! *sob*",,,＊,나오미!  목소리를 들려줘......!,아아아아......!,,＊,直美！　讓我聽聽你的聲音……！,啊啊……！,,1,217,9,1,1,0,0,0,0,,Translated
45,直美,……っ, , ,Naomi,...,,,나오미,...... 윽,,,直美,……, ,,1,182,11,1,0,0,0,0,0,,Translated
46,＊,お願い……何か喋って,……お母さんよ、直美！, ,*,"Please... Just say something! I'm your mom, Naomi!",,,＊,부탁이야...... 말 좀 해 봐,"...... 나오미, 엄마야!",,＊,求求你……說點什麼,……我是媽媽啊，直美！,,1,218,9,1,1,0,0,0,0,,Translated
47,＊,神様ぁ！　……うぅぅぅ,あの子を……無事に……, ,*,"God, please...don't let anything have happened to",her!,,＊,하느님!  ...... 으으으으,그 아이를...... 무사히......,,＊,老天爺啊！　……嗚嗚嗚,那孩子……要平安無事……,,1,219,9,1,1,0,0,0,0,,Translated
48,,　た・す・け・て・く・れ, , ,,H e l p   m e . . .,,,,살·려·줘,,,,　救・命・啊, ,,0,191,5,1,1,0,0,0,0,,Translated
49,,　た・す・け・て・く・れ, , ,,H e l p   m e . . .,,,,살·려·줘,,,,　救・命・啊, ,,0,192,5,1,1,0,0,0,0,,Translated
50,,　た・す・け・て・く・れ, , ,,H e l p   m e . . .,,,,살·려·줘,,,,　救・命・啊, ,,0,193,5,1,1,0,0,0,0,,Translated
51,,　た・す・け・て・く・れ, , ,,H e l p   m e . . .,,,,살·려·줘,,,,　救・命・啊, ,,0,194,5,1,1,0,0,0,0,,Translated
52,直美,――っ！　　　　　, , ,Naomi,...Agh!,,,나오미,윽!,,,直美,――！　　　　　, ,,1,183,11,1,1,0,0,0,0,,Translated
53,直美,ハァ、ハァ、ハァ……, , ,Naomi,*pant* *pant* *pant*,,,나오미,"하아, 하아, 하아......",,,直美,哈啊、哈啊、哈啊……, ,,1,185,11,1,0,0,0,0,0,,Translated
54,直美,………。, , ,Naomi,...,,,나오미,.........,,,直美,………。, ,,1,186,11,1,0,0,0,0,0,,Translated
55,直美,………。, , ,Naomi,...,,,나오미,.........,,,直美,………。, ,,1,198,11,1,0,0,0,0,0,,Translated
56,直美,（……携帯……,　世以子たちの番号入ってるんだ……）, ,Naomi,(My cell phone...does have Seiko's number stored in,"it...and everybody else's, too...)",,나오미,(...... 휴대전화......,세이코의 전화번호가 입력되어 있어......),,直美,（……手機……,　存了世以子她們的號碼……）,,1,199,11,1,0,0,0,0,0,,Translated
57,直美,きゃ…！　　　　　　　, , ,Naomi,Eek!,,,나오미,꺄...!,,,直美,呀…！　　　　　　　, ,,1,200,11,1,1,0,0,0,0,,Translated
58,直美,…ッた！,……い……, ,Naomi,Oolgh...ooww...,,,나오미,... 아!,...... 파......,,直美,…啊！,……好……,,1,201,11,1,0,0,0,0,0,,Translated
59,直美,……イタ……　痛いぃ……, , ,Naomi,"Oh, God... It hurts!",,,나오미,...... 아파...... 아파아......,,,直美,……好痛……好痛……, ,,1,202,11,1,0,0,0,0,0,,Translated
60,直美,（ボキッ……て、……うそ……　足が……！）, , ,Naomi,(That sound...,Was that...my leg...?!),,나오미,(뽀각...... 아...... 거짓말...... 발이......!),,,直美,（喀……一聲，……騙人……腳……！）, ,,1,203,11,1,0,0,0,0,0,,Translated
61,直美,んっ！, , ,Naomi,Nng!,,,나오미,윽!,,,直美,嗯！, ,,1,204,11,1,0,0,0,0,0,,Translated
62,直美,……ッ……,うぇ…っ、え゛ほっ, ,Naomi,*gag* *spit* *retch*,,,나오미,읏......,"우에...  윽,  으흑",,直美,……　……嘔…、呃咳, ,,1,205,11,1,0,0,0,0,0,,Translated
63,世以子,(しっかり！,いつも強気な直美さんらしくないゾ！）, ,Seiko,"(Pull yourself together! You're a tough cookie,",Naomi. This isn't like you!),,세이코,(정신 차려!,언제나 강했던 나오미답지 않다구!),,世以子,(振作點！,一點都不像平時強勢的直美同學哦！）,,1,41,20,1,1,0,0,0,0,,Translated
64,直美,あたし……あたし、そんなに強くないよ……, , ,Naomi,I'm... I'm not 'tough' at all!,,,나오미,"나...... 난, 그렇게 강하지 않아......",,,直美,我……我沒有那麼堅強啦……, ,,1,206,11,1,0,0,0,0,0,,Translated
65,直美,世以子……　ううッ……世以子ぉ……, , ,Naomi,Seiko... *sob* Seeiiikoo...,,,나오미,세이코......  으으...... 세이코오......,,,直美,世以子……　嗚嗚……世以子……, ,,1,207,11,1,0,0,0,0,0,,Translated
66,直美,もういやぁぁ！,誰か……　助けてぇ……, ,Naomi,I can't take any more of this!,"Somebody, please, help me!",,나오미,이젠 싫어어!,누가 좀......  살려줘어......,,直美,已經受不了了！,誰來……　救救我……,,1,208,11,1,0,0,0,0,0,,Translated
67,直美,ぅうぅぅぅぅぅ……,……うぇぇ……, ,Naomi,*deep sobbing*,,,나오미,우우우우우우우......,...... 우에에......,,直美,嗚嗚嗚嗚嗚……,……嗚嗚……,,1,209,11,1,0,0,0,0,0,,Translated
68,直美,ぅうぇぇぇぇん！,うえええぇぇぇぇぇん！, ,Naomi,WAAAAAAAH! WAAAAAAAAAAAAAAAHH!!,,,나오미,우에에에에엥!,우에에에에에에에엥!,,直美,嗚嗚嗚嗚！,嗚嗚嗚嗚嗚！,,1,210,11,1,0,0,0,0,0,,Translated
69,直美,うああああああん、,おかあさぁぁん, ,Naomi,WAAAAAAAAHH!! MOOOMMY!!,,,나오미,우아아아아아앙,엄마아아아,,直美,嗚啊啊啊啊啊,媽媽啊,,1,211,11,1,0,0,0,0,0,,Translated
70,直美,哲志ーっ……,うあああああぁぁぁん！, ,Naomi,SATOOOSHIII!! WAAAAAAAAAAHH!!,,,나오미,사토시~,우아아아아아아앙!,,直美,哲志――……,嗚啊啊啊啊啊！,,1,212,11,1,0,0,0,0,0,,Translated
71,直美,う…う…… 世以子……, , ,Naomi,*weep* ...Seiko...,,,나오미,으... 으...... 세이코......,,,直美,嗚…嗚…… 世以子……, ,,1,187,11,1,0,0,0,0,0,,Translated
72,直美,わかんないよ……, , ,Naomi,I don't understand...,,,나오미,모르겠어......,,,直美,搞不懂啊……, ,,1,188,11,1,0,0,0,0,0,,Translated
73,直美,一緒に出ようって……　言ったのに……, , ,Naomi,You said we'd make it out of here...together...,,,나오미,함께 나가자고......  했는데......,,,直美,明明說好要一起出去的……, ,,1,189,11,1,0,0,0,0,0,,Translated
74,直美,……自殺するってどういう事よ！,何があったの！, ,Naomi,Why would you kill yourself?! What happened?!,,,나오미,...... 자살하는 건 뭐냐고!,무슨 일이 있었어!,,直美,……自殺是什麼意思！,發生了什麼事！,,1,190,11,1,0,0,0,0,0,,Translated
75,直美,何を見たの……, , ,Naomi,What...did you see...?,,,나오미,뭘 본 거야......,,,直美,你看到了什麼……, ,,1,191,11,1,0,0,0,0,0,,Translated
76,＊,お気の毒に……, , ,*,It really is a pity...,,,＊,불쌍하게도......,,,＊,真是可憐……, ,,1,20,9,1,0,0,0,0,0,,Translated
77,直美,！（びくッ）, , ,Naomi,*gasp*,,,나오미,!  (깜짝),,,直美,！（嚇一跳）, ,,1,192,11,1,0,0,0,0,0,,Translated
78,直美,…あ、あなたは……？, , ,Naomi,Wh-Who are you?,,,나오미,"... 너, 너는......?",,,直美,…你、你是……？, ,,1,193,11,1,0,0,0,0,0,,Translated
79,＊,私は……ここで死んだ、幽霊です。, , ,*,I'm the...spirit...of a girl who died here.,,,＊,"저는...... 여기에서 죽은, 유령입니다.",,,＊,我是……死在這裡的，幽靈。, ,,1,21,9,1,0,0,0,0,0,,Translated
80,直美,……お気の毒って……？, , ,Naomi,...Do you know what happened to her?,,,나오미,...... 불쌍하다니......?,,,直美,……可憐……？, ,,1,194,11,1,0,0,0,0,0,,Translated
81,＊,お友達は……触れてしまったのです。,……“あれ”に。, ,*,I believe your friend...was afflicted.,,,＊,친구는...... 받은 것입니다.,...... “그것”을.,,＊,你的朋友……是被附身了。,……被“那個”。,,1,22,9,1,0,0,0,0,0,,Translated
82,直美,……“あれ”？, , ,Naomi,...With what?,,,나오미,...... “그것”?,,,直美,……“那個”？, ,,1,195,11,1,0,0,0,0,0,,Translated
83,＊,この学校そのものを縛りつけている、,恐るべき呪（のろ）いです。, ,*,The curse that holds this school together.,,,＊,이 학교 그 자체를 얽매고 있는,무서운 저주입니다.,,＊,是束縛著這所學校本身的，,可怕的詛咒。, ,1,23,9,1,0,0,0,0,0,,Translated
84,＊,その呪いに触れた者は、精神を侵され……, , ,*,Those who are touched by it slowly lose their minds,to it.,,＊,그 저주를 받은 자는 정신을 침식당해......,,,＊,被那詛咒觸及的人，精神會被侵蝕……, ,,1,24,9,1,0,0,0,0,0,,Translated
85,＊,心を守る為に、突発的に防御反応が起こって,……自害を選んでしまう人もいます。, ,*,"Some people realize this is happening, and go to",great lengths to prevent it...even taking their,own lives.,＊,"마음을 지키기 위해, 돌발적으로 방어 반응을 일으켜",...... 자해를 선택하게 되는 사람도 있습니다.,,＊,為了守護心靈，會突發性地產生防禦反應,……也有人會選擇自殺。, ,1,25,9,1,0,0,0,0,0,,Translated
86,＊,人によっては、錯乱状態におちいったり, , ,*,"Of course, others just go insane.",,,＊,사람에 따라 착란 상태에 빠지거나,,,＊,有些人會陷入錯亂狀態，, ,,1,26,9,1,0,0,0,0,0,,Translated
87,＊,何の予兆も無く、突然周囲の人に危害を加えたり,……症状は様々ですが, ,*,Sometimes they start hurting the people around them.,The exact response to this curse varies quite a bit,from one person to the next.,＊,아무 예고도 없이 주위 사람들에게 위해를 가하는 등,...... 증상은 여러가지가 있지만,,＊,或者毫無預兆地突然傷害周圍的人,……症狀各不相同，, ,1,27,9,1,0,0,0,0,0,,Translated
88,直美,そんな……, , ,Naomi,That's horrible...,,,나오미,그럴 수가......,,,直美,怎麼會……, ,,1,196,11,1,0,0,0,0,0,,Translated
89,＊,お友達が亡くなった今……,この学校……この空間で……, ,*,Now that your friend has passed away...,this school...this space...,,＊,친구가 죽은 지금......,이 학교...... 이 공간에서......,,＊,你的朋友已經去世的現在……,這所學校……這個空間裡……, ,1,28,9,1,0,0,0,0,0,,Translated
90,＊,生きている人間はもう……,……あなたしか、いません。, ,*,...is yours alone. You are its only living occupant.,,,＊,살아있는 사람은 이제......,"...... 당신 밖에, 없습니다.",,＊,活著的人已經……,……只剩下你了。, ,1,29,9,1,0,0,0,0,0,,Translated
91,直美,……うそ……, , ,Naomi,...No...,,,나오미,...... 거짓말......,,,直美,……騙人……, ,,1,197,11,1,0,0,0,0,0,,Translated
92,＊,あなたはこのまま、,……死ぬまで一人ぼっち……, ,*,You will be all by yourself from here on out...,...until the day you die...,,＊,당신은 이대로,...... 죽을 때까지 외톨이......,,＊,你將會就這樣，,……孤獨一生直到死去……, ,1,30,9,1,0,0,0,0,0,,Translated
93,,　教卓をよく見ると、ペンで何か書き記してあります。, , ,,"Looking closely at the teacher's desk, something",seems to have been written on its surface in pen.,,,교탁을 잘 보니 펜으로 뭔가를 적고 있습니다.,,,,仔細看講桌，上面有用筆寫著什麼。, ,,0,0,0,1,0,0,0,0,0,,Translated
94,,　結衣センセーへ,　迎えに行く。入れ違いで これを見たら、, ,,"'Ms. Yui, we've gone to find you. If we pass each","other and you see this message, wait right here.",,,유이 선생님에게,거기로 갈게. 혹시 엇갈려서 이걸 보게 되면,,,“給結衣老師,　我們去找你了。如果錯過了看到這個，, ,0,235,23,1,0,0,0,0,0,,Translated
95,,　この場で待ってて,　俺等も帰ってくるから, ,,We'll be back.',,,,여기에서 기다려,우리도 여기로 올 테니까,,,　請在這裡等我們,　我們也會回來的。”,,0,236,23,1,0,0,0,0,0,,Translated
96,由香,お兄ちゃん、“結衣先生”って……！, , ,Yuka,"Big brother, look! It says 'Ms. Yui'!",,,유카,"오빠,  “유이 선생님”이래......!",,,由香,哥哥，“結衣老師”……！, ,,1,91,28,1,0,0,0,0,0,,Translated
97,哲志,ああ！　この無躾な文面は、間違いなく良樹だ。, , ,Satoshi,"Yeah, and I recognize that sloppy handwriting.","No doubt about it, it's from Yoshiki!",,사토시,어! 이 버릇없는 문맥은 틀림없이 요시키야.,,,哲志,啊！這粗魯的筆跡，肯定是良樹。, ,,1,140,15,1,0,0,0,0,0,,Translated
98,哲志,少なくともアイツと結衣先生は、近い場所にいる！, , ,Satoshi,"Which means he's also been brought here, at the",very least. Along with Ms. Yui!,,사토시,적어도 그 녀석과 유이 선생님은 가까운 곳에 있어!,,,哲志,至少那傢伙和結衣老師在附近！, ,,1,141,15,1,0,0,0,0,0,,Translated
99,由香,じゃぁ、ここで待ってたら、会えるのかなぁ？, , ,Yuka,"So if we wait here, do you think they'll come back?",,,유카,그럼 여기에서 기다리고 있으면 만날 수 있는 거야?,,,由香,那在這裡等的話，能見到他們嗎？, ,,1,92,28,1,0,0,0,0,0,,Translated
100,哲志,そうだな……,（この次元にいるかどうか……分からないけど）, ,Satoshi,"I dunno, maybe...",(...though we have no way of knowing if they're in,the same space as us...),사토시,글쎄......,(이 차원에 있는지 없는지...... 알 수가 없으니까),,哲志,誰知道呢……,（但不知道他們是否在同一個次元……）,,1,142,15,1,0,0,0,0,0,,Translated
101,哲志,……っ！, , ,Satoshi,...!,,,사토시,...... 윽!,,,哲志,……！, ,,1,143,15,1,0,0,0,0,0,,Translated
102,,　……うっすらと教卓に、字が浮かんできました……, , ,,"Words seem to have materialized, hovering in the air","just above the desk's surface, barely perceptible...",,,...... 교탁에 희미하게 글자가 떠오릅니다......,,,,　……講桌上隱約浮現出文字……, ,,0,0,0,1,0,0,0,0,0,,Translated
103,,　……しかしまだ字が薄く、読み取る事が出来ません。, , ,,"Unfortunately, the letters are very faint, so you",can't quite make sense of them just yet.,,,...... 하지만 글자가 희미해서 알아볼 수가 없습니다.,,,,　……但文字還很淡，無法辨識。, ,,0,0,0,1,0,0,0,0,0,,Translated
104,,　落書きの書かれた教卓があります。, , ,,The teacher's desk is covered with markings.,,,,낙서가 적힌 교탁이 있습니다.,,,,有畫著塗鴉的講桌。, ,,0,0,0,1,0,0,0,0,0,,Translated
105,,　よく見ると、うっすらと字のようなものが,　浮かんで来ているようです……, ,,"Looking closely, there appear to be words written on",it -- but the letters are indistinct and seem to be,"changing from moment to moment, as if in flux.",,잘 보니 희미한 글자 같은 것이,떠오르려 하고 있습니다......,,,仔細一看，似乎有文字般的東西,隱約浮現出來……, ,0,0,0,1,0,0,0,0,0,,Translated
106,,　教卓をよく見ると、ペンで何か書き記してあります。, , ,,"Looking closely at the teacher's desk, something",seems to have been written on its surface in pen.,,,"교탁을 잘 보니, 펜으로 뭔가를 적고 있습니다.",,,,仔細看講桌，上面有用筆寫著什麼。, ,,0,0,0,1,0,0,0,0,0,,Translated
107,,“先生早く帰って来て,　岸沼君がいなくなっちゃった……　どうしよう”, ,,"'I hope you get back soon, Ms. Yui.","Kishinuma's disappeared somewhere,",and I don't know where to find him!',,“선생님 어서 돌아와,키시누마 군이 사라졌어...... 어쩌지”,,,“老師快點回來,　岸沼同學不見了……　怎麼辦”, ,0,4,1,1,0,0,0,0,0,,Translated
108,,　……しかしまだ字が薄く、読み取る事が出来ません。, , ,,"Unfortunately, the letters are very faint, so you",can't quite make sense of them just yet.,,,...... 하지만 아직 글씨가 희미해서 알아볼 수가 없습니다.,,,,　……但文字還很淡，無法辨識。, ,,0,0,0,1,0,0,0,0,0,,Translated
109,,　教卓をよく見ると、ペンで何か書き記してあります。, , ,,"Looking closely at the teacher's desk, something",seems to have been written on its surface in pen.,,,교탁을 잘 보니 펜으로 뭔가를 적고 있습니다.,,,,仔細看講桌，上面有用筆寫著什麼。, ,,0,0,0,1,0,0,0,0,0,,Translated
110,,“別館の校舎を見つけたよ,　先生、先に行くから来てね, ,,'I found an outdoor walkway on 1F leading to a,second wing. I'm going to go check it out. If you,"see this, Ms. Yui, please come find me.",,“별관 교사를 찾았어,"선생님, 먼저 갈 테니까 따라와",,,“我找到了別館的校舍,　老師，我先過去看看，請來找我”, ,0,5,1,1,0,0,0,0,0,,Translated
111,,　３枚の張り紙は虫食いを,　組み合わせたら何かの言葉になりそうだよ,　篠崎,,Somebody left some kind of hidden message over there,"on 3 old school flyers. Apparently, you have to lay",them one on top of the other to read it. -Shinozaki',,벽보 3장의 벌레 먹은 부분을,맞췄더니 어떤 말이 나왔어,시노자키,,把三張海報的蟲蛀部分拼起來,　好像能組成什麼話,　篠崎,0,6,1,1,0,0,0,0,0,,Translated
112,,　……しかしまだ字が薄く、読み取る事が出来ません。, , ,,"Unfortunately, the letters are very faint, so you",can't quite make it all out.,,,...... 하지만 아직 글씨가 희미해서 알아볼 수가 없습니다.,,,,　……但文字還很淡，無法辨識。, ,,0,0,0,1,0,0,0,0,0,,Translated
113,,　ガラスごしに小さな鍵のようなものが見えますが、,　棚の扉が開きません……, ,,Sitting on one of the shelves behind the glass door,"is a tiny key. Unfortunately, the cabinet itself","seems to be locked, so there's no way to get to it.",,유리 너머로 작은 열쇠 같은 것이 보이지만,수납장의 문이 안 열립니다......,,,隔著玻璃可以看到一把小鑰匙般的東西，,但櫃子的門打不開……, ,0,0,0,1,0,0,0,0,0,,Translated
114,,　ガラスごしに小さな鍵のようなものが見えますが、,　棚の扉が開きません…, ,,Sitting on one of the shelves behind the glass door,"is a tiny key. Unfortunately, the cabinet itself",seems to be locked.,,유리 너머로 작은 열쇠 같은 것이 보이지만,수납장의 문이 안 열립니다......,,,隔著玻璃可以看到一把小鑰匙般的東西，,但櫃子的門打不開…, ,0,0,0,1,0,0,0,0,0,,Translated
115,,　鉄の釘抜き　で棚のガラスを割ってみますか？, , ,,Use the nail puller you found to smash the glass?,,,,철제 못뽑이로 수납장 유리를 깨 보겠습니까?,,,,要用【鐵製拔釘器】砸破櫃子的玻璃嗎？, ,,0,0,0,1,0,0,0,0,0,,Translated
116,,はい,いいえ,,,Yes,No,,,네,아니오,,,是,否,,0,255,255,255,255,255,255,255,255,,Translated
117,,パリン！, , ,,*crash*,,,,와장창!,,,,嘩啦！, ,,0,0,0,1,0,0,0,0,0,,Translated
118,,　上手くガラスを割る事が出来ました。, , ,,The glass door is now in pieces on the floor all,around you.,,,유리를 깼습니다.,,,,成功砸破了玻璃。, ,,0,0,0,1,0,0,0,0,0,,Translated
119,,　ちいさな鍵　を取りました。, , ,,Acquired [Tiny Key].,,,,작은 열쇠를 얻었습니다.,,,,拿到了【小鑰匙】。, ,,0,0,0,1,0,0,0,0,0,,Translated
120,,　鉄の釘抜き　が折れてしまいました。, , ,,"Regrettably, the nail puller broke on impact as",well. Seems its usefulness has come to an end.,,,철제 못뽑이가 부러지고 말았습니다.,,,,【鐵製拔釘器】斷掉了。, ,,0,0,0,1,0,0,0,0,0,,Translated
121,,　棚のガラスが割れており、危険です。, , ,,There's glass all over the floor here. Be very,careful where you step.,,,수납장 유리가 깨져서 위험합니다.,,,,櫃子的玻璃破了，很危險。, ,,0,0,0,1,0,0,0,0,0,,Translated
122,哲志,あの板……移動してないか？, , ,Satoshi,"Is it just me, or is that board...moving?",,,사토시,저 널빤지...... 움직이고 있지?,,,哲志,那塊木板……是不是在移動？, ,,1,249,14,1,0,0,0,0,0,,Translated
123,由香,うん……さっきはこっちにあったよ？, , ,Yuka,Yeah. It was over on this side a minute ago.,,,유카,응...... 좀 전엔 여기 있었어,,,由香,嗯……剛才還在這邊的？, ,,1,250,27,1,0,0,0,0,0,,Translated
124,哲志,待ち伏せ……してみるか……,床を調べてみよう。, ,Satoshi,Maybe we can...ambush it?,Let's try to find the exact spot where it was,sitting before...,사토시,기다려...... 볼까......,바닥을 조사해 보자.,,哲志,試試看……埋伏吧……,調查一下地板。, ,1,250,14,1,0,0,0,0,0,,Translated
125,,　奥に扉がありますが、,　ガチリと空間に固定されていて開きません……, ,,"There's a door behind the shelf, but it seems to","exist purely for show, as it's affixed to the wall",like a model. There's no way to open it.,,안쪽에 문이 있습니다.,공간에 딱 고정되어 열리지 않습니다......,,,裡面有扇門，但,就像固定在空間裡一樣，打不開……, ,0,0,0,1,0,0,0,0,0,,Translated
126,哲志,由香、お前ここで少し待っていられるか？, , ,Satoshi,"Hey Yuka, can you wait here for just a second?",,,사토시,"유카, 너 여기에서 기다려 볼래?",,,哲志,由香，你能在這裡等一下嗎？, ,,1,251,14,1,0,0,0,0,0,,Translated
127,由香,えっ？　お、お兄ちゃん、置いてっちゃやだ……, , ,Yuka,"...Huh? Big brother, no! Don't leave me!",,,유카,"어? 오, 오빠, 두고 가지 마......",,,由香,欸？　哥、哥哥，不要丟下我……, ,,1,251,27,1,0,0,0,0,0,,Translated
128,哲志,大丈夫、すぐ戻るよ。,……俺に考えがあるんだ。, ,Satoshi,"Don't worry, I'll be right back.","I just had a thought, that's all...",,사토시,"괜찮아, 금방 올게.",...... 나한테 생각이 있어.,,哲志,沒事的，我馬上回來。,……我有個想法。, ,1,252,14,1,0,0,0,0,0,,Translated
129,由香,ん、わかった……早く戻って来てね。, , ,Yuka,Well...okay. But you have to come right back!,You promise?,,유카,"응, 알았어...... 얼른 와야 해.",,,由香,嗯、知道了……要快點回來哦。, ,,1,252,27,1,0,0,0,0,0,,Translated
130,哲志,ああ。, , ,Satoshi,You bet.,,,사토시,그래.,,,哲志,嗯。, ,,1,253,14,1,0,0,0,0,0,,Translated
131,由香,……さむい……（ブルブル）,……お兄ちゃん平気？, ,Yuka,*shiver* I'm really cold.,"Big brother, aren't you cold?",,유카,...... 춥다...... (덜덜),...... 오빠 괜찮아?,,由香,……好冷……（發抖）,……哥哥沒事吧？,,1,253,27,1,0,0,0,0,0,,Translated
132,哲志,いや……異常だな、この冷気は……, , ,Satoshi,"Yeah, it is pretty chilly in here.",Far more so than it should be.,,사토시,"아니...... 이상한걸, 이 냉기......",,,哲志,不……這股寒氣太異常了……, ,,1,254,14,1,0,0,0,0,0,,Translated
133,由香,おなか……グルグルしてきた……, , ,Yuka,"My belly...is all rumbly, too...",,,유카,배가...... 부글부글해......,,,由香,肚子……開始咕嚕咕嚕叫了……, ,,1,254,27,1,0,0,0,0,0,,Translated
134,由香,……さむい……（ブルブル）,……お兄ちゃん平気？, ,Yuka,*shiver* I'm really cold.,"Big brother, aren't you cold?",,유카,...... 춥다...... (덜덜),...... 오빠 괜찮아?,,由香,……好冷……（發抖）,……哥哥沒事吧？,,1,253,27,1,0,0,0,0,0,,Translated
135,哲志,いや……異常だな、この冷気は……, , ,Satoshi,"Yeah, it is pretty chilly in here.",Far more so than it should be.,,사토시,"아니...... 이상한걸, 이 냉기......",,,哲志,不……這股寒氣太異常了……, ,,1,254,14,1,0,0,0,0,0,,Translated
136,由香,おなか……グルグルしてきた……, , ,Yuka,"My belly...is all rumbly, too...",,,유카,배가...... 부글부글해......,,,由香,肚子……開始咕嚕咕嚕叫了……, ,,1,254,27,1,0,0,0,0,0,,Translated
137,哲志,偉いぞ……よく泣かなかったな、由香。, , ,Satoshi,"You're doing great, Yuka. I'm really impressed how",long you've gone without crying.,,사토시,"장하다...... 울지 않았구나, 유카.",,,哲志,真了不起……竟然沒哭呢，由香。, ,,1,222,14,1,0,0,0,0,0,,Translated
138,由香,ひっく……ひっく……ぐじゅっ, , ,Yuka,*hic* *hic* Uh-huh...,,,유카,흑...... 흑...... 주륵,,,由香,嗚……嗚……吸, ,,1,238,27,1,0,0,0,0,0,,Translated
139,由香,……ん。由香泣いてない……んだもん。, , ,Yuka,I'm...not crying... I'm not...,,,유카,...... 응. 유카 안 울었...... 다 뭐.,,,由香,……嗯。由香沒有哭……才沒有。, ,,1,239,27,1,0,0,0,0,0,,Translated
140,＊,ここに連れて来られた生命エネルギーは、, , ,*,I sense that other corporeal beings such as,yourselves were brought here as well.,,＊,여기로 온 생명 에너지는,,,＊,被帶到這裡來的生命能量，, ,,1,178,5,1,0,0,0,0,0,,Translated
141,＊,……全部で９個だ……,９つの魂が、さっき入って来た。, ,*,Nine in total. Nine poor souls pulled in at once.,,,＊,...... 전부 9개야......,조금 전에 9개의 혼이 들어왔어.,,＊,……總共９個……,剛才進來了９個靈魂。, ,1,179,5,1,0,0,0,0,0,,Translated
142,哲志,俺に由香に、直美、良樹、篠崎……, , ,Satoshi,That would be me and Yuka...Naomi...Yoshiki...,Shinozaki...,,사토시,"나랑 유카랑, 나오미, 요시키, 시노자키......",,,哲志,我和由香，還有直美、良樹、篠崎……, ,,1,223,14,1,0,0,0,0,0,,Translated
143,哲志,先生、篠原、鈴本に森繁……,あの場にいた全員か。, ,Satoshi,Ms. Yui...Shinohara...Suzumoto and Morishige...,"In other words, everybody in the room at the time.",,사토시,"선생님, 시노하라, 스즈모토랑 모리시게......",그 자리에 있던 전원인가.,,哲志,老師、篠原、鈴本和森繁……,當時在場的所有人嗎。, ,1,224,14,1,0,0,0,0,0,,Translated
144,哲志,くそッ！, , ,Satoshi,Dammit!,,,사토시,젠장!,,,哲志,可惡！, ,,1,225,14,1,0,0,0,0,0,,Translated
145,由香,お姉ちゃん達みんな、この学校にいるの？,……ですか？, ,Yuka,So everybody else...is in this school...too?,,,유카,"언니들 다, 이 학교에 있?",...... 나요?,,由香,大家……都在這所學校裡嗎？, ,,1,240,27,1,0,0,0,0,0,,Translated
146,＊,いや……今言ったように、,多重次元に散り散りになっている。, ,*,"Not exactly. As I mentioned, this is a nexus of",closed spaces. Your friends are scattered among,them.,＊,아니...... 방금 말했듯,다중 차원에 뿔뿔이 흩어져,,＊,不……就像剛才說的，,他們分散在多個次元裡。, ,1,180,5,1,0,0,0,0,0,,Translated
147,＊,同じ校舎であって違う場所にいるから、,全員と会うのは難しいと思う。, ,*,"So in essence, they are indeed all in this school...",but it's not quite the same place for everyone.,Meeting anyone else here may prove...difficult.,＊,같은 교사이면서 다른 장소에 있으니까,모두와 만나는 건 쉽지 않을 거야.,,＊,雖在同一校舍卻在不同的地方，,要見到所有人恐怕很難。, ,1,181,5,1,0,0,0,0,0,,Translated
148,＊,下手に逆らって、この学校の怒りに触れると,どんな目に遭うか……, ,*,If you should attempt to defy the will of this,"school to find them, you may ultimately invoke",its wrath. And that's a fate...best avoided.,＊,"괜히 거역하다가, 이 학교의 분노를 사게 되면",어떤 꼴을 당할지......,,＊,如果貿然反抗、觸怒這所學校,不知道會遭到什麼樣的對待……, ,1,182,5,1,0,0,0,0,0,,Translated
149,,いや忠告は有難いが…,そうだな…怖いしな,,,We have to try anyway!,Sounds scary...,,,아니 충고는 고맙지만...,그래... 무서우니까,,,不感謝你的忠告但…,是啊…好可怕,,0,255,255,255,255,255,255,255,255,,Translated
150,哲志,忠告は有り難いが、俺達は絶対に、, , ,Satoshi,"We appreciate the warning, but we have to try.",,,사토시,"충고는 고맙지만, 우린 반드시",,,哲志,感謝你的忠告，但我們一定會，, ,,1,226,14,1,0,0,0,0,0,,Translated
151,哲志,全員揃って、ここを脱出してみせる。, , ,Satoshi,We'll do whatever it takes to find everyone and,get out of here.,,사토시,모두 함께 여길 탈출할 거야.,,,哲志,集齊所有人，逃離這裡給你看。, ,,1,227,14,1,0,0,0,0,0,,Translated
152,由香,お兄ちゃん……, , ,Yuka,Big brother...,,,유카,오빠......,,,由香,哥哥……, ,,1,241,27,1,0,0,0,0,0,,Translated
153,哲志,みんな、いい奴なのに……, , ,Satoshi,They're all such good people...,,,사토시,"다들, 좋은 녀석들인데......",,,哲志,大家明明都是好人……, ,,1,228,14,1,0,0,0,0,0,,Translated
154,哲志,こんな目に遭わされる、理由が無いッ, , ,Satoshi,They've done nothing to deserve this!,,,사토시,이런 꼴을 당할 이유가 없어,,,哲志,沒有理由遭受這種待遇, ,,1,229,14,1,0,0,0,0,0,,Translated
155,哲志,理不尽な“蹂躙”には、絶対に屈しない！, , ,Satoshi,And I absolutely will not give up on them just,because there's some nebulous curse that might,strike back at me!,사토시,불합리한 “유린”에는 굴하지 않겠어!,,,哲志,絕不會屈服於蠻不講理的“蹂躪”！, ,,1,230,14,1,0,0,0,0,0,,Translated
156,哲志,そうだな……何が起こるか解らない。, , ,Satoshi,I guess...this place does seem pretty,unpredictable...,,사토시,그래...... 무슨 일이 일어날지 몰라.,,,哲志,是啊……不知道會發生什麼。, ,,1,231,14,1,0,0,0,0,0,,Translated
157,哲志,……慎重に行動しなければいけないな……,（……怖いし……）, ,Satoshi,We'll make sure we proceed with caution. Thank you,for the warning. (Ominous though it be...),,사토시,...... 신중하게 행동해야겠는걸......,(...... 무섭기도 하고......),,哲志,……必須謹慎行事才行……,（……而且好可怕……）,,1,232,14,1,0,0,0,0,0,,Translated
158,由香,お兄ちゃん……由香怖いよ……, , ,Yuka,Big brother... I'm scared...,,,유카,오빠...... 유카 무서워......,,,由香,哥哥……由香好害怕……, ,,1,242,27,1,0,0,0,0,0,,Translated
159,由香,……由香が、もしひどい目にあってたら,……たすけてくれる？, ,Yuka,"If anything bad happens to me, will you come to",my rescue?,,유카,...... 혹시 유카가 큰일을 당하게 되면,...... 구해줄 거야?,,由香,……如果由香遭遇了不測,……你會來救我嗎？,,1,243,27,1,0,0,0,0,0,,Translated
160,哲志,ああ、それは助けるさ。その……命にかえても。, , ,Satoshi,"Sure! No matter what happens, I'll save you.",Even...if it costs me my life.,,사토시,"그럼, 당연히 구해야지. 그...... 목숨을 걸고서라도.",,,哲志,嗯，當然會救你。……就算豁出性命。, ,,1,233,14,1,0,0,0,0,0,,Translated
161,由香,じ～っ……。, , ,Yuka,Rrrnngg...,,,유카,지잉~  ......,,,由香,盯～……。, ,,1,244,27,1,0,0,0,0,0,,Translated
162,哲志,な、なんだよ。, , ,Satoshi,...Wh-What? Did I say something wrong?,,,사토시,"뭐, 뭐야.",,,哲志,幹、幹嘛。, ,,1,234,14,1,0,0,0,0,0,,Translated
163,＊,今時珍しいな……,その心、どうかなくさずにいてくれ。, ,*,It's a rarity to find such righteous determination,these days. Be sure you don't lose it along the way.,,＊,요즘 세상에 신기하군......,"그 마음, 부디 잊지 마라.",,＊,現在真是少見啊……,希望你不要失去那顆心。, ,1,183,5,1,0,0,0,0,0,,Translated
164,＊,誰も死なせたくないという気持ち……, , ,*,Your desire not to let a single person die...,,,＊,아무도 죽게 하고 싶지 않은 그 마음......,,,＊,不想讓任何人死去的心情……, ,,1,184,5,1,0,0,0,0,0,,Translated
165,＊,どんな現実が待っていようとも、,その心を最後まで保ち続けられれば, ,*,"Try to retain that noble spirit, no matter what",horrors may await.,,＊,어떤 현실이 기다리고 있든,그 마음을 끝까지 지켜내기만 한다면,,＊,無論面對怎樣的現實，,只要能將那份心保持到最後，, ,1,185,5,1,0,0,0,0,0,,Translated
166,＊,全員を救う事は出来なくても, , ,*,And even if you can't save everyone...,,,＊,모두 구할 수는 없더라도,,,＊,即使無法拯救所有人，, ,,1,186,5,1,0,0,0,0,0,,Translated
167,＊,運命を少しでも、良い方へ導く事が,出来るかも知れない。, ,*,...you may still be able to alter your fate for the,"better, even if only by the tiniest of margins...",,＊,"운명을 조금은, 좋은 방향으로",이끌 수 있을지도 몰라.,,＊,也許也能將命運,引導向更好的方向。, ,1,187,5,1,0,0,0,0,0,,Translated
168,＊,私達のように……ならないでくれ……, , ,*,Just don't end up...like us...,,,＊,우리들처럼은...... 되지 마라......,,,＊,不要變得……像我們一樣……, ,,1,188,5,1,0,0,0,0,0,,Translated
169,由香,お兄ちゃん, , ,Yuka,Big brother...,,,유카,오빠,,,由香,哥哥, ,,1,245,27,1,0,0,0,0,0,,Translated
170,哲志,ん？　どうした？, , ,Satoshi,Hmm? What is it?,,,사토시,응?  왜 그러는데?,,,哲志,嗯？怎麼了？, ,,1,235,14,1,0,0,0,0,0,,Translated
171,由香,学校の怒りに……って、何の事？, , ,Yuka,What did he mean by...the school's wrath?,,,유카,학교의 분노를...... 은 무슨 말이야?,,,由香,學校的憤怒……是什麼意思？, ,,1,246,27,1,0,0,0,0,0,,Translated
172,哲志,……なんだろうな。, , ,Satoshi,I'm not sure...,,,사토시,...... 글쎄다.,,,哲志,……誰知道呢。, ,,1,236,14,1,0,0,0,0,0,,Translated
173,哲志,この校舎自体に、意思があるとでも言うのか……, , ,Satoshi,Is he saying the school has a mind of its own or,something...?,,사토시,이 교사 자체에 의사가 있다는 건가......,,,哲志,是說這校舍本身有自己的意志嗎……, ,,1,237,14,1,0,0,0,0,0,,Translated
174,哲志,よし、とにかく先生やみんなを捜そう。, , ,Satoshi,"At any rate, we should try to find Ms. Yui and the",others as soon as possible.,,사토시,"좋아, 일단은 선생님과 친구들을 찾아보자.",,,哲志,好，總之先找老師和同學們吧。, ,,1,238,14,1,0,0,0,0,0,,Translated
175,哲志,途中で出口が見つかったら、お前は先に家に戻るんだ。, , ,Satoshi,"And we need to get you home, too. If we come across","a way out of here, I want you to take it.",,사토시,"도중에 출구를 찾게 되면, 넌 먼저 집으로 돌아가고.",,,哲志,如果途中找到出口，你就先回家去。, ,,1,239,14,1,0,0,0,0,0,,Translated
176,由香,……。, , ,Yuka,...,,,유카,......,,,由香,……。, ,,1,247,27,1,0,0,0,0,0,,Translated
177,哲志,玄関や非常口、屋上なら、外に出られるかも知れない。, , ,Satoshi,"There must be an entranceway, or an emergency exit,","or roof access, or...something that leads outside.","And if so, you're to go straight home, no 'buts'!",사토시,"현관과 비상구, 옥상이라면 밖으로 나갈 수 있을지도 몰라.",,,哲志,玄關、逃生口、屋頂的話，也許能到外面去。, ,,1,240,14,1,0,0,0,0,0,,Translated
178,哲志,それでいいか？, , ,Satoshi,Capiche?,,,사토시,알았지?,,,哲志,可以嗎？, ,,1,241,14,1,0,0,0,0,0,,Translated
179,由香,うん……。, , ,Yuka,...Okay.,,,유카,응......,,,由香,嗯……。, ,,1,248,27,1,0,0,0,0,0,,Translated
180,哲志,由香！　その板取れるか？, , ,Satoshi,Yuka! Can you grab that board?,,,사토시,유카!  그 널빤지 잡을 수 있겠어?,,,哲志,由香！那塊木板拿得到嗎？, ,,1,0,15,1,0,0,0,0,0,,Translated
181,由香,うん！　これだね。, , ,Yuka,Uh-huh! ...I got it!,,,유카,응!  이거 말이지.,,,由香,嗯！　是這個吧。, ,,1,255,27,1,0,0,0,0,0,,Translated
182,,ボロの板切れ　を取りました。, , ,,Acquired [Loose Board].,,,,낡은 널빤지를 얻었습니다.,,,,拿到了【破爛的木板】。, ,,0,0,0,1,0,0,0,0,0,,Translated
183,,　昭和48年9月4日, , ,,09-04-1973, ,,,1973년 9월 4일,,,,　一九七三年九月四日, ,,0,0,0,1,0,0,0,0,0,,Translated
184,哲志,……そんなに前の校舎なのか、ここは……？, , ,Satoshi,Is this school...really from such a long time,ago...?,,사토시,"...... 그렇게 오래된 교사였어, 여긴......?",,,哲志,……這裡是那麼久以前的校舍嗎……？, ,,1,242,14,1,0,0,0,0,0,,Translated
185,,【天神町奉知新聞】が壁に貼ってあります。, , ,,There's a newspaper article pinned to the wall.,It's from a publication called [Heavenly Post].,,,벽에 【텐진 지역 신문】이 붙어 있습니다.,,,,牆上貼著【天神町奉知新聞】。, ,,0,0,0,1,0,0,0,0,0,,Translated
186,,『児童四名 連続誘拐・殺害事件』について、, 記されています。, ,,"The headline reads, 'Breaking News: Serial","Kidnapping Ends In Murder,' but much of the",newsprint is worn away.,,『아동 4명 연속 유괴·살해 사건』에 대해,기록되어 있습니다.,,,記載著『兒童四名　連續綁架・殺害事件』。, ,,0,0,0,1,0,0,0,0,0,,Translated
187,,　昭和四拾八年九月拾八日　午後七時、,　校舎内にて、失踪中の児童たちの亡骸と, ,,The bodies of the absconded youths were discovered,within the Heavenly Host Elementary School building,"on September 18th, 1973 at around 7:00 PM.",,1973년 9월 18일  오후 7시,교사 안에서 실종 중이던 아이들의 유해와,,,　昭和四十八年九月十八日下午七時，,　在校內發現失蹤兒童們的遺體，, ,0,0,0,1,0,0,0,0,0,,Translated
188,,　血の付いた鋏(はさみ)を持ち放心している,　教員一名を発見、此れを確保した, ,,Authorities further revealed that a male instructor,"from the school was found with them, alive but near-","catatonic, holding a pair of bloodied scissors.",,피묻은 가위를 손에 들고 가만히 있는,"교원 1명을 발견, 이들을 확보했다",,,　一名手持沾血剪刀、茫然呆立的教育人員，,　已將其控制。, ,0,0,0,1,0,0,0,0,0,,Translated
189,,（その先はボロボロになっていて、読めません）, , ,,(Everything before and after this part is too faded,to be legible.),,,(그 다음은 너덜너덜해서 읽을 수 없습니다),,,,（那之後破爛不堪，無法閱讀）, ,,0,0,0,1,0,0,0,0,0,,Translated
190,刻命,酷いね……鋏の使い方もわからない,人間がいるなんて。, ,Kizami,That's terrible. I can't believe there are people,out there who don't even know how to use a pair of,scissors...,키자미,너무하는데...... 가위 사용법을 모르는,사람이 있었다니.,,刻命,真過分……竟然有連剪刀都不會用的人。, ,,1,193,6,1,0,0,0,0,0,,Translated
191,哲志,酷い事件だ……,篠崎が前に話してた, ,Satoshi,What a horrible incident...,I remember hearing about this from Shinozaki...,,사토시,무서운 사건이야......,시노자키가 전에 말했던,,哲志,好可怕的事件……,篠崎以前說過, ,1,243,14,1,0,0,0,0,0,,Translated
192,哲志,『ほんとにあった！怖い事件』でも、,聞いた事あるが……, ,Satoshi,...during one of her candlelight vigils.,I guess she did say it was a true story...,,사토시,『정말 있었다! 무서운 사건』에도,나왔었는데......,,哲志,在『真實發生的可怕事件』裡，,也聽過……, ,1,244,14,1,0,0,0,0,0,,Translated
193,哲志,由香、お前ここで、少し待っていられるか？, , ,Satoshi,"Hey Yuka, can you wait here for just a second?",,,사토시,"유카, 너 여기에서 기다려 볼래?",,,哲志,由香，你能在這裡等一下嗎？, ,,1,251,14,1,0,0,0,0,0,,Translated
194,由香,えっ？　お、お兄ちゃん置いてっちゃやだ……, , ,Yuka,"...Huh? Big brother, no! Don't leave me!",,,유카,"어? 오, 오빠, 두고 가지 마......",,,由香,欸？　哥、哥哥不要丟下我……, ,,1,251,27,1,0,0,0,0,0,,Translated
195,哲志,大丈夫、すぐ戻るよ。……俺に考えがあるんだ。, , ,Satoshi,"Don't worry, I'll be right back.","I just had a thought, that's all...",,사토시,"괜찮아, 금방 올게...... 나한테 생각이 있어.",,,哲志,沒事的，我馬上回來。……我有個想法。, ,,1,252,14,1,0,0,0,0,0,,Translated
196,由香,ん、わかった……早く戻って来てね。, , ,Yuka,Well...okay. But you have to come right back!,You promise?,,유카,"응, 알았어...... 얼른 와야 해.",,,由香,嗯、知道了……要快點回來哦。, ,,1,252,27,1,0,0,0,0,0,,Translated
197,哲志,ああ。, , ,Satoshi,You bet.,,,사토시,그래.,,,哲志,嗯。, ,,1,253,14,1,0,0,0,0,0,,Translated
198,由香,……さむい……（ブルブル）,……お兄ちゃん平気？, ,Yuka,*shiver* I'm really cold.,"Big brother, aren't you cold?",,유카,...... 춥다...... (덜덜),...... 오빠 괜찮아?,,由香,……好冷……（發抖）,……哥哥沒事吧？,,1,253,27,1,0,0,0,0,0,,Translated
199,哲志,いや……異常だな、この冷気は……, , ,Satoshi,"Yeah, it is pretty chilly in here.",Far more so than it should be.,,사토시,"아니...... 이상한걸, 이 냉기......",,,哲志,不……這股寒氣太異常了……, ,,1,254,14,1,0,0,0,0,0,,Translated
200,由香,おなか……グルグルしてきた……, , ,Yuka,"My belly...is all rumbly, too...",,,유카,배가...... 부글부글해......,,,由香,肚子……開始咕嚕咕嚕叫了……, ,,1,254,27,1,0,0,0,0,0,,Translated
201,由香,……さむい……（ブルブル）,……お兄ちゃん平気？, ,Yuka,*shiver* I'm really cold.,"Big brother, aren't you cold?",,유카,...... 춥다...... (덜덜),...... 오빠 괜찮아?,,由香,……好冷……（發抖）,……哥哥沒事吧？,,1,253,27,1,0,0,0,0,0,,Translated
202,哲志,いや……異常だな、この冷気は……, , ,Satoshi,"Yeah, it is pretty chilly in here.",Far more so than it should be.,,사토시,"아니...... 이상한걸, 이 냉기......",,,哲志,不……這股寒氣太異常了……, ,,1,254,14,1,0,0,0,0,0,,Translated
203,由香,おなか……グルグルしてきた……, , ,Yuka,"My belly...is all rumbly, too...",,,유카,배가...... 부글부글해......,,,由香,肚子……開始咕嚕咕嚕叫了……, ,,1,254,27,1,0,0,0,0,0,,Translated
204,,　無残な腐乱死体が横たわっています……, , ,,"There's a corpse sprawled out on the ground,",decomposing rapidly.,,,무참하게 썩은 사체가 누워 있습니다......,,,,有一具慘不忍睹的腐爛屍體躺在地上……, ,,0,0,0,1,0,0,0,0,0,,Translated
205,,　床に、爪で引っ掻いて,　強引に書き残された文字があります。, ,,A message has been painstakingly carved into the,"floorboards next to it, seemingly with fingernails",alone.,,바닥에 손톱으로 긁어서,남긴 글자가 있습니다.,,,地板上，有用指甲刮出來強行留下的文字。, ,,0,0,0,1,0,0,0,0,0,,Translated
206,,読む,読まない,,,Read it,Don't read it,,,읽는다,읽지 않는다,,,讀,不讀,,0,255,255,255,255,255,255,255,255,,Translated
207,, 　・ ・ ・ ・, , ,,...,,,,    ·  ·  ·  ·,,,, 　‧ ・ ・ ・, ,,0,0,0,1,0,0,0,0,0,,Translated
208,,　殺してクダサイ　殺してク,　ダサイ　殺してクダサイ ,　殺してクダサイ　殺して,,KILL ME PLEASE KILL ME PLEASE KILL ME PLEASE KILL ME,PLEASEKILLME,,,죽여주세요  죽여,주세요  죽여주세요,죽여주세요  죽여줘,,殺了我吧　殺了我吧　殺了我吧　殺,了我吧　殺了我吧,,0,0,0,1,0,0,0,0,0,,Translated
209,,　こんな所はもう嫌こん,　な所はもう嫌こんな所,　はもう嫌,,CANT TAKE ANYMORE CANT TAKE ANYMORE CANTTAKEANYMORE,,,,더는 여기 있기 싫어 더는,여기 있기 싫어 더는 여기,있기 싫어,,這種地方已經受夠了這種,地方已經受夠了這種地方,已經受夠了,0,0,0,1,0,0,0,0,0,,Translated
210,,　無残な腐乱死体が横たわっています……,　よく見ると、名札があります。, ,,"There's a corpse sprawled out on the ground,","decomposing rapidly. Looking closely, there",appears to be a student ID name tag on its chest.,,무참하게 썩은 사체가 누워 있습니다......,잘 보니 명찰이 있습니다.,,,有一具慘不忍睹的腐爛屍體躺在地上……,　仔細看有名牌。, ,0,0,0,1,0,0,0,0,0,,Translated
211,哲志,……うわァ！, , ,Satoshi,Waagh!,,,사토시,...... 우와아!,,,哲志,……哇啊！, ,,1,18,15,1,1,0,0,0,0,,Translated
212,由香,ぎゅ！　……い、痛いよ、お兄ちゃん……, , ,Yuka,Owwie!,"...You hurt my hand, big brother...",,유카,"윽!  ...... 아, 아파, 오빠......",,,由香,唔！　……好、好痛哦，哥哥……, ,,1,19,28,1,0,0,0,0,0,,Translated
213,由香,ひゃぁ！, , ,Yuka,EEK!!,,,유카,햐아!,,,由香,呀！, ,,1,20,28,1,0,0,0,0,0,,Translated
214,哲志,由香、見るな！, , ,Satoshi,Yuka! Don't look!,,,사토시,"유카, 보지 마!",,,哲志,由香，別看！, ,,1,19,15,1,0,0,0,0,0,,Translated
215,由香,ううぅぅ……, , ,Yuka,*whimper*,,,유카,으으으으......,,,由香,嗚嗚……, ,,1,21,28,1,0,0,0,0,0,,Translated
216,哲志,（くっ……作り物じゃない……,　本当に人が死んでいる……）, ,Satoshi,(It's not a prop or anything...,It's a real dead body...),,사토시,(큭...... 만든 게 아냐......,정말 사람이 죽었어......),,哲志,（可惡……不是道具……,　是真的有人死了……）,,1,20,15,1,0,0,0,0,0,,Translated
217,哲志,（やはりこれは……　……現実だ……！）, , ,Satoshi,"(This...is really happening, isn't it...)",,,사토시,(역시 이건......  ...... 현실이야......!),,,哲志,（果然這是……　……現實……！）, ,,1,21,15,1,0,0,0,0,0,,Translated
218,由香,お、お兄ちゃん……？, , ,Yuka,B-Big brother...?,,,유카,"오, 오빠......?",,,由香,哥、哥哥……？, ,,1,22,28,1,0,0,0,0,0,,Translated
219,哲志,（死体……本物の……死体,　俺も……皆もこうなるのか……）, ,Satoshi,(A dead body... An actual dead body...,"Am I going to end up like this, too?",Are all of us going to die here...?),사토시,(사체...... 진짜...... 사체,나도...... 다들 이렇게 되는 건가......),,哲志,（屍體……真正的……屍體,　我……大家也會變成這樣嗎……）,,1,22,15,1,0,0,0,0,0,,Translated
220,由香,お兄ちゃんッ！, , ,Yuka,Big brother!,,,유카,오빠!,,,由香,哥哥！, ,,1,23,28,1,0,0,0,0,0,,Translated
221,哲志,！　由香。　いや……大丈夫だ……, , ,Satoshi,Ah! Yuka...,It... It's okay...,,사토시,!  유카.  아니...... 난 괜찮아......,,,哲志,！　由香。　不……沒事的……, ,,1,23,15,1,0,0,0,0,0,,Translated
222,哲志,由香、行くぞ。　来るんだ。, , ,Satoshi,"Come on, Yuka.",We're leaving this room.,,사토시,"유카, 가자.  이리 와.",,,哲志,由香，走了。　過來。, ,,1,24,15,1,0,0,0,0,0,,Translated
223,由香,ひ……うぅ, , ,Yuka,Nnng...ooh...,,,유카,히...... 으으,,,由香,咿……嗚, ,,1,24,28,1,0,0,0,0,0,,Translated
224,哲志,……うわァ！　　　　　　, , ,Satoshi,Waagh!,,,사토시,...... 우와아!,,,哲志,……哇啊！　　　　　　, ,,1,18,15,1,1,0,0,0,0,,Translated
225,,　無残な腐乱死体が横たわっています……,　よく見ると、手に紙が握られています。, ,,"There's a corpse sprawled out on the ground,",decomposing rapidly. It's clutching a letter,in its hand. The letter reads as follows:,,무참하게 썩은 사체가 누워 있습니다......,잘 보니 손에 종이를 쥐고 있습니다.,,,有一具慘不忍睹的腐爛屍體躺在地上……,　仔細一看，手裡握著一封信。, ,0,0,0,1,0,0,0,0,0,,Translated
226,,“お兄ちゃんへ,　会えずに死ぬのが残念だよ,　……寛はもう喉が渇いて、体が動かないの”,,'Dear brother: I regret that we couldn't see one,"another again before my death, but I no longer have","the energy to move, and I'm so desperately thirsty.",,“오빠에게,만나지 못하고 죽어서 유감이야,...... 히로는 목이 말라서 더는 못 움직이겠어”,,“給哥哥,　沒能見到你就死了真遺憾,　……寬已經口渴得動不了”,0,0,0,1,0,0,0,0,0,,Translated
227,,“すごいんだよ、舌がスポンジみたいになって,　喉に詰まるの”, ,,"'My tongue's started swelling up like a sponge, and",it keeps cutting off my air. I'd find it fascinating,if it would stop nearly suffocating me...,,"“굉장해, 혀가 스펀지처럼 변해서",목구멍을 막아 버렸어”,,,“好厲害啊，舌頭變得像海綿一樣,　堵住喉嚨”, ,0,0,0,1,0,0,0,0,0,,Translated
228,,“……なんでもいいから飲みたい……,　冷蔵庫に残してたオレンジ、あれ飲みたい”, ,,"'I just want something to drink -- anything! Heck,",I'd even drink that scary orange juice from the,back of the fridge right about now.,,“...... 뭐든 좋으니까 마시고 싶어......,"냉장고에 남겨 둔 오렌지, 그거 마시고 싶어”",,,“……什麼都好想喝……,　想喝冰箱裡剩下的橘子汁”, ,0,0,0,1,0,0,0,0,0,,Translated
229,,“何にも出ないのにさっきから吐き気ばかり,　へんなの”, ,,'But there's not a drop of anything to be found. I'm,"so thirsty, it's actually making me nauseous! Weird,",huh?,,“아무것도 나올 게 없는데 좀 전부터 구역질만 나.,이상하지”,,,“明明什麼都沒有，剛才卻一直想吐,　好奇怪”, ,0,0,0,1,0,0,0,0,0,,Translated
230,,“お兄ちゃんだけは生き残ってね”, , ,,'I just hope at least you can make it out of here,alive.',,,“오빠만은 꼭 살아남아야 해”,,,,“希望至少哥哥能活下去”, ,,0,0,0,1,0,0,0,0,0,,Translated
231,,　昭和48年9月4日, , ,,09-04-1973, ,,,1973년 9월 4일,,,,　一九七三年九月四日, ,,0,0,0,1,0,0,0,0,0,,Translated
232,,　酸化して茶色くなった,　古い本が詰め込まれています……, ,,"The shelf is crammed full of very old, thoroughly",yellowed books with unusual titles.,,,산화해서 색이 바랜,낡은 책이 꽂혀 있습니다......,,,塞滿了氧化變黃的舊書……, ,,0,0,0,1,0,0,0,0,0,,Translated
233,,「こわいわるい,　のうさぎ　の　おはなし」, ,,'The Ballad of Bad-Evil Bunny', ,,,「무섭고 나쁜,토끼 이야기」,,,「可怕又邪惡的,　兔子　的故事」, ,0,0,0,1,0,0,0,0,0,,Translated
234,,「たまむしの,　はねのさうし」, ,,'Booke of Beetlewings', ,,,「비단벌레의,날개 이야기」,,,「金龜子的,　翅膀的故事」, ,0,0,0,1,0,0,0,0,0,,Translated
235,,　死は全てのものに平等で,　ある, ,,Death is blind.,,,,죽음은 모두에게,평등하다,,,死亡對萬物都是,平等的, ,0,0,0,1,0,0,0,0,0,,Translated
236,,　魂の資質により,　決まるものではな　　　い, ,,"It comes for all souls, regardless of their",worth         (or lack thereof    ).,,,혼의 자질로,결정되는 것이 아니      다,,,並非由靈魂的資質,來決定　　　的, ,0,0,0,1,0,0,0,0,0,,Translated
237,由香,ひっ！, , ,Yuka,Eep!,,,유카,힉!,,,由香,嚇！, ,,1,81,28,1,0,0,0,0,0,,Translated
238,哲志,！　何だ……これは？, , ,Satoshi,...!,Wh-What...is it...?,,사토시,!  뭐야...... 이건?,,,哲志,！　什麼……這是？, ,,1,114,15,1,0,0,0,0,0,,Translated
239,,　何かを引き擦ったような跡が、,　べったりと床にこびり付いています……, ,,"The floor is stained with a sticky residue, as if","something (or more likely, someone) were dragged",down the hall.,,뭔가를 질질 끈 것 같은 자국이,바닥에 남아 있습니다......,,,有什麼被拖行的痕跡，,　牢牢黏在地板上……, ,0,0,0,1,0,0,0,0,0,,Translated
240,,　蛇口をひねっても、水が出ません……, , ,,"The handle turns, but not a drop of water comes out.",,,,수도꼭지를 틀어도 물이 안 나옵니다......,,,,轉動水龍頭，也不出水……, ,,0,0,0,1,0,0,0,0,0,,Translated
241,哲志,そういえば喉……渇いたな……, , ,Satoshi,I didn't realize just how thirsty I am...,,,사토시,그러고 보니 목이...... 마르네......,,,哲志,說起來喉嚨……好渴啊……, ,,1,113,15,1,0,0,0,0,0,,Translated
242,,蛇口をひねっても水が出ません……, , ,,"The handle turns, but not a drop of water comes out.",,,,수도꼭지를 틀어도 물이 안 나옵니다......,,,,轉動水龍頭也不出水……, ,,0,0,0,1,0,0,0,0,0,,Translated
243,哲志,意外とホコリっぽくないんだな、ベッド……, , ,Satoshi,The bed's a lot less dusty than I would've,imagined...,,사토시,"의외로 깨끗하네, 침대......",,,哲志,出乎意料沒有灰塵呢，床……, ,,1,74,15,1,0,0,0,0,0,,Translated
244,由香,うん。, , ,Yuka,Uh-huh.,,,유카,응.,,,由香,嗯。, ,,1,56,28,1,0,0,0,0,0,,Translated
245,由香,お兄ちゃん……疲れた。, , ,Yuka,Big brother...,I'm tired.,,유카,오빠...... 힘들어.,,,由香,哥哥……好累。, ,,1,57,28,1,0,0,0,0,0,,Translated
246,哲志,ん……そうか。お前は少し、休んでいくか？, , ,Satoshi,You are? Do you want to take a quick rest before we,"go, then?",,사토시,응...... 그래. 넌 잠시 쉬었다 갈래?,,,哲志,嗯……是嗎。你要不要休息一下？, ,,1,75,15,1,0,0,0,0,0,,Translated
247,由香,お兄ちゃんもー, , ,Yuka,"You rest here with me too, big brother!",,,유카,오빠도~,,,由香,哥哥也一起嘛～, ,,1,58,28,1,0,0,0,0,0,,Translated
248,,仕方ないな,オレは平気だから,,,If you insist!,But I'm not tired...,,,어쩔 수 없지,난 괜찮으니까,,,真拿你沒辦法,我沒事的,,0,255,255,255,255,255,255,255,255,,Translated
249,哲志,仕方ないな、ちょっと休むか……, , ,Satoshi,If you insist! It certainly can't hurt to lie,down for a bit...,,사토시,"별수 없지, 잠깐 쉴까......",,,哲志,真拿你沒辦法，稍微休息一下吧……, ,,1,76,15,1,0,0,0,0,0,,Translated
250,由香,……やっぱりいいや。, , ,Yuka,"...It's okay, if you don't want to...",,,유카,...... 역시 됐어.,,,由香,……算了，還是不要了。, ,,1,59,28,1,0,0,0,0,0,,Translated
251,哲志,あん？, , ,Satoshi,Hmm?,,,사토시,엉?,,,哲志,嗯？, ,,1,77,15,1,0,0,0,0,0,,Translated
252,由香,お兄ちゃん由香の事、キライだもんね。, , ,Yuka,"Admit it, big brother! You don't like me!",,,유카,오빠는 유카를 싫어하잖아.,,,由香,哥哥討厭由香對吧。, ,,1,60,28,1,0,0,0,0,0,,Translated
253,哲志,お前、まださっき怒鳴った事、根に持ってるのか？, , ,Satoshi,Are you still upset about when I yelled at you,earlier?,,사토시,"너, 아직도 좀 전에 화낸 거, 마음에 담아두고 있는 거야?",,,哲志,你還記恨剛才我吼你的事嗎？, ,,1,78,15,1,0,0,0,0,0,,Translated
254,由香,つーん。, , ,Yuka,Harumph!,,,유카,삐죽.,,,由香,哼～。, ,,1,61,28,1,0,0,0,0,0,,Translated
255,哲志,やれやれ……ごめんな。, , ,Satoshi,"Awww, come on... I said I was sorry...",,,사토시,하하 이런...... 미안하다.,,,哲志,唉……對不起啦。, ,,1,79,15,1,0,0,0,0,0,,Translated
256,哲志,仕方ないな、ちょっと休むか……, , ,Satoshi,If you insist! It certainly can't hurt to lie,down for a bit...,,사토시,"별수 없지, 잠깐 쉴까......",,,哲志,真拿你沒辦法，稍微休息一下吧……, ,,1,80,15,1,0,0,0,0,0,,Translated
257,哲志,お前一人にするのも,心配だしな。, ,Satoshi,I'd be worried leaving you here by yourself anyway.,,,사토시,너 혼자 두는 것도,걱정이니까,,哲志,把你一個人留著,我也擔心。, ,1,81,15,1,0,0,0,0,0,,Translated
258,由香,ん。（コクリ）, , ,Yuka,Mm...,,,유카,응. (끄덕),,,由香,嗯。（點頭）, ,,1,62,28,1,0,0,0,0,0,,Translated
259,由香,お腹すいた……, , ,Yuka,I'm hungry...,,,유카,배고프다......,,,由香,肚子餓了……, ,,1,63,28,1,0,0,0,0,0,,Translated
260,哲志,ああ……空いたな。, , ,Satoshi,"Yeah, me too.",,,사토시,그러게...... 배고프네.,,,哲志,啊……是餓了。, ,,1,82,15,1,0,0,0,0,0,,Translated
261,由香,今何時かな……お母さんのご飯の時間じゃないかな。, , ,Yuka,I wonder what time it is...,Feels like it's probably time for dinner with Mom...,,유카,지금 몇 시지...... 엄마가 밥을 지을 시간일까.,,,由香,現在幾點了呢……是不是媽媽做飯的時間了。, ,,1,64,28,1,0,0,0,0,0,,Translated
262,哲志,時計止まってるからわからないな……, , ,Satoshi,I'm not sure. My watch stopped a while ago.,,,사토시,시계가 멈춰서 모르겠다......,,,哲志,手錶停了所以不知道啊……, ,,1,83,15,1,0,0,0,0,0,,Translated
263,由香,かえりたい……, , ,Yuka,...I want to go home.,,,유카,돌아가고 싶어......,,,由香,好想回家……, ,,1,65,28,1,0,0,0,0,0,,Translated
264,哲志,……大丈夫だ、絶対に脱出するぞ。, , ,Satoshi,"Don't worry, we'll get home. We'll find a way.",,,사토시,"...... 괜찮아, 꼭 탈출할 테니까.",,,哲志,……沒事的，一定能逃出去的。, ,,1,84,15,1,0,0,0,0,0,,Translated
265,哲志,直美や良樹達……仲間と合流出来れば、,きっと何か良い方法が見つかるさ。, ,Satoshi,"Once we meet up with Naomi, Yoshiki and the others,",I'm sure we'll come up with something.,,사토시,나오미와 요시키...... 친구들과 합류할 수만 있다면,뭔가 좋은 방법을 찾을 수 있을 거야.,,哲志,如果能和直美、良樹他們……同伴會合的話，,一定能找到好方法的。, ,1,85,15,1,0,0,0,0,0,,Translated
266,哲志,あいつらだって、きっと今頃、,脱出のスベを探っている筈だ。, ,Satoshi,They're all probably looking into possible escape,routes themselves right now.,,사토시,그 녀석들도 분명 지금쯤,탈출할 방법을 찾고 있을 거야.,,哲志,那些傢伙現在一定也在,尋找逃脫的方法。, ,1,86,15,1,0,0,0,0,0,,Translated
267,哲志,合流した時に恥かかない様に、俺たちも頑張ろう。, , ,Satoshi,"So we'd better keep up the search too, or else",we'll look like slackers by the time they find us!,,사토시,"합류했을 때 부끄럽지 않도록, 우리들도 힘내자.",,,哲志,為了會合時不丟臉，我們也要加油。, ,,1,87,15,1,0,0,0,0,0,,Translated
268,哲志,何とかなるさ、心配するな。, , ,Satoshi,"Either way, it'll work out. I know it will.",,,사토시,"어떻게든 될 거야, 걱정 마.",,,哲志,總會有辦法的，別擔心。, ,,1,88,15,1,0,0,0,0,0,,Translated
269,由香,うん……お兄ちゃんの言う事だもん。, , ,Yuka,Okay... If you really believe that...,,,유카,응...... 오빠가 하는 말이니까.,,,由香,嗯……既然是哥哥說的。, ,,1,66,28,1,0,0,0,0,0,,Translated
270,由香,由香、信じるよ。, , ,Yuka,...then...I'll believe it too.,,,유카,"유카, 믿을게.",,,由香,由香，相信你。, ,,1,67,28,1,0,0,0,0,0,,Translated
271,哲志,由香……。, , ,Satoshi,Yuka...,,,사토시,유카......,,,哲志,由香……。, ,,1,89,15,1,0,0,0,0,0,,Translated
272,哲志,（『きっと何とかなる』……,　窓も開かないこんな状況で、）, ,Satoshi,"('It'll all work out,' huh? We can't even open the","windows here, much less get outside...)",,사토시,(『분명 어떻게든 될 거야』......,창문도 열리지 않는 이 상황에서),,哲志,（『一定能想辦法的』……,　在窗戶都打不開的這種情況下，）,,1,90,15,1,0,0,0,0,0,,Translated
273,,（それはしかし、『現実』を突き崩すだけの,　力を持たない、紙のように薄い言葉だ――）, ,,(I basically just told her we can circumvent,"reality. Nothing but empty words, thin as",paper...),,(그 말은 『현실』을 부정할 뿐,"힘을 가지지 않은, 종이처럼 가벼운 말이야――)",,,（但那不過是沒有力量推翻『現實』的，,　像紙一樣薄弱的話語――）,,0,91,15,1,0,0,0,0,0,,Translated
274,,（……だが。,　それでも今は、生きるために信じる), ,,(But I guess it's the hope of escape that gives us,a reason to keep going. To keep living.),,,(...... 하지만.,그렇다 해도 지금은 살기 위해 믿을 거야),,,（……但是。,　即使如此，現在為了活下去也要相信),,0,92,15,1,0,0,0,0,0,,Translated
275,,（盲目的にただ、希望だけを信じる。,　今の俺たちに出来る事は……それしか無いから）, ,,(All we can do is tell ourselves we'll find a way,"out, and pray that it actually happens...)",,,"(그저 맹목적으로, 희망만을 믿을 거야.",지금 우리가 할 수 있는 일은...... 그것뿐이니까),,,（只是盲目地相信希望。,　現在我們能做的……就只有這個了),,0,93,15,1,0,0,0,0,0,,Translated
276,良樹,う……く…　ここは……, , ,Yoshiki,Oooooonng... Wh-Where...am I...?,,,요시키,으...... 크...  여긴......,,,良樹,嗚……咳…這裡是……, ,,1,226,23,1,0,0,0,0,0,,Translated
277,良樹,……痛てッ！　頭が……割れそうだ……　グッ, , ,Yoshiki,"Aaoohh, God, my head...is pounding...",,,요시키,...... 아얏!  머리가...... 깨질 것 같아...... 그흑,,,良樹,……好痛！　頭……快裂開了……　咕, ,,1,227,23,1,0,0,0,0,0,,Translated
278,良樹,！……てめ…えら……,いい加減に……しろよ…！, ,Yoshiki,Ulgh... It's...you!,Where the hell...did you take me?!,,요시키,!  ...... 이...... 자식들......,적당히 좀...... 하라고...!,,良樹,！……你…這家…伙……,適可而止……吧…！, ,1,228,23,1,0,0,0,0,0,,Translated
279,＊,ｸｽｸｽ……ｷｬｱｧｯ, ｷｬﾊｯ　ｷｬｧﾊｯ ,……ｱﾌｧﾌｧﾌｧ,*,Hahaha...haha...,   Hahaha...haha...,      Hahaha...haha...,＊,쿡쿡...... 꺄아악,꺄핫  꺄하핫,...... 아하하하,＊,嘻嘻……喀啊啊, 喀哈　喀啊哈　……啊哈哈哈,,1,5,21,1,1,0,0,0,0,,Translated
280,良樹,篠崎は……何処だッ！, , ,Yoshiki,Where... Where's Shinozaki?!,,,요시키,시노자키는...... 어디 있어!,,,良樹,篠崎在……哪裡！, ,,1,229,23,1,0,0,0,0,0,,Translated
281,＊,……ｱﾌｧﾌｧﾌｧﾌｧ,ｸﾋｨｯ！ ……ｲﾋｨｯ！, ,*,Heeheehee...heehee...,,,＊,...... 아하하하,쿠힛!  ...... 이힛!,,＊,……啊哈哈哈哈,庫嘻！ ……伊嘻！, ,1,42,22,1,1,0,0,0,0,,Translated
282,＊,……！　　　　　　　　, , ,*,...Ah!,,,＊,......!,,,＊,……！　　　　　　　　, ,,1,43,22,1,1,0,0,0,0,,Translated
283,良樹,……ハァッ、……ハァッ、, , ,Yoshiki,*pant* *pant*,,,요시키,...... 헉...... 헉,,,良樹,……呼…　……呼…, ,,1,230,23,1,0,0,0,0,0,,Translated
284,良樹,……ハァッ！　……ハァッ！, , ,Yoshiki,*struggle*,,,요시키,...... 허억!  ...... 허억!,,,良樹,……呼！　……呼！, ,,1,231,23,1,0,0,0,0,0,,Translated
285,良樹,……ハァッ！　……ハァッ！,…く…そ……足が、, ,Yoshiki,*strain* Urgh... My legs...,,,요시키,...... 허억!  ...... 허억!,... 젠... 장...... 발이,,良樹,……呼！　……呼！,…可…惡……腳、,,1,232,23,1,0,0,0,0,0,,Translated
286,良樹,……立たねぇ！, , ,Yoshiki,*pant* *pant* I can't stand up!,,,요시키,...... 안 움직여!,,,良樹,……站不起來！, ,,1,233,23,1,0,0,0,0,0,,Translated
287,良樹,ハァーッ！　ハァーッ！,く…そ…ぉぉ！, ,Yoshiki,*pant* *wheeze* GODDAMMIT!!,,,요시키,허억~!  허억~!,젠... 자아아앙!,,良樹,哈啊──！　哈啊──！,可…惡…啊啊！,,1,234,23,1,0,0,0,0,0,,Translated
288,哲志,はっ！　……。, , ,Satoshi,*gasp*,,,사토시,핫!  ......,,,哲志,啊！　……。, ,,1,94,15,1,0,0,0,0,0,,Translated
289,哲志,（しまった……うとうとしてしまったか）, , ,Satoshi,(Damn... I nodded off...),,,사토시,(이런...... 졸고 있었나),,,哲志,（糟了……打瞌睡了嗎）, ,,1,95,15,1,0,0,0,0,0,,Translated
290,哲志,（何やってんだ俺……本当に寝て、どうするんだよ）, , ,Satoshi,(What am I doing? This is no time to be sleeping!),,,사토시,(난 뭘 하고 있는 거야...... 정말 자면 어쩌라는 거냐고),,,哲志,（我在做什麼……真的睡著了怎麼辦）, ,,1,96,15,1,0,0,0,0,0,,Translated
291,由香,お兄ちゃん……？, , ,Yuka,Big brother...?,,,유카,오빠......?,,,由香,哥哥……？, ,,1,68,28,1,0,0,0,0,0,,Translated
292,由香,むにゃむにゃ, , ,Yuka,*groan* *mutter*,,,유카,음냐 음냐,,,由香,唔呢唔呢, ,,1,69,28,1,0,0,0,0,0,,Translated
293,由香,！, , ,Yuka,Ahh!,,,유카,!,,,由香,！, ,,1,70,28,1,0,0,0,0,0,,Translated
294,由香,……お家じゃ、ない……, , ,Yuka,This...isn't home...,,,유카,"...... 집이, 아냐......",,,由香,……不是家……, ,,1,71,28,1,0,0,0,0,0,,Translated
295,由香,……ううぅぅ……, , ,Yuka,*hic* *sob*,,,유카,...... 으으으으......,,,由香,……嗚嗚……, ,,1,72,28,1,0,0,0,0,0,,Translated
296,哲志,由香、泣くな。もう少しだけ我慢だ。, , ,Satoshi,"Don't cry, Yuka! It's only going to be a little","longer, I promise.",,사토시,"유카, 울지 마. 조금만 더 참아.",,,哲志,由香，別哭。再忍耐一下。, ,,1,97,15,1,0,0,0,0,0,,Translated
297,由香,……ひくっ…ひくっ……, , ,Yuka,*sob* *whine*,,,유카,...... 훌쩍... 훌쩍......,,,由香,……嗚…嗚……, ,,1,73,28,1,0,0,0,0,0,,Translated
298,哲志,……無事に帰ったら、金平糖買ってやるから。, , ,Satoshi,"When we get back, I'll buy you some rock candy,",okay?,,사토시,...... 무사히 돌아가면 별사탕 사줄 테니까.,,,哲志,……平安回去的話，給你買金平糖。, ,,1,98,15,1,0,0,0,0,0,,Translated
299,由香,……緑寿餡（りょくじゅあん）のこんぺいとう？, , ,Yuka,"...The green kind, with the sweet red bean flavor?",,,유카,...... 료쿠쥬안에서 파는 별사탕?,,,由香,……綠壽庵的金平糖？, ,,1,74,28,1,0,0,0,0,0,,Translated
300,哲志,ああ。この前、食べたがってたろう？, , ,Satoshi,You bet. I know how much you've been craving it.,,,사토시,그래. 전부터 먹고 싶었지?,,,哲志,嗯。之前你不是想吃嗎？, ,,1,99,15,1,0,0,0,0,0,,Translated
301,由香,ん、我慢する。, , ,Yuka,...Okay. I'll be good.,,,유카,"응, 참을게.",,,由香,嗯，我會忍住的。, ,,1,75,28,1,0,0,0,0,0,,Translated
302,哲志,よし、偉いぞ。, （こいつは食べ物だな……）, ,Satoshi,That a girl.,(Food... It gets her every time!),,사토시,"옳지, 장하다.",(역시 얘는 먹을 거로군......),,哲志,好，真乖。, （這傢伙用食物就行啊……）,,1,100,15,1,0,0,0,0,0,,Translated
303,哲志,（……直美の奴が心配だ……,　篠原か誰か、仲間と一緒だといいが）, ,Satoshi,(I'm worried about Naomi. I hope she's got someone,"to keep her company. Shinohara, or anyone, really.)",,사토시,(...... 나오미가 걱정이야......,시노하라나 누군가와 같이 있으면 좋을 텐데),,哲志,（……擔心直美那傢伙……,　希望她和篠原或誰在一起）, ,1,101,15,1,0,0,0,0,0,,Translated
304,哲志,（……アイツ気 強いけど……,　心はそれほど頑丈じゃないからな……）, ,Satoshi,"(She may be strong-willed, but she loses heart",really quickly if no one's there to keep her,grounded.),사토시,(...... 그 녀석은 기가 세지만......,마음은 별로 강하지 않으니까......),,哲志,（……那傢伙雖然個性強勢……,　但內心並沒有那麼堅強……）,,1,102,15,1,0,0,0,0,0,,Translated
305,哲志,さぁ、行こう由香。立てるか？, , ,Satoshi,"Come on, Yuka. Let's go. You can stand, right?",,,사토시,"자, 가자 유카. 설 수 있겠어?",,,哲志,來，走吧由香。能站起來嗎？, ,,1,103,15,1,0,0,0,0,0,,Translated
306,由香,うん、大丈夫。, , ,Yuka,Uh-huh. I'm okay now.,,,유카,"응, 괜찮아.",,,由香,嗯，沒事的。, ,,1,76,28,1,0,0,0,0,0,,Translated
307,哲志,疲れたらまた、休みに戻って来よう。, , ,Satoshi,"If you get tired again, we can always come back.",,,사토시,힘들면 또 쉬러 오자.,,,哲志,累的話隨時可以回來休息。, ,,1,104,15,1,0,0,0,0,0,,Translated
308,由香,ん。（コクリ）, , ,Yuka,Okay.,,,유카,응. (끄덕),,,由香,嗯。（點頭）, ,,1,77,28,1,0,0,0,0,0,,Translated
309,哲志,いや、俺は疲れてないからいいよ。, , ,Satoshi,I think I'll pass. I'm really not very tired right,now.,,사토시,"아니, 난 안 힘드니까 됐어.",,,哲志,不，我不累所以不用了。, ,,1,105,15,1,0,0,0,0,0,,Translated
310,哲志,脱出の糸口を探して来る。,……お前は、ちょっと休んでな？, ,Satoshi,I'm going to try to find a way out of here. You,"stay and rest, and I'll come back for you in a","little bit, okay?",사토시,탈출의 실마리를 찾아올게.,...... 넌 잠시 쉬고 있어.,,哲志,我去找逃脫的線索。,……你先休息一下吧？,,1,106,15,1,0,0,0,0,0,,Translated
311,由香,んン、じゃ由香も行く！, , ,Yuka,"Rnnnnnnng... No, I'll go with you...",,,유카,"싫어, 그럼 유카도 갈래!",,,由香,嗯～那由香也要去！, ,,1,78,28,1,0,0,0,0,0,,Translated
312,哲志,え？　お前疲れてんじゃないのか？　大丈……, , ,Satoshi,"Huh? But you said you're tired, right? I don't",mind if yo--,,사토시,어? 너 힘든 거 아니었어? 괜찮......,,,哲志,欸？你不是累了嗎？　沒關……, ,,1,0,0,1,0,0,1,19,0,,Translated
313,由香,疲れてなんか無いもん！, , ,Yuka,--NO! I'M NOT TIRED!!,,,유카,하나도 안 힘들거든!,,,由香,才沒有累！, ,,1,0,0,1,0,0,0,0,0,,Translated
314,哲志,何怒ってんだよ……, , ,Satoshi,What are you getting so worked up about...?,,,사토시,뭘 화내고 그래......,,,哲志,你在生什麼氣啊……, ,,1,108,15,1,0,0,0,0,0,,Translated
315,,　壊れた古いストーブがあります。, , ,,"It's an old, broken-down space heater. Doesn't",look safe to use anymore.,,,망가진 낡은 난로가 있습니다.,,,,有台壞掉的舊暖爐。, ,,0,0,0,1,0,0,0,0,0,,Translated
316,,　ラベルが酸化して茶色くなった、,　得体の知れない薬品のビンが並んでいます……, ,,"There are countless old, expired medicine bottles","on the shelves, with faded yellow labels.",,,라벨이 산화해서 색이 바랜,정체 모를 약품병이 진열되어 있습니다......,,,標籤氧化變黃的、來路不明的藥品瓶排列著……, ,,0,0,0,1,0,0,0,0,0,,Translated
317,,　血のついた鋏（はさみ）が置いてあります……, , ,,"There's a pair of scissors on one of the shelves,",both its blades covered liberally in blood.,,,피가 묻은 가위가 놓여 있습니다......,,,,放著一把沾血的剪刀……, ,,0,0,0,1,0,0,0,0,0,,Translated
318,,【今月の目標】,　せっけんで　手を　洗おう, ,,[Monthly Goal],Wash your hands with soap,,,【이번 달 목표】,비누로 손을 씻자,,,【本月目標】,　用肥皂　洗手吧,,0,0,0,1,0,0,0,0,0,,Translated
319,,　机の上に『Diary』と,　書かれた血塗れのノートが置いてありますが……, ,,There's a blood-spattered notebook on the desk with,the word 'DIARY' written in bold letters at the top.,,,책상 위에 『Diary』라고 적힌,피투성이 노트가 있지만......,,,桌子上放著一本寫著『Diary』的沾血筆記本……, ,,0,0,0,1,0,0,0,0,0,,Translated
320,,　がちりと机の上の空間に固定されていて、,　手に取る事も開く事も出来ません。, ,,"Like some sort of prop, however, it's practically",molded into the desk. It can't be moved or opened.,,,책상 위 공간에 딱 고정되어,손에 들 수도 펼쳐 볼 수도 없습니다.,,,但就像固定在桌子上方的空間裡一樣，,無法拿起來也無法翻開。, ,0,0,0,1,0,0,0,0,0,,Translated
321,,　中にはアルコールのビン等が入っています。, , ,,Vast quantities of medicine and tonics are lined up,on each of the shelves.,,,안에는 알코올병 같은 것이 들어 있습니다.,,,,裡面放著酒精瓶等物品。, ,,0,0,0,1,0,0,0,0,0,,Translated
322,,古い新聞紙（上半分）が落ちています……,読みますか？, ,,There's a section of old newspaper on the floor.,Read it?,,,낡은 신문지(윗부분)이 떨어져 있습니다......,읽겠습니까?,,,有一張舊報紙（上半部）掉在地上……,要閱讀嗎？,,0,0,0,1,0,0,0,0,0,,Translated
323,,読む,読まない,,,Yes,No,,,읽는다,읽지 않는다,,,讀,不讀,,0,255,255,255,255,255,255,255,255,,Translated
324,,■天神町奉知新聞■,　児童４名　連続誘拐・殺害事件：続報, ,,[Heavenly Post],'Four Children Abducted & Killed - Followup Report',,,■ 텐진 지역 신문 ■,아동 4명  연속 유괴 사건  속보,,,■天神町奉知新聞■,　兒童四名　連續綁架・殺害事件：續報,,0,0,0,1,0,0,0,0,0,,Translated
325,,……児童達の死因は、やはり,現場で逮捕された教員の手に握られていた……, ,,"The brutal, shocking deaths of the recent kidnapped",grade-schoolers have now been traced back to the,hands of the instructor found in the room with them.,,...... 역시 아동들의 사인은,현장에서 체포된 교원의 손에 쥐어져 있었다......,,,……兒童們的死因，果然是,在現場被捕的教師手中所握著的……,,0,0,0,1,0,0,0,0,0,,Translated
326,,……大きな裁ち切り,鋏(ばさみ)により、, ,,A large pair of sewing scissors were found in his,possession...,,,...... 큰 절단 가위로,혀를 잘려,,,……用大型裁縫剪刀，, ,,0,0,0,1,0,0,0,0,0,,Translated
327,,……舌を切り取られた事による,失血・または窒息死と判明。, ,,...and these were confirmed to be the tool used in,"removing the victims' tongues, ultimately leading",to death through excessive bleeding or choking.,,"실혈, 질식사한",것으로 판명.,,,……剪下舌頭導致,失血或窒息死亡。,,0,0,0,1,0,0,0,0,0,,Translated
328,,……被害児童のうち一人は、,殺害後に首を切り落とされる等の,残忍極まりない遺体損壊を受けていた。,,One of the victims even had the majority of her,head slowly and methodically removed. This cranial,mass was found on the floor next to her body.,,...... 피해 아동 중 한 명은,살해 후에 머리가 잘리는 등,잔인하기 그지없는 손상을 입었다.,,……其中一名受害兒童,在死後還被砍下頭顱等,慘不忍睹的遺體破壞。,0,0,0,1,0,0,0,0,0,,Translated
329,,……被害にあった児童は、写真の四名。,そのうちの一人は、, ,,"Of these children, one was ___________ when",investigators arrived at the scene of the crime.,,,...... 피해를 받은 아동은 사진에 나온 4명.,그 중 한 명은,,,　　……受害的四名兒童如照片所示。,　其中一人，,,0,0,0,1,0,0,0,0,0,,Translated
330,,……捜査員が現場に乗り込んだ際に,まだ…**って***、が***った為、, ,,"She was ________d, but somehow s________",______________________________________,______________________________________,,...... 수사원이 현장에 들어갔을 때 **,"*** 해서, ***** 피 **",,,　……搜查員進入現場時　**,　**因為，****血*,,0,0,0,1,0,0,0,0,0,,Translated
331,,　*** **** **,　*******, ,,The Hea______________________s pi________,a___________________n tha___________,,,*** **** **,******,,,　*** **** **,　*******,,0,0,0,1,0,0,0,0,0,,Translated
332,,　そこから先は、新聞が破られており,　読む事が出来ません。, ,,(The newspaper is torn at this point. The bottom,half of the article is missing.),,,그 다음은 신문이 찢어져서,읽을 수 없습니다.,,,　從那裡開始報紙被撕破，,無法閱讀。,,0,0,0,1,0,0,0,0,0,,Translated
333,由香,お兄ちゃん、この写真の子……, , ,Yuka,Big brother... The children in this picture...,,,유카,"오빠, 이 사진에 나온 애......",,,由香,哥哥，這照片裡的孩子……, ,,1,79,28,1,0,0,0,0,0,,Translated
334,哲志,ああ、この赤い服の女の子と……, , ,Satoshi,Yeah... That's the girl in the red dress...,,,사토시,"그래, 이 빨간 옷을 입은 소녀랑......",,,哲志,嗯，這個穿紅衣服的女孩和……, ,,1,109,15,1,0,0,0,0,0,,Translated
335,哲志,半ズボンの男の子は……さっきの幽霊だな。, , ,Satoshi,...And that boy wearing shorts...,He's the ghost we encountered...,,사토시,반바지를 입은 소년은...... 좀 전에 봤던 유령이야.,,,哲志,穿短褲的男孩……是剛才的幽靈。, ,,1,110,15,1,0,0,0,0,0,,Translated
336,哲志,半ズボンの男の子は……さっき見かけたな。, , ,Satoshi,...And that boy wearing shorts...,He's the one we saw earlier...,,사토시,반바지를 입은 소년은...... 좀 전에 봤었지.,,,哲志,穿短褲的男孩……剛才看到過。, ,,1,111,15,1,0,0,0,0,0,,Translated
337,,よく見ると新聞に、,赤いペンでメモが書いてあります。, ,,Someone seems to have made notes in the margins of,the article using a red pen.,,,잘 보니 신문에,빨간 펜으로 메모가 적혀 있습니다,,,仔細看報紙上，,有用紅筆寫的筆記。, ,0,0,0,1,0,0,0,0,0,,Translated
338,,・子供霊に仲間が殺される,↓（法則？目的？）　,・呪いの拡大か←メッセー,,  - Friends killed by spirits of children.,       ↓ (Law? Purpose?),    - Spread of the curse?        ← Gathering,, · 동료가 유령 아이들에게 죽임을 당한다,↓ (법칙? 목적?), · 저주의 확대인가←정보 수집 중,,・同伴被小孩幽靈殺死,↓（法則？目的？）,　・詛咒的擴大嗎←訊,0,0,0,1,0,0,0,0,0,,Translated
339,,・舌が無い子供達,・首の無い女の子,・赤い服の女の子,,  - Children with no tongues,  - Girl with top of head missing,  - Girl in red dress,, · 혀가 없는 아이들, · 머리가 없는 소녀, · 빨간 옷을 입은 소녀,,・沒有舌頭的孩子們,・沒有頭的女孩,・穿紅衣服的女孩,0,0,0,1,0,0,0,0,0,,Translated
340,,・被害者の子供,↓（怨念）,・旧校舎を形成？←→脱出,,    - Child victim,       ↓ (Grudge), - Gave shape to school building?     ←→ Escape,, · 피해 아동,↓ (원념), · 구 교사를 형성? ←→ 탈출,,・受害的小孩,↓（怨念）,・形成了舊校舍？←→逃脫,0,0,0,1,0,0,0,0,0,,Translated
341,＊,……ごめんね、世以子, , ,*,"I'm so sorry, Seiko...",,,＊,"...... 미안해, 세이코",,,＊,……對不起啊，世以子, ,,1,213,11,1,1,0,0,0,0,,Translated
342,哲志,……？　直美……？, , ,Satoshi,...? Naomi...?,,,사토시,......?  나오미......?,,,哲志,……？　直美……？, ,,1,73,15,1,0,0,0,0,0,,Translated
343,＊,……もう いやあぁぁー！, , ,*,I CAN'T TAKE THIS ANYMORE!!,,,＊,...... 더는 싫어어어~!,,,＊,……已經受不了了～！, ,,1,3,1,1,1,0,0,0,0,,Translated
344,哲志,――篠崎の声だ！　……行こう、由香！, , ,Satoshi,That was Shinozaki's voice!,"Come on, Yuka! Let's go!",,사토시,"시노자키 목소리야!  ...... 가자, 유카!",,,哲志,――是篠崎的聲音！　……走吧，由香！, ,,1,112,15,1,0,0,0,0,0,,Translated
345,由香,うん！, , ,Yuka,Okay!,,,유카,응!,,,由香,嗯！, ,,1,80,28,1,0,0,0,0,0,,Translated
346,,　知ろうと欲しない者には,　到底、状況の打開など不可能だ……, ,,Those who choose to ignore the darkness that,dwells in the hearts of man may be stuck forever,in a loop...,,알려고 하지 않는 자는,도저히 상황을 해결할 수 없다......,,,　不想去了解的人，,　是絕對無法打開局面的……, ,0,0,0,1,0,0,0,0,0,,Translated
347,,　しかし、世の中には,　知ってはならない真実もまた存在する……, ,,"For in this world, there are some truths that","simply must be known, no matter how disturbing.",,,그러나 이 세상에는,알아서는 안 되는 진실도 존재한다......,,,　然而，這個世界上,　也有不該知道的,　真相……,0,0,0,1,0,0,0,0,0,,Translated
348,,　読んでいる君の精神を,　深刻に破壊する, ,,"But curiosity can be deadly, and other truths are",best left untold.,,,읽는 사람의 정신을,심각하게 파괴하는,,,　會嚴重破壞閱讀者精神的，, ,,0,0,0,1,0,0,0,0,0,,Translated
349,,　呪われた,　ダイイングメッセージの存在, ,,"Beware the messages of the dead, for there be curses",among them. Curses that can crush even the strongest,"wills, demolishing all semblance of reason.",,저주받은,다잉 메시지의 존재,,,　被詛咒的臨終遺言的存在, ,,0,0,0,1,0,0,0,0,0,,Translated
350,,　君の心を守りたければ…,　犠牲者の手記は, ,,"If you wish to protect your sanity, take heed.",Do not let your curiosity get the better of you.,,,네 마음을 지키고 싶다면......,희생자의 수기는,,,　如果想保護自己的心靈…,　犧牲者的手記, ,0,0,0,1,0,0,0,0,0,,Translated
351,,　絶対に、,　最後まで読んではいけない, ,,Do not read the Victim's Memoirs to their,conclusion.,,,절대로,끝까지 봐서는 안 돼,,,　絕對不能,　讀到最後, ,0,0,0,1,0,0,0,0,0,,Translated
352,,　便器の中に、夥（おびただ）しい量の血が、,　ぶちまけられています。, ,,The urinals are filled with an extremely unsettling,amount of blood.,,,변기 안에 다량의 피가,쏟아져 있습니다.,,,馬桶裡潑灑著大量的血。, ,,0,0,0,2,0,0,0,0,0,,Translated
353,,　……便器の中に、吐瀉物のような液状の物が、,　溜まっています。, ,,"In addition to blood, this particular urinal",features a sickening cocktail of vomit and feces.,,,...... 변기 안에 토사물 같은 액상 물질이,채워져 있습니다.,,,　……馬桶裡積滿了嘔吐物般的液體。, ,,0,0,0,1,0,0,0,0,0,,Translated
354,哲志,なんてこった……, , ,Satoshi,Seriously...?,,,사토시,어떻게 된 거야......,,,哲志,怎麼會這樣……, ,,1,69,15,1,0,0,0,0,0,,Translated
355,哲志,個室が……ない。, , ,Satoshi,There are...no stalls...,,,사토시,화장실 칸이...... 없어.,,,哲志,沒有隔間……。, ,,1,116,15,1,0,0,0,0,0,,Translated
356,哲志,……まいったな……, , ,Satoshi,...So what now...?,,,사토시,...... 난감하네......,,,哲志,……傷腦筋啊……, ,,1,117,15,1,0,0,0,0,0,,Translated
357,哲志,……苦しいよな……, , ,Satoshi,Do you have to go really bad?,,,사토시,...... 힘들지......,,,哲志,……很辛苦吧……, ,,1,118,15,1,0,0,0,0,0,,Translated
358,由香,うぅ……, , ,Yuka,Uh-huh...,,,유카,으으......,,,由香,嗚……, ,,1,83,28,1,0,0,0,0,0,,Translated
359,哲志,……俺、外に出てるからさ、我慢出来ないなら,その辺でしたらどうだ……？, ,Satoshi,"Well, if you can't hold it any longer...then how","about I wait outside, and you do what you've gotta",do?,사토시,"...... 난 밖에 나가 있을 테니까, 못 참겠으면",여기에서 일을 보는 게 어때......?,,哲志,……我到外面去，如果忍不住的話,就在附近解決吧……？,,1,119,15,1,0,0,0,0,0,,Translated
360,由香,やだ　……我慢する。, , ,Yuka,No! ...I'll keep holding it...,,,유카,싫어  ...... 참을래.,,,由香,不要　……我會忍住的。, ,,1,84,28,1,0,0,0,0,0,,Translated
361,哲志,そうか……無理するなよ、,仕方ない事なんだから。, ,Satoshi,Okay...but don't strain yourself.,"When you've gotta go, you've gotta go, after all.",,사토시,그래...... 무리하진 말고,어쩔 수 없는 거니까.,,哲志,是嗎……別勉強啊,這也是沒辦法的事。, ,1,120,15,1,0,0,0,0,0,,Translated
362,由香,……, , ,Yuka,Hng...,,,유카,......,,,由香,……, ,,1,85,28,1,0,0,0,0,0,,Translated
363,,【犠牲者の手記】（３／５）, , ,,[Victim's Memoirs],(3／5),,,【희생자의 수기】 (3/5),,,,【犧牲者的手記】（３／５）, ,,0,0,0,1,0,0,0,0,0,,Translated
364,,　……光春君はどこにもいない,　やっぱりもう、会えないのかなあ, ,,"Mitsuharu...really isn't anywhere to be found, is","he? I guess it's true, I'll probably never see him",again...,,...... 미츠하루 군이 안 보인다,정말 다시는 못 보는 걸까,,,　……光春同學哪裡都不在,　果然已經見不到了吧, ,0,0,0,1,0,0,0,0,0,,Translated
365,,　だけどコンタクトを取る,　方法は思いついた, ,,But I may have figured out a way of getting in,"contact with him, at least!",,,하지만 접촉을 할,방법은 생각났다,,,　但我想到了聯絡的,　方法, ,0,0,0,1,0,0,0,0,0,,Translated
366,,　彼が『教卓に書き置き』を,　残してくれたのだ, ,,He left me a message on the teacher's desk in one,of the classrooms.,,,그가 『교탁에 메모』를,남긴 것이다,,,　他在『講桌上留了訊息』,　給我, ,0,0,0,1,0,0,0,0,0,,Translated
367,,　空間が違っても校舎が一緒なら、,　こうやって連絡は取れるんだ, ,,"Looks like even when we're in different spaces, we",can still communicate that way.,,,공간이 달라도 교사가 같다면,이렇게 연락을 취할 수 있다,,,　即使空間不同，校舍相同的話,　就能這樣聯絡, ,0,0,0,1,0,0,0,0,0,,Translated
368,,　でも、足りない……　　　,　筆談じゃ、暖かさが足りない。, ,,But it's not enough...,There's no warmth to be felt from the written word,alone.,,하지만 부족하다.....,필담은 따스함이 부족하다.,,,　但不夠……,　筆談無法傳達溫暖。, ,0,0,0,1,0,0,0,0,0,,Translated
369,,　ふざけて叩いたりする触れ合いとか……,　体温とかじゃなくて……　ただ、顔が見たい, ,,I miss our fights...our impromptu wrestling matches.,But it's not just the physical contact. What I want,more than anything is to see his face again...,,장난으로 툭툭 치는 스킨십이나......,"체온 같은 거 말고......  그저, 얼굴을 보고 싶다",,,　玩笑般地打鬧的接觸……,　不是體溫……　只是想見面, ,0,0,0,1,0,0,0,0,0,,Translated
370,,　いつも会って話してた,　それだけの事が, ,,"I just want to be able to see him around, and make","small talk. Ask him how he's been, and what he plans",to do after school.,,언제나 만나 얘길 나누던,별것 아닌 일이,,,　曾經總能見面說話的,　那些小事, ,0,0,0,1,0,0,0,0,0,,Translated
371,,　今となっては何物にも代え難い,　とても幸福な事だったなんて, ,,"Those simple, everyday interactions are some of my",most precious memories now. What I wouldn't give to,have those days back...,,지금에 와서 무엇과도 바꿀 수 없는,너무나 행복한 일이 되다니,,,　如今卻成了無可替代的,　極其幸福的事, ,0,0,0,1,0,0,0,0,0,,Translated
372,,　こんな、寒さで指すら,　動かなくなって来てから気が付くなんて, ,,...Funny what runs through your head when you're,trying to make frostbitten fingers move without,cracking off...,,"이렇게, 추위로 손가락조차",움직이지 않게 되고 나서 눈치 채다니,,,　在這種寒冷中連手指都,　動不了之後才意識到, ,0,0,0,1,0,0,0,0,0,,Translated
373,哲志,なんてこった……, , ,Satoshi,Seriously...?,,,사토시,어떻게 된 거야......,,,哲志,怎麼會這樣……, ,,1,69,15,1,0,0,0,0,0,,Translated
374,,　……排水溝からは、,　吐き気を催す悪臭がします……, ,,There's a nauseating smell emanating from the drain.,,,,...... 배수구에서,구역질 나는 악취가 납니다......,,,　……排水溝傳來令人作嘔的惡臭……, ,,0,0,0,2,0,0,0,0,0,,Translated
375,,　……鏡のふちには、錆やこけが大量に付着し、,　とても不潔な様相です, ,,There's a thick crust of mold and mildew formed,around the edge of the mirror. Just being near it,would make anyone feel diseased.,,...... 거울 가장자리에 녹과 이끼가 잔뜩 붙어 있어서,매우 불결해 보입니다,,,　……鏡子邊緣附著大量鏽斑和苔蘚，,　非常不衛生的樣子。, ,0,0,0,2,0,0,0,0,0,,Translated
376,,　歯肉の付いた歯が数本、,　流しに落ちています……, ,,"Numerous teeth are floating in the stagnant water,",many with gums still attached.,,,잇몸이 붙어 있는 이빨이 몇 개,떨어져 있습니다......,,,　幾顆帶著牙齦的牙齒，,　掉在水槽裡……, ,0,0,0,2,0,0,0,0,0,,Translated
377,,無残な白骨死体が横たわっています……,, ,,There are skeletal remains of a young girl sprawled,out across the ground.,,,끔찍한 백골 사체가 누워 있습니다......,,,,有一具慘不忍睹的白骨遺體躺在地上……, ,,0,0,0,1,0,0,0,0,0,,Translated
378,,よく見ると、手に紙切れを握っています。, , ,,"Looking closely, she seems to be holding a letter",in her boney fingers:,,,잘 보니 손에 종잇조각을 쥐고 있습니다.,,,,仔細一看，手裡握著一張紙片。, ,,0,0,0,1,0,0,0,0,0,,Translated
379,,“陽介　陽介、ごめん,　僕が、あんなおまじないを見つけて来た,　ばっかりに……”,,"'Yohsuke... Yohsuke, I'm so sorry...",If only I hadn't discovered that,stupid charm...',,"“요스케  요스케, 미안해",괜히 내가 그런 주술을,찾아 와서......”,,“陽介　陽介，對不起,　都怪我發現了那種咒語,　……”,0,0,0,1,0,0,0,0,0,,Translated
380,,　無残な白骨死体が横たわっています……,　ぼろぼろの衣類の残骸に混じって、,　名札があります。,,There are skeletal remains sprawled out across the,ground. Mixed in with the tattered scraps of uniform,still clinging to the body is a student ID name tag.,,끔찍한 백골 사체가 누워 있습니다......,너덜너덜한 의류 잔해에 섞인,명찰이 있습니다.,,有一具慘不忍睹的白骨遺體躺在地上……,　混在破爛的衣物殘骸中，,　有名牌。,0,0,0,1,0,0,0,0,0,,Translated
381,哲志,（中学生の遺体か……何てことだ）, , ,Satoshi,(A junior high student?! Good God...),,,사토시,(중학생의 유해인가...... 뭐야 대체),,,哲志,（中學生的遺體嗎……怎麼會這樣）, ,,1,39,19,1,0,0,0,0,0,,Translated
382,,　重い棚が通路を塞いでおり、通れません。, , ,,A heavy cabinet's collapsed across the floor here.,The boards around it are creaking under its weight.,Climbing over it would be far too risky.,,무거운 수납장이 통로를 막고 있어서 지나갈 수 없습니다.,,,,沉重的櫃子擋住了通道，無法通行。, ,,0,0,0,1,0,0,0,0,0,,Translated
383,＊,……許ふぁなヒ, , ,*,Youhh pay...,,,＊,...... 용서 못해,,,＊,……不　原　諒, ,,1,64,14,1,0,0,0,0,0,,Translated
384,＊,カァーーーッ！, , ,*,*hiss*,,,＊,카악~~~!,,,＊,嘎───！, ,,1,65,14,1,1,0,0,0,0,,Translated
385,, ,　ドクンッ……, ,*, ,Oooooooooah...,,,두근......,,,, ,　咚……,,0,0,0,1,1,0,0,12,0,,Translated
386,哲志,！　目が合っている。,……何だ……？　そ、そらせない。, ,Satoshi,He's staring right into my eyes...,Wh-What?! I-I can't move...!,,사토시,!  눈이 맞았어.,"...... 뭐야......?  모, 못 피하겠어.",,哲志,！　對上眼了。,……什麼……？　移、移不開視線。,,1,47,15,1,0,0,0,0,0,,Translated
387,＊,……ひ…っひょ゛に゛ ひ…て゛, , ,*,Come...wihh...me...,,,＊,...... 따... 따라... 와,,,＊,……跟…跟我　來…, ,,1,67,14,1,0,0,0,0,0,,Translated
388,由香,……！？,お兄ちゃん！　あぶない！, ,Yuka,"Aah! Big brother, don't!",,,유카,......!?,오빠!  위험해!,,由香,……！？,哥哥！　危險！,,1,41,28,1,0,0,0,0,0,,Translated
389,哲志,（く……体が……足が、……勝手に動く……！）, , ,Satoshi,(My body... My legs...,They're moving on their own!),,사토시,(크...... 몸이...... 발이...... 멋대로 움직여......!),,,哲志,（咳……身體……腳……　擅自動了起來……！）, ,,1,48,15,1,0,0,0,0,0,,Translated
390,由香,お兄ちゃん！　だめ！, , ,Yuka,Big brother! Stop!,,,유카,오빠!  안 돼!,,,由香,哥哥！　不行！, ,,1,42,28,1,0,0,0,0,0,,Translated
391,哲志,うッ……！, , ,Satoshi,Urk!,,,사토시,윽......!,,,哲志,嗚……！, ,,1,51,15,1,0,0,0,0,0,,Translated
392,,（由香のお守り　を落としました）, , ,,(Yuka's bottle of scented beads fell out of,Satoshi's pocket onto one of the floor beams.),,,(유카의 부적을 떨어뜨렸습니다),,,,（掉落了由香的護身符）, ,,0,0,0,1,0,0,0,0,0,,Translated
393,＊,……？, , ,*,...?,,,＊,......?,,,＊,……？, ,,1,68,14,1,0,0,0,0,0,,Translated
394,＊,クンクン……,クンクンクンクンクン, ,*,*sniff* *sniff*,*sniff*,*sniff* *sniff* *sniff*,＊,킁킁......,킁킁킁킁킁,,＊,嗅嗅……,嗅嗅嗅嗅嗅, ,1,69,14,1,0,0,0,0,0,,Translated
395,＊,オ゛ア゛アアァァ……, , ,*,Oooooaaaaahhh...,,,＊,오  아  아아아아......,,,＊,噢啊啊啊……, ,,1,70,14,1,0,0,0,0,0,,Translated
396,＊,クンクンクンクンクン,クンクンクンクンクン……, ,*,*sniff* *sniff* *sniff* *sniff*,*sniff* *sniff* *sniff* *sniff*,*sniff* *sniff* *sniff* *sniff*,＊,킁킁킁킁킁,킁킁킁킁킁......,,＊,嗅嗅嗅嗅嗅,嗅嗅嗅嗅嗅……, ,1,71,14,1,0,0,0,0,0,,Translated
397,由香,お兄ちゃん！　来てぇ！, , ,Yuka,Big brother! Come on!,,,유카,오빠! 이리 와!,,,由香,哥哥！　快過來！, ,,1,43,28,1,0,0,0,0,0,,Translated
398,哲志,（……体が動く！）,　あ、ああ！, ,Satoshi,(...I can move again!),O-Okay!,,사토시,(...... 몸이 움직인다!),"아, 알았어!",,哲志,（……身體能動了！）,　啊、嗯！,,1,52,15,1,0,0,0,0,0,,Translated
399,哲志,はぁ、はぁ、はぁ……,っく、 ハァハァハァ……, ,Satoshi,*gasp* *pant*,,,사토시,"하아, 하아, 하아......","윽, 하아 하아 하아......",,哲志,呼、呼、呼……,咳、 哈啊哈啊哈啊……, ,1,53,15,1,1,0,0,0,0,,Translated
400,哲志,（……消えた？）, , ,Satoshi,(He's...gone...?),,,사토시,(...... 사라졌어?),,,哲志,（……消失了？）, ,,1,54,15,1,0,0,0,0,0,,Translated
401,由香,ぐすっ……お兄ちゃん、大丈夫？, , ,Yuka,*sniffle* Big brother...are you all right?,,,유카,"훌쩍...... 오빠, 괜찮아?",,,由香,吸……哥哥，沒事吧？, ,,1,44,28,1,0,0,0,0,0,,Translated
402,哲志,ああ……由香……すまない。,お前のお守り……取られてしまった。, ,Satoshi,"Yeah. Sorry, though, Yuka. Looks like your charm's",been taken.,,사토시,어...... 유카...... 미안하다.,네 부적...... 뺏겨 버렸어.,,哲志,嗯……由香……對不起。,你的護身符……被搶走了。, ,1,55,15,1,0,0,0,0,0,,Translated
403,由香,そんなのどうでもいい！,……死んじゃやだ、お兄ちゃん……, ,Yuka,I don't care about that!,"Just don't die, big brother! Don't die! *sniffle*",,유카,그런 건 아무 상관없어!,"...... 죽으면 안 돼, 오빠......",,由香,那種事怎樣都好！,……不可以死啊，哥哥……,,1,45,28,1,0,0,0,0,0,,Translated
404,由香,う……うぅぅ～,（ズルズル）, ,Yuka,Waaaaaaaah... *sniffle*,,,유카,우... 우우우~,(줄줄),,由香,嗚……嗚嗚～,（吸鼻涕）,,1,46,28,1,0,0,0,0,0,,Translated
405,哲志,わかった……ごめんな。, , ,Satoshi,I won't. I'm sorry.,,,사토시,알았어...... 미안.,,,哲志,知道了……對不起。, ,,1,56,15,1,0,0,0,0,0,,Translated
406,哲志,さぁ鼻を拭きな。, , ,Satoshi,Come on. Let's blow that nose.,,,사토시,자 코 닦아.,,,哲志,來，把鼻涕擦掉。, ,,1,57,15,1,0,0,0,0,0,,Translated
407,由香,ひくっ…ひくっ……,（チーン）, ,Yuka,*hic* *hic*,*sng* *splorch*,,유카,흑... 흑......,(페엥~),,由香,嗚…嗚……,（哼～）,,1,47,28,1,1,0,0,0,0,,Translated
408,哲志,……！, , ,Satoshi,...!,,,사토시,......!,,,哲志,……！, ,,1,0,0,1,0,0,0,0,0,,Translated
409,,　……男の子の霊が、カッと見開いた目で,　口をぱくりと開けている……　舌がない。, ,,The spirit of the little boy stares at you with wide,eyes and mouth agape...and he has no tongue.,,,...... 남자아이 유령이 크게 뜬 눈으로,입을 쩌억 벌리고 있다......  혀가 없다.,,,　……男孩的幽靈瞪大眼睛，,　張大嘴巴……　沒有舌頭。, ,0,0,0,1,0,0,0,0,0,,Translated
410,哲志,うわあぁッ！, , ,Satoshi,UWAAAH!,,,사토시,우와아악!,,,哲志,哇啊！, ,,1,0,0,1,0,0,0,9,0,,Translated
411,哲志,ッ, , ,Satoshi,*thwtch*,,,사토시,윽,,,哲志,！, ,,1,50,15,1,0,0,0,0,0,,Translated
412,,　落下から着地までに,　何秒かかっただろうか, ,,It was only a few short seconds between the moment,Satoshi fell and the moment he hit the ground. And,there was really nothing he could do to prevent it.,,낙하하고 나서 착지할 때까지,몇 초가 걸린 것일까,,,從墜落到著地，,　花了幾秒鐘呢, ,0,0,0,1,0,0,0,0,0,,Translated
413,,　無防備に床の穴へ向かって,　歩を踏み出し、転落した哲志は, ,,"After all, he had no control when he inched his way","toward certain doom, and he certainly had no control",once gravity took over...,,무방비하게 바닥에 난 구멍을 향해,발을 내딛다가 떨어진 사토시는,,,毫無防備地朝地板上的洞,　邁出腳步而墜落的哲志，, ,0,0,0,1,0,0,0,0,0,,Translated
414,,　息をつく暇もなく、,　着地と同時に砕け散った, ,,"Without even time to gasp in grim realization, he","impacted upon the uneven floorboards below, and",could feel his innards exploding outward.,,숨을 쉴 틈도 없이,착지와 동시에 부서져 버렸다,,,連喘息的時間都沒有，,　著地的同時便碎裂了, ,0,0,0,1,0,0,0,0,0,,Translated
415,,　絶命の間際、数秒間の,　脳の働きが彼に見せたもの,　それは,,Yet he remained conscious for somewhere between,a couple seconds and a minute before his life,officially came to an end.,,"절명의 순간, 몇 초간",뇌가 활동하며 그에게 보여준 것,그것은,,臨死之際，最後幾秒,　大腦的運作讓他看到的東西,　那就是,0,0,0,1,0,0,0,0,0,,Translated
416,,　眼前に落下し跳ね飛んだ,　妹、由香の体だった, ,,Staring up at the hole in the ceiling...just as his,vision began to dim for the final time...he saw his,"little sister, Yuka...who had jumped in after him...",,눈앞에서 낙하하고 튀어오른,"여동생, 유카의 몸이었다",,,眼前墜落彈起的,　妹妹由香的身體, ,0,0,0,1,0,0,0,0,0,,Translated
417,＊,どうひて　僕ふぉ　殺ヒたの ？, , ,*,Why ihh you kihh me?,,,＊,왜 나를 죽인 거야?,,,＊,為什麼　要　殺　我？, ,,1,62,14,1,1,0,0,0,0,,Translated
418,＊,……許ふぁなヒ, , ,*,Youhh pay...,,,＊,...... 용서 못해,,,＊,……不　原　諒, ,,1,63,14,1,1,0,0,0,0,,Translated
419,,　魂の残り滓,　汚らしく残った炭素の塵, ,,- dirty husk left behind by the soul -,"- filthy, disgusting carbon dust -",,,혼의 잔해,너저분하게 남은 탄소 부스러기,,,靈魂的殘渣,　污穢殘留的碳塵, ,0,0,0,1,0,0,0,0,0,,Translated
420,,　けがらわしいその骸……,　大いなる救いの時の為に,　丹念に磨け,,- repulsive bag of meat and tissue -,- yet one must scrub and clean it well -,- present it at the moment of salvation -,,추접한 그 시체......,위대한 구원의 때를 위해,공을 들여 갈고 닦아라,,那污穢的骸……,　為了偉大救贖之時，,　精心打磨吧,0,0,0,1,0,0,0,0,0,,Translated
421,,　主はいつも見ている, , ,,- for the lord doth watch over us always -, ,,,주인은 언제나 보고 있다,,,,主永遠在注視著, ,,0,0,0,1,0,0,0,0,0,,Translated
422,,　……下校時刻を過ぎています,　残っている生徒は, ,,You missed the final bell.,You missed the end of school.,If you're still here...,,...... 하교 시간이 지났습니다,남아 있는 학생은,,,　……已經過了放學時間,　留下來的學生, ,0,0,0,1,0,0,0,0,0,,Translated
423,,　もう帰れません, , ,,...then you always will be.,,,,집에 갈 수 없습니다,,,,　已經回不去了, ,,0,0,0,1,0,0,0,0,0,,Translated
424,,　重い棚が通路を塞いでおり、通れません。, , ,,A heavy cabinet's collapsed across the floor here.,The boards around it are creaking under its weight.,Climbing over it would be far too risky.,,무거운 수납장이 통로를 막고 있어서 지나갈 수 없습니다.,,,,沉重的櫃子擋住了通道，無法通行。, ,,0,0,0,1,0,0,0,0,0,,Translated
425,,無残な白骨死体が横たわっています……, , ,,There are skeletal remains with bleach-white bones,sprawled across the floor here.,,,끔찍한 백골 사체가 누워 있습니다......,,,,有一具慘不忍睹的白骨遺體躺在地上……, ,,0,0,0,1,0,0,0,0,0,,Translated
426,,　よく見ると、手に紙切れを握っています。, , ,,"Looking closely, she seems to be holding a letter",in her boney fingers:,,,잘 보니 손에 종잇조각을 쥐고 있습니다.,,,,仔細一看，手裡握著一張紙片。, ,,0,0,0,1,0,0,0,0,0,,Translated
427,,“陽介　陽介、ごめん,　僕が、あんなおまじないを見つけて来た,　ばっかりに……”,,"'Yohsuke... Yohsuke, I'm so sorry...",If only I hadn't discovered that,stupid charm...',,"“요스케  요스케, 미안해",괜히 내가 그런 주술을,찾아 와서......”,,“陽介　陽介，對不起,　都怪我發現了那種咒語,　……”,0,0,0,1,0,0,0,0,0,,Translated
428,,　無残な白骨死体が横たわっています……,　ぼろぼろの衣類の残骸に混じって、,　名札があります。,,There's a skeletal corpse with bleach-white bones,sprawled across the floor here. Lying atop what,remains of her clothes is a student ID name tag.,,끔찍한 백골 사체가 누워 있습니다......,너덜너덜한 의류의 잔해에 섞인,명찰이 있습니다.,,有一具慘不忍睹的白骨遺體躺在地上……,　混在破爛的衣物殘骸中，,　有名牌。,0,0,0,1,0,0,0,0,0,,Translated
429,哲志,（中学生の遺体か……何てことだ）, , ,Satoshi,(A junior high student?! Good God...),,,사토시,(중학생의 유해인가...... 어떻게 된 거야),,,哲志,（中學生的遺體嗎……怎麼會這樣）, ,,1,39,19,1,0,0,0,0,0,,Translated
430,,　無残な白骨死体が横たわっています……,　ぼろぼろの衣類の残骸に混じって、,　名札があります。,,There's a skeletal corpse with bleach-white bones,sprawled across the floor here. Lying atop what,remains of her clothes is a student ID name tag.,,끔찍한 백골 사체가 누워 있습니다......,너덜너덜한 의류의 잔해에 섞인,명찰이 있습니다.,,有一具慘不忍睹的白骨遺體躺在地上……,　混在破爛的衣物殘骸中，,　有名牌。,0,0,0,1,0,0,0,0,0,,Translated
431,,　重い棚が通路を塞いでおり、通れません。, , ,,A heavy cabinet's collapsed across the floor here.,The boards around it are creaking under its weight.,Climbing over it would be far too risky.,,무거운 수납장이 통로를 막고 있어서 지나갈 수 없습니다.,,,,沉重的櫃子擋住了通道，無法通行。, ,,0,0,0,1,0,0,0,0,0,,Translated
432,,　重い棚が通路を塞いでおり、通れません。, , ,,A heavy cabinet's collapsed across the floor here.,The boards around it are creaking under its weight.,Climbing over it would be far too risky.,,무거운 수납장이 통로를 막고 있어서 지나갈 수 없습니다.,,,,沉重的櫃子擋住了通道，無法通行。, ,,0,0,0,1,0,0,0,0,0,,Translated
433,刻命,これじゃ通れないな……,よし……, ,Kizami,"Well, we're not getting through with this in our",way. So...,,키자미,이래서야 못 지나가겠군......,좋아......,,刻命,這樣過不去啊……,好……,,1,194,6,1,0,0,0,0,0,,Translated
434,刻命,ふッ！, , ,Kizami,HRNG!!,,,키자미,훗!,,,刻命,喝！, ,,1,195,6,1,1,0,0,0,0,,Translated
435,刻命,っと！　棚が……, , ,Kizami,My... That was unexpected...,,,키자미,아!  수납장이......,,,刻命,哎呀！　櫃子……, ,,1,196,6,1,0,0,0,0,0,,Translated
436,哲志,！　……廊下が伸びている……？, , ,Satoshi,Wha...?!,The hallway...got bigger!,,사토시,!  ...... 복도가 늘어났어......?,,,哲志,！　……走廊變長了……？, ,,1,139,15,1,0,0,0,0,0,,Translated
437,哲志,！　……廊下が伸びている……？, , ,Satoshi,Wha...?!,The hallway...got bigger!,,사토시,!  ...... 복도가 늘어났어......?,,,哲志,！　……走廊變長了……？, ,,1,139,15,1,0,0,0,0,0,,Translated
438,哲志,！　……廊下が伸びている……？, , ,Satoshi,Wha...?!,The hallway...got bigger!,,사토시,!  ...... 복도가 늘어났어......?,,,哲志,！　……走廊變長了……？, ,,1,139,15,1,0,0,0,0,0,,Translated
439,哲志,！　……廊下が伸びている……？, , ,Satoshi,Wha...?!,The hallway...got bigger!,,사토시,!  ...... 복도가 늘어났어......?,,,哲志,！　……走廊變長了……？, ,,1,139,15,1,0,0,0,0,0,,Translated
440,哲志,！　……廊下が伸びている……？, , ,Satoshi,Wha...?!,The hallway...got bigger!,,사토시,!  ...... 복도가 늘어났어......?,,,哲志,！　……走廊變長了……？, ,,1,139,15,1,0,0,0,0,0,,Translated
441,,　……下校時刻を過ぎています,　残っている生徒は, ,,You missed the final bell.,You missed the end of school.,If you're still here...,,...... 하교 시간이 지났습니다,남아 있는 학생은,,,　……已經過了放學時間,　留下來的學生, ,0,0,0,1,0,0,0,0,0,,Translated
442,,　もう帰れません, , ,,...then you always will be.,,,,집에 갈 수 없습니다,,,,　已經回不去了, ,,0,0,0,1,0,0,0,0,0,,Translated
443,,　女生徒の亡骸が横たわっています……,　胸元に、白い名札が付いています。, ,,It's the body of a female student. Attached to her,breast pocket is a white student ID name tag.,,,여학생의 유해가 누워 있습니다......,가슴에 하얀 명찰이 달려 있습니다.,,,一具女學生的遺體躺在地上……,　胸前別著白色的名牌。, ,0,0,0,1,0,0,0,0,0,,Translated
444,,　千早ちゃん……、なぁなちゃん……,　無事でいて……,　不甲斐ない先輩で……、ごめん…,,"Chihaya-chan......, Naana-chan......,","stay safe......,",I was a disappointing senior...... I'm sorry...,,"치하야 짱 ......, 구나구나 짱 ... ", 무사하고 ... ," 불 보람없는 선배 ......, 미안 ...",,千早醬……、奈那醬……,　要平安……,　我是個沒用的學姐……、對不起…,0,199,5,1,0,0,0,0,0,,Translated
445,,　教室はありません。, , ,,"Strangely, the classroom itself seems to be absent.","There's no door, and the hall windows show only a",black void.,,교실은 없습니다.,,,,沒有教室。, ,,0,0,0,1,0,0,0,0,0,,Translated
446,,　大きさからして中学生くらいの遺体です。,　名札が見えます。, ,,"Based on size, this appears to be the corpse of a",middle-schooler. There's a student ID name tag,attached to the tattered remains of her uniform.,,크기를 보아 중학생 쯤 되는 유해입니다.,명찰이 보입니다.,,,從大小來看是中學生左右的遺體。,　有名牌。, ,0,0,0,1,0,0,0,0,0,,Translated
447,,　とても小さな身体の亡骸が倒れています……,　手に持った学校のプリントの裏に、,　サインペンで文字が書かれています。,,It's an extraordinarily tiny corpse. In its hand is,a school print-out with some text written on the,back in felt-tip pen.,,너무나 작은 몸의 유해가 쓰러져 있습니다......,손에 든 학교 프린트 뒷면에,사인펜으로 적힌 글자가 있습니다.,,一具非常嬌小的遺體倒在地上……,　手中學校講義的背面，,　用麥克筆寫著文字。,0,0,0,1,0,0,0,0,0,,Translated
448,,“おとーさん……,　彼岸荘に帰りたいよぅ……”, ,,'Daddy... I want to go back to Higansou...',,,,“아빠......,  피안장으로 돌아가고 싶어......”,,,“爸爸……,　好想回彼岸莊啊……”,,0,0,0,1,0,0,0,0,0,,Translated
449,刻命,小学生の遺体まであるとは……,……なんて運命だ。, ,Kizami,There are even elementary-schoolers here?,What a wretched fate...,,키자미,초등학생 시체까지 있었다니......,...... 이 무슨 운명인가.,,刻命,竟然連小學生的遺體都有……,……這是什麼命運。,,1,197,6,1,0,0,0,0,0,,Translated
450,刻命,この子が、何をしたと言うんだ……！, , ,Kizami,How on earth did she get caught up in this mess?!,,,키자미,이 아이가 뭘 잘못했다고......!,,,刻命,這孩子到底做錯了什麼……！, ,,1,198,6,1,0,0,0,0,0,,Translated
451,,　４人の子供の遺影が飾ってあります……, , ,,There's a picture of the four dead children here.,,,,네 아이의 유영이 장식되어 있습니다......,,,,擺放著四個孩子的遺照……, ,,0,0,0,1,0,0,0,0,0,,Translated
452,,　教室はありません。, , ,,"Strangely, the classroom itself seems to be absent.","There's no door, and the hall windows show only a",black void.,,교실은 없습니다.,,,,沒有教室。, ,,0,0,0,1,0,0,0,0,0,,Translated
453,,　ボロの板切れ　を使いますか？, , ,,Place the [Loose Board]?,,,,낡은 널빤지를 사용하겠습니까?,,,,要用【破爛的木板】嗎？, ,,0,0,0,1,0,0,0,0,0,,Translated
454,,はい,いいえ,,,Yes,No,,,네,아니오,,,是,否,,0,255,255,255,255,255,255,255,255,,Translated
455,,　教室はありません。, , ,,"Strangely, the classroom itself seems to be absent.","There's no door, and the hall windows show only a",black void.,,교실은 없습니다.,,,,沒有教室。, ,,0,0,0,1,0,0,0,0,0,,Translated
456,,　教室はありません。, , ,,"Strangely, the classroom itself seems to be absent.","There's no door, and the hall windows show only a",black void.,,교실은 없습니다.,,,,沒有教室。, ,,0,0,0,1,0,0,0,0,0,,Translated
457,,　教室はありません。, , ,,"Strangely, the classroom itself seems to be absent.","There's no door, and the hall windows show only a",black void.,,교실은 없습니다.,,,,沒有教室。, ,,0,0,0,1,0,0,0,0,0,,Translated
458,,　教室はありません。, , ,,"Strangely, the classroom itself seems to be absent.","There's no door, and the hall windows show only a",black void.,,교실은 없습니다.,,,,沒有教室。, ,,0,0,0,1,0,0,0,0,0,,Translated
459,,【用務員室】,　扉は、模型のようにガチリと壁に固定され,　開ける事が出来ません。,,[Custodian's Closet],The door is affixed to the wall like a decoration.,It won't open.,,【수위실】,문은 모형처럼 딱 고정되어,열 수 없습니다.,,【校工室】,　門像模型一樣固定在牆上，,　無法打開。,0,0,0,0,0,0,0,0,0,,Translated
460,,　……部屋の中から、つけっ放しにされた,　ＴＶのノイズ音が聞こえます……, ,,"There's an erratic noise, like that of TV static,",coming from within.,,,방 안에 틀어 둔,TV의 소음이 들려옵니다......,,,　……房間裡傳來電視沒關的雜訊聲……, ,,0,0,0,0,0,0,0,0,0,,Translated
461,,【用務員室】,　扉は、模型のようにガチリと壁に固定され,　開ける事が出来ません。,,[Custodian's Closet],The door is affixed to the wall like a decoration.,It won't open.,,【수위실】,문은 모형처럼 딱 고정되어,열 수 없습니다.,,【校工室】,　門像模型一樣固定在牆上，,　無法打開。,0,0,0,0,0,0,0,0,0,,Translated
462,,　……部屋の中から、つけっ放しにされた,　ＴＶのノイズ音が聞こえます……, ,,"There's an erratic noise, like that of TV static,",coming from within.,,,방 안에 틀어 둔,TV의 소음이 들려옵니다......,,,　……房間裡傳來電視沒關的雜訊聲……, ,,0,0,0,0,0,0,0,0,0,,Translated
463,,　背の高い白骨死体が横たわっています……,　はだけた衣類の残骸に混じって、名札が見えます。, ,,They're the remains of a very tall individual. Lying,atop what remains of his clothes is a student ID,name tag.,,키가 큰 백골 사체가 누워 있습니다......,풀어 헤쳐진 의류 잔해에 묻힌 명찰이 보입니다.,,,一具高個子的白骨遺體躺在地上……,　混在敞開的衣物殘骸中，,　有名牌。,0,0,0,1,0,0,0,0,0,,Translated
464,,　無残な白骨死体が横たわっています……,　ぼろぼろの衣類の残骸に混じって、,　名札があります。,,There's a skeletal corpse with bleach-white bones,sprawled across the floor here. Lying atop what,remains of his clothes is a student ID name tag.,,끔찍한 백골 사체가 누워 있습니다......,너덜너덜한 의류의 잔해에 섞인,명찰이 있습니다.,,有一具慘不忍睹的白骨遺體躺在地上……,　混在破爛的衣物殘骸中，,　有名牌。,0,0,0,1,0,0,0,0,0,,Translated
465,,　無残な女生徒の亡骸があります……,　頭蓋の裂け目から大量に血液が,　流出したようです。,,These are the remains of a female student who,clearly suffered a blow to the head. Her skull is,cracked open and there's dried blood everywhere.,,끔찍한 여학생의 유해가 있습니다......,갈라진 두개골에서 대량의 혈액이,유출된 모양입니다.,,有一具慘不忍睹的女學生遺體……,　頭蓋骨的裂縫中似乎有,　大量血液流出。,0,0,0,1,0,0,0,0,0,,Translated
466,,　亡骸の傍らに、割れた眼鏡と名札が見えます。, , ,,"Her broken glasses, as well as a student ID name","tag, are resting next to her mangled corpse.",,,유해 곁에 깨진 안경과 명찰이 보입니다.,,,,遺體旁邊可以看到破碎的眼鏡和名牌。, ,,0,0,0,1,0,0,0,0,0,,Translated
467,哲志,由香……腹痛いのか？, , ,Satoshi,Yuka? Does your stomach hurt?,,,사토시,유카...... 배 아파?,,,哲志,由香……肚子痛嗎？, ,,1,160,15,1,0,0,0,0,0,,Translated
468,由香,……漏れちゃう……,（ひっく　ひっく）, ,Yuka,I'm gonna pee myself!,,,유카,...... 나오겠어......,(훌쩍  훌쩍),,由香,……快要漏出來了……,（嗚　嗚）,,1,100,28,1,0,0,0,0,0,,Translated
469,哲志,泣くほどキツいのか……,どうしたらいいんだ。, ,Satoshi,"That bad, huh? I'm not sure what we can do about","it, though...",,사토시,울 정도로 힘든 건가......,어쩌면 좋지.,,哲志,難受到哭出來的程度嗎……,該怎麼辦才好。,,1,161,15,1,0,0,0,0,0,,Translated
470,由香,うう…ﾝ, , ,Yuka,Nnnnng...rrrrnnnnnggg...nnng...,,,유카,으으...,,,由香,嗚…嗯, ,,1,101,28,1,0,0,0,0,0,,Translated
471,由香,（フラフラ）, , ,Yuka,*strain* *shimmy* *shudder*,,,유카,(비틀비틀),,,由香,（搖搖晃晃）, ,,1,102,28,1,0,0,0,0,0,,Translated
472,哲志,だ、大丈夫か？, , ,Satoshi,Are you going to be all right?,,,사토시,"괘, 괜찮아?",,,哲志,沒、沒事吧？, ,,1,162,15,1,0,0,0,0,0,,Translated
473,由香,……ヘイキ……, , ,Yuka,I'll be...okay...,,,유카,...... 괜찮아......,,,由香,……沒事的……, ,,1,103,28,1,0,0,0,0,0,,Translated
474,哲志,由香……腹痛いのか？, , ,Satoshi,Yuka? Does your stomach hurt?,,,사토시,유카...... 배 아파?,,,哲志,由香……肚子痛嗎？, ,,1,160,15,1,0,0,0,0,0,,Translated
475,由香,……漏れちゃう……,（ひっく　ひっく）, ,Yuka,I'm gonna pee myself!,,,유카,...... 나오겠어......,(훌쩍  훌쩍),,由香,……快要漏出來了……,（嗚　嗚）,,1,100,28,1,0,0,0,0,0,,Translated
476,哲志,泣くほどキツいのか……,どうしたらいいんだ。, ,Satoshi,"That bad, huh? I'm not sure what we can do about","it, though...",,사토시,울 정도로 힘든 건가......,어쩌면 좋지.,,哲志,難受到哭出來的程度嗎……,該怎麼辦才好。,,1,161,15,1,0,0,0,0,0,,Translated
477,由香,うう…ﾝ, , ,Yuka,Nnnnng...rrrrnnnnnggg...nnng...,,,유카,으으...,,,由香,嗚…嗯, ,,1,101,28,1,0,0,0,0,0,,Translated
478,由香,（フラフラ）, , ,Yuka,*strain* *shimmy* *shudder*,,,유카,(비틀비틀),,,由香,（搖搖晃晃）, ,,1,102,28,1,0,0,0,0,0,,Translated
479,哲志,だ、大丈夫か？, , ,Satoshi,Are you going to be all right?,,,사토시,"괘, 괜찮아?",,,哲志,沒、沒事吧？, ,,1,162,15,1,0,0,0,0,0,,Translated
480,由香,……ヘイキ……, , ,Yuka,I'll be...okay...,,,유카,...... 괜찮아......,,,由香,……沒事的……, ,,1,103,28,1,0,0,0,0,0,,Translated
481,哲志,由香……腹痛いのか？, , ,Satoshi,Yuka? Does your stomach hurt?,,,사토시,유카...... 배 아파?,,,哲志,由香……肚子痛嗎？, ,,1,160,15,1,0,0,0,0,0,,Translated
482,由香,……漏れちゃう……,（ひっく　ひっく）, ,Yuka,I'm gonna pee myself!,,,유카,...... 나오겠어......,(훌쩍  훌쩍),,由香,……快要漏出來了……,（嗚　嗚）,,1,100,28,1,0,0,0,0,0,,Translated
483,哲志,泣くほどキツいのか……,どうしたらいいんだ。, ,Satoshi,"That bad, huh? I'm not sure what we can do about","it, though...",,사토시,울 정도로 힘든 건가......,어쩌면 좋지.,,哲志,難受到哭出來的程度嗎……,該怎麼辦才好。,,1,161,15,1,0,0,0,0,0,,Translated
484,由香,うう…ﾝ, , ,Yuka,Nnnnng...rrrrnnnnnggg...nnng...,,,유카,으으...,,,由香,嗚…嗯, ,,1,101,28,1,0,0,0,0,0,,Translated
485,由香,（フラフラ）, , ,Yuka,*strain* *shimmy* *shudder*,,,유카,(비틀비틀),,,由香,（搖搖晃晃）, ,,1,102,28,1,0,0,0,0,0,,Translated
486,哲志,だ、大丈夫か？, , ,Satoshi,Are you going to be all right?,,,사토시,"괘, 괜찮아?",,,哲志,沒、沒事吧？, ,,1,162,15,1,0,0,0,0,0,,Translated
487,由香,……ヘイキ……, , ,Yuka,I'll be...okay...,,,유카,...... 괜찮아......,,,由香,……沒事的……, ,,1,103,28,1,0,0,0,0,0,,Translated
488,,　無残な女生徒の亡骸があります……,　頭蓋の裂け目から大量に血液が,　流出したようです。,,These are the remains of a female student who,clearly suffered a blow to the head. Her skull is,cracked open and there's dried blood everywhere.,,끔찍한 여학생의 유해가 있습니다......,갈라진 두개골에서 대량의 혈액이,유출된 모양입니다.,,有一具慘不忍睹的女學生遺體……,　頭蓋骨的裂縫中似乎有,　大量血液流出。,0,0,0,1,0,0,0,0,0,,Translated
489,,　亡骸の傍らに、割れた眼鏡と名札が見えます。, , ,,"Her broken glasses, as well as a student ID name","tag, are resting next to her mangled corpse.",,,유해 곁에 깨진 안경과 명찰이 보입니다.,,,,遺體旁邊可以看到破碎的眼鏡和名牌。, ,,0,0,0,1,0,0,0,0,0,,Translated
490,,【別館通用口】,　扉には鍵がかかっており,　出る事が出来ません。,,[Exit to Second Wing],The door is locked.,,,【별관 통용구】,문이 잠겨 있어서,나갈 수 없습니다.,,【別館通用口】,　門鎖著，,　無法出去。,0,0,0,1,0,0,0,0,0,,Translated
491,,『ちいさな鍵』　が鍵穴に合うようです。,　使用しますか？, ,,The [Tiny Key] seems to fit the lock perfectly.,Use it?,,,『작은 열쇠』가 열쇠 구멍에 맞는 모양입니다.,사용하겠습니까?,,,『小鑰匙』似乎和鎖孔吻合。,　要使用嗎？,,0,0,0,1,0,0,0,0,0,,Translated
492,,はい,いいえ,,,Yes,No,,,네,아니오,,,是,否,,0,255,255,255,255,255,255,255,255,,Translated
493,,別館への通路が　開きました。, , ,,The door to the second wing is now unlocked.,,,,별관으로 이어진 통로가 열렸습니다.,,,,通往別館的通道打開了。, ,,0,0,0,1,0,0,0,0,0,,Translated
494,,古びたバケツの中には、何も入っていません……, , ,,There's a rusted bucket on the ground.,It's empty.,,,낡은 양동이 안에는 아무것도 없습니다......,,,,舊水桶裡什麼都沒有……, ,,0,0,0,1,0,0,0,0,0,,Translated
495,,壁に、得体の知れない黒い染みがついています……, , ,,"There's a large, black stain on the wall. It looks","almost organic, but it's not actually wet, and",there's no indication as to how it got there.,,벽에 정체 모를 검은 자국이 있습니다......,,,,牆上有來路不明的黑色污漬……, ,,0,0,0,1,0,0,0,0,0,,Translated
496,,壁に、得体の知れない黒い染みがついています……, , ,,"There's a large, black stain on the wall. It looks","almost organic, but it's not actually wet, and",there's no indication as to how it got there.,,벽에 정체 모를 검은 자국이 있습니다......,,,,牆上有來路不明的黑色污漬……, ,,0,0,0,1,0,0,0,0,0,,Translated
497,,【犠牲者の手記】（１／５）, , ,,[Victim's Memoirs],(1／5),,,【희생자의 수기】 (1/5),,,,【犧牲者的手記】（１／５）, ,,0,0,0,1,0,0,0,0,0,,Translated
498,,　……大瀧君……光春君に、会いたい,　さっき幽霊が教えてくれた, ,,"Ohtaki... Mitsuharu, I want to see you again.",A ghost told me...,,,"...... 오오타키 군...... 미츠하루 군, 보고 싶다",좀 전에 유령이 알려 줬어,,,　……大瀧同學……光春同學，好想見你,　剛才幽靈告訴我的, ,0,0,0,1,0,0,0,0,0,,Translated
499,,　……一緒に連れて来られたけど、,　別の空間に閉じ込められているから, ,,"Apparently, you were brought here too, but we're",in different spaces.,,,...... 함께 왔지만,다른 공간에 갇혀 있어서,,,　……雖然是一起被帶來的，,　但被關在不同的空間裡, ,0,0,0,1,0,0,0,0,0,,Translated
500,,　……同じ校舎にいるのに、,　会えないらしい, ,,"Even though we're in the same school, I can't see",you.,,,...... 같은 교사에 있는데도,만날 수 없대,,,　……明明在同一棟校舍裡，,　卻見不到面, ,0,0,0,1,0,0,0,0,0,,Translated
501,,　どうしてこんな目に遭うの,　今日は予備校で数Ⅰの補講があったのに, ,,Why did this happen to us? I shouldn't be here!,I should be in my Math 1 class at prep school!,,,왜 이렇게 된 거야,오늘은 학원에서 수학Ⅰ 보강을 하는데,,,　為什麼會遇到這種事,　今天補習班明明有數學Ⅰ的補課, ,0,0,0,1,0,0,0,0,0,,Translated
502,,　さぼったらまたお姉ちゃん,　に怒られる, ,,My sister's going to be really mad at me for,skipping. I don't think she'd believe this excuse,"even if I told her, though!",,땡땡이쳤다간 또 언니한테,혼날 거야,,,　蹺課的話又要被姊姊,　罵了, ,0,0,0,1,0,0,0,0,0,,Translated
503,,　光春君と会えたら、こんなトコ,　抜け出せる気がする, ,,"I feel like if I can ever find you, I'll be able",to get out of here alive. I don't know why...,,,"미츠하루 군과 함께라면, 이런 곳",빠져나갈 수 있을 것 같아,,,　如果能見到光春同學，,　感覺就能逃出這種地方, ,0,0,0,1,0,0,0,0,0,,Translated
504,,　同じ学校にいるのなら、,　何か連絡をとる方法は,　……あるはずだよね,,"...but if we really are in the same school, then",I know there MUST be a way of getting in contact,with you. And I'm going to find it!,,같은 학교에 있다면,뭔가 연락을 취할 방법이,...... 있지 않을까,,　既然在同一所學校，,　一定有辦法聯絡,　……對吧,0,0,0,1,0,0,0,0,0,,Translated
505,哲志,由香。, , ,Satoshi,Yuka?,,,사토시,유카.,,,哲志,由香。, ,,1,25,15,1,0,0,0,0,0,,Translated
506,由香,お兄ちゃん……由香達、お家帰れるの？, , ,Yuka,Big brother...,Will we ever be able to go home again?,,유카,"오빠...... 유카, 집에 갈 수 있어?",,,由香,哥哥……由香能回家嗎？, ,,1,25,28,1,0,0,0,0,0,,Translated
507,哲志,……。, , ,Satoshi,...,,,사토시,......,,,哲志,……。, ,,1,26,15,1,0,0,0,0,0,,Translated
508,由香,帰れなくなったの？　……し 死んじゃうの？, , ,Yuka,Or are we really stuck here...until we...d-die...?,,,유카,"못 가는 거야?  ...... 주, 죽는 거야?",,,由香,回不去了嗎？　……會、會死掉嗎？, ,,1,26,28,1,0,0,0,0,0,,Translated
509,由香,……ねぇ、ウソだよね？　お兄ちゃん！　ねぇ！, , ,Yuka,"It's not true, right? Big brother? Right?!",,,유카,"...... 저기, 거짓말이지?  오빠!  저기!",,,由香,……喂，是騙人的吧？　哥哥！　喂！, ,,1,27,28,1,0,0,0,0,0,,Translated
510,,うるさいな！俺だって……,大丈夫だよ、由香……,,,How should I know?!,"We'll be okay, Yuka...",,,시끄러! 나도......,괜찮아、유카......,,,吵死了！我也……,沒事的，由香……,,0,255,255,255,255,255,255,255,255,,Translated
511,哲志,うるさいな！　俺だって今、考えてるんだ！, , ,Satoshi,How the hell should I know?!,I'm still trying to figure things out myself!,,사토시,시끄러!  나도 지금 생각 중이야!,,,哲志,吵死了！　我也正在想啊！, ,,1,27,15,1,0,0,0,0,0,,Translated
512,由香,ヒくッ……, , ,Yuka,*gasp*,,,유카,흑......,,,由香,嗚……, ,,1,28,28,1,0,0,0,0,0,,Translated
513,哲志,（しまった）, , ,Satoshi,(Crap...),,,사토시,(아차),,,哲志,（糟了）, ,,1,28,15,1,0,0,0,0,0,,Translated
514,由香,う……あああぁぁ～ん, , ,Yuka,W-Waaaaaah...,,,유카,우...... 아아아아아앙~,,,由香,嗚……啊啊啊～, ,,1,29,28,1,1,0,0,0,0,,Translated
515,由香,うああぁ～ん、いあぁぁ～～！,（ヒクッヒクッ）, ,Yuka,Waaaaaaah! Waaaaaaaaaaahh!!,,,유카,"우아아아앙~, 싫어어어~~!",(흑 흑),,由香,嗚啊啊～、呀啊啊～～！,（嗚　嗚）,,1,30,28,1,0,0,0,0,0,,Translated
516,由香,お兄ぢゃんの　…かぁ～！,……ああぁぁぁ～ん！, ,Yuka,"Big brother, you... Waaaaaaaaaaaaahhh!!",,,유카,오빠는   .. 보오~!,...... 아아아아아앙~!,,由香,哥哥是　…壞～！,……啊啊啊～！,,1,31,28,1,0,0,0,0,0,,Translated
517,哲志,（……何してんだ俺……コイツに,　あたってどうするんだ）, ,Satoshi,(What's wrong with me? What good will upsetting her,do?!),,사토시,(...... 뭘 한 거야 나는...... 이 녀석한테,화풀이해서 어쩌자고),,哲志,（……我在做什麼……對這傢伙,發脾氣又能怎樣）, ,1,29,15,1,0,0,0,0,0,,Translated
518,哲志,（直美がいたら、キレてるだろうな……,　こんなザマ）, ,Satoshi,"(If Naomi heard me say that to my little sister,",she'd smack me upside the head...),,사토시,(나오미가 있었으면 화냈겠지......,이 꼴을 보고),,哲志,（直美在的話，肯定會生氣吧……,　看到我這副德性）, ,1,30,15,1,0,0,0,0,0,,Translated
519,哲志,わ、悪い、由香。俺も……怖くてさ……,許してくれ。, ,Satoshi,"S-Sorry, Yuka. I didn't mean it, honest. It's just","that I'm...I'm scared too. Please, don't cry...",,사토시,"미, 미안, 유카. 나도...... 무서워서 말야......",용서해 줘.,,哲志,對、對不起，由香。我也……太害怕了……,原諒我。,,1,31,15,1,0,0,0,0,0,,Translated
520,由香,（ズルズルズル）, , ,Yuka,*sniffle*,,,유카,(줄줄줄),,,由香,（吸鼻涕吸鼻涕）, ,,1,32,28,1,0,0,0,0,0,,Translated
521,由香,……由香、傷ついたもん。, , ,Yuka,But you hurt my feelings...,,,유카,"...... 유카, 상처 받았어.",,,由香,……由香，受傷了。, ,,1,33,28,1,0,0,0,0,0,,Translated
522,哲志,すまん……,死ぬ事もあるんだ、って……, ,Satoshi,I'm really sorry. It's just...you talked about us,dying...,,사토시,미안......,죽을 수도 있다고......,,哲志,對不起……,說什麼會死之類的……, ,1,32,15,1,0,0,0,0,0,,Translated
523,哲志,ホンモノの死体、を見て,……動揺しちまったんだ。, ,Satoshi,...and since we just saw a real dead body...,I guess it shook me up worse than I thought...,,사토시,진짜 시체를 보고,...... 동요했어.,,哲志,看到了真正的屍體，,……動搖了啊。, ,1,33,15,1,0,0,0,0,0,,Translated
524,由香,……。お兄ちゃん、やっぱり怖がりさん。, , ,Yuka,*sniffle* Big brother...you really are a scaredy,"cat, huh...",,유카,...... 오빤 역시 겁쟁이야.,,,由香,……。哥哥果然是膽小鬼。, ,,1,34,28,1,0,0,0,0,0,,Translated
525,哲志,すまない。, , ,Satoshi,Sorry...,,,사토시,미안해.,,,哲志,對不起。, ,,1,34,15,1,0,0,0,0,0,,Translated
526,哲志,大丈夫……　大丈夫だよ、由香……, , ,Satoshi,"We'll be okay... We'll make it out of here, Yuka.",,,사토시,"괜찮아......  괜찮아, 유카......",,,哲志,沒事的……　沒事的哦，由香……, ,,1,35,15,1,0,0,0,0,0,,Translated
527,哲志,きっとみんなで帰れるぞ。, , ,Satoshi,All of us. Together.,,,사토시,분명 다 함께 돌아갈 거야.,,,哲志,一定能和大家一起回去的。, ,,1,36,15,1,0,0,0,0,0,,Translated
528,哲志,……心配するな。俺がついてるから……な？, , ,Satoshi,There's no need for you to worry.,"After all...you've got me, right?",,사토시,...... 걱정하지 마. 내가 있으니까...... 알았지?,,,哲志,……別擔心。有我陪著你……對吧？, ,,1,37,15,1,0,0,0,0,0,,Translated
529,由香,ひくっ……ひくっ……, , ,Yuka,*hic* *hic*,,,유카,흑...... 흑......,,,由香,嗚……嗚……, ,,1,35,28,1,0,0,0,0,0,,Translated
530,由香,……ん。（コクリ）, , ,Yuka,...Uh-huh!,,,유카,...... 응.  (끄덕),,,由香,……嗯。（點頭）, ,,1,36,28,1,0,0,0,0,0,,Translated
531,哲志,……よし、偉いぞ。, , ,Satoshi,That's a good girl...,,,사토시,"...... 좋아, 장하다.",,,哲志,……好，真乖。, ,,1,38,15,1,0,0,0,0,0,,Translated
532,由香,お兄ちゃぁん……,……ぐすっ、……えぐっ, ,Yuka,Biiig broootheeeer... *sob*,,,유카,오빠아......,...... 흑...... 우엥,,由香,哥哥～……,……吸、……嗚,,1,37,28,1,0,0,0,0,0,,Translated
533,由香,けっほ　けほっ, , ,Yuka,*cough* *cough*,,,유카,콜록  콜록,,,由香,咳咳　咳咳, ,,1,38,28,1,0,0,0,0,0,,Translated
534,哲志,……緊張の糸が切れたか……やれやれ。, , ,Satoshi,"Nerves got the better of you, huh? Poor thing...",,,사토시,...... 긴장의 끈이 풀린 건가...... 이런 이런.,,,哲志,……緊張的弦斷了嗎……真是的。, ,,1,39,15,1,0,0,0,0,0,,Translated
535,哲志,（俺が震えてちゃいけない）, , ,Satoshi,(I have to be strong...),,,사토시,(내가 떨고 있어서는 안 돼),,,哲志,（我不能發抖）, ,,1,40,15,1,0,0,0,0,0,,Translated
536,哲志,（恐怖心は、噛まずに今は,　丸呑みでやり過ごすんだ……）, ,Satoshi,"(I have to swallow my own trepidation, and show Yuka",there's nothing to be afraid of.),,사토시,(지금은 공포심을 곱씹지 말고,삼키고 넘어가자......),,哲志,（現在要把恐懼心整個吞下去,　忍耐過去……）,,1,41,15,1,0,0,0,0,0,,Translated
537,哲志,（……あいつも……直美も、,　どこかで震えているかも知れない）, ,Satoshi,(Somewhere in here...Naomi may also be feeling,scared and alone.),,사토시,(...... 그 녀석도...... 나오미도,어딘가에서 떨고 있을 거야),,哲志,（……那傢伙……直美也，,　也許正在某處發抖）, ,1,42,15,1,0,0,0,0,0,,Translated
538,哲志,（……早く、見つけてやらないと……）, , ,Satoshi,(We need to find her as soon as we can.),,,사토시,(...... 어서 찾아내야 해......),,,哲志,（……得快點找到她才行……）, ,,1,43,15,1,0,0,0,0,0,,Translated
539,哲志,由香ひとりにしちゃ、可哀想だな……, , ,Satoshi,I can't just leave Yuka behind...,,,사토시,유카를 혼자 두면 불쌍한데......,,,哲志,把由香一個人丟下太可憐了……, ,,1,255,14,1,0,0,0,0,0,,Translated
540,哲志,上手く行ったな。……ひとつ出し抜いてやったぞ、,この学校を。, ,Satoshi,Nicely done! I'd say we're one step closer to,getting out of here now.,,사토시,"됐다...... 하나는 앞질렀어,",이 학교를.,,哲志,成功了。……搶先了這所學校一步。, ,,1,1,15,1,0,0,0,0,0,,Translated
541,哲志,よし、行こう。, , ,Satoshi,"You all set? Come on, let's go.",,,사토시,"좋아, 가자.",,,哲志,好，走吧。, ,,1,2,15,1,0,0,0,0,0,,Translated
542,由香,うん。, , ,Yuka,Okay.,,,유카,응.,,,由香,嗯。, ,,1,0,28,1,0,0,0,0,0,,Translated
543,由香,あっ、待ってお兄ちゃん。, , ,Yuka,"Actually, wait a sec, big brother!",,,유카,"앗, 잠깐 오빠.",,,由香,啊，等一下哥哥。, ,,1,1,28,1,0,0,0,0,0,,Translated
544,哲志,ん、どうした？, , ,Satoshi,Hmm? What's up?,,,사토시,"응, 왜 그래?",,,哲志,嗯，怎麼了？, ,,1,3,15,1,0,0,0,0,0,,Translated
545,由香,あのね、これ……, , ,Yuka,Ummm... This...is for you...,,,유카,"저기, 이거......",,,由香,那個啊，這個……, ,,1,2,28,1,0,0,0,0,0,,Translated
546,哲志,ん……なんだ？　小っちゃい瓶だな。, , ,Satoshi,Oh? What is it? Such a cute little bottle...,,,사토시,응...... 뭐야? 작은 병인데.,,,哲志,嗯……什麼？好小的瓶子。, ,,1,4,15,1,0,0,0,0,0,,Translated
547,由香,これね、由香のお守り。香りのビーズだよ。, , ,Yuka,"Well, you see... It's my secret charm. It's full of",scented beads.,,유카,"이건 말야, 유카의 부적. 향기가 나는 비즈야.",,,由香,這個啊，是由香的護身符。是香氣珠子哦。, ,,1,3,28,1,0,0,0,0,0,,Translated
548,哲志,ほう、一杯入ってるな。, , ,Satoshi,O-ho! There sure are a lot of them in there!,,,사토시,"호오, 가득 들어 있네.",,,哲志,哦，裝了好多呢。, ,,1,5,15,1,0,0,0,0,0,,Translated
549,由香,におい、嗅いでみて？, , ,Yuka,Give it a sniff.,,,유카,"냄새, 맡아봐.",,,由香,聞聞看味道？, ,,1,4,28,1,0,0,0,0,0,,Translated
550,哲志,……うわ、キャラメルの匂いだ。　凄いな。, , ,Satoshi,"Hey, caramel! That smells really good!",,,사토시,"...... 우와, 카라멜 냄새다. 굉장한데.",,,哲志,……哇，是焦糖的味道。好厲害。, ,,1,6,15,1,0,0,0,0,0,,Translated
551,由香,面白いでしょー？, , ,Yuka,Isn't it neat?,,,유카,재밌지~?,,,由香,很有趣吧～？, ,,1,5,28,1,0,0,0,0,0,,Translated
552,哲志,（また近所の文房具屋で買ったんだな……）,, ,Satoshi,(She probably spent her allowance at that stationery,shop in town again...),,사토시,(또 근처 문방구에서 샀겠지......),,,哲志,（又在附近的文具店買的吧……）,, ,1,7,15,1,0,0,0,0,0,,Translated
553,由香,これね、キャラメル味（あじ）は……, , ,Yuka,"See, caramel flavor is special.",,,유카,이 카라멜 맛은 말야......,,,由香,這個啊，焦糖味道的話……, ,,1,6,28,1,0,0,0,0,0,,Translated
554,由香,事故とか、危険から、守ってくれるの。, , ,Yuka,"It protects you from accidents, and shields you",from danger.,,유카,사고나 위험으로부터 몸을 지켜준대.,,,由香,可以保護你遠離事故和危險。, ,,1,7,28,1,0,0,0,0,0,,Translated
555,由香,だから、お兄ちゃんにあげる。, , ,Yuka,That's why I want you to have it!,,,유카,"그러니까, 오빠한테 줄게.",,,由香,所以，送給哥哥。, ,,1,8,28,1,0,0,0,0,0,,Translated
556,哲志,（――味？）,　……気に入ってんだろ？　いいよ、お前持ってな。, ,Satoshi,(...Flavor?),"This place frightening you? Don't worry, I'll be all",right. You should hang onto it yourself.,사토시,(맛?),"...... 네 맘에 든 거잖아?  됐어, 네가 가지고 있어.",,哲志,（――味道？）,　……你不是很喜歡嗎？　不用了，你自己留著吧。,,1,8,15,1,0,0,0,0,0,,Translated
557,由香,うん……でもいいの、持ってて。, , ,Yuka,Ummm...but I really don't mind. You take it!,,,유카,"응...... 그치만 괜찮아, 가지고 있어.",,,由香,嗯……可是沒關係的，你帶著吧。, ,,1,9,28,1,0,0,0,0,0,,Translated
558,哲志,……？, , ,Satoshi,Huh...?,,,사토시,......?,,,哲志,……？, ,,1,9,15,1,0,0,0,0,0,,Translated
559,由香,……嫌だもん。, , ,Yuka,...I just...,,,유카,...... 싫어.,,,由香,……因為討厭嘛。, ,,1,10,28,1,0,0,0,0,0,,Translated
560,由香,お兄ちゃん怪我とかしたら……嫌だもん。, , ,Yuka,I don't want...anything to happen to my big,brother...,,유카,오빠가 다치는 건...... 싫단 말야.,,,由香,哥哥受傷的話……我會討厭的。, ,,1,11,28,1,0,0,0,0,0,,Translated
561,哲志,！　……。, , ,Satoshi,...!,,,사토시,!  ......,,,哲志,！　……。, ,,1,10,15,1,0,0,0,0,0,,Translated
562,由香,……心配だもん……お兄ちゃん、あわてんぼだから, , ,Yuka,You're a scatterbrain. You always get freaked out,so easily...and it really scares me...,,유카,...... 걱정이야...... 오빠는 덜렁이니까,,,由香,……會擔心的嘛……哥哥總是毛毛躁躁的, ,,1,12,28,1,0,0,0,0,0,,Translated
563,哲志,（こいつ……怖くて、足も体も震えている,　じゃないか……）, ,Satoshi,(Her whole body is quaking in fear...),,,사토시,(이 녀석...... 무서워서,온몸을 떨고 있잖아......),,哲志,（這傢伙……害怕得全身都在發抖,　不是嗎……）,,1,11,15,1,0,0,0,0,0,,Translated
564,哲志,（無理、しやがって……）, , ,Satoshi,(She really wants me to take it...),,,사토시,(무리하기는......),,,哲志,（明明在逞強……）, ,,1,12,15,1,0,0,0,0,0,,Translated
565,,受け取る,遠慮する,,,Take it,Decline,,,받는다,사양한다,,,收下,婉拒,,0,255,255,255,255,255,255,255,255,,Translated
566,哲志,わかった、じゃ借りるよ。,……ありがとな。, ,Satoshi,All right. I guess I can borrow it for a little.,...Thanks.,,사토시,"알았어, 그럼 빌릴게.",...... 고맙다.,,哲志,知道了，那就先借著吧。,……謝謝你。,,1,13,15,1,0,0,0,0,0,,Translated
567,由香,！……（ニコーっ）,大事にしてね。, ,Yuka,"Eheh! Take good care of it, okay?",,,유카,! ...... (빙긋),소중히 해야 해.,,由香,！……（笑）,要好好珍惜哦。,,1,13,28,1,0,0,0,0,0,,Translated
568,由香,それね、キャラメル味には、もう一つ、, , ,Yuka,"Caramel flavor will keep you safe, but that's not",all.,,유카,"그리고 말야, 카라멜 맛에는 또 한 가지.",,,由香,那個啊，焦糖味道還有一個, ,,1,14,28,1,0,0,0,0,0,,Translated
569,由香,意味があるんだけど、内緒。, , ,Yuka,Wanna know what else it does? ...It's a secret!,,,유카,"의미가 있는데, 비밀.",,,由香,含義，但這是秘密。, ,,1,15,28,1,0,0,0,0,0,,Translated
570,哲志,？　何だ？　そりゃ。, , ,Satoshi,Huh? What do you mean by that?,,,사토시,?  뭐야?  그건.,,,哲志,？　什麼意思？, ,,1,14,15,1,0,0,0,0,0,,Translated
571,由香,言ったらお兄ちゃん、ペッコリするから言わない。, , ,Yuka,"If I tell you, you'll get all bothered...",so I'm not gonna!,,유카,"말하면 오빠, 실망할 테니까 말 안 할래.",,,由香,說了的話哥哥會失望的，所以不說。, ,,1,16,28,1,0,0,0,0,0,,Translated
572,哲志,俺がヘコむ事？,……慌て者以外にもあるのか？, ,Satoshi,Something that would...bother me?,More than calling me a scatterbrain?,,사토시,내가 실망할 말?,...... 덜렁이 말고?,,哲志,我會失望的事？……除了毛毛躁躁還有別的？, ,,1,15,15,1,0,0,0,0,0,,Translated
573,由香,……えへへ。, , ,Yuka,Eheheh...,,,유카,...... 에헤헤.,,,由香,……欸嘿嘿。, ,,1,17,28,1,0,0,0,0,0,,Translated
574,,　由香のお守り　を貰いました。, , ,,Received [Scented Beads].,,,,유카의 부적을 받았습니다.,,,,收到了【由香的護身符】。, ,,0,0,0,1,0,0,0,0,0,,Translated
575,哲志,由香、ありがとな。でも、これはお前持ってな。, , ,Satoshi,"I really appreciate the offer, Yuka, but I'd much",rather you keep it.,,사토시,"유카, 고마워. 하지만 이건 네가 가지고 있어.",,,哲志,由香，謝謝你。不過這個你還是自己留著吧。, ,,1,16,15,1,0,0,0,0,0,,Translated
576,哲志,俺も、お前が心配なんだ。,怪我しないように。な？, ,Satoshi,"You're not the only one who's worried here, after","all. I wouldn't want anything to happen to you,",either...you know?,사토시,"나도, 네가 걱정되거든.",다치지 않도록. 알았지?,,哲志,我也會擔心你啊。,別受傷了。好嗎？,,1,17,15,1,0,0,0,0,0,,Translated
577,由香,……ん。わかった……, , ,Yuka,...Okey-doke.,,,유카,...... 응. 알았어......,,,由香,……嗯。知道了……, ,,1,18,28,1,0,0,0,0,0,,Translated
578,哲志,うっ……　こ、子供の……幽霊？, , ,Satoshi,Glk!,...A-A child...spirit...?,,사토시,"윽...... 어, 어린아이...... 유령?",,,哲志,呃……　小、小孩的……幽靈？, ,,1,245,14,1,0,0,0,0,0,,Translated
579,哲志,真っ紅なワンピース……,古い時代の服だな……ううっ, ,Satoshi,That red dress...looked pretty old-fashioned...,*shudder*,,사토시,새빨간 원피스......,오래전 옷인데...... 으으,,哲志,鮮紅的連衣裙……,是舊時代的衣服啊……嗚, ,1,246,14,1,0,0,0,0,0,,Translated
580,由香,おにいちゃん……, （ブルブル）, ,Yuka,Big...brother... *shiver*,,,유카,오빠......,(덜덜),,由香,哥哥……, （發抖）,,1,249,27,1,0,0,0,0,0,,Translated
581,哲志,だ、大丈夫だ。もういなくなったぞ。, , ,Satoshi,I-It's okay. She's gone now...,,,사토시,"괘, 괜찮아. 이젠 없어.",,,哲志,沒、沒事的。已經不見了。, ,,1,247,14,1,0,0,0,0,0,,Translated
582,哲志,大丈夫だ、大丈夫だぞ……うん……,（ブルブル）, ,Satoshi,We'll be...fine...,*shudder*,,사토시,"괜찮아, 괜찮아...... 응......",(덜덜),,哲志,沒事的、沒事的……嗯……,（發抖）,,1,248,14,1,0,0,0,0,0,,Translated
583,,　張り紙にうっすらと,　文字が浮かんでいます, ,,Words seem to be faintly hovering over the flyer,on the wall.,,,벽보에 어렴풋이,글자가 나와 있습니다,,,海報上隱約浮現出文字, ,,0,0,0,1,0,0,0,0,0,,Translated
584,,　じわじわと濃くなっているようですが、,　まだ読み取る事が出来ません……, ,,"Unfortunately, they keep lightening and darkening,","moving and fluctuating, making it impossible to",infer whatever message they're meant to convey.,,서서히 진해지고 있지만,아직 알아볼 수는 없습니다......,,,似乎在逐漸變濃，,但還無法辨識……, ,0,0,0,1,0,0,0,0,0,,Translated
585,,　子供たちと目を合わせては,　いけない……, ,,Do not make eye contact with the children.,,,,어린아이들과 눈을 맞춰서는,안 돼......,,,不能和那些孩子對上視線……, ,,0,0,0,1,0,0,0,0,0,,Translated
586,,　彼等の怨念はこの旧校舎を縛り付けている、,　恐るべき 呪(のろ)いの一部だ, ,,Their grudges serve as the ties that hold this,"school building together, and largely account for",the dreadful curse placed upon it.,,그들의 원념은 이 구 교사를 얽매고 있는,무서운 저주의 일부야,,,他們的怨念束縛著這棟舊校舍，,是可怕詛咒的一部分, ,0,0,0,1,0,0,0,0,0,,Translated
587,,　常人の精神など簡単に侵食されて、,　ぼろぼろに喰い潰されてしまう……, ,,"When staring such power in the face, your mind will","surely wither, and your soul will no doubt be eaten.",,,보통 사람의 정신은 간단하게 침식당해서,너덜너덜해지지......,,,普通人的精神很容易被侵蝕，,被啃噬得破破爛爛……, ,0,0,0,1,0,0,0,0,0,,Translated
588,哲志,……子供に　……く、喰われる？, , ,Satoshi,"Our souls, eaten...by children?",,,사토시,"...... 어린아이에게  ...... 머, 먹힌다고?",,,哲志,……被孩子……　吃、吃掉？, ,,1,144,15,1,0,0,0,0,0,,Translated
589,,　子供たちと目を合わせては,　いけない……, ,,Do not make eye contact with the children.,,,,어린아이들과 눈을 맞춰서는,안 돼......,,,不能和那些孩子對上視線……, ,,0,0,0,1,0,0,0,0,0,,Translated
590,,　彼等の怨念はこの旧校舎を縛り付けている、,　恐るべき 呪(のろ)いの一部だ, ,,Their grudges serve as the ties that hold this,"school building together, and largely account for",the dreadful curse placed upon it.,,그들의 원념은 이 구 교사를 얽매고 있는,무서운 저주의 일부야,,,他們的怨念束縛著這棟舊校舍，,是可怕詛咒的一部分, ,0,0,0,1,0,0,0,0,0,,Translated
591,,　常人の精神など簡単に侵食されて、,　ぼろぼろに喰い潰されてしまう……, ,,"When staring such power in the face, your mind will","surely wither, and your soul will no doubt be eaten.",,,보통 사람의 정신은 간단하게 침식당해서,너덜너덜해지지......,,,普通人的精神很容易被侵蝕，,被啃噬得破破爛爛……, ,0,0,0,1,0,0,0,0,0,,Translated
592,,　子供たちと目を合わせては,　いけない……, ,,Do not make eye contact with the children.,,,,어린아이들과 눈을 맞춰서는,안 돼......,,,不能和那些孩子對上視線……, ,,0,0,0,1,0,0,0,0,0,,Translated
593,,　彼等の怨念はこの旧校舎を縛り付けている、,　恐るべき 呪(のろ)いの一部だ, ,,Their grudges serve as the ties that hold this,"school building together, and largely account for",the dreadful curse placed upon it.,,그들의 원념은 이 구 교사를 얽매고 있는,무서운 저주의 일부야,,,他們的怨念束縛著這棟舊校舍，,是可怕詛咒的一部分, ,0,0,0,1,0,0,0,0,0,,Translated
594,,　常人の精神など簡単に侵食されて、,　ぼろぼろに喰い潰されてしまう……, ,,"When staring such power in the face, your mind will","surely wither, and your soul will no doubt be eaten.",,,보통 사람의 정신은 간단하게 침식당해서,너덜너덜해지지......,,,普通人的精神很容易被侵蝕，,被啃噬得破破爛爛……, ,0,0,0,1,0,0,0,0,0,,Translated
595,森繁,……………, , ,Morishige,...,,,모리시게,............,,,森繁,……………, ,,1,0,0,1,0,0,0,0,0,,Translated
596,哲志,！　……森繁（もりしげ）！　　　　, , ,Satoshi,Ah! Morishige!,,,사토시,!  ...... 모리시게!,,,哲志,！　……森繁！　　　　, ,,1,0,0,1,0,0,0,6,0,,Translated
597,哲志,お前、無事だったのか！, , ,Satoshi,You're okay!,,,사토시,"너, 무사했구나!",,,哲志,你沒事啊！, ,,1,0,0,1,0,0,0,0,0,,Translated
598,森繁,（ビクッ）,　も 持田！　お前も、無事だったのか。, ,Morishige,*gasp* M-Mochida!,You as well!,,모리시게,(깜짝),"모, 모치다!  너도 무사했냐.",,森繁,（嚇一跳）,　持 持田！　你也沒事啊。, ,1,121,8,1,0,0,0,0,0,,Translated
599,森繁,……安心したよ、クラスの奴がいて。, , ,Morishige,I'm so relieved to see someone else from class...,,,모리시게,"...... 안심했어, 같은 반 녀석이 있어서.",,,森繁,……放心了，有同班同學在。, ,,1,122,8,1,0,0,0,0,0,,Translated
600,哲志,ああ……, , ,Satoshi,Yeah...,,,사토시,그래......,,,哲志,嗯……, ,,1,123,15,1,0,0,0,0,0,,Translated
601,哲志,……？, , ,Satoshi,...?,,,사토시,......?,,,哲志,……？, ,,1,124,15,1,0,0,0,0,0,,Translated
602,哲志・由香,うわあッ！！,　きゃぁっ！！, ,Satoshi & Yuka,Gwah!,KYAA!,,사토시·유카,우와악!!,꺄악!!,,哲志・由香,哇啊！！,　呀！！,,1,125,15,1,0,0,0,0,0,,Translated
603,由香,（ブルブルブル）, , ,Yuka,*shiver*,,,유카,(덜덜덜),,,由香,（發抖發抖發抖）, ,,1,87,28,1,0,0,0,0,0,,Translated
604,哲志,……っ、何なんだ……これ……,まさか……人の……, ,Satoshi,Wh-What... What is this?!,Is it... Was it...a person...?,,사토시,"...... 윽, 뭐야...... 이건......",설마...... 사람의......,,哲志,……這是什麼……,難道……人的……,,1,126,15,1,0,0,0,0,0,,Translated
605,森繁,見ていられないよね……,多分、それ人の粉砕死体。, ,Morishige,"It's an awful sight, isn't it?",Seems like pulverized human remains to me.,,모리시게,못 봐주겠군......,이건 아마 사람이 분쇄된 사체.,,森繁,真是不忍直視啊……,大概是人的粉碎屍體。, ,1,123,8,1,0,0,0,0,0,,Translated
606,森繁,胸部の肉が見えたから、多分、女性。, , ,Morishige,"There's a bit of breast meat mixed in, so I'm",guessing female.,,모리시게,"가슴 부분이 보였으니, 아마, 여성.",,,森繁,看到了胸部的肉，所以大概是女性。, ,,1,124,8,1,0,0,0,0,0,,Translated
607,森繁,嫌な物を見た……吐き気がするよ。, , ,Morishige,Never thought I'd see something so horrific.,Makes me want to throw up.,,모리시게,안 좋은 걸 봤어...... 토할 것 같아.,,,森繁,看到了不該看的東西……好想吐。, ,,1,125,8,1,0,0,0,0,0,,Translated
608,哲志,……あ、ああ……, , ,Satoshi,Y-Yeah...,,,사토시,"...... 어, 응......",,,哲志,……嗯、嗯……, ,,1,127,15,1,0,0,0,0,0,,Translated
609,哲志,とにかく、無事でよかった……,他の奴らには あったか？, ,Satoshi,"At any rate, I'm glad you're all right.",Have you found anyone else?,,사토시,어쨌든 무사해서 다행이다......,다른 녀석들은 봤어?,,哲志,總之你沒事就好……,見到其他人了嗎？,,1,128,15,1,0,0,0,0,0,,Translated
610,森繁,いや……さっき気絶から覚めたばかりで,……誰とも。, ,Morishige,I'm afraid I haven't. I only just awoke in here a,"short while ago, and haven't encountered a single",other soul.,모리시게,아니...... 기절해 있다가 좀 전에 눈을 떠서,...... 아무도.,,森繁,沒有……剛醒來不久，,……誰都沒見到。, ,1,126,8,1,0,0,0,0,0,,Translated
611,哲志,そうか……こっちも妹の由香以外、,誰も見ていない……, ,Satoshi,"Same story as us, then. My sister and I haven't",come across anyone else yet.,,사토시,그래...... 나도 동생 유카 이외에는,아무도 못 봤어......,,哲志,是嗎……我這邊除了妹妹由香以外，,也誰都沒看到……, ,1,129,15,1,0,0,0,0,0,,Translated
612,森繁,じゃぁ、繭にも会っていない？, , ,Morishige,"So...you haven't seen Mayu, then?",,,모리시게,"그럼, 마유도 못 봤어?",,,森繁,那……也沒見到繭嗎？, ,,1,127,8,1,0,0,0,0,0,,Translated
613,哲志,ああ。, , ,Satoshi,"No, sorry.",,,사토시,어.,,,哲志,嗯。, ,,1,130,15,1,0,0,0,0,0,,Translated
614,森繁,……あいつ、きっと何処かで,震えて……泣いてる……, ,Morishige,That poor girl. I'm sure she's in here somewhere...,shivering...and crying...,,모리시게,"그 녀석, 분명 어딘가에서",벌벌 떨면서...... 울고 있겠지......,,森繁,……那傢伙一定在某處,發抖……哭泣……, ,1,128,8,1,0,0,0,0,0,,Translated
615,森繁,……俺が傍にいてやらなきゃいけないんだ。, , ,Morishige,I need to find her. I need to be with her.,,,모리시게,...... 내가 곁에 있어 줘야 해.,,,森繁,……我得待在她身邊才行。, ,,1,129,8,1,0,0,0,0,0,,Translated
616,哲志,……確かに、鈴本はきっと、,お前に会いたいだろうな。, ,Satoshi,I'm certain Suzumoto must be thinking the same thing,about you.,,사토시,...... 스즈모토라면 분명,널 만나고 싶겠지.,,哲志,……是啊，鈴本一定,很想見到你吧。, ,1,131,15,1,0,0,0,0,0,,Translated
617,哲志,……どうする、一緒に捜すか？, , ,Satoshi,How about we look for her together?,,,사토시,"...... 어쩔래, 같이 찾을래?",,,哲志,……怎麼樣，要一起找嗎？, ,,1,132,15,1,0,0,0,0,0,,Translated
618,森繁,いや……別行動の方が、他の奴との,遭遇率も上がるし, ,Morishige,"No...if we're split up, that raises the odds of",stumbling upon someone else.,,모리시게,아니...... 따로 행동하면,다른 녀석들과 만날 확률이 늘어날 테니까,,森繁,不……分開行動的話，,遇到其他人的機率也更高，, ,1,130,8,1,0,0,0,0,0,,Translated
619,森繁,……もう少し、捜してみるよ。, , ,Morishige,So I'm going to continue the search by myself.,,,모리시게,...... 좀 더 찾아볼게.,,,森繁,……我再找找看。, ,,1,131,8,1,0,0,0,0,0,,Translated
620,哲志,……わかった。じゃぁ後で、,『１のＡの教室』で落ち合おう。, ,Satoshi,All right. Then how about we designate classroom 1-A,as an official rendezvous point?,,사토시,...... 알았어. 그럼 나중에,『1-A 교실』에서 보자.,,哲志,……知道了。那之後，,在『１年Ａ班教室』會合吧。, ,1,133,15,1,0,0,0,0,0,,Translated
621,哲志,……誰かに会ったら、そこに集合するように,伝えてくれ。, ,Satoshi,"If you find any of the others, tell them we'll all",be gathering together there.,,사토시,...... 누군가를 보게 되면 거기로 집합하라고,전해 줘.,,哲志,……如果見到其他人，,告訴他們到那裡集合。, ,1,134,15,1,0,0,0,0,0,,Translated
622,哲志,俺達もそうする。　……気をつけろよ。, , ,Satoshi,And we'll do the same. Sound good?,,,사토시,우리도 그럴게.  ...... 몸 조심해라.,,,哲志,我們也會這樣做。　……小心點。, ,,1,135,15,1,0,0,0,0,0,,Translated
623,森繁,わかったー……, , ,Morishige,Sounds like a plan.,,,모리시게,알았어......,,,森繁,知道了……, ,,1,132,8,1,0,0,0,0,0,,Translated
624,由香,お兄ちゃん、何あれ……お腹の中身？, , ,Yuka,Big...brother...,What...is that...?,...Is it...throw-up...?,유카,"오빠, 뭐야 저건...... 뱃속의 내장?",,,由香,哥哥，那是什麼……肚子裡的內臟？, ,,1,88,28,1,0,0,0,0,0,,Translated
625,哲志,だ、大丈夫だ……見ないようにしよう。,……さ、行こう。, ,Satoshi,I-It's nothing...,"Don't look at it, okay?","Come on, let's get out of here.",사토시,"괘, 괜찮아...... 못 본 걸로 하자.","...... 자, 가자.",,哲志,沒、沒事的……別去看它。,……來，走吧。, ,1,136,15,1,0,0,0,0,0,,Translated
626,由香,あの人……さっき、写……, , ,Yuka,That boy...,He was...taking...,,유카,"저 사람...... 좀 전에, 사......",,,由香,那個人……剛才，在拍……, ,,1,89,28,1,0,0,0,0,0,,Translated
627,哲志,……行こう。気のせいさ……, , ,Satoshi,I'm sure it wasn't what it looked like.,"Come on, let's go, okay?",,사토시,...... 가자. 기분 탓이야......,,,哲志,……走吧。是錯覺……, ,,1,137,15,1,0,0,0,0,0,,Translated
628,由香,うん……, , ,Yuka,O-Okay...,,,유카,응......,,,由香,嗯……, ,,1,90,28,1,0,0,0,0,0,,Translated
629,哲志,ッ！？, , ,Satoshi,...?!,,,사토시,윽!?,,,哲志,！？, ,,1,138,15,1,0,0,0,0,0,,Translated
630,,　ボロの板切れ　を使って橋にしますか？, , ,,Place the [Loose Board]?,,,,낡은 널빤지를 사용하여 다리로 삼겠습니까?,,,,要用【破爛的木板】搭成橋嗎？, ,,0,0,0,1,0,0,0,0,0,,Translated
631,,はい,いいえ,,,Yes,No,,,네,아니오,,,是,否,,0,255,255,255,255,255,255,255,255,,Translated
632,,　何か橋になるようなものでもあれば……, , ,,The gap is relatively narrow here. It seems,"crossable, but it's a little too wide to risk",jumping.,,뭔가 다리가 될 만한 게 있다면......,,,,要是有什麼可以當橋的東西就好了……, ,,0,0,0,1,0,0,0,0,0,,Translated
633,,　壁に、得体の知れない黒い染みがついています……, , ,,"There's a large, black stain on the wall. It looks","almost organic, but it's not actually wet, and",there's no indication as to how it got there.,,벽에 정체 모를 검은 자국이 있습니다......,,,,牆上有來路不明的黑色污漬……, ,,0,0,0,1,0,0,0,0,0,,Translated
634,,　廊下中に、強烈に生臭い臭気を放っています……, , ,,The smell of raw human flesh is wafting through the,hall. It's extraordinarily strong.,,,복도 전체에 강렬한 비린내를 내뿜고 있습니다......,,,,走廊裡散發著強烈的腥臭味……, ,,0,0,0,1,0,0,0,0,0,,Translated
635,哲志,ん？, , ,Satoshi,Huh...?,,,사토시,응?,,,哲志,嗯？, ,,1,121,15,1,0,0,0,0,0,,Translated
636,由香,写メのおと……？, , ,Yuka,...Sounds like...a camera?,,,유카,사진을 찍는 소리......?,,,由香,拍照的聲音……？, ,,1,86,28,1,0,0,0,0,0,,Translated
637,,　鉄の棒のような物が落ちています。,　……取りますか？, ,,There's a metal tool of some sort lying on the,ground here. Pick it up?,,,철봉 같은 것이 떨어져 있습니다.,...... 가져가겠습니까?,,,有一根鐵棒般的東西掉在地上。,　……要拿走嗎？,,0,0,0,1,0,0,0,0,0,,Translated
638,,はい,いいえ,,,Yes,No,,,네,아니오,,,是,否,,0,255,255,255,255,255,255,255,255,,Translated
639,,　鉄の釘抜き　を取りました。, , ,,Acquired [Nail Puller].,,,,철제 못뽑이를 얻었습니다.,,,,拿到了【鐵製拔釘器】。, ,,0,0,0,1,0,0,0,0,0,,Translated
640,,【理科室】,　扉はガチリと空間に固定され、,　開ける事が出来ません。,,[Science Lab],The door seems affixed to the wall like a model.,It can't be opened.,,【과학실】,문은 공간에 딱 고정되어,열 수 없습니다.,,【理科室】,　門固定在空間裡，,　無法打開。,0,0,0,1,0,0,0,0,0,,Translated
641,,【保健室】,　扉には鍵がかかっています。, ,,[Infirmary],The door is locked.,,,【보건실】,문이 잠겨 있습니다.,,,【保健室】,　門鎖著。, ,0,0,0,1,0,0,0,0,0,,Translated
642,,　用途不明の鍵で　扉が開きました。, , ,,Used the [Unknown Key] to open the door.,,,,용도를 알 수 없는 열쇠로 문을 열었습니다.,,,,用用途不明的鑰匙打開了門。, ,,0,0,0,1,0,0,0,0,0,,Translated
643,,壁に、得体の知れない黒い染みがついています……, , ,,"There's a large, black stain on the wall. It looks","almost organic, but it's not actually wet, and",there's no indication as to how it got there.,,벽에 정체 모를 검은 자국이 있습니다......,,,,牆上有來路不明的黑色污漬……, ,,0,0,0,1,0,0,0,0,0,,Translated
644,,【男子生徒用 厠】,　釘で板が打ち付けてあり、入る事が出来ません。, ,,[Boys],The door is boarded up with tightly-hammered nails.,It won't open.,,【남학생용 화장실】,널빤지에 못을 박아서 들어갈 수 없습니다.,,,【男學生用　廁所】,　用釘子釘上了木板，無法進入。, ,0,0,0,1,0,0,0,0,0,,Translated
645,哲志,さっきの『釘抜き』で、板を剥がせそうだが……, , ,Satoshi,We did find a nail puller earlier. I could probably,pry those boards off with a little effort...,,사토시,좀 전에 주웠던 『못뽑이』로 떼어 낼 수 있겠는데......,,,哲志,用剛才的『拔釘器』似乎能撬開木板……, ,,1,64,15,1,0,0,0,0,0,,Translated
646,哲志,今はいいか。, , ,Satoshi,"Guess I don't need to worry about that right now,",though.,,사토시,지금은 됐다.,,,哲志,現在先算了吧。, ,,1,65,15,1,0,0,0,0,0,,Translated
647,,【男子生徒用 厠】,　釘で板が打ち付けてあり、入る事が出来ません。, ,,[Boys],The door is boarded up with tightly-hammered nails.,It won't open.,,【남학생용 화장실】,널빤지에 못을 박아서 들어갈 수 없습니다.,,,【男學生用　廁所】,　用釘子釘上了木板，無法進入。, ,0,0,0,1,0,0,0,0,0,,Translated
648,,　鉄の釘抜きで、板を取り除きますか？, , ,,Use the [Nail Puller] to remove the boards?,,,,철제 못뽑이로 널빤지를 떼어 내겠습니까?,,,,要用【鐵製拔釘器】拆掉木板嗎？, ,,0,0,0,1,0,0,0,0,0,,Translated
649,,はい,いいえ,,,Yes,No,,,네,아니오,,,是,否,,0,255,255,255,255,255,255,255,255,,Translated
650,哲志,よし由香、もう我慢しなくてすむぞ。, , ,Satoshi,"All right, Yuka, it's all yours. No need for you to",hold it in any longer.,,사토시,"좋아 유카, 이제 참지 않아도 돼.",,,哲志,好由香，不用再忍了。, ,,1,115,15,1,0,0,0,0,0,,Translated
651,由香,うん……たすかったぁ。, , ,Yuka,Good... That's a relief...,,,유카,응...... 살았다아.,,,由香,嗯……得救了。, ,,1,82,28,1,0,0,0,0,0,,Translated
652,,　鉄の釘抜き　が折れてしまいました。, , ,,"The old, rusted nail puller snapped under the",strain. It's no longer usable.,,,못뽑이가 부러졌습니다.,,,,【鐵製拔釘器】斷掉了。, ,,0,0,0,1,0,0,0,0,0,,Translated
653,,【厠】,　手前：男子学生用,　奥：女子学生用,,[Lavatories],BOYS ROOM to the left.,GIRLS ROOM at the end of the hall.,,【화장실】,앞 : 남학생용 화장실,안쪽 : 여학생용 화장실,,【廁所】,　前面：男學生用,　裡面：女學生用,0,0,0,1,0,0,0,0,0,,Translated
654,哲志,由香放っといたら可哀想だな……, , ,Satoshi,I can't just leave Yuka behind...,,,사토시,유카를 혼자 두면 불쌍한데......,,,哲志,把由香丟下太可憐了……, ,,1,68,15,1,0,0,0,0,0,,Translated
655,哲志,由香放っといたら可哀想だな……, , ,Satoshi,I can't just leave Yuka behind...,,,사토시,유카를 혼자 두면 불쌍한데......,돌아갈까.,,哲志,把由香丟下太可憐了……,回去吧。,,1,68,15,1,0,0,0,0,0,,Translated
656,由香,うう……, , ,Yuka,Rnng...,,,유카,으으......,,,由香,嗚嗚……, ,,1,54,28,1,0,0,0,0,0,,Translated
657,由香,うう……, , ,Yuka,Rnng...,,,유카,으으......,,,由香,嗚嗚……, ,,1,54,28,1,0,0,0,0,0,,Translated
658,哲志,あれじゃ無理だな……別のトイレを探そう。,　, ,Satoshi,You weren't kidding. You really couldn't go!,"Let's try to find another bathroom, okay?",,사토시,이거 안 되겠는걸...... 다른 화장실을 찾아보자.,,,哲志,這樣不行啊……找別間廁所吧。,　,,1,70,15,1,0,0,0,0,0,,Translated
659,哲志,我慢できるか？, , ,Satoshi,Can you hold it?,,,사토시,참을 수 있겠어?,,,哲志,還能忍嗎？, ,,1,71,15,1,0,0,0,0,0,,Translated
660,由香,（コクリ）, , ,Yuka,Nng...,,,유카,(끄덕),,,由香,（點頭）, ,,1,55,28,1,0,0,0,0,0,,Translated
661,哲志,男子トイレが何とか使えたらいいんだがな……, , ,Satoshi,"Be nice if the boys' room were an option,",at least...,,사토시,남자 화장실을 쓸 수 있으면 좋을 텐데......,,,哲志,要是男廁能用的話就好了……, ,,1,72,15,1,0,0,0,0,0,,Translated
662,由香,お兄ちゃん。, , ,Yuka,Big brother?,,,유카,오빠.,,,由香,哥哥。, ,,1,48,28,1,0,0,0,0,0,,Translated
663,哲志,ん、どうした？, , ,Satoshi,Hmm? What's up?,,,사토시,"응, 왜 그래?",,,哲志,嗯，怎麼了？, ,,1,58,15,1,0,0,0,0,0,,Translated
664,由香,由香、おトイレ行きたい。, , ,Yuka,I have to go potty.,,,유카,"유카, 화장실 가고 싶어.",,,由香,由香，想去廁所。, ,,1,49,28,1,0,0,0,0,0,,Translated
665,哲志,ん……そうか。そこに厠って書いてあるから、,行って来いよ。, ,Satoshi,"O-Oh. Well, the sign says these are the lavatories,",so go ahead. I'll wait for you here.,,사토시,음...... 그래. 저기 화장실이라고 적혀 있으니까,갔다 와.,,哲志,嗯……是嗎。那裡寫著廁所，,你去吧。, ,1,59,15,1,0,0,0,0,0,,Translated
666,由香,ん。（コクリ）, , ,Yuka,Okay.,,,유카,응.  (끄덕),,,由香,嗯。（點頭）, ,,1,50,28,1,0,0,0,0,0,,Translated
667,哲志,由香……　ちなみに、どっちだ？, , ,Satoshi,Yuka...,"Sorry to ask, but which one is it?",,사토시,"유카...... 그런데, 어느 거야?",,,哲志,由香……　順便問一下，是哪邊？, ,,1,60,15,1,0,0,0,0,0,,Translated
668,由香,おしっこ……, , ,Yuka,Pee-pee.,,,유카,오줌......,,,由香,小便……, ,,1,51,28,1,0,0,0,0,0,,Translated
669,哲志,何かあったら、呼べよ？, , ,Satoshi,"Gotcha. If anything happens, just yell real loud,",okay?,,사토시,무슨 일 생기면 불러야 한다?,,,哲志,有什麼事就叫我，好嗎？, ,,1,61,15,1,0,0,0,0,0,,Translated
670,由香,ん。（コクリ）, , ,Yuka,Okay.,,,유카,응.  (끄덕),,,由香,嗯。（點頭）, ,,1,52,28,1,0,0,0,0,0,,Translated
671,哲志,（……何があるか判らないから、,　待ち時間は聞いとかないとな……）, ,Satoshi,"(I hate asking such a personal question, but this",place is full of surprises. I need to know how long,to wait before getting worried...),사토시,(...... 무슨 일이 생길지 모르니까,얼마나 걸릴지 물어봐야지......),,哲志,（……不知道會發生什麼，,　所以得問清楚要等多久才行……）,,1,62,15,1,0,0,0,0,0,,Translated
672,,【男子生徒用 厠】,釘で板が打ち付けてあり、入る事が出来ません。, ,,[Boys],The door is boarded up with tightly-hammered nails.,It won't open.,,【남학생용 화장실】,널빤지에 못을 박아서 들어갈 수 없습니다.,,,【男學生用　廁所】,用釘子釘上了木板，無法進入。, ,0,0,0,1,0,0,0,0,0,,Translated
673,哲志,さっきの『釘抜き』で板を剥がせそうだが……, , ,Satoshi,We did find a nail puller earlier. I could probably,pry those boards off with a little effort...,,사토시,좀 전에 주웠던 『못뽑이』로 떼어 낼 수 있겠는데......,,,哲志,用剛才的『拔釘器』似乎能撬開木板……, ,,1,64,15,1,0,0,0,0,0,,Translated
674,哲志,今はいいか。, , ,Satoshi,"Guess I don't need to worry about that right now,",though.,,사토시,지금은 됐다.,,,哲志,現在先算了吧。, ,,1,65,15,1,0,0,0,0,0,,Translated
675,哲志,お……もう平気か？, , ,Satoshi,Hey. Done already?,,,사토시,오...... 이젠 괜찮아?,,,哲志,喔……已經沒事了嗎？, ,,1,66,15,1,0,0,0,0,0,,Translated
676,由香,お兄ちゃん……駄目だった。, , ,Yuka,Big brother... I couldn't go.,,,유카,오빠...... 못 쌌어.,,,由香,哥哥……不行。, ,,1,53,28,1,0,0,0,0,0,,Translated
677,哲志,ん？, , ,Satoshi,Huh?,,,사토시,응?,,,哲志,嗯？, ,,1,67,15,1,0,0,0,0,0,,Translated
678,,光る物が落ちています。……取りますか？, , ,,There's something sparkling on the ground.,Pick it up?,,,빛나는 물체가 떨어져 있습니다...... 줍겠습니까?,,,,有發光的東西掉在地上。……要撿嗎？, ,,0,0,0,1,0,0,0,0,0,,Translated
679,,はい,いいえ,,,Yes,No,,,네,아니오,,,是,否,,0,255,255,255,255,255,255,255,255,,Translated
680,,用途不明の鍵　を取りました。, , ,,Acquired [Unknown Key].,,,,용도를 알 수 없는 열쇠를 손에 넣었습니다.,,,,拿到了【用途不明的鑰匙】。, ,,0,0,0,1,0,0,0,0,0,,Translated
681,哲志,由香放っといたら可哀想だな……戻るか。, , ,Satoshi,I really shouldn't leave Yuka all by herself like,that...,,사토시,유카를 혼자 두면 불쌍한데...... 돌아갈까.,,,哲志,把由香丟下太可憐了……回去吧。, ,,1,63,15,1,0,0,0,0,0,,Translated
682,哲志,由香放っといたら可哀想だな……戻るか。, , ,Satoshi,I really shouldn't leave Yuka all by herself like,that...,,사토시,유카를 혼자 두면 불쌍한데...... 돌아갈까.,,,哲志,把由香丟下太可憐了……回去吧。, ,,1,63,15,1,0,0,0,0,0,,Translated
683,哲志,由香放っといたら可哀想だな……戻るか。, , ,Satoshi,I really shouldn't leave Yuka all by herself like,that...,,사토시,유카를 혼자 두면 불쌍한데...... 돌아갈까.,,,哲志,把由香丟下太可憐了……回去吧。, ,,1,63,15,1,0,0,0,0,0,,Translated
684,哲志,由香放っといたら可哀想だな……戻るか。, , ,Satoshi,I really shouldn't leave Yuka all by herself like,that...,,사토시,유카를 혼자 두면 불쌍한데...... 돌아갈까.,,,哲志,把由香丟下太可憐了……回去吧。, ,,1,63,15,1,0,0,0,0,0,,Translated
685,,　無残な白骨死体が横たわっています……,　ぼろぼろになった制服に、,　名札がくっついています。,,The skeletal remains of a female student are,sprawled across the floor. Pinned to what's left,of her school uniform is a student ID name tag.,,끔찍한 백골 사체가 누워 있습니다......,너덜너덜해진 교복에,명찰이 달려 있습니다.,,有一具慘不忍睹的白骨遺體躺在地上……,　破爛的制服上，,　掛著名牌。,0,0,0,1,0,0,0,0,0,,Translated
686,,床に穴が空いていて、通れません……, , ,,"There's a large gap in the floor here, too wide to",jump or cross through any normal means.,,,바닥에 구멍이 뚫려 있어서 지나갈 수 없습니다......,,,,地板上有個洞，無法通行……, ,,0,0,0,1,0,0,0,0,0,,Translated
687,,今の地震で、裂けていた床の穴が閉じています。, , ,,That last earthquake somehow filled the gap in the,floor. It seems sturdy enough to cross now.,,,방금 일어난 지진으로 꺼졌던 바닥의 구멍이 메워졌습니다.,,,,剛才的地震使地板的裂縫合上了。, ,,0,0,0,1,0,0,0,0,0,,Translated
688,由香,きゃーっ！, , ,Yuka,Eeek!,,,유카,꺄악~!,,,由香,呀～！, ,,1,39,28,1,0,0,0,0,0,,Translated
689,哲志,くっ、地震か……！　……由香、掴まってろ！, , ,Satoshi,"Damn, another earthquake...","Yuka, grab my hand!",,사토시,"큭, 지진인가......!  ...... 유카, 꽉 붙잡아!",,,哲志,可惡，地震嗎……！　……由香，抓緊！, ,,1,44,15,1,0,0,0,0,0,,Translated
690,由香,ううぅぅ……, , ,Yuka,*weep*,,,유카,으으으으......,,,由香,嗚嗚……, ,,1,40,28,1,0,0,0,0,0,,Translated
691,哲志,……おさまったか……, , ,Satoshi,...It's over...,,,사토시,...... 멎었나......,,,哲志,……停了嗎……, ,,1,45,15,1,0,0,0,0,0,,Translated
692,哲志,！, , ,Satoshi,...!,,,사토시,!,,,哲志,！, ,,1,46,15,1,0,0,0,0,0,,Translated
693,哲志,由香放っといたら可哀想だな……戻るか。, , ,Satoshi,I really shouldn't leave Yuka all by herself like,that...,,사토시,유카를 혼자 두면 불쌍한데...... 돌아갈까.,,,哲志,把由香丟下太可憐了……回去吧。, ,,1,63,15,1,0,0,0,0,0,,Translated
694,哲志,由香放っといたら可哀想だな……戻るか。, , ,Satoshi,I really shouldn't leave Yuka all by herself like,that...,,사토시,유카를 혼자 두면 불쌍한데...... 돌아갈까.,,,哲志,把由香丟下太可憐了……回去吧。, ,,1,63,15,1,0,0,0,0,0,,Translated
695,,【犠牲者の手記】（２／５）, , ,,[Victim's Memoirs],(2／5),,,【희생자의 수기】 (2/5),,,,【犧牲者的手記】（２／５）, ,,0,0,0,1,0,0,0,0,0,,Translated
696,,　……寒い……　あたしの体から,　体温がどんどん染み出していっている,　のがわかる,,I'm so cold... I feel like the heat is just oozing,"out of my body, bit by bit...",,,...... 춥다......  내 몸에서,체온이 계속 스며 나가고,있는 게 느껴진다,,　……好冷……　感覺得到,　體溫正從我的身體,　一點一滴地滲出,0,0,0,1,0,0,0,0,0,,Translated
697,,　……さっきから鳴り止まない,　この嫌な音は何だろう, ,,And then there's that sound that just won't stop...,What is it?!,,,...... 좀 전부터 멈추지 않는,이 기분 나쁜 소리는 뭘까,,,　……剛才一直響個不停的,　這討厭的聲音是什麼,,0,0,0,1,0,0,0,0,0,,Translated
698,,　耳が痛い。思考が定まらない。,　脳のまわりに薄い膜が張っている感覚――, ,,My ears hurt. I can't focus on anything. I feel like,there's a thin film surrounding my entire brain.,,,귀가 아프다. 사고가 정리되지 않는다.,뇌 주위에 얇은 막이 쳐진 감각,,,　耳朵好痛。思緒無法集中。,　感覺大腦周圍有一層薄膜――,,0,0,0,1,0,0,0,0,0,,Translated
699,,　……そういえばさっき死体の傍に,　ダイイングメッセージをみつけた, ,,I found a dying message next to one of the corpses,earlier...,,,...... 그러고 보니 좀 전에 봤던 사체 옆에,다잉 메시지가 있었다,,,　……對了，剛才在屍體旁邊,　發現了臨終遺言,,0,0,0,1,0,0,0,0,0,,Translated
700,,　この校舎のどこかに、,　長さの変わる廊下があるらしい……,　何処のこと？,,It said there's a hallway somewhere in here that,"changes its size, appearing longer or shorter",pretty much on a whim. I wonder where it is?,,이 교사 어딘가에,길이가 달라지는 복도가 있는 것 같다......,어딜 말하는 거지?,,　這校舍的某處，,　有一條長度會變化的走廊……,　是指哪裡？,0,0,0,1,0,0,0,0,0,,Translated
701,,　それよりもう、人の死体を見ても,　何も思わない自分の感覚が嫌, ,,I hate that I don't feel anything when I see a,human body anymore. It sickens me...,,,그것보다 이젠 사람의 사체를 봐도,아무것도 느끼지 못하는 나 자신의 감각이 싫다,,,　更討厭的是，看到人的屍體,　也毫無感覺的自己,,0,0,0,1,0,0,0,0,0,,Translated
702,,　けたり知を事の校学のこ,　　　は紙り張や棚，ばれ　,　いいが方たべ調くなれ漏,,    loohcs siht tuoba erom nrael ot hsiw uoy fi,     hguorht elfir dna egap yreve nrut tsum uoy,            tenibac yreve fo flehs yreve,,면다싶 고알 해대 에교학 이,는보벽 나이장납수,아좋 게 는하사조 이없짐빠,,　　　　　這所學校的更多事情,　必須翻閱每一頁和每一個櫃子,,0,0,0,1,0,0,0,0,0,,Translated
703,,　　　　　の者害被禁監の他,　はジーセッメたれくてし遺, ,,  srehto eht yb dniheb tfel neeb evah segassem ynam,       sllaw eseht nihtiw deppart emoceb ev'ohw,,,가자해피 금감 른다,는지시메 긴남,,,　　　　　其他被監禁的受害者,　留下了許多訊息,,0,0,0,1,0,0,0,0,0,,Translated
704,,　く解紐をい呪の校学のこ,　だ筈るれくてっなと標道, ,,  kaerb pleh ot ediug a sa sdrow rieht esu uoy yam,                  esruc eht fo eerf,,,풀 를주저 의교학 이,야거 될 가리마실,,,　　　　　解開這所學校的詛咒,　應該會有線索,,0,0,0,1,0,0,0,0,0,,Translated
705,,玄関扉は、ピタリと空間に固定され、開きません。, , ,,The front entranceway might as well be painted on.,"It's neither opening, nor giving any hints that it",will ever open.,,현관문은 공간에 딱 고정되어 열리지 않습니다.,,,,玄關門固定在空間裡，打不開。, ,,0,0,0,0,0,0,0,0,0,,Translated
706,,【職員室】,　扉はがちりと固定されて,　開きそうにありません……,,[Staff Room],The door seems affixed to the wall like a model.,It can't be opened.,,【교무실】,문은 딱 고정되어,꿈쩍도 하지 않습니다.,,【職員室】,　門固定住，,　似乎打不開……,0,0,0,1,0,0,0,0,0,,Translated
707,,・・・・・・。, , ,,...,,,,    ·  ·  ·  ·  ·  ·  ,,,,　‧　‧　‧　‧　‧　‧, ,,0,0,0,1,0,0,0,0,0,,Translated
708,,１２３＊＊＊＊＊９10,２,３,,1112223334445556667778889.,9881112223334445556667778.,8779881112223334445556667.,,1 2 3 * * * * * 9 10,2,3,,１２３＊＊＊＊＊９10,２,３,0,0,0,1,0,0,0,0,0,,Translated
709,,Ⅲ-Ⅰ-Ⅱ, , ,,III-I-II,,,,Ⅲ-Ⅰ-Ⅱ,,,,Ⅲ-Ⅰ-Ⅱ, ,,0,0,0,1,0,0,0,0,0,,Translated
710,,【音楽室】,　扉には鍵がかかっています。, ,,[Music Room],The door is locked.,,,【음악실】,문이 잠겨 있습니다.,,,【音樂教室】,　門鎖著。, ,0,0,0,1,0,0,0,0,0,,Translated
711,,【音楽室】,　扉には鍵がかかっています。, ,,[Music Room],The door is locked.,,,【음악실】,문이 잠겨 있습니다.,,,【音樂教室】,　門鎖著。, ,0,0,0,1,0,0,0,0,0,,Translated
712,,【職員室】,　扉はがちりと固定されて,　開きそうにありません……,,[Staff Room],The door seems affixed to the wall like a model.,It can't be opened.,,【교무실】,문은 딱 고정되어,꿈쩍도 하지 않습니다.,,【職員室】,　門固定住，,　似乎打不開……,0,0,0,1,0,0,0,0,0,,Translated
713,,床に光る物が落ちています。……取りますか？, , ,,There's something sparkling on the ground.,Pick it up?,,,바닥에 빛나는 물체가 떨어져 있습니다...... 줍겠습니까?,,,,地板上有發光的東西掉在地上。……要撿嗎？, ,,0,0,0,1,0,0,0,0,0,,Translated
714,,はい,いいえ,,,Yes,No,,,네,아니오,,,是,否,,0,255,255,255,255,255,255,255,255,,Translated
715,,封印破りの水晶塊　を取りました。, , ,,Acquired [Crystal of Unsealing].,,,,봉인해제 수정괴를 얻었습니다.,,,,拿到了【破封印的水晶塊】。, ,,0,0,0,1,0,0,0,0,0,,Translated
716,刻命,ん……どうしたんだい由香ちゃん？, , ,Kizami,"Hmm? What seems to be the problem, Yuka?",,,키자미,음...... 왜 그러니 유카?,,,刻命,嗯……怎麼了由香？, ,,1,210,6,1,0,0,0,0,0,,Translated
717,由香,う…ぅ…　あの……おトイレを……, , ,Yuka,I...uh...really...have to go to the bathroom...,,,유카,으... 으...  저기...... 화장실 좀......,,,由香,嗚…嗚…　那個……廁所……, ,,1,194,28,1,0,0,0,0,0,,Translated
718,刻命,なんだ、ひょっとしてずっと我慢していたの？, , ,Kizami,Oh? Don't tell me you've been holding it in all this,"time, have you?",,키자미,"뭐야, 혹시 계속 참고 있었어?",,,刻命,什麼，難道你一直在忍著嗎？, ,,1,211,6,1,0,0,0,0,0,,Translated
719,由香,は…ぃ…　あ……　あ…　うぅ…ッ, , ,Yuka,Uh-huh...I...uhh... Ooooooh...,,,유카,네... 에...  아......  아..  으으... 윽,,,由香,是…的…　啊……　啊…　嗚…, ,,1,195,28,1,0,0,0,0,0,,Translated
720,刻命,っ！　い、急ごうか。,……でも何処も使えなかった気もするけど……, ,Kizami,"My, my! Well, we'd best find you a place to relieve","yourself, then. Though I seem to recall our options",being rather limited...,키자미,"윽!  서, 서두르자.",...... 그런데 쓸 수 있는 곳이 안 보였던 것 같은데......,,刻命,！　快、快點吧。,……不過好像到處都不能用……, ,1,212,6,1,0,0,0,0,0,,Translated
721,由香,お兄ちゃん、また……, , ,Yuka,Big brother...,It's somebody else...,,유카,"오빠, 또......",,,由香,哥哥，又……, ,,1,107,28,1,0,0,0,0,0,,Translated
722,哲志,俺達以外にも連れて来られた人間が……,結構いるのかも知れないな。, ,Satoshi,I guess there are a lot of other people who were,"brought here, too...",,사토시,우리 말고도 이 학교에 온 사람이......,많이 있을지도 몰라.,,哲志,除了我們之外被帶來的人……,也許還有很多。, ,1,171,15,1,0,0,0,0,0,,Translated
723,由香,うん……, , ,Yuka,Uh-huh...,,,유카,응......,,,由香,嗯……, ,,1,108,28,1,0,0,0,0,0,,Translated
724,哲志,よし、追いかけてみよう。, , ,Satoshi,Come on. Let's follow her.,,,사토시,"좋아, 쫓아가보자.",,,哲志,好，追上去看看吧。, ,,1,172,15,1,0,0,0,0,0,,Translated
725,森繁,何故、逃げるんだい？, , ,Morishige,Why are you running?,,,모리시게,왜 도망치는 거니?,,,森繁,為什麼要跑呢？, ,,1,139,8,1,0,0,0,0,0,,Translated
726,森繁,ねぇ、待ってよ。, , ,Morishige,Come on... Wait for me...,,,모리시게,"응, 기다려.",,,森繁,喂，等一下。, ,,1,140,8,1,0,0,0,0,0,,Translated
727,森繁,一緒にお兄ちゃんを探してあげるって、,言ってるのに……, ,Morishige,I said I'd help you find your brother...,,,모리시게,함께 오빠를 찾자고,말했는데......,,森繁,我說了一起幫你找哥哥的……, ,,1,141,8,1,0,0,0,0,0,,Translated
728,,【ＨＰに注意！】,＊危険時はセーブポイントへ向かって下さい。, ,,[WARNING],"Your HP is getting low! To recover health, return",to a lit candle as soon as possible.,,【 HP에 주의!】,*위험에 처하면 세이브 포인트로 가보세요.,,,【注意HP！】,＊危險時請前往存檔點。, ,0,0,0,1,0,0,0,0,0,,Translated
729,由香,おにぃちゃあぁん……！, , ,Yuka,Big brother...!,,,유카,오빠아아아......!,,,由香,哥哥……！, ,,1,109,28,1,0,0,0,0,0,,Translated
730,,【書類保管室】,　扉はがちりと固定されて,　開きそうにありません……,,[Permanent Records],The door is affixed to the wall like a decoration.,It won't open.,,【서류 보관실】,문은 딱 고정되어,꿈쩍도 하지 않습니다......,,【文件保管室】,　門固定住，,　似乎打不開……,0,0,0,1,0,0,0,0,0,,Translated
731,,・・・・・・。, , ,,...,,,,    ·  ·  ·  ·  ·  ·  ,,,,　‧　‧　‧　‧　‧　‧, ,,0,0,0,1,0,0,0,0,0,,Translated
732,,デッサン用の石膏の像が置いてあります……,, ,,"It's a plaster bust, cheap and mass-produced for",use in still-life paintings.,,,데생용 석고상이 놓여 있습니다......,,,,放著素描用的石膏像……, ,,0,0,0,1,0,0,0,0,0,,Translated
733,由香,あれ？,（これって教室の中にあった……）, ,Yuka,Huh?,(Wasn't this inside the art room before...?),,유카,어라?,(이건 교실 안에 있던......),,由香,咦？,（這不是教室裡有的嗎……）,,1,180,28,1,0,0,0,0,0,,Translated
734,刻命,ん？　どうしたんだい？, , ,Kizami,Hmm? What's the matter?,,,키자미,응?  왜 그러니?,,,刻命,嗯？怎麼了？, ,,1,199,6,1,0,0,0,0,0,,Translated
735,由香,あ、えと……えと……　気のせいです……, , ,Yuka,"Uh, umm... N-Nothing. Probably just my imagination.",,,유카,"아,  으음...... 음......  기분 탓인가봐요......",,,由香,啊、呃……呃……　是我的錯覺……, ,,1,181,28,1,0,0,0,0,0,,Translated
736,,【３階 校長室】,　何人も立ち入る事を禁ず, ,,[3F - Principal's Office],No entry permitted.,,,【3층 교장실】,누구든 입장을 금한다,,,【３樓　校長室】,　禁止任何人進入, ,0,0,0,1,0,0,0,0,0,,Translated
737,森繁,どうして逃げるんだい？, , ,Morishige,Why are you running?,,,모리시게,왜 도망치는 거니?,,,森繁,為什麼要跑呢？, ,,1,138,8,1,0,0,0,0,0,,Translated
738,,　地震で床板がずれ、穴が塞がっています。, , ,,The floorboards seem to have shifted during the last,"earthquake, plugging up the hole that blocked your",way earlier.,,"지진으로 바닥이 비틀어져, 구멍이 막혔습니다.",,,,地震使地板移位，洞被堵住了。, ,,0,0,0,1,0,0,0,0,0,,Translated
739,,　女生徒の亡骸が横たわっています……,　手元に、レターセットの切れ端が残されています。, ,,A female student's corpse lies sprawled out on the,floor. There are a couple scraps of paper from,a letter-set gently resting atop her boney hand.,,여학생의 유해가 누워 있습니다......,손에 레터 세트 조각이 남겨져 있습니다.,,,一具女學生的遺體躺在地上……,　手邊留有一封信紙的碎片。, ,0,0,0,1,0,0,0,0,0,,Translated
740,,“幸運……,　幸運のおまじない,　馬鹿馬鹿しいケド信じてるから……”,,'Luck is fickle...but I still have faith in it.,That good luck charm... I know it's stupid...,but I truly believe it works...',,“행운......,행운의 주술,바보 같지만 믿을 테니까......”,,“幸運……,　幸運的咒語,　雖然很蠢但我相信……”,0,0,0,1,0,0,0,0,0,,Translated
741,,“奈央、きっと会えるよ”, , ,,"'So I know I'll see you again, Mao...and if anyone",else finds this letter...please...wish her good,"luck for me.  -Kaori Kimura, class 2-4, Lexern High'",,"“나오, 꼭 만날 수 있을 거야”",,,,“奈央，一定能再見面的”, ,,0,0,0,1,0,0,0,0,0,,Translated
742,,　大きさから判断して、高校生くらいの,　人骨があります……。, ,,"Based on size, these appear to be the remains of",a senior high school student.,,,크기로 볼 때 고등학생 정도인,사람의 유골이 있습니다......,,,從大小判斷，似乎是高中生左右的,　人骨……, ,0,0,0,1,0,0,0,0,0,,Translated
743,,　こい…と…、恋都…,　あなたって子は……！, ,," Koi...to..., Koito...,",child like you......!,,,코이 ... 코 ... 코이와 ... , 당신이란 아이는 ......! ,,,恋…都…、恋都…,　你這個孩子……！, ,0,202,5,1,0,0,0,0,0,,Translated
744,,【犠牲者の手記】（４／５）, , ,,[Victim's Memoirs],(4／5),,,【희생자의 수기】 (4/5),,,,【犧牲者的手記】（４／５）, ,,0,0,0,1,0,0,0,0,0,,Translated
745,,さ　む　い……, , ,,COLD,,,,춥   다  ......,,,,好　冷……, ,,0,0,0,1,0,0,0,0,0,,Translated
746,,……ゆ　び,うごか　な　イ……, ,,HURTS TO MOVE FINGERS,,,,...... 손  가  락,안  움  직  여  ......,,,……手　指,動　不　了……, ,0,0,0,1,0,0,0,0,0,,Translated
747,,ひつだん　もできな　い……,あ　いた　い, ,,NO STRENGTH TO WRITE ON DESK,CANNOT TALK OR SEE FRIEND,,,필담  도  불가능  해  ......,보  고싶  다,,,筆談　也做不到……,好　想　見　你, ,0,0,0,1,0,0,0,0,0,,Translated
748,,足の筋　切られた, , ,,TENDON IN LEG CUT,,,,발 인대  잘렸어,,,,腳的肌腱　被切斷了, ,,0,0,0,1,0,0,0,0,0,,Translated
749,,血……いっぱい出た, , ,,BLEEDING BADLY,,,,피......  잔뜩  나왔어,,,,血……流了好多, ,,0,0,0,1,0,0,0,0,0,,Translated
750,,　地震で床板がずれ、穴が塞がっています。, , ,,The floorboards seem to have shifted during the last,"earthquake, plugging up the hole that blocked your",way earlier.,,"지진으로 바닥이 비틀어져, 구멍이 막혔습니다.",,,,地震使地板移位，洞被堵住了。, ,,0,0,0,1,0,0,0,0,0,,Translated
751,,　地震で床板がずれ、穴が塞がっています。, , ,,The floorboards seem to have shifted during the last,"earthquake, plugging up the hole that blocked your",way earlier.,,"지진으로 바닥이 비틀어져, 구멍이 막혔습니다.",,,,地震使地板移位，洞被堵住了。, ,,0,0,0,1,0,0,0,0,0,,Translated
752,,　地震で床板がずれ、穴が塞がっています。, , ,,The floorboards seem to have shifted during the last,"earthquake, plugging up the hole that blocked your",way earlier.,,"지진으로 바닥이 비틀어져, 구멍이 막혔습니다.",,,,地震使地板移位，洞被堵住了。, ,,0,0,0,1,0,0,0,0,0,,Translated
753,哲志,……！　また地震か！, , ,Satoshi,Urgh! Another earthquake?!,,,사토시,......! 또 지진인가!,,,哲志,……！　又是地震嗎！, ,,1,180,15,1,0,0,0,0,0,,Translated
754,由香,きゃあぁ！, , ,Yuka,Eeeek!,,,유카,꺄아아!,,,由香,呀啊！, ,,1,110,28,1,0,0,0,0,0,,Translated
755,哲志,くそっ……！, , ,Satoshi,Dammit...!,,,사토시,젠장......!,,,哲志,可惡……！, ,,1,181,15,1,0,0,0,0,0,,Translated
756,由香,ハァッ、ハァッ……,（ガチガチガチ）, ,Yuka,*hic* *hic*,*shiver*,,유카,"하악, 하악......",(덜덜덜),,由香,哈啊、哈啊……,（喀喀喀喀）,,1,111,28,1,0,0,0,0,0,,Translated
757,哲志,大丈夫だ、収まったぞ。　……良く我慢したな。, , ,Satoshi,It's okay. It's over.,You handled that very well.,,사토시,"괜찮아, 멎었어...... 잘 견뎠어.",,,哲志,沒事的，停了。　……忍耐得很好。, ,,1,182,15,1,0,0,0,0,0,,Translated
758,哲志,さぁ……立てるか？, , ,Satoshi,Here. Can you stand?,,,사토시,자...... 설 수 있겠어?,,,哲志,來……能站起來嗎？, ,,1,183,15,1,0,0,0,0,0,,Translated
759,由香,うん……, , ,Yuka,Uh-huh...,,,유카,응......,,,由香,嗯……, ,,1,112,28,1,0,0,0,0,0,,Translated
760,,　椅子に座った亡骸があります……。, , ,,There's a decaying corpse sitting in the chair.,,,,의자에 앉은 유해가 있습니다......,,,,有一具坐在椅子上的遺體……, ,,0,0,0,1,0,0,0,0,0,,Translated
761,,　かおりん……、かおりん……,　逢いたいよ……, ,,"Kaorin......, Kaorin......,",I want to see you......,,,고령토 ... 고령토 ... , 만나고 싶어 ... ,,,香織……、香織……,　好想見你……, ,0,200,5,1,0,0,0,0,0,,Translated
762,森繁,どうして逃げるんだい？, , ,Morishige,Why are you running?,,,모리시게,왜 도망치는 거니?,,,森繁,為什麼要跑呢？, ,,1,138,8,1,0,0,0,0,0,,Translated
763,哲志,うっ……　何だ、この校舎……！,空気が一段と重いぞ……, ,Satoshi,Wh-Whoa! This place doesn't feel right at all!,The air...is really thick...,,사토시,"윽...... 뭐야, 이 교사......!",공기가 한층 더 무거워......,,哲志,嗚……　怎麼了，這校舍……！,空氣變得更加沉重了……, ,1,154,15,1,0,0,0,0,0,,Translated
764,由香,お兄ちゃん……痛い,……あたまが……割れそう……, ,Yuka,"Ooh, big brother... My head hurts.",It feels like...it's going to split open...,,유카,오빠...... 아파,...... 머리가...... 깨질 것 같아......,,由香,哥哥……好痛,……頭……快要裂開了……, ,1,97,28,1,0,0,0,0,0,,Translated
765,哲志,俺もだ……耳鳴りが止まらない。, , ,Satoshi,Mine too. And my ears are ringing...,,,사토시,나도 그래...... 이명이 멈추질 않아.,,,哲志,我也是……耳鳴停不下來。, ,,1,155,15,1,0,0,0,0,0,,Translated
766,哲志,ここは長居するとやばそうだな……,由香、お前、外で待ってるか？, ,Satoshi,I don't think it's safe to be in here for very long.,"Do you want to wait back in the main building, Yuka?",,사토시,여기에 너무 오래 있으면 안 되겠는걸......,"유카, 너, 밖에서 기다릴래?",,哲志,這裡待久了似乎不妙……,由香，你要在外面等嗎？, ,1,156,15,1,0,0,0,0,0,,Translated
767,哲志,向こうの校舎のほうが、まだ安全な感じがするぞ。, , ,Satoshi,I definitely get the feeling you'd be safer there...,,,사토시,저쪽 교사가 안전할 거 같아서.,,,哲志,那邊的校舍感覺比較安全。, ,,1,157,15,1,0,0,0,0,0,,Translated
768,由香,やだ……一緒に行く……　一人にしないで……, , ,Yuka,"No, please! Take me with you!",Don't leave me by myself...,,유카,싫어...... 같이 갈래......  혼자 두지 마......,,,由香,不要……要一起去……　別丟下我一個人……, ,,1,98,28,1,0,0,0,0,0,,Translated
769,哲志,（仕方ないか…）,　わかったよ、心配するな。, ,Satoshi,"(Don't have much choice, then...)","All right. No need to worry, okay?",,사토시,(어쩔 수 없지...),"알았어, 걱정 마.",,哲志,（沒辦法嗎…）,　知道了，別擔心。, ,1,158,15,1,0,0,0,0,0,,Translated
770,哲志,一緒にいるから。, , ,Satoshi,I'll stay right by your side.,,,사토시,같이 갈 테니까.,,,哲志,我會陪著你的。, ,,1,159,15,1,0,0,0,0,0,,Translated
771,由香,……ん。（コクリ）, , ,Yuka,...Okay...,,,유카,...... 응.  (끄덕),,,由香,……嗯。（點頭）, ,,1,99,28,1,0,0,0,0,0,,Translated
772,由香,はぁ……はぁ……,（うぅ……お腹が……破裂しそうだよぉ……）, ,Yuka,*sob* *sob*,(I feel like I'm going to burst...),,유카,하아...... 하아......,(으으...... 배가...... 터질 것 같아......),,由香,呼……呼……,（嗚……肚子……好像要爆炸了……）,,1,165,28,1,0,0,0,0,0,,Translated
773,由香,きゃう！, , ,Yuka,KYAH!,,,유카,꺄우!,,,由香,呀！, ,,1,166,28,1,0,0,0,0,0,,Translated
774,＊,……っと！　ご、ごめん……, , ,*,Oh! I'm terribly sorry.,,,＊,"...... 어이쿠!  미, 미안......",,,＊,……哎呀！　對、對不起……, ,,1,177,6,1,0,0,0,0,0,,Translated
775,由香,……！　お兄ちゃん！,もぉ～！, ,Yuka,Big brother! You lied!,,,유카,......!  오빠!,차암~!,,由香,……！　哥哥！,真是的～！,,1,167,28,1,0,0,0,0,0,,Translated
776,由香,ぐすっ……うそつきぃ！,由香一人にしないって、, ,Yuka,You lied to me! You said you wouldn't leave me,by myse--,,유카,훌쩍...... 거짓말쟁이!,유카를 혼자 두지 않겠다고,,由香,吸……騙子！　明明說不會丟下由香一個人的，, ,,1,168,28,1,0,0,0,0,0,,Translated
777,由香,……あれ……, , ,Yuka,--eh?,,,유카,어라......,,,由香,……咦……, ,,1,169,28,1,0,0,0,0,0,,Translated
778,＊,怪我は、無いかい？　君は……？, , ,*,Are you...injured?,,,＊,다친 덴 없어?  너는......?,,,＊,沒有受傷吧？　你是……？, ,,1,178,6,1,0,0,0,0,0,,Translated
779,由香,（お兄ちゃんじゃない）,　あ……あの、ごめんなさい。, ,Yuka,(That's not my big brother...),I-I'm so sorry!,,유카,(오빠가 아냐),"저...... 저기, 죄송해요.",,由香,（不是哥哥）,　啊……那個，對不起。, ,1,170,28,1,0,0,0,0,0,,Translated
780,由香,由……あ わたしは、持田由香っていいます。, , ,Yuka,I'm... M-My name is Yuka Mochida.,,,유카,"유...... 아  저는, 모치다 유카라고 합니다.",,,由香,由……啊 我叫持田由香。, ,,1,171,28,1,0,0,0,0,0,,Translated
781,＊,そう。僕は刻命裕也（きざみゆうや）……,白檀高等学校の２年だ。, ,*,Mine's Yuuya Kizami. I'm an eleventh-grader at,Byakudan Senior High.,,＊,그래. 난 키자미 유야......,뱌쿠단 고등학교 2학년이야.,,＊,這樣。我叫刻命裕也……,白檀高中二年級。, ,1,179,6,1,0,0,0,0,0,,Translated
782,刻命,由香ちゃんといったね……,君も、サチコさんの, ,Kizami,"Yuka, was it? Were you also spirited away here...",,,키자미,유카라고 했지......,너도 사치코씨의,,刻命,叫由香吧……,你也是因為サチコ小姐的, ,1,180,6,1,0,0,0,0,0,,Translated
783,刻命,禁断のお呪（まじな）いで、,ここに閉じ込められたのかい？, ,Kizami,...after performing the forbidden Sachiko charm?,,,키자미,금단의 주술로,여기 오게 된 거니?,,刻命,禁忌咒語，才被困在這裡的嗎？, ,,1,181,6,1,0,0,0,0,0,,Translated
784,由香,えと……わかりません……, , ,Yuka,Uhh... I dunno...,,,유카,음...... 잘 모르겠어요......,,,由香,呃……不太清楚……, ,,1,172,28,1,0,0,0,0,0,,Translated
785,刻命,そうか……さっき「お兄さん」と言っていたね。, , ,Kizami,I see. Given that you called me 'big brother',a moment ago...,,키자미,그래...... 좀 전에 「오빠」라고 했지.,,,刻命,是嗎……剛才你叫了「哥哥」呢。, ,,1,182,6,1,0,0,0,0,0,,Translated
786,刻命,……一緒なの？, , ,Kizami,...I assume he's come here with you?,,,키자미,...... 같이 왔니?,,,刻命,……是和你一起的嗎？, ,,1,183,6,1,0,0,0,0,0,,Translated
787,由香,う…う……グスッ…お兄ちゃん……, , ,Yuka,...Big brother...,,,유카,으... 으...... 훌쩍...... 오빠......,,,由香,嗚…嗚……吸……哥哥……, ,,1,173,28,1,0,0,0,0,0,,Translated
788,由香,……お兄ちゃん……ううぅぅ,ひくっ　えぐっ, ,Yuka,Big brother...,,,유카,...... 오빠...... 으으으으,흑  우엥,,由香,……哥哥……嗚嗚,嗚　嗚,,1,174,28,1,0,0,0,0,0,,Translated
789,刻命,可哀想にね……,僕も妹とはぐれて、捜しているところなんだ。, ,Kizami,You poor girl. I've also become separated from my,"little sister, and am presently searching for her.",,키자미,참 안됐구나......,나도 여동생과 떨어져서 찾고 있는 중이었거든.,,刻命,真可憐啊……,我也和妹妹走散了，正在找她。, ,1,184,6,1,0,0,0,0,0,,Translated
790,由香,いもうとの子も、ここに……？,（グスッ）, ,Yuka,Your little sister...is in here...? *sniffle*,,,유카,"여동생도, 여기에......?",(흑),,由香,妹妹也在這裡……？（吸）, ,,1,175,28,1,0,0,0,0,0,,Translated
791,刻命,うん。　……。, , ,Kizami,She is.,,,키자미,응......,,,刻命,嗯。　……。, ,,1,185,6,1,0,0,0,0,0,,Translated
792,刻命,良かったら、一緒においで、君のお兄さんを捜そう。, , ,Kizami,"If you'd like, you may accompany me. We'll look for",your big brother along the way.,,키자미,괜찮으면 나와 같이 오빠를 찾아보자.,,,刻命,如果你願意的話，一起去找你哥哥吧。, ,,1,186,6,1,0,0,0,0,0,,Translated
793,刻命,生きている者は出来るだけ、,一纏まりになっていた方がいい。, ,Kizami,"In a place like this, after all, the living should",stick together as much as possible.,,키자미,살아있는 사람은 가능한 한,같이 다니는 게 좋아.,,刻命,活著的人盡可能,聚在一起比較好。, ,1,187,6,1,0,0,0,0,0,,Translated
794,刻命,僕の妹も……君のように、泣いているかも知れない。, , ,Kizami,My poor sister is probably off somewhere crying,"right now, just as you are...",,키자미,내 동생도...... 너처럼 울고 있을지도 몰라.,,,刻命,我的妹妹也……也許像你一樣在哭泣。, ,,1,188,6,1,0,0,0,0,0,,Translated
795,刻命,一緒に、捜してくれるかい？, , ,Kizami,I simply must find her. So what do you say?,Will you join the hunt?,,키자미,"함께, 찾아주겠니?",,,刻命,願意一起找嗎？, ,,1,189,6,1,0,0,0,0,0,,Translated
796,由香,……は、…あの……おねがいします。,（ペコリ）, ,Yuka,Uhh...hmmm...,"Yes, please.",,유카,"...... 네,  ... 저 ...... 잘 부탁합니다.",(꾸벅),,由香,……是、…那個……拜託了。,（鞠躬）,,1,176,28,1,0,0,0,0,0,,Translated
797,由香,お兄ちゃんを、みつけてください。, , ,Yuka,Help me find my big brother!,,,유카,오빠를 찾아주세요.,,,由香,請幫我找到哥哥。, ,,1,177,28,1,0,0,0,0,0,,Translated
798,刻命,わかった。……大丈夫、きっと見つかるよ。, , ,Kizami,I will. Fear not. I'm certain we'll cross his path.,,,키자미,"알았어.  괜찮아, 찾을 수 있을 거야.",,,刻命,知道了。……沒事的，一定能找到的。, ,,1,190,6,1,0,0,0,0,0,,Translated
799,由香,ぐす…ッ。, , ,Yuka,*sniffle*,,,유카,흑...,,,由香,吸…。, ,,1,178,28,1,0,0,0,0,0,,Translated
800,, ,　カチャカチャカチャ, ,, ,*rattle* *rattle*,,,달그락 달그락,,,, ,　喀嚓喀嚓喀嚓,,0,0,0,1,1,0,0,0,0,,Translated
801,,　棚はガラスが割れて危険です。, , ,,The glass door of the cabinet has completely,shattered. There are glass shards everywhere.,,,수납장의 유리가 깨져 위험합니다.,,,,櫃子的玻璃破了，很危險。, ,,0,0,0,1,0,0,0,0,0,,Translated
802,,　中に板切れ　が入っています。……取りますか？, , ,,"On one of the shelves, you see a piece of",floorboard that someone seems to have pried,up. Take it?,,안에 널빤지가 들어 있습니다......  가져가겠습니까?,,,,裡面有一塊木板。……要拿嗎？, ,,0,0,0,1,0,0,0,0,0,,Translated
803,,はい,いいえ,,,Yes,No,,,네,아니오,,,是,否,,0,255,255,255,255,255,255,255,255,,Translated
804,,　ボロの板切れ　を取りました。, , ,,Acquired [Loose Board].,,,,낡은 널빤지를 얻었습니다.,,,,拿到了【破爛的木板】。, ,,0,0,0,1,0,0,0,0,0,,Translated
805,,　棚はガラスが割れて危険です。, , ,,The glass door of the cabinet has completely,shattered. There are glass shards everywhere.,,,수납장의 유리가 깨져 위험합니다.,,,,櫃子的玻璃破了，很危險。, ,,0,0,0,1,0,0,0,0,0,,Translated
806,刻命,これじゃ通れないな……よし, , ,Kizami,"Well, we're not getting through with this in our",way. So...,,키자미,이래서야 못 가겠는걸...... 좋아,,,刻命,這樣過不去啊……好, ,,1,191,6,1,0,0,0,0,0,,Translated
807,刻命,ふッ！, , ,Kizami,HRNG!!,,,키자미,훗!,,,刻命,喝！, ,,1,192,6,1,1,0,0,0,0,,Translated
808,由香,（すごい……）, , ,Yuka,(Whoa...),,,유카,(굉장하다......),,,由香,（好厲害……）, ,,1,179,28,1,0,0,0,0,0,,Translated
809,,棚が倒れています。,重くて動かせそうにありません……, ,,The fallen cabinet is blocking your path. It seems,"extraordinarily heavy, and there's glass everywhere.",Climbing over it would probably be a bad idea.,,수납장이 쓰러져 있습니다.,무거워서 꿈쩍도 하지 않습니다......,,,櫃子倒下了。太沉了似乎搬不動……, ,,0,0,0,1,0,0,0,0,0,,Translated
810,哲志,よし、行って来な。俺はここで待ってるから。, , ,Satoshi,"Okay, it's all you. I'll be waiting right here.",,,사토시,"좋아, 갔다 와. 난 여기에서 기다릴 테니까.",,,哲志,好，去吧。我在這裡等。, ,,1,188,15,1,0,0,0,0,0,,Translated
811,哲志,柵あるけど……乗り越えられるよな？, , ,Satoshi,You shouldn't have any trouble getting over the,"fence, right?",,사토시,울타리가 있는데...... 넘을 수 있지?,,,哲志,雖然有柵欄……但能翻過去吧？, ,,1,189,15,1,0,0,0,0,0,,Translated
812,由香,ん。やってみる。, , ,Yuka,I think...I can do it.,,,유카,응. 해 볼게.,,,由香,嗯。我試試。, ,,1,117,28,1,0,0,0,0,0,,Translated
813,哲志,何かあったら、大声で呼べよ？, , ,Satoshi,"If anything happens, yell really loud, and I'll","come get you, okay?",,사토시,무슨 일이 생기면 큰 소리로 불러야 한다?,,,哲志,有什麼事就大聲叫我，好嗎？, ,,1,190,15,1,0,0,0,0,0,,Translated
814,由香,うん……, , ,Yuka,Okay.,,,유카,응......,,,由香,嗯……, ,,1,118,28,1,0,0,0,0,0,,Translated
815,由香,きゃぁ！！, , ,Yuka,Eeeek!,,,유카,꺄아!!,,,由香,呀！！, ,,1,147,28,1,0,0,0,0,0,,Translated
816,,  　　　　-2-　　　, , ,, ,     - 2. -,,,  　　　　-2-　　　,,,,  　　　　-2-　　　, ,,0,0,0,1,0,0,0,0,0,,Translated
817,,　　　く　　の　く　,　　　ら２　つ　　　,か　　れつ　　ふ　　,,  A  H  E        S     O,     D  B  T     N  W  G,  E     O  T     C  C  D,,    실,      서 2     줄       ,에    번째      찾    ,,　　　找　的　線　,　　　索2　　　條　,　根　　據　　索　　,0,0,0,1,0,0,0,0,0,,Translated
818,,おんがくしつのつくえ,したから２れつめみぎ,から１れつめにふれよ,,SEARCH DESK 1N MUS1C ROOM.,R1GHT S1DE BY THE W1NDOWS.,SECOND DESK FROM THE BACK.,,음악실 책상,아래에서 2번째 줄 오른쪽,에서 1번째 줄을 찾아봐,,音樂教室的桌子,下面第二排右邊,從第一排開始找,0,0,0,1,0,0,0,0,0,,Translated
819,,おんがくしつのつくえ,したから２れつめみぎ,から１れつめにふれよ,,SEARCH DESK 1N MUS1C ROOM.,R1GHT S1DE BY THE W1NDOWS.,SECOND DESK FROM THE BACK.,,음악실 책상,아래에서 2번째 줄 오른쪽,에서 1번째 줄을 찾아봐,,音樂教室的桌子,下面第二排右邊,從第一排開始找,0,0,0,1,0,0,0,0,0,,Translated
820,由香,……お兄ちゃん？, , ,Yuka,Big brother...?,,,유카,...... 오빠?,,,由香,……哥哥？, ,,1,140,28,1,0,1,0,0,0,,Translated
821,由香,……お兄ちゃん、どこ？, , ,Yuka,Big brother...where are you...?,,,유카,"...... 오빠, 어딨어?",,,由香,……哥哥，在哪裡？, ,,1,141,28,1,0,1,0,0,0,,Translated
822,由香,……やだ、, , ,Yuka,No...,,,유카,...... 싫어,,,由香,……不要, ,,1,142,28,1,0,1,0,0,0,,Translated
823,由香,……いやだぁ……！, , ,Yuka,No!,,,유카,...... 싫어......!,,,由香,……不要啊……！, ,,1,143,28,1,0,1,0,0,0,,Translated
824,由香,……いやだぁぁぁ……！！,……おにいちゃぁぁん！, ,Yuka,Nooooooo... Big brooootheeeer....!,,,유카,...... 싫어어어어......!!,...... 오빠아아아아!,,由香,……不要啊啊……！！,……哥哥！,,1,144,28,1,0,0,0,0,0,,Translated
825,由香,ひっく……　ひっく…　ううっ……, , ,Yuka,*hic* *hic* *sob*,,,유카,흑...... 흑...... 으흑......,,,由香,嗚……　嗚…　嗚嗚……, ,,1,146,28,1,0,0,0,0,0,,Translated
826,森繁,君は……持田の、妹。, , ,Morishige,You're...Mochida's sister...,,,모리시게,너는...... 모치다의 여동생.,,,森繁,你是……持田的妹妹。, ,,1,133,8,1,0,0,0,0,0,,Translated
827,由香,（ビクッ）,　……あ…あの……えと, ,Yuka,...U-Ummmm...uhhh...,,,유카,(깜짝),...... 저... 저기...... 으음,,由香,（嚇一跳）,　……啊…那個……呃,,1,150,28,1,0,0,0,0,0,,Translated
828,森繁,全く、頭がおかしくなりそうだね……,そこかしこに、こんな死体がある……, ,Morishige,"I swear, this place is going to drive us all batty.",To think there'd be a corpse like this so close,by...,모리시게,진짜 미칠 것 같아......,여기저기 시체가 널려 있어......,,森繁,真是的，快要瘋了……,到處都有這種屍體……, ,1,134,8,1,0,0,0,0,0,,Translated
829,森繁,震えているのか……,持田はどうしたの？, ,Morishige,Hmm? You're shaking! What happened to Mochida?,,,모리시게,떨고 있는 거야......?,모치다는 어디 있어?,,森繁,在發抖嗎……,持田怎麼了？,,1,135,8,1,0,0,0,0,0,,Translated
830,由香,お兄ちゃん、いなくなっちゃったの……です。, , ,Yuka,Big brother's...gone away somewhere...,,,유카,"오빠, 사라져 버렸어...... 요.",,,由香,哥哥……不見了……。, ,,1,151,28,1,0,0,0,0,0,,Translated
831,由香,う…うっ、ぐすっ……ひくっ, , ,Yuka,*sob* *sob*,,,유카,"으... 윽, 흑...... 훌쩍",,,由香,嗚…嗚、吸……嗚, ,,1,152,28,1,0,0,0,0,0,,Translated
832,森繁,（ジィッ…）,…………。, ,Morishige,...,,,모리시게,(지그시...),............,,森繁,（盯著…）,…………。, ,1,136,8,1,0,0,0,0,0,,Translated
833,森繁,カワイソウに……おいで。一緒に捜してあげるよ。, , ,Morishige,You poor thing. Come with me. I'll help you find,him.,,모리시게,불쌍하게도...... 이리 와. 같이 찾아보자.,,,森繁,真可憐……　過來吧。我幫你一起找。, ,,1,137,8,1,0,0,0,0,0,,Translated
834,由香,いえ、あの……いいです……,由香、ひとりで……, ,Yuka,"No, uhh... I'll be okay. I'll search for him...",by myself...,,유카,"아뇨, 저기...... 됐어요......","유카, 혼자......",,由香,不用了，那個……沒關係……,由香、一個人……, ,1,154,28,1,0,0,0,0,0,,Translated
835,, ,  　　　　-1-　　　, ,, ,     - 1. -,,,  　　　　-1-　　　,,,, ,  　　　　-1-　　　,,0,0,0,1,0,0,0,0,0,,Translated
836,,お　　　し　　　　　,　たか　　　　め　　,　　１　　　に　れ　,, E  C  D  K  N  U  C  O, T  1        E  1  O  1, D  K  R     E  A  E  N,,음        책,  래에        째,       1          을      봐,,桌　子　　　　　,　下面　　　　　,　第1　排　,0,0,0,1,0,0,0,0,0,,Translated
837,,おんがくしつのつくえ,したから２れつめみぎ,から１れつめにふれよ,,SEARCH DESK 1N MUS1C ROOM.,R1GHT S1DE BY THE W1NDOWS.,SECOND DESK FROM THE BACK.,,음악실 책상,아래에서 2번째 줄 오른쪽,에서 1번째 줄을 찾아봐,,音樂教室的桌子,下面第二排右邊,從第一排開始找,0,0,0,1,0,0,0,0,0,,Translated
838,,■　天神小学校　■,　廃校のお知らせ,　（1975　10／18）,,[Heavenly Host Elementary School],Notice of School Closure,(10-18-1975),,■  텐진초등학교  ■,폐교 알림,  (1975  10/18),,■　天神小學校　■,　廢校通知,　（1975　10／18）,0,0,0,1,0,0,0,0,0,,Translated
839,,先般の忌まわしき事件の後,校内で多発する,惨憺たる事件、事故,,Due to the reputation earned from repeated tragic,"incidents and accidents in and around this school,",plans for its abolition have been finalized.,,저번 불미스러운 사건 이후,교내에 다수 발생한,"참담한 사건, 사고",,在先前那起令人遺憾的事件之後,校內接連發生,慘不忍睹的事件、事故,0,0,0,1,0,0,0,0,0,,Translated
840,,激減する生徒児童の数など,校内の実情を鑑みるに……, ,,There has been a sharp decline in registration and,"attendance since the initial incidents, indicating",to the school board that our time is at an end.,,격감하는 학생수 등,교내의 실정을 감안하여......,,,學生人數急遽減少等,考慮到校內實際情況……, ,0,0,0,1,0,0,0,0,0,,Translated
841,,来る75年11月18日に,断腸の思いで当校の廃校を,決断いたしました,,We sincerely regret to announce that Heavenly Host,Elementary School will close its doors for the last,"time on November the 18th, 1975.",,75년 11월 18일,애끊는 심정으로 학교 폐교를,결정했습니다,,將於來年75年11月18日,痛下決心廢校,,0,0,0,1,0,0,0,0,0,,Translated
842,,わたくしの不徳により,不甲斐無い決断となり,深くお詫び申し上げます,,It is through my own vices that this disdainful,"decision has come to pass, and for that, I must",offer my deepest apologies to all who are affected.,,저의 부덕으로 인해,이러한 결정을 내리게 되어,진심으로 사과의 말씀 올립니다,,因我的不德,做出此等無顏的決定,在此深表歉意,0,0,0,1,0,0,0,0,0,,Translated
843,,教職員各位,　天神小学校校長,　柳堀隆峰　記す,,Filed: To all teaching staff,Heavenly Host Elementary School,Principal Takamine Yanagihori,,교직원 여러분,텐진 초등학교 교장,야나기호리 타카미네  씀,,全體教職員　天神小學校校長　柳堀隆峰　記, ,,0,0,0,1,0,0,0,0,0,,Translated
844,哲志,あの……君、, , ,Satoshi,Ummm... Hello...,,,사토시,저기...... 너,,,哲志,那個……你, ,,1,173,15,1,0,0,0,0,0,,Translated
845,哲志,すまない、急に話し掛けて……, , ,Satoshi,Sorry to approach you out of nowhere like this...,,,사토시,"미안해, 갑자기 말을 걸어서......",,,哲志,抱歉，突然跟你搭話……, ,,1,174,15,1,0,0,0,0,0,,Translated
846,哲志,……俺達は如月学園って学校の生徒で……,（ん？）, ,Satoshi,We're students from a school called Kisaragi,"Academy, and...",(...Huh?),사토시,우린 키사라기 학원이란 학교의 학생인데......,(응?),,哲志,……我們是如月学園的學生……,（嗯？）,,1,175,15,1,0,0,0,0,0,,Translated
847,＊,……。,（ガチガチガチ）, ,*,*whimper*,,,＊,......,(덜덜덜),,＊,……。,（喀喀喀喀）,,1,94,8,1,0,0,0,0,0,,Translated
848,哲志,……？ どうしたんだ……, , ,Satoshi,...? What's wrong?,,,사토시,......? 왜 그래......,,,哲志,……？　怎麼了……, ,,1,176,15,1,0,0,0,0,0,,Translated
849,＊,嫌あぁ！　誰も信じない。……信じないぞ！！, , ,*,NO! NO ONE BELIEVES YOU!,NOT A WORD!,,＊,싫어! 아무도 안 믿어...... 안 믿는다고!!,,,＊,不要！　誰都不相信。……不會相信的！！, ,,1,95,8,1,0,0,0,0,0,,Translated
850,＊,どけッ！！, , ,*,OUT OF MY WAY!,,,＊,비켜!!,,,＊,讓開！！, ,,1,96,8,1,0,0,0,0,0,,Translated
851,哲志,くっ……, , ,Satoshi,Uhh...,,,사토시,큭......,,,哲志,咳……, ,,1,177,15,1,0,0,0,0,0,,Translated
852,哲志,（折角、生きている人を見つけても、, 　みんな精神が壊されている……）, ,Satoshi,"(Even when we finally meet other living beings,",it's like they've completely lost their minds...),,사토시,(모처럼 살아있는 사람을 만났는데,다들 정신이 망가져 버렸어......),,哲志,（好不容易找到活人，,　但大家的心理都崩潰了……）,,1,178,15,1,0,0,0,0,0,,Translated
853,哲志,（……この旧校舎……長居するのは、,　やはり危険かも知れない……）, ,Satoshi,(...I guess it really isn't safe to stay in here,for very long...),,사토시,(...... 이 구 교사에...... 오랫동안 있는 건,위험할지도 몰라......),,哲志,（……在這棟舊校舍……待太久的話，,　果然很危險……）,,1,179,15,1,0,0,0,0,0,,Translated
854,,　息が止まっています。, , ,,She's not breathing.,,,,숨이 멎었습니다.,,,,已經沒有呼吸了。, ,,0,0,0,1,0,0,0,0,0,,Translated
855,,　命が終わり『物体』然とした,　亡骸の目にはまだ生気があり, ,,"Her eyes have a hollow appearance to them, yet",still retain a tiny echo of life -- and reflect,a palpable sense of terror.,,생명이 끝나고 『물체』가 된,유해의 눈에는 아직 생기가 있어서,,,生命終結成為『物體』的,　遺體眼中還殘留著生機，, ,0,0,0,1,0,0,0,0,0,,Translated
856,,　今にも起き上がって来そうな、,　不快な違和感を放ち続けています, ,,It almost seems as if she could 'snap out of it' at,"any moment, stand up and walk away. The corpse is so","fresh, simply being in its presence is disquieting.",,당장이라도 일어날 것만 같은,불쾌한 위화감을 드러내고 있습니다.,,,彷彿隨時會站起來似的，,　持續散發著令人不快的違和感。, ,0,0,0,1,0,0,0,0,0,,Translated
857,,　息が止まっています。, , ,,She's not breathing.,,,,숨이 멎었습니다.,,,,已經沒有呼吸了。, ,,0,0,0,1,0,0,0,0,0,,Translated
858,,　命が終わり『物体』然とした,　亡骸の目にはまだ生気があり, ,,"Her eyes have a hollow appearance to them, yet",still retain a tiny echo of life -- and reflect,a palpable sense of terror.,,생명이 끝나고 『물체』가 된,유해의 눈에는 아직 생기가 있어서,,,生命終結成為『物體』的,　遺體眼中還殘留著生機，, ,0,0,0,1,0,0,0,0,0,,Translated
859,,　今にも起き上がって来そうな、,　不快な違和感を放ち続けています, ,,It almost seems as if she could 'snap out of it' at,"any moment, stand up and walk away. The corpse is so","fresh, simply being in its presence is disquieting.",,당장이라도 일어날 것만 같은,불쾌한 위화감을 드러내고 있습니다.,,,彷彿隨時會站起來似的，,　持續散發著令人不快的違和感。, ,0,0,0,1,0,0,0,0,0,,Translated
860,,　まだ肌も暖かい亡骸です……,　胸に名札が見えます。, ,,It's a fresh corpse. Her skin is still warm to the,touch. Attached to her uniform is a student ID name,tag.,,아직 피부가 따뜻한 유해입니다......,가슴에 명찰이 보입니다.,,,還是溫暖的遺體……,　胸前有名牌。, ,0,0,0,1,0,0,0,0,0,,Translated
861,由香,……。, , ,Yuka,*exhale*,,,유카,......,,,由香,……。, ,,1,182,28,1,0,0,0,0,0,,Translated
862,由香,……んッ……ごぽっ, , ,Yuka,*gag* *retch*,,,유카,...... 으윽...... 쿨럭,,,由香,……嗯……嘔, ,,1,183,28,1,0,0,0,0,0,,Translated
863,刻命,だ、大丈夫かい？　……くっ、これは酷い。, , ,Kizami,A-Are you all right?,...This is...terrible...,,키자미,"괘, 괜찮아?  ...... 큭, 이건 심하군.",,,刻命,沒、沒事吧？　……咳，這太慘了。, ,,1,200,6,1,0,0,0,0,0,,Translated
864,由香,はぁ、はぁ……, , ,Yuka,*pant* *pant*,,,유카,"하아, 하아......",,,由香,呼、呼……, ,,1,184,28,1,0,0,0,0,0,,Translated
865,刻命,由香ちゃん……子供達の幽霊は見たかい？, , ,Kizami,"Yuka, have you seen the ghosts of the children?",,,키자미,유카...... 어린아이 유령은 봤어?,,,刻命,由香……你看到小孩幽靈了嗎？, ,,1,201,6,1,0,0,0,0,0,,Translated
866,由香,えと……みました。, , ,Yuka,Y-Yeah...I have...,,,유카,음...... 봤어요.,,,由香,呃……看到了。, ,,1,185,28,1,0,0,0,0,0,,Translated
867,刻命,校内の張り紙やダイイングメッセージを、,僕も色々と調べたんだが……, ,Kizami,I've been reading the school flyers and dying,messages scattered throughout this school...,,키자미,나도 교내에 붙어 있는 다잉 메시지를,많이 봤는데......,,刻命,我也調查了校內的海報和臨終遺言……, ,,1,202,6,1,0,0,0,0,0,,Translated
868,刻命,あの子供達を殺害した,大人の霊もいるんだ、ここには。, ,Kizami,...and it seems the ghost of the man who killed,those children is in here somewhere as well.,,키자미,여기에는 그 어린아이들을 살해한,어른 유령도 있어.,,刻命,殺害那些孩子的,大人幽靈也在這裡。, ,1,203,6,1,0,0,0,0,0,,Translated
869,由香,……。, , ,Yuka,...,,,유카,......,,,由香,……。, ,,1,186,28,1,0,0,0,0,0,,Translated
870,刻命,鉄槌を持った大きな男……どうやらそいつが、,犯人の霊だ。君も気を付けるんだよ。, ,Kizami,"He's apparently quite large, and wields a hammer.",You'd best be on your guard.,,키자미,망치를 든 커다란 남자...... 아무래도 그 녀석이,범인인 것 같아. 너도 조심해.,,刻命,一個拿著鐵鎚的大個子男人……看來那就是,犯人的幽靈。你也要小心。, ,1,204,6,1,0,0,0,0,0,,Translated
871,刻命,僕の仲間も、何人も……、何人も何人も！,あいつや……子供達の霊に殺されてしまった！, ,Kizami,"I've had a great many of my friends...many, many,",many people...killed by that man and those wretched,children!,키자미,"내 동료도, 몇 명이나...... 몇 명이나 몇 명이나!",그 녀석과...... 어린아이 유령에게 당했어!,,刻命,我的同伴也有好幾人……好幾人好幾人！,被那傢伙和……小孩的幽靈殺死了！, ,1,205,6,1,0,0,0,0,0,,Translated
872,由香,ぞくっ……　　　, , ,Yuka,*gasp*,,,유카,오싹......,,,由香,發抖……　　　, ,,1,187,28,1,0,0,0,0,0,,Translated
873,刻命,……っ。とにかく、バラバラでいると,何が起こるか判らない。, ,Kizami,"...At any rate, it seems clear we should stick","together, as there's simply no telling what may",happen if we part ways.,키자미,...... 윽. 어쨌든 흩어져 있으면,무슨 일이 일어날지 몰라.,,刻命,……總之，分散開來,不知道會發生什麼。, ,1,206,6,1,0,0,0,0,0,,Translated
874,刻命,僕の妹と……君のお兄さんを早く、見つけよう。, , ,Kizami,"Come. We must find my sister and your brother,",before it's too late.,,키자미,어서 내 동생과...... 네 오빠를 찾아보자.,,,刻命,快點找到我妹妹和……你哥哥吧。, ,,1,207,6,1,0,0,0,0,0,,Translated
875,由香,（コクリ）, , ,Yuka,...,,,유카,(끄덕),,,由香,（點頭）, ,,1,188,28,1,0,0,0,0,0,,Translated
876,由香,（お兄ちゃん、大丈夫かなぁ……）, , ,Yuka,(Big brother... I sure hope you're all right...),,,유카,"(오빠, 괜찮을까......)",,,由香,（哥哥，沒事吧……）, ,,1,189,28,1,0,0,0,0,0,,Translated
877,森繁,どうして逃げるんだい？, , ,Morishige,Why are you running?,,,모리시게,왜 도망치는 거니?,,,森繁,為什麼要跑呢？, ,,1,138,8,1,0,0,0,0,0,,Translated
878,,　【男子学生用 厠】,　器物を破損せしめた者は厳罰に処す, ,,[Boys' Lavatory],Any and all students responsible for damaging these,facilities will be severely reprimanded.,,　【남학생용 화장실】,기물을 파손한 자는 엄벌에 처한다,,,　【男學生用　廁所】,　損壞設備者將受嚴懲, ,0,0,0,1,0,0,0,0,0,,Translated
879,由香,（か、隠れなくちゃ……）, , ,Yuka,(I-I have to hide...),,,유카,"(수, 숨어야 해......)",,,由香,（得、得躲起來……）, ,,1,155,28,1,0,0,0,0,0,,Translated
880,,床が裂けていて、厠に入る事が出来ません……, , ,,"The floor has completely fallen away here, leaving",the stalls inaccessible.,,,바닥이 꺼져 있어서 화장실에 들어갈 수 없습니다......,,,,地板裂開了，無法進入廁所……, ,,0,0,0,1,0,0,0,0,0,,Translated
881,,地震で床板がずれ、穴が塞がっています。, , ,,The floorboards seem to have shifted during the last,"earthquake, plugging up the hole that blocked your",way earlier.,,"지진으로 바닥이 비틀어져, 구멍이 막혔습니다.",,,,地震使地板移位，洞被堵住了。, ,,0,0,0,1,0,0,0,0,0,,Translated
882,,　封印破りの水晶塊　が砕け散りました。, , ,,The [Crystal of Unsealing] shattered.,,,,봉인해제 수정괴가 깨졌습니다.,,,,【破封印的水晶塊】碎裂四散。, ,,0,0,0,1,0,0,0,0,0,,Translated
883,森繁,何故、逃げるんだい？, , ,Morishige,Why are you running?,,,모리시게,"왜, 도망치는 거니?",,,森繁,為什麼要跑呢？, ,,1,139,8,1,0,0,0,0,0,,Translated
884,森繁,ねぇ、待ってよ……, , ,Morishige,Come on... Wait for me...,,,모리시게,"응, 기다려......",,,森繁,喂，等一下……, ,,1,140,8,1,0,0,0,0,0,,Translated
885,森繁,一緒にお兄ちゃんを探してあげるって、,言ってるのに……, ,Morishige,I said I'd help you find your brother...,,,모리시게,같이 오빠를 찾아준다고,말했는데......,,森繁,我說了一起幫你找哥哥的……, ,,1,141,8,1,0,0,0,0,0,,Translated
886,,　はぁ、はぁ……,　　……はぁ、はぁ……, ,,*gasp* *pant* *pant*,,,,"하아, 하아......","...... 하아, 하아......",,,　呼、呼……,　　　……呼、呼……,,0,174,7,1,1,0,0,0,0,,Translated
887,＊,……刻命！　……刻命じゃないか！, , ,*,...Kizami...?,"Kizami, is it really you?!",,＊,...... 키자미!  ...... 키자미 아냐!,,,＊,……刻命！　……是刻命吧！, ,,1,175,7,1,0,0,0,0,0,,Translated
888,刻命,……黒崎！　お前も、無事だったのか！, , ,Kizami,Kurosaki! You're alive!,,,키자미,...... 쿠로사키!  너도 무사했구나!,,,刻命,……黒崎！　你也沒事啊！, ,,1,215,6,1,0,0,0,0,0,,Translated
889,黒崎,ああ！ ……良かった、, , ,Kurosaki,"You too! Man, are you a sight for sore eyes...",,,쿠로사키,어!  ...... 다행이다,,,黒崎,嗯！　……太好了，, ,,1,176,7,1,0,0,0,0,0,,Translated
890,黒崎,やっと生きてる奴に会えたぜ……,……くそッ……, ,Kurosaki,"Finally, someone else who isn't dead...godforsaken",place that this is...,,쿠로사키,살아있는 녀석을 이제야 보네......,...... 망할......,,黒崎,終於見到活人了……,……可惡……, ,1,177,7,1,0,0,0,0,0,,Translated
891,黒崎,まいったよな……校舎の外も,すげー深い樹海だしよ……, ,Kurosaki,"I was at my wit's end just now, let me tell you.","Outside of this school, there's nothing but trees,",as far as the eye can see.,쿠로사키,난감하게 됐군...... 교사 밖도,엄청 깊은 수해고 말야......,,黒崎,真糟糕啊……校舍外面也是,一片深邃的樹海……, ,1,178,7,1,0,0,0,0,0,,Translated
892,黒崎,外に出ると、迷って、この校舎に,戻ってくる事すら出来なくなるらしい。, ,Kurosaki,"I thought about braving the wilderness, but it seems",like one of those 'forests of the lost' you see in,"video games. Once you enter, you can never leave.",쿠로사키,밖으로 나가면 길을 헤매다,이 교사로 돌아오지 못하게 될 것 같아.,,黒崎,出了外面的話會迷路，,似乎連回到這校舍都做不到。, ,1,179,7,1,0,0,0,0,0,,Translated
893,黒崎,……一体、ここは何処なんだよ！　畜生！,何か、人魂とかいるしよ……, ,Kurosaki,"So what the hell is this place, anyway?! Damn it","all... There are actual, honest-to-goodness ghosts","in here, you know!",쿠로사키,...... 대체 여긴 어디야! 젠장!,웬 도깨비불 같은 것도 있고......,,黒崎,……這裡到底是哪裡啊！　混帳！,還有什麼鬼火之類的……, ,1,180,7,1,0,0,0,0,0,,Translated
894,刻命,もう……帰れないかも知れないな……,俺たち……, ,Kizami,I think we may be stuck here for good. There's no,"way out, for any of us.",,키자미,이젠...... 못 돌아갈지도 몰라......,우리들......,,刻命,也許……已經回不去了……,我們……, ,1,216,6,1,0,0,0,0,0,,Translated
895,黒崎,……お前、見たか？,……隣の部屋で……美月さんが、死んでる……, ,Kurosaki,...Did you see...?,Mitsuki...in the next room...,She's...dead...,쿠로사키,"...... 너, 봤어?","...... 옆방에...... 미츠키가, 죽어 있어......",,黒崎,……你看到了嗎？,……隔壁房間……美月她，死了……, ,1,181,7,1,0,0,0,0,0,,Translated
896,刻命,ああ……見た。, , ,Kizami,Yeah. I saw.,,,키자미,아아...... 봤지.,,,刻命,嗯……看到了。, ,,1,217,6,1,0,0,0,0,0,,Translated
897,黒崎,……俺、ビビっちまってよ……,……人が 一生のうちに, ,Kurosaki,I just don't know how to handle this. I...feel like,there's...a certain number...,,쿠로사키,"...... 난, 지릴 뻔했어......",...... 사람이 평생동안,,黒崎,……我、嚇傻了……,……人一生中, ,1,182,7,1,0,0,0,0,0,,Translated
898,黒崎,目にする『死体』の数が決まってるとしたらさ, , ,Kurosaki,...A certain number of dead bodies a person's,expected to see within his lifetime...,,쿠로사키,보게 되는 『사체』의 수가 정해져 있다면,,,黒崎,如果看到『屍體』的數量是有限的話, ,,1,183,7,1,0,0,0,0,0,,Translated
899,黒崎,もう俺……一生分越えた数の『死体』,見ちまった気がするよ……クソッ。, ,Kurosaki,"And I swear, in the last hour alone, I think I've",far surpassed my quota... Ahhhh...,,쿠로사키,난 벌써...... 평생 보게 될 수를 넘어선 『사체』를,본 것 같아...... 젠장.,,黒崎,我感覺已經……超過了,一輩子該看的數量了……可惡。, ,1,184,7,1,0,0,0,0,0,,Translated
900,黒崎,……美月さん、彼氏に４マタかけられててさ……,昨日、そいつフッたから……朝から元気,なかったんだよ……,Kurosaki,"Just yesterday, Mitsuki dumped her boyfriend after",finding out he was cheating on her with three other,women. She's been really down about it all morning.,쿠로사키,"...... 미츠키, 남친이 네다리를 걸쳐서 말야......","어제, 그 자식을 차서...... 아침부터",기운이 없었어......,黒崎,……美月她，被男朋友劈腿了……,昨天甩了他……所以早上,就沒精神……,1,185,7,1,0,0,0,0,0,,Translated
901,黒崎,……だから俺、授業中に面白メール,一杯送ってやったんだ……, ,Kurosaki,So I sent her stupid text messages during class,to cheer her up.,,쿠로사키,...... 그래서 난 수업 중에 재미있는 문자를,잔뜩 보내줬지......,,黒崎,……所以我上課時，,給她發了好多搞笑簡訊……, ,1,186,7,1,0,0,0,0,0,,Translated
902,黒崎,そしたら休み時間に滅茶苦茶キレられてさ……,……でも次の授業の時に、, ,Kurosaki,She seemed mad about it during study hall...,,,쿠로사키,그랬더니 쉬는 시간에 엄청 열이 받아서는......,그래도 다음 수업 시간에,,黒崎,結果休息時間被她臭罵了一頓……,……但是下一節課時，, ,1,187,7,1,0,0,0,0,0,,Translated
903,黒崎,「アリガト」って、メールくれたんだよ……,……せっかく、元気出してくれたのに……, ,Kurosaki,...but then she sent me a 'thank you' message the,very next period. I think I was actually able to,lift her spirits a little.,쿠로사키,「고마워」라고 문자를 보내줬어......,...... 모처럼 기운을 차렸는데......,,黒崎,她給我發了「謝謝你」……,……好不容易才打起精神……, ,1,188,7,1,0,0,0,0,0,,Translated
904,黒崎,あの、子供の幽霊達に殺されたのかな…ッ？, , ,Kurosaki,"Now, though...she's gone. Killed by actual spirits.",I guess it was those children...,,쿠로사키,그 어린 유령들한테 당한 건가...?,,,黒崎,是被那些小孩幽靈殺死的嗎…？, ,,1,189,7,1,0,0,0,0,0,,Translated
905,黒崎,……　…えっ。　,――！　……はァ？！, ,Kurosaki,...Wh...What... Huh...?,,,쿠로사키,...  ... 어.,!!  ...... 뭐어?!,,黒崎,……　…咦。,――！　……蛤？！,,1,190,7,1,0,0,0,0,0,,Translated
906,黒崎,刻命……お前、……ナニすんだよ……？, , ,Kurosaki,Kizami... What...are you doing...?,,,쿠로사키,키자미...... 너...... 무슨 짓이야......?,,,黒崎,刻命……你……在做什麼……？, ,,1,191,7,1,0,0,0,0,0,,Translated
907,黒崎,…ッグ！, , ,Kurosaki,GLGH!,,,쿠로사키,으윽!,,,黒崎,…呃！, ,,1,192,7,1,0,0,0,0,0,,Translated
908,黒崎,い゛ッ…　で……　…あ……, , ,Kurosaki,Oolgh...nnnnnrrg...oaaahh...,,,쿠로사키,아  파......  .. 아......,,,黒崎,呃…　痛……　…啊……, ,,1,193,7,1,0,0,0,0,0,,Translated
909,黒崎,……ひ…いァァ…　ッアアアァァァァーッ！, , ,Kurosaki,N-No...ooohh...oooooOOOOAAAGGH!!,,,쿠로사키,히... 아아...  으아아아아아아악~!,,,黒崎,……咿…啊啊…　啊啊啊啊啊─！, ,,1,194,7,1,0,0,0,0,0,,Translated
910,黒崎,グァ…！　ギアアァァァァーッ！！, , ,Kurosaki,Nnnggg...gaaAAAAAAAAAAAAAAAAAHHHHHHHHHHHHHHHH!!,,,쿠로사키,으아...! 그아아아아아악~!!,,,黒崎,嘎…！　啊啊啊啊啊──！！, ,,1,195,7,1,1,0,0,0,0,,Translated
911,黒崎,…キ ザ ミ ィィィ！, , ,Kurosaki,KI-ZA-MIII!,,,쿠로사키,... 키자미이이이!,,,黒崎,…刻 命 啊啊！, ,,1,196,7,1,1,0,0,0,0,,Translated
912,刻命,ここでは、, , ,Kizami,Within these walls...,,,키자미,여기에서는,,,刻命,在這裡，, ,,1,218,6,1,0,0,0,0,0,,Translated
913,刻命,アイツらに殺されるのも、,俺に殺されるのも同じだ。, ,Kizami,...it doesn't matter if you're killed by them or,killed by me.,,키자미,그 녀석들한테 죽든,나한테 죽든 똑같아.,,刻命,被那些傢伙殺死，,還是被我殺死都一樣。, ,1,219,6,1,0,0,0,0,0,,Translated
914,刻命,どうせ、死ぬんだからな。, , ,Kizami,Either way...you're dead.,,,키자미,어차피 죽을 테니까.,,,刻命,反正都是要死的。, ,,1,220,6,1,1,1,1,0,0,,Translated
915,,　……扉は鍵穴のないタイプのものですが、,　ガチリと固定され開きません。, ,,"The door doesn't seem like it even has a lock, yet",it's not budging the slightest bit.,,,...... 문은 열쇠 구멍이 없는 타입이지만,딱 고정되어 열리지 않습니다.,,,　……門是沒有鎖孔的類型，,　但固定住打不開。, ,0,0,0,1,0,0,0,0,0,,Translated
916,,　扉の表面には様々な,　紙切れや護摩札が貼り付けられています……, ,,Its entire surface is littered with protective,paper charms.,,,문 표면에는 여러,종잇조각과 부적이 붙어 있습니다......,,,門的表面貼滿了各種,紙片和護符……, ,0,0,0,1,0,0,0,0,0,,Translated
917,,　心霊幽閉　御仏封印,　怨念平癒　安寧祈祷,　結界破ル事禁ズ,,[Spiritual Confinement]    [Buddha's Guardianship],[Banishment of Malice]     [Charm of Exorcism],[Metaphysical Barrier],,심령유폐  어불봉인,원념평유  안녕기원,결계 해제를 금한다,,心靈幽閉　御佛封印,怨念平癒　安寧祈禱,禁止破壞結界,0,0,0,1,0,0,0,0,0,,Translated
918,哲志,何だこりゃ……封印って、中に何かいるのか……？, , ,Satoshi,What the hell...?,Why all the protective seals? Is there...something,inside...?,사토시,"뭐야 이건...... 봉인이라니, 안에 뭔가 있는 건가......?",,,哲志,這是什麼……封印，裡面有什麼嗎……？, ,,1,184,15,1,0,0,0,0,0,,Translated
919,由香,……う…ぅ…。,（ブルブルブル）, ,Yuka,*shiver* *whimper*,,,유카,...... 으... 으......,(덜덜덜),,由香,……嗚…嗚…。,（發抖發抖發抖）,,1,113,28,1,0,0,0,0,0,,Translated
920,哲志,無理するなって……その辺でしてきな。,膀胱痛めちまうぞ。, ,Satoshi,"Look, you really shouldn't hold it this long. It's",bad for the bladder. Why don't you just go in the,corner?,사토시,무리하지 말고...... 이 근처에서 보고 와.,방광 터지겠다.,,哲志,別勉強了……在附近解決吧。,會傷到膀胱的。, ,1,185,15,1,0,0,0,0,0,,Translated
921,由香,……ウン。　 ひっく……ひっく, , ,Yuka,Ooong...rrrrrng...eeh...,,,유카,...... 응. 훌쩍...... 훌쩍.,,,由香,……嗯。　嗚……嗚, ,,1,114,28,1,0,0,0,0,0,,Translated
922,哲志,渡り廊下の、校舎の外なら大丈夫だろう？, , ,Satoshi,"How about outside, then, in the woods along the","walkway? That should be fine, right?",,사토시,"바깥 복도, 교사 밖이라면 괜찮지?",,,哲志,走廊外面的校舍外的話應該沒問題吧？, ,,1,186,15,1,0,0,0,0,0,,Translated
923,由香,……うん。 （コクリ）, , ,Yuka,...Okay!,,,유카,...... 응.  (끄덕),,,由香,……嗯。 （點頭）, ,,1,115,28,1,0,0,0,0,0,,Translated
924,,　扉の表面に貼ってあった,　お札や張り紙が消し飛んでいます……, ,,The protective charms attached to the door have,completely vanished. It's now opening with no,difficulty whatsoever.,,문 표면에 붙어 있던,부적과 종이가 떼어져 날아다닙니다......,,,貼在門表面的護符和紙張消失飛散了……, ,,0,0,0,1,0,0,0,0,0,,Translated
925,刻命,入れそうだね、行って来るかい？, , ,Kizami,Seems usable now. Will you be all right by yourself?,,,키자미,"들어갈 수 있겠는데, 갔다 올래?",,,刻命,看來能進去了，要去嗎？, ,,1,213,6,1,0,0,0,0,0,,Translated
926,由香,んッ…はィ、い…行って来ま…す……, , ,Yuka,Uh-huh... I-I'll be okay.,,,유카,읏... 네... 다... 다녀올... 게요......,,,由香,嗯…是、我…我去…一下……, ,,1,196,28,1,0,0,0,0,0,,Translated
927,刻命,じゃ、ここで待ってるからね。, , ,Kizami,"Get to it, then. I'll be waiting right here for you.",,,키자미,그럼 여기에서 기다리고 있을게,,,刻命,那我在這裡等你。, ,,1,214,6,1,0,0,0,0,0,,Translated
928,由香,ヒ…ｸ　はい…っ, , ,Yuka,Th-Thanks.,,,유카,흐... 윽  네......,,,由香,呼…嗯　好…, ,,1,197,28,1,0,0,0,0,0,,Translated
929,,【女学生用　厠】,　みだりに悪戯をしてはならない、,　発覚の際は厳罰に処す,,[Girls' Lavatory],No unauthorized teasing or trickery. Anyone caught,horsing around will be severely punished.,,【여학생용 화장실】,멋대로 장난을 치지 말 것,발각되면 엄벌에 처한다,,【女學生用　廁所】,　不得隨意惡作劇，,　一旦發現將受嚴懲,0,0,0,1,0,0,0,0,0,,Translated
930,,床が裂けていて、厠に入る事が出来ません……, , ,,"The floor has completely fallen away here, leaving",the stalls inaccessible.,,,바닥이 갈라져 있어서 화장실에 들어갈 수 없습니다......,,,,地板裂開了，無法進入廁所……, ,,0,0,0,1,0,0,0,0,0,,Translated
931,,地震で床板がずれ、穴が塞がっています。, , ,,The floorboards seem to have shifted during the last,"earthquake, plugging up the hole that blocked your",way earlier.,,"지진으로 바닥이 비틀어져, 구멍이 막혔습니다.",,,,地震使地板移位，洞被堵住了。, ,,0,0,0,1,0,0,0,0,0,,Translated
932,,床が裂けていて、厠に入る事が出来ません……, , ,,"The floor has completely fallen away here, leaving",the stalls inaccessible.,,,바닥이 갈라져 있어서 화장실에 들어갈 수 없습니다......,,,,地板裂開了，無法進入廁所……, ,,0,0,0,1,0,0,0,0,0,,Translated
933,,地震で床板がずれ、穴が塞がっています。, , ,,The floorboards seem to have shifted during the last,"earthquake, plugging up the hole that blocked your",way earlier.,,"지진으로 바닥이 비틀어져, 구멍이 막혔습니다.",,,,地震使地板移位，洞被堵住了。, ,,0,0,0,1,0,0,0,0,0,,Translated
934,由香,（こわいなぁ……）, , ,Yuka,(I'm scared...),,,유카,(안 오네......),,,由香,（好可怕……）, ,,1,119,28,1,0,0,0,0,0,,Translated
935,由香,（やっぱりお兄ちゃんに、見ててもらえば,　よかったかな……）, ,Yuka,(Maybe I shoulda let big brother come outside,to keep watch...),,유카,(역시 오빠한테 봐 달라고,할걸했나......),,由香,（果然還是讓哥哥,來幫忙看著就好了……）,,1,120,28,1,0,0,0,0,0,,Translated
936,哲志,う……寒いな…っ,（ブルッ）, ,Satoshi,Brr! It's freezing out here!,,,사토시,으...... 춥다...,(덜덜),,哲志,嗚……好冷…,（發抖）,,1,145,15,1,0,0,0,0,0,,Translated
937,哲志,別館があるとは……結構広いぞ、この学校。, , ,Satoshi,"A second wing, huh? Can't believe the school is",this big...,,사토시,"별관이 있었다니...... 꽤 넓은데, 이 학교.",,,哲志,居然有別館……這學校還真大啊。, ,,1,146,15,1,0,0,0,0,0,,Translated
938,由香,ん…（フルフルフル）, , ,Yuka,*shiver* *strain*,,,유카,응...  (덜덜덜),,,由香,嗯…（抖抖抖）, ,,1,94,28,1,0,0,0,0,0,,Translated
939,哲志,だ、大丈夫か？, , ,Satoshi,A-Are you all right?!,,,사토시,"괘, 괜찮아?",,,哲志,沒、沒事吧？, ,,1,147,15,1,0,0,0,0,0,,Translated
940,由香,……うん、ヘイキ……, , ,Yuka,Uh-huh... I'll be fine.,,,유카,"...... 응, 괜찮아......",,,由香,……嗯、沒事的……, ,,1,95,28,1,0,0,0,0,0,,Translated
941,哲志,（別館にも、職員用とかのトイレが,　あればいいんだが……）, ,Satoshi,(Maybe...there'll be a faculty bathroom in the,second wing...),,사토시,(별관에도 직원용 화장실이,있었으면 좋겠는데......),,哲志,（別館如果有職員用的廁所,就好了……）,,1,148,15,1,0,0,0,0,0,,Translated
942,哲志,（……この柵を越えれば、校舎外に出られそうだな）, , ,Satoshi,"(Seems like we could climb this fence pretty easily,",and get the hell out of here...),,사토시,(...... 이 울타리를 넘으면 교사 밖으로 나갈 수 있겠는걸),,,哲志,（……翻過這個柵欄的話，好像就能到校舍外面了）, ,,1,149,15,1,0,0,0,0,0,,Translated
943,哲志,（……だが何だ、この見渡す限りの樹海は……）, , ,Satoshi,(...but look at these woods! It's like they go on,forever...),,사토시,(...... 하지만 주위에 펼쳐진 수해가......),,,哲志,（……但這片一望無際的樹海是怎麼回事……）, ,,1,150,15,1,0,0,0,0,0,,Translated
944,哲志,（校舎の外周をぐるっと囲んでいるようだな……）, , ,Satoshi,(...and they're completely surrounding this whole,building...),,사토시,(이 교사 주위를 감싸고 있는 것 같아......),,,哲志,（似乎把校舍整個圍住了……）, ,,1,151,15,1,0,0,0,0,0,,Translated
945,哲志,（とにかく、まずはコイツを何とかして,　やらないと……）, ,Satoshi,(I guess now's not the time to be worrying about,"that, anyway. First things first, let's take care",of Yuka's predicament!),사토시,(어쨌든 우선은 이 녀석 볼일을,어떻게 해야 하겠는데......),,哲志,（總之，得先想辦法解決,這傢伙的問題才行……）,,1,152,15,1,0,0,0,0,0,,Translated
946,哲志,よし……行こう。, , ,Satoshi,"Come on, let's go.",,,사토시,좋아...... 가자.,,,哲志,好……走吧。, ,,1,153,15,1,0,0,0,0,0,,Translated
947,由香,はぁ…はぁ　……うん。, , ,Yuka,*pant* *pant*,...Okay...,,유카,하아... 하아  ...... 응.,,,由香,呼…呼　……嗯。, ,,1,96,28,1,0,0,0,0,0,,Translated
948,由香,……た、たかいなぁ……,乗り越えられるかなぁ, ,Yuka,It's...taller than I thought...,...Can I really get over it?,,유카,"노, 높다......",넘을 수 있을까,,由香,……好、好高啊……,能翻過去嗎, ,1,121,28,1,0,0,0,0,0,,Translated
949,由香,よいしょ……, , ,Yuka,Whoopsy...,,,유카,영차......,,,由香,嘿咻……, ,,1,122,28,1,0,0,0,0,0,,Translated
950,由香,ひ…っ！, , ,Yuka,EEEK!!,,,유카,히익...!,,,由香,咿…！, ,,1,123,28,1,0,0,0,0,0,,Translated
951,,　かえして……,　　かえして……, ,,Gihh it back...,  Gihh it back...,,,돌려줘......,돌려줘......,,,還給我……,　　還給我……, ,0,52,22,1,0,0,0,0,0,,Translated
952,,　か゛えじで……！！, , ,,GIHH IT BACK!!,,,,도올려줘......!!,,,,還　給　我……！！, ,,0,53,22,1,1,0,0,0,0,,Translated
953,,　かえして……,　　かえして……, ,,Gihh it back...,  Gihh it back...,,,돌려줘......,돌려줘......,,,還給我……,　　還給我……, ,0,44,22,1,1,1,0,0,0,,Translated
954,,　か゛えじで……！！, , ,,GIHH IT BACK!!,,,,도올려줘......!!,,,,還　給　我……！！, ,,0,45,22,1,1,1,0,0,0,,Translated
955,,　……机に落書きしてあります。, , ,,There are a few sentences scribbled on the surface,of the desk.,,,...... 바닥에 낙서가 있습니다.,,,,　……桌子上有塗鴉。, ,,0,0,0,1,0,0,0,0,0,,Translated
956,,“カオリへ,　床に染み込んだ緑の化けものに,　気をつけろ”,,'Kaori: Be very careful around the green goo,spattered all over the floor. It can kill you.',,,“카오리에게,바닥에 붙은 녹색 괴물을,조심해”,,“給香織,　小心地板上的綠色怪物”, ,0,0,0,1,0,0,0,0,0,,Translated
957,,“ここで出会った霊能師が,　聖水を振った靴を置いて行く。,　……これを履いて、,,"'I ran into a spiritualist here, who left behind",a pair of shoes blessed with holy water.,,,“여기에서 만난 영능사가,성수를 뿌려 둔 신발을 두고 갈게.,...... 이걸 신고,,“在這裡遇到的靈能師,　留下了灑過聖水的鞋子。,　……穿上這雙鞋，,0,0,0,1,0,0,0,0,0,,Translated
958,,“手を繋げば、其処にいる,　者全員があの化け物の,　呪いの影響を受けない”,,"'If one person wears them, and all in attendance","join hands, then -- and only then -- is it safe to",traverse the accursed green goo.',,“손을 잡으면 그 사람들,전원이 녹색 괴물의,저주를 받지 않게 돼”,,“手牽手的話，在場的,　所有人都不會受到那怪物,　的詛咒影響”,0,0,0,1,0,0,0,0,0,,Translated
959,,“痛ましい死体を見る度に、,　心配で気が狂いそうになる,　……どうか死なないでくれ”,,'Whenever I see the sorrowful bodies of those who,"died here, I feel as if I may go mad with worry.","I beg of you, survive these ordeals. Live!'",,“참혹한 사체를 볼 때마다,나도 죽는 건가 하는 생각에 미칠 것만 같아,...... 제발 죽지 마”,,“每次看到悲慘的屍體，,　都擔心到快發瘋,　……請不要死”,0,0,0,1,0,0,0,0,0,,Translated
960,,　机の下に、ぼうっと蒼色に,　光る靴が置いてあります。,　……取りますか？,,"A pair of shoes with a faint, nearly imperceptible",bluish glow catches your eye from under the desk.,Take them?,,책상 아래에 푸른 색으로,은은하게 빛나는 신발이 놓여 있습니다.,...... 가져가겠습니까?,,桌子下放著一雙隱約發出藍光的鞋子。,　……要拿嗎？,,0,0,0,1,0,0,0,0,0,,Translated
961,,はい,いいえ,,,Yes,No,,,네,아니오,,,是,否,,0,255,255,255,255,255,255,255,255,,Translated
962,,魔除けの靴　を取りました。, , ,,Acquired [Blessed Shoes].,,,,액막이 신발을 손에 넣었습니다.,,,,拿到了【驅魔鞋】。, ,,0,0,0,1,0,0,0,0,0,,Translated
963,,扉はがちりと固定されて開きそうにありません……, , ,,The door is completely fixed in place. It won't,budge at all.,,,문은 딱 고정되어 꿈쩍도 하지 않습니다......,,,,門固定住，似乎打不開……, ,,0,0,0,1,0,0,0,0,0,,Translated
964,,“1953年4月寄贈・,　　　海江田ピアノ教室”, ,,Donated April 1953,Kaieda Piano Classroom,,,“1953년 4월 기증,      카이에다 피아노 교실”,,,“1953年4月捐贈・,　　　海江田鋼琴教室”,,0,0,0,1,0,0,0,0,0,,Translated
965,,ピアノの前には、誰もいません……, , ,,There's not a soul to be seen anywhere near the,piano.,,,피아노 앞에는 아무도 없습니다......,,,,鋼琴前空無一人……, ,,0,0,0,1,0,0,0,0,0,,Translated
966,,棚が倒れています。,重くて動かせそうにありません……, ,,The fallen cabinet is blocking your path. It seems,"extraordinarily heavy, and there's glass everywhere.",Climbing over it would probably be a bad idea.,,수납장이 쓰러져 있습니다.,무거워서 꿈쩍도 하지 않습니다......,,,櫃子倒下了。太沉了似乎搬不動……, ,,0,0,0,1,0,0,0,0,0,,Translated
967,刻命,これじゃ通れないな……よし, , ,Kizami,"Well, we're not getting through with this in our",way. So...,,키자미,이래서야 못 가겠는걸...... 좋아,,,刻命,這樣過不去啊……好, ,,1,208,6,1,0,0,0,0,0,,Translated
968,刻命,ふッ！, , ,Kizami,HRNG!!,,,키자미,훗!,,,刻命,喝！, ,,1,209,6,1,1,0,0,0,0,,Translated
969,由香,（すごい……）, , ,Yuka,(Whoa...),,,유카,(굉장하다......),,,由香,（好厲害……）, ,,1,193,28,1,0,0,0,0,0,,Translated
970,,デッサン用の石膏の像が置いてあります……, , ,,"It's a plaster bust, cheap and mass-produced for",use in still-life paintings.,,,데생용 석고상이 놓여 있습니다......,,,,放著素描用的石膏像……, ,,0,0,0,1,0,0,0,0,0,,Translated
971,,  　　　　-3-　　　, , ,, ,     - 3. -,,,  　　　　-3-　　　,,,,  　　　　-3-　　　, ,,0,0,0,1,0,0,0,0,0,,Translated
972,,　んが　　つ　つ　え,し　　　　れ　　みぎ,　ら　　　め　　　よ,,S  R     S  1  M  1  R  M,H  S  E  Y  H  W  D  S  R,   S  F  M  H  B  K  S  O,,  악     상,아        번      오른쪽,  서     째 줄     아봐,,　音　樂　教　室,　桌　子　下　面　第　二　排　右　邊,　從　第　一　排　開　始　找,0,0,0,1,0,0,0,0,0,,Translated
973,由香,！　……お兄ちゃん。, , ,Yuka,Ah!,Big brother...!,,유카,!  ...... 오빠.,,,由香,！　……哥哥。, ,,1,104,28,1,0,0,0,0,0,,Translated
974,哲志,……あ、ああ……見た事ない制服だが、,生身っぽいな……, ,Satoshi,I-I see her...,"I don't recognize the school uniform, but she looks","like a living person, at least...",사토시,"...... 어, 응...... 본 적이 없는 교복인데",살아있나본데......,,哲志,……啊、嗯……沒見過的制服，,但看起來像是活人……, ,1,163,15,1,0,0,0,0,0,,Translated
975,由香,話し掛けてみようよ。, , ,Yuka,We should talk to her!,,,유카,말을 걸어보자.,,,由香,去跟她說話吧。, ,,1,105,28,1,0,0,0,0,0,,Translated
976,哲志,そ、そうだな。, , ,Satoshi,"Y-Yeah, we should...",,,사토시,"그, 그래.",,,哲志,說、說得是啊。, ,,1,164,15,1,0,0,0,0,0,,Translated
977,哲志,あ、あのぉ……, , ,Satoshi,U-Umm...,,,사토시,"저, 저기......",,,哲志,那、那個……, ,,1,165,15,1,0,0,0,0,0,,Translated
978,哲志,俺達は如月学園って学校の,生徒なんだけど……その……, ,Satoshi,We're students from a school called Kisaragi,"Academy...and, uhh...",,사토시,우리들은 키사라기 학원이란 학교,학생인데...... 그게......,,哲志,我們是如月学園的,學生……那個……, ,1,166,15,1,0,0,0,0,0,,Translated
979,哲志,クラスの奴らとおまじないをしていたら……,気を失って, ,Satoshi,...we performed this weird ritual with some of my,"classmates, and lost consciousness...",,사토시,같은 반 애들과 주술을 걸었더니......,정신을 잃고,,哲志,和班上同學一起做了咒語後……,失去了意識，, ,1,167,15,1,0,0,0,0,0,,Translated
980,哲志,気が付くとここに拉致られてたんだが……,……君もかい？, ,Satoshi,"...and when we woke up, we found ourselves trapped",here. Was it the same for you?,,사토시,정신을 차리고 보니 여기로 납치 되었는데......,...... 너도 그래?,,哲志,醒來就被綁架到這裡了……,……你也是嗎？,,1,168,15,1,0,0,0,0,0,,Translated
981,＊,……。, , ,*,...,,,＊,......,,,＊,……。, ,,1,0,0,1,0,0,0,0,0,,Translated
982,哲志,……？,（表情が変わらない……様子がおかしいぞ……）, ,Satoshi,...?,(Her expression isn't changing at all. Something's,wrong...),사토시,......?,(표정에 변화가 없어...... 이상한걸......),,哲志,……？,（表情沒有變化……樣子很奇怪……）,,1,169,15,1,0,0,0,0,0,,Translated
983,,女生徒は、じっと部屋の隅を見据えて,口をパクパクと動かしています……, ,,The female student is staring intently at the corner,"of the room, opening and closing her mouth rapidly",as if chanting an incantation.,,여학생은 가만히 방구석을 바라보며,입을 뻐끔뻐끔 움직이고 있습니다......,,,女學生靜靜地盯著房間角落，,嘴巴一張一合地動著……, ,0,0,0,1,0,0,0,0,0,,Translated
984,由香,……お兄ちゃん（ギュッ）, , ,Yuka,Big brother!,,,유카,...... 오빠 (꼬옥),,,由香,……哥哥（緊抓）, ,,1,106,28,1,0,0,0,0,0,,Translated
985,哲志,あ、ああ……, , ,Satoshi,Y-Yeah...,,,사토시,"그, 그래......",,,哲志,啊、嗯……, ,,1,170,15,1,0,0,0,0,0,,Translated
986,＊,……。, , ,*,...,,,＊,......,,,＊,……。, ,,1,0,0,1,0,0,0,6,0,,Translated
987,＊,けれども私達の存在は,小さな小さな命の融合体, ,*,"...yet in the grand scheme of things, are they not","but a tiny sampling of small, insignificant lives?",,＊,하지만 우리들의 존재는,작디 작은 생명의 융합체,,＊,然而我們的存在,不過是小小的生命融合體, ,1,146,7,1,1,0,0,0,0,,Translated
988,＊,その場に居合わせた鳥達は,いつまでたっても出会えない。, ,*,"These chicks who are nested within, never to be seen",again...washed away by nothingness...,,＊,그곳에 있는 새들은,아무리 시간이 지나도 만날 수 없다.,,＊,身處其中的鳥兒們,永遠無法相遇。, ,1,147,7,1,1,0,0,0,0,,Translated
989,＊,ぼそぼそぼそ……, , ,*,"...rising and falling in a constant stream... Oh,","I do appreciate Sachiko's kind gesture, but any more","will only bring me sadness... Please, no more...",＊,소곤소곤소곤......,,,＊,碎碎念碎碎念……, ,,1,0,0,1,0,0,0,0,1,,Translated
990,, , ｱ…　ｱ…, ,, ,Aaaahhhh...,,,아...  아...,,,, , 啊…　啊…,,0,0,0,1,0,0,0,0,0,,Translated
991,,パレットナイフやペンティングオイルなど、,油彩の画材が収められています。, ,,"It's filled with palette knives, painting oils and",mattes and other various and sundry art supplies.,,,팔레트나이프와 페인팅오일 등,유화 도구가 담겨 있습니다.,,,收納著調色刀和繪畫油等油畫材料。, ,,0,0,0,1,0,0,0,0,0,,Translated
992,,さまざまな色の水彩絵の具が収められています。, , ,,This seems to be where all the watercolor paints,are stored.,,,온갖 색의 수채화 도구가 담겨 있습니다.,,,,收納著各種顏色的水彩顏料。, ,,0,0,0,1,0,0,0,0,0,,Translated
993,哲志,…ぅ… う～ん……,……？　ここは……？, ,Satoshi,Oo-oooh...nnnnnnng... ...Huh...? Wh-Where...?,,,사토시,... 으... 으응~ ......,......?  여긴......?,,哲志,…嗚… 嗯……,……？　這裡是……？,,1,192,15,1,0,0,0,0,0,,Translated
994,哲志,はッ！, ……何だ？　……どうしたんだ、俺……？, ,Satoshi,*gasp* What the... What happened? Where am I?!,,,사토시,핫!,"...... 뭐야?  어떻게 된 거지, 난......?",,哲志,啊！, ……什麼？　……我怎麼了……？,,1,193,15,1,0,0,0,0,0,,Translated
995,哲志,……気を失っていたのか？, , ,Satoshi,Was I...knocked out...?,,,사토시,...... 정신을 잃은 건가?,,,哲志,……是昏過去了嗎？, ,,1,194,15,1,0,0,0,0,0,,Translated
996,哲志,！　由香……由香！！　何処だッ！？, , ,Satoshi,"...Yuka! Yuka, are you there?!",,,사토시,!  유카...... 유카!!  어디 있어!?,,,哲志,！　由香……由香！！　你在哪裡！？, ,,1,195,15,1,0,0,0,0,0,,Translated
997,,床に血塗（まみ）れのＤＶカセットが,落ちています……取りますか？, ,,There's a bloodstained cassette on the floor.,It seems to be from a digital video camera.,Pick it up?,,바닥에 피투성이 DV 카세트가,떨어져 있습니다...... 가져가겠습니까?,,,地板上掉著沾血的ＤＶ卡帶……要拿嗎？, ,,0,0,0,1,0,0,0,0,0,,Translated
998,,はい,いいえ,,,Yes,No,,,네,아니오,,,是,否,,0,255,255,255,255,255,255,255,255,,Translated
999,,　鬼碑忌のミニＤＶテープ を取りました。, , ,,Acquired [Mini-DV Tape].,,,,키비키의 미니 DV 테이프를 얻었습니다.,,,,拿到了【鬼碑忌的迷你ＤＶ卡帶】。, ,,0,0,0,1,0,0,0,0,0,,Translated
1000,,　鬼碑忌　取材①,　2005 11 19,　……と、ラベルに書いてあります。,,The label reads:,[Kibiki Research Data 1 ／ 2005-11-19],,,키비키 취재①,2005 11 19,...... 라고 라벨에 적혀 있습니다.,,　鬼碑忌　採訪①,　2005 11 19,　……標籤上這樣寫著。,0,0,0,1,0,0,0,0,0,,Translated
1001,,■猟奇実話ルポ・実在する,　呪われた学校の過去を,　追った！　……鬼碑忌コウ,,[Strange But True: Stories of the Occult],Chasing Down the Hidden Past of the Cursed School,Building (--It Really Exists!)    by Kou Kibiki,,■ 엽기 실화 르포,실재하는 저주받은 학교의 과거를,파헤친다!  ...... 키비키 코우,,■獵奇紀實報導・追蹤,　真實存在的被詛咒學校的過去！,　……鬼碑忌 幸,0,0,0,1,0,0,0,0,0,,Translated
1002,,読んでみますか？, , ,,Give it a look?,,,,읽어보겠습니까?,,,,要讀讀看嗎？, ,,0,0,0,1,0,0,0,0,0,,Translated
1003,,読まない,読む,,,Don't read it.,Read it.,,,읽지 않는다,읽는다,,,不讀,讀,,0,255,255,255,255,255,255,255,255,,Translated
1004,,　数日の間に、立て続けに,　町内で多数発生していた,　『連続児童失踪事件』は,,"Over the course of several days, a series of",incidents occurred within this town in which,young children disappeared one after another.,,며칠 동안 연거푸,이 지역에 수차례 발생했던,『연속 아동 실종 사건』은,,　幾天之內接連發生的,　鎮上多起,　『連續兒童失蹤事件』,0,245,5,1,0,0,0,0,0,,Translated
1005,,　警察機構の入念な捜査の末,　最悪の形で解決へと向かう, ,,Their whereabouts were ultimately discovered through,"a thorough police investigation, but said findings",were very much a worst case scenario.,,경찰 기구의 엄밀한 수사 끝에,최악의 결과를 맞게 되었다,,,　經過警察機構的仔細搜查後,　以最壞的形式迎向結局。,,0,246,5,1,0,0,0,0,0,,Translated
1006,,　天神小学校の,　開校当初から閉鎖されていた地下室で、,　行方不明になっていた児童３名の亡骸と……,,Three of the missing children were found dead in a,"concealed room beneath Heavenly Host Elementary,",officially unused throughout the school's history.,,텐진초등학교,개교 당초부터 폐쇄되어 있던 지하실에서,행방불명이었던 아동 3명의 유해와......,,　在天神小學校自開校以來便封閉的地下室中，,　發現了失蹤兒童３名的遺體，以及……,,0,247,5,1,0,0,0,0,0,,Translated
1007,,　殺害される直前だったのか,　怯えた様子で座り込む女児１名、, ,,The fourth missing child was thankfully still,"alive, quaking in fear on the ground, presumably",only moments away from demise when police arrived.,,살해되기 직전이었는지,벌벌 떨며 웅크려 있던 여아 1명,,,　似乎是正要被殺害的,　蜷縮著瑟瑟發抖的女童１名，,,0,248,5,1,0,0,0,0,0,,Translated
1008,,　そして,　血まみれの鋏（はさみ）を手に,　放心している……,,Capping off this nightmarish scene was an adult,male member of the school's teaching staff who,seemed to be in a state of confusion.,,그리고,피투성이 가위를 손에 들고,멍하니 있는......,,　還有,　手持染血剪刀,　茫然呆立……,0,249,5,1,0,0,0,0,0,,Translated
1009,,　同校の教員１名が,　発見された。, （1973年 9／18）,,In his hands were a pair of bloodied scissors.,(1973-9-18),,,같은 학교 교원 1명이,발견되었다.,(1973년 9/18),,　該校教員１名，,　被發現。, （1973年 9／18）,0,250,5,1,0,0,0,0,0,,Translated
1010,,　救出された女児の証言から追求は進み、,　男は女児を含む４名の児童の誘拐と, ,,"The surviving elementary school student, after","psychological counseling, gave official testimony",fingering the scissor-man as abductor and murderer.,,구출된 여아의 증언을 듣고 추궁한 끝에,남자는 여아를 포함한 아동 4명 유괴와,,,　根據獲救女童的證詞進一步追查，,　男子承認了包括該女童在內的４名兒童的綁架和,,0,251,5,1,0,0,0,0,0,,Translated
1011,,　殺害を認めたため、,　未成年者拐取・殺害・及び,　死体損壊などの罪で,,The staff member in question was officially charged,with multiple counts of abduction and murder of,"minors, as well as desecration of the dead.",,살해를 인정,"미성년자 유괴, 살해 및",사체 손괴 등의 죄로,,　殺害，,　以未成年者綁架、殺害及,　遺體損壞等罪名,0,252,5,1,0,0,0,0,0,,Translated
1012,,　送検されるも、刑事裁判にて,　心神喪失が認定され無罪、,　医療施設に放り込まれた。,,"He was quickly taken to trial, where an insanity","plea spared him from prison or death, but resulted",in his compulsory admittance to a mental hospital.,,"송검되었으나, 형사 재판에서",심신쇠약이 인정되어 무죄 판결을 받고,의료시설에 들어가게 되었다.,,　被移送法辦，但在刑事審判中,　被認定心神喪失而無罪，,　被送入醫療設施。,0,253,5,1,0,0,0,0,0,,Translated
1013,,　この犯人の巨躯の男は,　同校教師で校長の子息であり、,　生来快活な性質であったが,,"Interestingly, the perpetrator of these crimes was","none other than the school principal's own son, who",was widely renowned for his jovial personality.,,이 거구의 범인은,같은 학교 교장의 아들로,본디 쾌활한 성격이었으나,,　這名身材魁梧的犯人是,　該校教師同時也是校長之子，,　天生性格開朗，,0,254,5,1,0,0,0,0,0,,Translated
1014,,　起因する要素が全く不明の、突発性の脳障害から,　年々教員として弁を振るう事が、, ,,"However, due to a mental ailment of unknown origin,",he'd begun losing his ability to speak little by,little during his years teaching at Heavenly Host.,,원인 불명의 돌발성 뇌장애로 인해,해가 지날수록 교원으로 일하기,,,　但由於原因完全不明的突發性腦障礙，,　作為教師逐年難以,　開口說話，,0,255,5,1,0,0,0,0,0,,Translated
1015,,　困難になっていた。事件の数ヶ月前より、,　別の就職先を探す日々を続けていたが, ,,"Once his speech was all but gone, he began searching","for alternate places of employment, which occupied",him for several months prior to the crime.,,어려워졌다. 사건 수개월 전부터,다른 취직 자리를 알아봤지만,,,　變得困難。從事件發生前幾個月起，,　他每天都忙於尋找新的工作，,,0,0,6,1,0,0,0,0,0,,Translated
1016,,　結果は芳しくなく、日中町内を所在無げに,　フラフラと歩いている所を, ,,"The results of this endeavor were not favorable,","however, and most of his days were spent staggering",idly through the streets.,,"결과는 좋지 않았고, 하루 종일 온 마을을",돌아다니던 모습을,,,　但結果並不順利，,　白天經常被人目擊到,　無所事事地在鎮上閒晃。,0,1,6,1,0,0,0,0,0,,Translated
1017,,　何度も目撃されていたようだ。, , ,,His reputation quickly degraded.,,,,목격한 사람이 많았던 모양이다.,,,,　似乎被多次目擊。, ,,0,2,6,1,0,0,0,0,0,,Translated
1018,,　男は入所後数ヵ月で,　看護医達の隙をついて療養施設から脱走。, ,,Several months after his admittance to the mental,"hospital, he managed to slip past the many nurses",on duty and escape the premises.,,남자는 입소 후 수개월 뒤,간호사들의 눈을 피해 요양 시설에서 탈주.,,,　男子入所後數個月，,　趁看護醫們不注意從療養設施逃脫。,,0,3,6,1,0,0,0,0,0,,Translated
1019,,　天神小学校の地下室に入り込み、,　首を吊って自殺した。, ,,"Immediately upon doing so, he made his way into the","concealed basement room at Heavenly Host Elementary,",where he took his own life by hanging.,,텐진초등학교 지하실에 들어가,목을 매고 자살했다.,,,　闖入天神小學校的地下室，,　上吊自殺。,,0,4,6,1,0,0,0,0,0,,Translated
1020,,　この事件で殺された児童達は、,　殆どが天神小の生徒達だったが, ,,The three children he had killed were all Heavenly,Host Elementary students...,,,이 사건으로 죽은 아이들은,대부분 텐진초 학생이었으나,,,　在這起事件中被殺害的兒童，,　幾乎都是天神小的學生，,,0,5,6,1,0,0,0,0,0,,Translated
1021,,　犯人逮捕時にすんでの所で,　救出された女児は天神小の生徒ではなく、, ,,...but the one girl who was rescued from the gaping,maw of eternal slumber was not.,,,범인 체포 때 가까스로,구출된 여아는 텐진초 학생이 아니었고,,,　但在逮捕犯人時千鈞一髮之際,　被救出的女童並非天神小的學生，,,0,6,6,1,0,0,0,0,0,,Translated
1022,,　事件後、他県に移って行ったとされている。, , ,,"Following her close call, she and her family moved","to another prefecture, far from the memories that",no doubt would have otherwise haunted them forever.,,"사건 후, 다른 현으로 이사를 갔다.",,,,　事件後據說移居到了其他縣。, ,,0,7,6,1,0,0,0,0,0,,Translated
1023,,　悪い噂の立ってしまった天神小学校の不運は,　その後も収まらず、, ,,"Sadly, this was only the beginning of the misfortune","that would hereafter plague the school, which had",already earned itself many an unsettling rumor.,,나쁜 소문이 생기고 만 텐진초등학교의 불운은,그 후에도 계속 이어져,,,　已蒙上惡名聲的天神小學校的不幸，,　此後仍未平息，,,0,8,6,1,0,0,0,0,0,,Translated
1024,,　忍び込んだ変質者による強姦事件や,　自殺の舞台として利用されたため, ,,"Over the next few years, Heavenly Host would","become a stage for countless incidences of rape,",molestation and suicide.,,몰래 숨어든 변질자에 의한 강간 사건이나,자살의 무대로 이용되었던 탓에,,,　因為被潛入的變態者強暴事件和,　作為自殺的舞台而被利用，,,0,9,6,1,0,0,0,0,0,,Translated
1025,,　生徒数が大幅に減り、ついには,　廃校に追い込まれた。,　（1975年11／18）,,With student registration and attendance dwindling,"at an alarming rate in response to these crimes,",the school was eventually shut down. (1975-11-18),,"학생수가 대폭 감소, 끝내",폐교가 결정되었다.,(1975년 11/18),,　學生數量大幅減少，最終,　被迫廢校。,　（1975年11／18）,0,10,6,1,0,0,0,0,0,,Translated
1026,,　当時６０歳になっていた校長は、,　自らの屋敷のふすまや壁、畳などに,　,,The 60-year-old principal at the time had become,"infamous as an eccentric who adorned his walls,",doors and furniture with incomprehensible graffiti.,,당시 60세였던 교장은,"저택의 장지와 벽, 바닥 등에",,,　當時已年屆60歲的校長，,　在自己宅邸的紙門、牆壁、榻榻米上,　,0,11,6,1,0,0,0,0,0,,Translated
1027,,　意味不明の文字の羅列を書き殴るなど,　奇行が目立っていたが、, ,,Even later forensic analysis of the writings,throughout his office could make little sense of,his haphazardly-scribbled enumerations.,,의미를 알 수 없는 글자를 휘갈겨 쓰는 등의,기행을 보여주었는데,,,　寫滿了意義不明的文字排列等,　奇行引人注目，,,0,12,6,1,0,0,0,0,0,,Translated
1028,,　廃校決定のその翌日、天神小の屋根から,　飛び降りて自殺してしまった。, ,,And the day after the school's closure date was,"finalized, this aged eccentric threw himself from",its roof.,,"폐교가 결정된 그 다음 날, 텐진초 지붕에서",떨어져 자살하고 말았다.,,,　在廢校決定的第二天，,　從天神小的屋頂,　跳下自殺了。,0,13,6,1,0,0,0,0,0,,Translated
1029,,　首の骨を折り、即死だったようだ。, , ,,"He broke his neck on impact, dying instantly.",,,,목뼈가 부러져 즉사한 모양이다.,,,,　頸骨折斷，似乎是當場死亡。, ,,0,14,6,1,0,0,0,0,0,,Translated
1030,,　……酸鼻極まる事件である。,　私はこの一連の事件の影に,　人智を超えた力の動き、,,"As you can clearly discern, the sordid history of",this school is indeed awful -- but there may be more,to it than merely a series of unfortunate incidents.,,...... 정말 처참한 사건이다.,나는 이 일련의 사건 뒤에,상식을 뛰어넘은 힘의 작용,,　……實在是駭人聽聞的事件。,　我在這一連串事件的陰影中,　看到了超越人類智慧的力量運作，,0,15,6,1,0,0,0,0,0,,Translated
1031,,　巨大なる呪詛の側面を見ている。,　……鍵を握る人物はやはり、, ,,A power greater than any of us can comprehend may be,"acting as puppeteer from the shadows, maintaining an","actual, tangible curse upon this property.",,거대한 저주의 측면이 있다고 보고 있다.,...... 열쇠를 쥔 인물은 역시,,,　巨大的詛咒面相。,　……掌握關鍵的人物果然還是，,,0,16,6,1,0,0,0,0,0,,Translated
1032,,　現場で同い年の子供達が惨殺されるのを,　目撃してしまった不幸なる生存者……, ,,And the key to it all lies with the sole survivor --,the girl who bore witness to the brutal murders and,mutilations of three children no older than she.,,현장에서 같은 나이 아이들이 참살당하는 것을,목격하고 만 불행한 생존자......,,,　在現場目擊同年齡孩子們慘遭殺害的,　不幸倖存者……,,0,17,6,1,0,0,0,0,0,,Translated
1033,,　事件を生き残った赤い服の少女だ。, , ,,The girl in the red dress. The one who got away.,,,,사건에서 살아남은 붉은 옷을 입은 소녀다.,,,,　在事件中倖存下來的穿紅衣的少女。, ,,0,18,6,1,0,0,0,0,0,,Translated
1034,,　怪奇事件ルポライターの私が、機会を頂いた,　本誌での連載は始まったばかり。, ,,My investigation into the supernatural side of this,horrific massacre is only just beginning. Rest,"assured, I intend to make this a regular feature.",,"기괴 사건 르포 라이터인 내가, 기회를 얻어",이제 막 본지에 연재를 시작하게 되었는데,,,　作為怪奇事件報導記者的我，,　獲得了在本刊連載的機會，才剛剛開始。,,0,19,6,1,0,0,0,0,0,,Translated
1035,,　このまま追跡取材を進めてみたいと思う。,　続報に期待していて欲しい。, ,,"I've begun gathering data for a follow-up report,",so stay tuned: The next issue promises to uncover,more details in this morbidly fascinating story...,,이대로 계속 추적 취재를 진행할 예정이다.,속보를 기대하기 바란다.,,,　我想繼續進行追蹤採訪。,　敬請期待後續報導。,,0,20,6,1,0,0,0,0,0,,Translated
1036,哲志,この事件……一人女の子が助かっていたのか,……しかもこの写真――, ,Satoshi,"According to this article, one girl survived the",murders...but if this photograph is correct...,,사토시,이 사건...... 소녀 한 명은 구출된 건가.,...... 게다가 이 사진,,哲志,這起事件……有一個女孩倖存了下來,……而且這張照片――,,1,196,15,1,0,0,0,0,0,,Translated
1037,哲志,さっき見かけた、赤い服を着た,女の子の幽霊じゃないか。, ,Satoshi,...then it's that same girl in the red dress we saw,earlier.,,사토시,"좀 전에 봤던, 붉은 옷을 입은",여자아이 유령 아냐.,,哲志,不是剛才看到的，穿紅衣服的,女孩幽靈嗎。,,1,197,15,1,0,0,0,0,0,,Translated
1038,哲志,……どうして殺されなかった子まで一緒に、,此処に幽霊となって存在しているんだ？, ,Satoshi,Why would someone who wasn't killed here be haunting,the school...?,,사토시,...... 왜 죽지 않은 애까지,유령이 되어 여기에 나타나는 거지?,,哲志,……為什麼連沒被殺害的孩子也,　會以幽靈的形態存在於此？,,1,198,15,1,0,0,0,0,0,,Translated
1039,,【天神小学校 閉校日 決定】,　1975年11月18日, ,,-- Heavenly Host Elementary School Closure Date --,                   1975-11-18,,,【텐진초등학교 폐교일 결정】,1975년 11월 18일,,,【天神小學校 閉校日 決定】,　1975年11月18日,,0,0,0,1,0,0,0,0,0,,Translated
1040,,【天神小学校 校長／,　　　柳堀隆峰　近影】, ,,[Photograph of Principal Takamine Yanagihori],,,,【텐진초등학교 교장/,야나기호리 타카미네】,,,【天神小學校 校長／,　　　柳堀隆峰　近照】,,0,0,0,1,0,0,0,0,0,,Translated
1041,,扉はがちりと固定されて、開きそうにありません……, , ,,The door is completely fixed in place. It won't,budge at all.,,,문은 딱 고정되어 꿈쩍도 하지 않습니다......,,,,門固定住，似乎打不開……, ,,0,0,0,1,0,0,0,0,0,,Translated
1042,哲志,……くっ、閉じ込められたのか……, , ,Satoshi,Damn... Looks like I'm locked in.,,,사토시,"...... 큭, 갇힌 건가......",,,哲志,……可惡，被關住了嗎……, ,,1,201,15,1,0,0,0,0,0,,Translated
1043,＊,大切な人を案ずる想い……それゆえ受ける,痛みや苦しみは, ,*,To worry so much for another's well-being that it,torments you to the core...,,＊,소중한 사람을 생각하는 마음...... 그로 인해 받게 되는,아픔과 고통은,,＊,擔心重要之人的心情……與之相伴的,痛苦和悲傷是, ,1,32,9,1,0,0,0,0,0,,Translated
1044,＊,死者にも生者にも隔てなく与えられる,美しい聖痕……, ,*,It's an exquisite stigmata that afflicts the living,and the dead alike.,,＊,죽은 자든 산 자든 구별 없이 주어지는,아름다운 성흔......,,＊,不分死者與生者都會給予的,美麗聖痕……, ,1,33,9,1,0,0,0,0,0,,Translated
1045,哲志,？　君は……,（うっ……死んだ魚のように目が濁っている……）, ,Satoshi,Uhh... And you are?,"(Ulgh, her eyes are so cloudy...like a dead fish...)",,사토시,?  너는......,(윽...... 죽은 생선처럼 눈이 탁해......),,哲志,？　你是……,（嗚……眼神像死魚一樣混濁……）,,1,202,15,1,0,0,0,0,0,,Translated
1046,＊,私は……ここで死んだ、幽霊です。, , ,*,I'm...the spirit of a girl who died here.,,,＊,"저는...... 여기에서 죽은, 유령입니다.",,,＊,我是……死在這裡的幽靈。, ,,1,34,9,1,0,0,0,0,0,,Translated
1047,哲志,……そ、そうか……,何て言ったら良いのかわからないが, ,Satoshi,O-Okay...,I'm...really not sure how to respond to that.,,사토시,"...... 그, 그래......",무엇부터 말하면 좋을지 모르겠지만,,哲志,……是、是嗎……,雖然不知道該說什麼才好, ,1,203,15,1,0,0,0,0,0,,Translated
1048,＊,幸せと不幸は隣り合せ……,安易に幸福を得ようとするには、,それなりのリスクが伴うもの。,*,Happiness and unhappiness are linked. Whenever one,"attempts to gain good fortune with little effort,",there is always a risk.,＊,행복과 불행은 서로 인접한 것......,안이하게 행복을 얻으려 하면,그에 상응하는 리스크가 따르는 법.,＊,幸福與不幸相鄰……,想要輕鬆獲得幸福的話，,就會伴隨相應的風險。,1,35,9,1,0,0,0,0,0,,Translated
1049,哲志,……？　何を……言ってるんだ？, , ,Satoshi,...What...are you trying to say?,,,사토시,......?  무슨...... 말이야?,,,哲志,……？　你在……說什麼？, ,,1,204,15,1,0,0,0,0,0,,Translated
1050,＊,あなた方がこの学校に閉じ込められたのは,幸せのサチコさんを行なって失敗したからです。, ,*,You and your friends have become trapped in this,school because you performed the Sachiko Ever After,charm...and messed it up.,＊,당신이 이 학교에 갇힌 것은,행복의 사치코씨를 하다가 실패했기 때문입니다.,,＊,你們被困在這所學校裡，,是因為執行了幸運的サチコ小姐…但失敗了。,,1,36,9,1,0,0,0,0,0,,Translated
1051,哲志,サチコさん……ああ、最後にみんなでやった……,……失敗だって？, ,Satoshi,Sachiko... You mean that paper doll thing we all,did? How did we mess it up?,,사토시,"사치코씨...... 아아, 마지막에 모두 함께 했던......",...... 실패라고?,,哲志,サチコ小姐……啊，最後大家一起做的那個……,……失敗了？,,1,205,15,1,0,0,0,0,0,,Translated
1052,＊,誰かが、唱える回数を増やしたか減らしたか……,人数分、正しく唱えなかったのです。, ,*,"One of you chanted the phrase too many times,",or too few. The number of participants determines,the number of repetitions that must be spoken.,＊,누군가가 말하는 횟수를 틀렸거나......,사람 수만큼 말하지 않았기 때문입니다.,,＊,有人念的次數多了一次或少了一次……,沒有按照人數正確地念。,,1,37,9,1,0,0,0,0,0,,Translated
1053,＊,誰かが。, , ,*,And somebody goofed.,,,＊,누군가가.,,,＊,有人。, ,,1,38,9,1,0,0,0,0,0,,Translated
1054,哲志,……っ, , ,Satoshi,*gasp*,,,사토시,...... 윽,,,哲志,……, ,,1,206,15,1,0,0,0,0,0,,Translated
1055,あゆみ,ちゃんと９回、唱えた？, , ,Ayumi,Everybody said it nine times?,,,아유미,제대로 9번 말했어?,,,あゆみ,都有確實念九次嗎？, ,,1,9,1,1,0,0,0,0,0,,Translated
1056,あゆみ,『サチコさんお願いします』を、９回だよ。, , ,Ayumi,"'Sachiko, we beg of you.' Nine times.", ,,아유미,『사치코씨 부탁합니다』 9번이야.,,,あゆみ,『サチコ小姐拜託了』，九次哦。, ,,1,8,1,1,0,0,0,0,0,,Translated
1057,あゆみ,唱える回数が、人数より多かったり少なかったりすると,……失敗しちゃうらしいからね。, ,Ayumi,You have to say it one time for every person,"present. No more, no less, or the charm will fail.",,아유미,사람 수보다 횟수가 많거나 적으면......,실패하게 되니까.,,あゆみ,如果唸的次數比人數多或少的話,……好像就會失敗。,,1,7,1,0,0,0,0,0,0,,Translated
1058,哲志,（俺は……確かに９回、しっかり唱えたハズだ……）, , ,Satoshi,(I'm pretty sure...it wasn't me. I remember saying,it nine times.),,사토시,"(나는...... 분명 9번, 제대로 말했어......)",,,哲志,（我……確實是念了九次……）, ,,1,207,15,1,0,0,0,0,0,,Translated
1059,哲志,（……誰か、失敗したのか？,　そのせいで……　いや） , ,Satoshi,(So did someone else mess up? And is that why...?,No...),,사토시,(...... 누군가가 실패한 건가?,그 때문에...... 아니),,哲志,（……有人失敗了嗎？,　因為那個……不）, ,1,208,15,1,0,0,0,0,0,,Translated
1060,哲志,（そうじゃない……違う）, , ,Satoshi,"(No, I'm not going to start placing blame.)",,,사토시,(그게 아냐...... 아닐 거야),,,哲志,（不是那樣的……不對）, ,,1,209,15,1,0,0,0,0,0,,Translated
1061,哲志,（こんな事態……誰かのせい、じゃない）, , ,Satoshi,(This...wasn't anyone's fault.),,,사토시,(이 사태는...... 누군가의 탓이 아냐),,,哲志,（這種事態……不是任何人的錯）, ,,1,210,15,1,0,0,0,0,0,,Translated
1062,＊,……ワザと、かも。,お友達の誰かが、面倒で適当に唱えたか, ,*,It may have been on purpose.,One of your friends probably thought the whole thing,"was silly, and just didn't even bother to count.",＊,"...... 일부러, 그런 걸지도.",친구 중 누군가가 귀찮아서 대충했거나,,＊,……也許是故意的。,你的朋友中有人覺得麻煩隨便念了, ,1,39,9,1,0,0,0,0,0,,Translated
1063,＊,あるいは、もっと遊びたくて……,簡単に終らないように、失敗したか, ,*,Or maybe a misguided member of your group didn't,"want the fun to end, and knowingly flubbed the",charm in a vain attempt at prompting a do-over.,＊,더 놀고 싶어서......,그냥은 끝나지 않도록 실패했거나,,＊,或者，想玩得更久……,為了不讓遊戲簡單結束而故意失敗, ,1,40,9,1,0,0,0,0,0,,Translated
1064,哲志,！　……なっ, , ,Satoshi,*gasp* No...,,,사토시,!  ...... 뭐,,,哲志,！　……什麼, ,,1,211,15,1,0,0,0,0,0,,Translated
1065,＊,ワザとでなくても、いい加減な性質の人なら,失敗しても考えそうですわね。, ,*,"Even if it wasn't on purpose, some of your friends","have a tendency not to take things very seriously,",no? It's not inconceivable that they'd mess up...,＊,"일부러 그러지 않았더라도, 성격이 그런 사람이면",실패하더라도 이렇게 생각하겠죠.,,＊,即使不是故意的，如果是個性隨便的人,失敗了也會這樣想吧。, ,1,41,9,1,0,0,0,0,0,,Translated
1066,＊,ま　ぁ　い　い　や、バ　レ　な　い,…って。, ,*,"...and just say, 'Oh well! It's not like I'll ever",be found out!'...,,＊,"뭐  됐  다,  안  들  키  겠  지",... 라고.,,＊,算　了　啦，不　會　被　發　現,…的。, ,1,42,9,1,0,1,0,0,0,,Translated
1067,＊,こんな恐ろしい出来事に発展するとも知らずに……,フフフッ, ,*,...without even realizing that their actions would,ultimately damn you all. Heeheehee!,,＊,이런 무서운 사건으로 발전할 줄도 모르고......,후후훗,,＊,完全不知道會發展成如此可怕的事……,呼呼呼, ,1,43,9,1,0,0,0,0,0,,Translated
1068,＊,誰も申告しなかったのでしょう？,失敗した、ゴメンナサイって。, ,*,"No one's owned up to it, right? Not a single one of","your friends has said to you, 'I screwed up! I'm",so very sorry!',＊,아무도 말 안 했죠?,"“실패했어, 미안해.”라고",,＊,誰都沒有承認吧？,對不起我失敗了。, ,1,44,9,1,0,0,0,0,0,,Translated
1069,哲志,……いい加減にしてくれ！, , ,Satoshi,Shut the hell up already!,,,사토시,...... 적당히 해!,,,哲志,……夠了！, ,,1,212,15,1,0,0,0,0,0,,Translated
1070,＊,クスクスクス……ごめんなさい……,つい色んな可能性を考えてしまうのです。, ,*,*giggle* My apologies. I've proposed far too many,"likely scenarios, it seems.",,＊,쿡쿡쿡...... 미안해요......,그저 여러 가능성이 생각나서요.,,＊,嘻嘻嘻……對不起……,只是忍不住想了各種可能性。, ,1,45,9,1,0,0,0,0,0,,Translated
1071,＊,職業柄かしら……？　もうペンはとっくに,折ったハズなのですけれど。, ,*,Perhaps it's the nature of my job. I have long,"since abandoned my writings, after all.",,＊,직업병인가......?  이미 펜은,꺾은지 오래지만요.,,＊,也許是職業病吧……？　明明早該,放下筆了才是。, ,1,46,9,1,0,0,0,0,0,,Translated
1072,＊,あなたは……まだ持っているようですね。,『おまじない』の切れ端を……, ,*,"You do...still have your scrap of paper doll, no?",,,＊,당신은...... 아직 가지고 있는 모양이군요.,『주술』의 조각을......,,＊,你……似乎還留著呢。,『咒語』的碎片……, ,1,47,9,1,0,0,0,0,0,,Translated
1073,＊,……。それをしっかり手に握って、,想ってみて下さい。, ,*,"Be sure you hang onto that, and hang on tight.",Treat it like a memento.,,＊,...... 그걸 손으로 꽉 쥐고,생각해 보세요.,,＊,……。緊緊握住它，,試著去想念。, ,1,48,9,1,0,0,0,0,0,,Translated
1074,＊,貴方の、大事な人達のこと。, , ,*,A memento...of those who are dear to you.,,,＊,당신의 소중한 사람들을.,,,＊,你所重視的人們。, ,,1,49,9,1,0,0,0,0,0,,Translated
1075,哲志,え……とその、すまない。俺 急いでるんだ。, , ,Satoshi,"Umm...s-sorry to cut this short, but I'm in a bit",of a hurry here.,,사토시,"으음...... 저기, 미안. 나 서둘러야 해서.",,,哲志,呃……那個，抱歉。我在趕時間。, ,,1,213,15,1,0,0,0,0,0,,Translated
1076,哲志,妹の姿が見えないんだよ。,……他の奴らも見つけないと。, ,Satoshi,I seem to have gotten separated from my little,sister...and there are still some other people,"I need to find, too.",사토시,여동생이 안 보여서 말야.,...... 다른 녀석들도 찾아야 하고.,,哲志,妹妹不見了。,……也得找到其他人。, ,1,214,15,1,0,0,0,0,0,,Translated
1077,＊,心配するキモチ、心を掻き乱す衝動……,それでいいのです。, ,*,Such concern for your friends...and all the impulses,"that go with it, spurring the heart into action...",It's a truly noble sentiment.,＊,"걱정하는 마음, 마음을 어지럽히는 충동......",그걸로 충분합니다.,,＊,擔心的心情、擾亂內心的衝動……,這樣就好了。, ,1,50,9,1,0,0,0,0,0,,Translated
1078,＊,お呪（まじな）いとは、人が人を想うキモチ、,心、そのもの……, ,*,"That's all charms really are, you know.",They represent one's regards for other people.,They're like microcosms of the soul...,＊,"주술이란, 사람이 사람을 생각하는 마음",그 자체......,,＊,咒語就是人思念人的心情，,心本身……, ,1,51,9,1,0,0,0,0,0,,Translated
1079,＊,――それが愛情であれ憎しみであれ――,想いが強ければ強いほど、, ,*,"Whether it be love or hate, all you need is",a truly strong emotion to set them off.,,＊,그것이 애정이든 증오든,마음이 강하면 강할수록,,＊,――無論那是愛情還是憎恨――,思念越強烈，, ,1,52,9,1,0,0,0,0,0,,Translated
1080,＊,呪（まじな）いはパワーを発揮するのです……, , ,*,"The stronger it is, the more powerful the charm.",,,＊,주술은 힘을 발휘할 것입니다......,,,＊,咒語就越能發揮力量……, ,,1,53,9,1,0,0,0,0,0,,Translated
1081,＊,ブツブツブツ…, , ,*,Splend...mans...hook...,,,＊,중얼중얼중얼...,,,＊,碎碎念碎碎念…, ,,1,54,9,1,1,0,0,0,0,,Translated
1082,哲志,（……！？　熱い！）,　ま、待ってくれ、一体何をしているんだ？, ,Satoshi,(...I'm burning up!),"W-Wait, hold on... What are you...?!",,사토시,(......!?  뜨거워!),"자, 잠깐만, 대체 뭐하는 거야?",,哲志,（……！？　好燙！）,等、等一下，你到底在做什麼？,,1,215,15,1,0,0,0,0,0,,Translated
1083,＊,ブツブツブツ…, , ,*,Frigide...tsui...ball...,,,＊,중얼중얼중얼...,,,＊,碎碎念碎碎念…, ,,1,55,9,1,1,0,0,0,0,,Translated
1084,哲志,（体が、焼けるように熱い……！）,　おい！　やめろ……やめてくれ！, ,Satoshi,(It feels like my body's on fire...),"Stop this... Please, stop!",,사토시,(몸이 타들어가듯 뜨거워......!),야! 그만해...... 그만하라고!,,哲志,（身體像燃燒一樣燙……！）,喂！　住手……快住手！,,1,216,15,1,0,0,0,0,0,,Translated
1085,＊,ブツブツブツ…, , ,*,Ball...tsui...frigide...,Hook...mans...splend...,,＊,중얼중얼중얼...,,,＊,碎碎念碎碎念…, ,,1,56,9,1,1,0,0,0,0,,Translated
1086,＊,私達の邪魔をする者は許しません……,苦しみ抜くといいわ……！, ,*,We will not allow anyone to stand in our way.,Those who do will suffer without mercy.,,＊,우리들을 방해하는 자는 용서하지 않겠습니다......,괴로움에 몸부림치세요......!,,＊,我們不會原諒妨礙我們的人……,你就好好受苦吧……！,,1,57,9,1,0,0,0,0,0,,Translated
1087,＊,逝きなさい、想い人のもとへ……, , ,*,Now go. Go to the one who occupies your thoughts...,,,＊,"가세요, 그 사람 곁으로......",,,＊,去吧，去你想念的人身邊……, ,,1,58,9,1,0,1,1,0,0,,Translated
1088,＊,もう、遅いかも知れませんけど……,クスクスクス, ,*,...though you probably won't make it in time...,Ahahahahaha! Ahahahahaha! Ahahahahaha!,,＊,이미 늦은 걸지도 모르겠지만......,쿡쿡쿡,,＊,雖然也許已經太遲了……,嘻嘻嘻, ,1,59,9,1,0,0,0,0,0,,Translated
1089,,■Chapter4へ続く, , ,, ,[Continued in Chapter 4],,,■Chapter4에서 계속,,,,■待續第四章, ,,0,0,0,1,0,0,0,0,0,,Translated
1090,,　棚の中に、学校創立記念の楯が置いてあります。, , ,,There's a plaque inside the case commemorating the,school's establishment.,,,수납장 안에 학교 창립 기념 방패가 놓여 있습니다.,,,,櫃子裡放著學校創立紀念的牌匾。, ,,0,0,0,1,0,0,0,0,0,,Translated
1091,,　血の付いた手で愛しそうに触ったような跡が、,　べたべたと付着しています……, ,,It's covered in bloody handprints as if someone,were frantically caressing it.,,,피묻은 손으로 사랑스럽게 어루만진 듯한 자국이,덕지덕지 묻어 있습니다......,,,沾血的手像是深情撫摸過的痕跡，,黏糊糊地附著著……, ,0,0,0,1,0,0,0,0,0,,Translated
1092,,　ぼろぼろになった書類やスクラップが、,ぎっしりと詰め込まれています……, ,,It's haphazardly crammed to bursting with crumpled-,"up documents, newspaper clippings and scrap paper.",,,너덜너덜해진 서류와 스크랩이,가득 담겨 있습니다......,,,塞滿了破爛的文件和剪報……, ,,0,0,0,1,0,0,0,0,0,,Translated
1093,,【相次ぐ不祥事】,　問われる校長の責任, ,,[School Scandals Continue],Principal Questioned on Liability,,,【잇따르는 불상사】,문책당하는 교장의 책임,,,【接連不斷的醜聞】,　追究校長的責任,,0,0,0,1,0,0,0,0,0,,Translated
1094,,【“呪われた学校”と揶揄】,　天神小でこれまでに起こった、,　凄惨な事件の数々,,[A Cursed School?],The Many Grisly Happenings at Heavenly Host,,,【“저주받은 학교”라고 야유】,여태껏 텐진초에서 일어난,처참한 사건들,,【被嘲諷為“被詛咒的學校”】,　天神小至今發生的,　慘烈事件無數,0,0,0,1,0,0,0,0,0,,Translated
1095,,【天神小学校で保険医　謎の失踪】,……, ,,[School Nurse Reported Missing],,,,【텐진초등학교에서 보건선생님  의문의 실종】,......,,,【天神小學校保健醫　神秘失蹤】,……, ,0,0,0,1,0,0,0,0,0,,Translated
1096,,＊生徒児童　受け入れ先,　一覧表……, ,,[Inventory of Incoming Students],,,,* 학생 수용처,일람표......,,,＊學生兒童　接收學校,　一覽表……, ,0,0,0,1,0,0,0,0,0,,Translated
1097,,　大嶋小学校　男子21名,　緋ノ本小学校　女子10名,　庇護里学校　男子13名,,Oojima Elementary                       21 boys,Hinomoto Elementary                     10 girls,Caring Village Montessori                 13 boys,,오지마초등학교  남자 21명,히노모토초등학교  여자 10명,히고사토학교  남자 13명,,大嶋小學　男生21名,　緋之本小學　女生10名,　庇護里學校　男生13名,0,0,0,1,0,0,0,0,0,,Translated
1098,,　大庄西小学校　女子18名,　慈愛の園学園　女子6名,　………,,Ooshou West Elementary                  18 girls,Amour Gardens Academy                   6 girls,...,,오쇼 서 초등학교  여자 18명,자애의 정원 학원  여자 6명,.........,,大庄西小學　女生18名,　慈愛園學園　女生6名,　………,0,0,0,1,0,0,0,0,0,,Translated
1099,,　女生徒の死体が横たわっています……,　胸元に名札が見えます。, ,,The remains of a female student are sprawled out on,the ground here. Her student ID name tag is still,pinned to her breast pocket.,,여학생 사체가 누워 있습니다......,가슴에 명찰이 보입니다.,,,一具女學生的屍體躺在地上……,　胸前有名牌。, ,0,0,0,1,0,0,0,0,0,,Translated
1100,,■天神小連絡通紙■,　部外者闖入(ちんにゅう)による自殺が,　昨晩発生。,,[Heavenly Host Bulletin],An individual unaffiliated with the school broke,into the building last night and killed himself.,,■ 텐진초 연락 통지 ■,어젯밤 외부인이 몰래 들어와,자살한 사건이 발생.,,■天神小連絡通紙■,　昨晩發生外來者闖入,　自殺事件。,0,0,0,1,0,0,0,0,0,,Translated
1101,,　これで三件目となる。,　今回は隣県に住む７２歳の,　独身男性……,,This is the third such incident. The deceased was,a 72-year-old single male from a neighboring,prefecture.,,이것으로 3건째다.,이번엔 옆 현에 사는 72세의,독신 남성......,,　這是第三起。,　這次是住在鄰縣的72歲,　單身男性……,0,0,0,1,0,0,0,0,0,,Translated
1102,,【犠牲者の手記】（５／５）,　　……読みますか？, ,,[Victim's Memoirs],(5／5),,,【희생자의 수기】 (5/5),...... 읽겠습니까?,,,【犧牲者的手記】（５／５）,　　……要閱讀嗎？,,0,0,0,1,0,0,0,0,0,,Translated
1103,,読まない,読む,,,Don't read it.,Read it.,,,읽지 않는다,읽는다,,,不讀,讀,,0,255,255,255,255,255,255,255,255,,Translated
1104,,　……,　私はもう死ぬみたい, ,,...,"Looks like I'll be dying soon, so I'm going to try","to keep my fingers steady, just this one last time.",,......,나는 이제 죽을 모양이다,,,　……,我似乎快要死了,,0,0,0,1,0,0,0,0,0,,Translated
1105,,　どんどん血が抜けて寒くなって来た……,　なんかもう、目もよく見えない, ,,"The bleeding never stopped, and I'm getting colder",and colder. I can barely see.,,,피가 계속 빠져나가서 추워졌다......,이젠 눈도 잘 안 보인다,,,　血不斷流失，身體越來越冷……,　眼睛也快看不清了,,0,0,0,1,0,0,0,0,0,,Translated
1106,,　どうしても会えなかったな,　こんな時に限って、,　出て来てくれないんだから,,"In the end, we never did find one another here. And",unless you magically pop out of the shadows real,"soon, we never will.",,만나고 싶었는데,하필 이럴 때,나와주지 않는다니까,,　終究還是沒能見到面,　偏偏在這種時候,　不出現呢,0,0,0,1,0,0,0,0,0,,Translated
1107,,　光春君, , ,,Mitsuharu...,,,,미츠하루 군,,,,　光春同學, ,,0,0,0,1,0,0,0,0,0,,Translated
1108,,　君はいつも私の理想, , ,,I've always idolized you.,,,,언제나 넌 나의 이상,,,,　你一直是我的理想, ,,0,0,0,1,0,0,0,0,0,,Translated
1109,,　いつも私の想像を,　追い越して、一歩先で,　笑って待っていてくれた,,You constantly surpassed me in every way...always,"one step ahead, no matter what we were doing.",,,언제나 내 상상을,"뛰어 넘어, 한발 앞서",웃으며 기다려 주었지,,　總是超越我的想像，,　領先一步,　笑著等我,0,0,0,1,0,0,0,0,0,,Translated
1110,,　君はきっと今度も,　私の前に出て来てくれると,　信じていたのに,,"I kept telling myself that at some point, I'd turn",a corner and you'd be there.,,,넌 분명 이번에도,내 앞에 나타나 줄 거라,믿었는데,,　明明相信這次,　你也一定會,　出現在我面前,0,0,0,1,0,0,0,0,0,,Translated
1111,,　私の脳が君の出てくるのを,　拒否しているようだ, ,,But I knew better. My brain knew better. My brain,rejected that notion from the beginning.,,,나의 뇌가 네 출현을,거부하고 있나봐,,,　我的大腦似乎,　在拒絕你的出現, ,0,0,0,1,0,0,0,0,0,,Translated
1112,,　死んでも夢が見れたなら, , ,,"If I should dream in death, though...",,,,죽어서도 꿈을 꿀 수 있다면,,,,　如果死後也能做夢的話, ,,0,0,0,1,0,0,0,0,0,,Translated
1113,,　いつも通り、出て来て,　くれるよね, ,,...then I know I'm going to see you when I turn,"this next corner, like I've been praying for all",this time.,,여느 때처럼,나와 줄 거지,,,　你一定會像平時一樣,　出現,　對吧,0,0,0,1,0,0,0,0,0,,Translated
1114,,　いつものように、,　ふざけっこしようね, ,,We can beat up on each other like we used to.,,,,여느 때처럼,장난을 치자,,,　像平時一樣，,　互相打鬧吧,,0,0,0,1,0,0,0,0,0,,Translated
1115,,　ひとりにもどるのは、,　もういや, ,,And I'll never have to be alone again...,,,,혼자로 돌아가는 건,이제 싫어,,,　再也不想,　回到孤單一人了,,0,0,0,1,0,0,0,0,0,,Translated
1116,哲志,くっ……なんだ……、頭が……ぐぅッ, , ,Satoshi,"Glgh... Oh, God... My head... Aaaaaahh...",,,사토시,큭...... 뭐야...... 머리가...... 그윽,,,哲志,可惡……什麼……頭……嗚, ,,1,199,15,1,0,0,0,0,0,,Translated
1117,,　激しい嘔吐感と虚脱感に,　突如全身を包まれた哲志は、, ,,A wave of nausea and unbearable despair suddenly,washed over Satoshi's entire body.,,,돌연 격한 구토감과 허탈감이,온몸에 엄습한 사토시는,,,突然被劇烈的嘔吐感和虛脫感,　包圍全身的哲志，, ,0,0,0,1,0,0,0,0,0,,Translated
1118,,　気が付くと、狭く真っ赤な,　部屋の隅に立つ自分の姿をみとめた。, ,,"The next thing he knew, he was standing in the","corner of an extremely narrow, red room.",,,"정신을 차리고 보니, 좁고 새빨간",방구석에 서 있는 자신의 모습을 인지했다.,,,　回過神來，發現自己站在,　狹小而鮮紅的房間角落。, ,0,0,0,1,0,0,0,0,0,,Translated
1119,,　思考の混濁に意識が,　定まらず、地面や重力が,　何処にあるかもわからない。,,His movements weren't his own. It was as if his,"mind were disconnected from his body, with no",perception of surface or gravity or motion.,,정신이 혼탁해져 의식이,"돌아오지 않은 채, 지면과 중력이",어디를 향해 있는지도 알 수가 없다.,,　意識模糊不清，,　無法分辨地面和重力,　的方向。,0,0,0,1,0,0,0,0,0,,Translated
1120,,　突然の降下感に驚き、,　ビクリと何度も神経反射を繰り返す。, ,,"After a sudden dip jarred his senses, he realized","he was moving purely on nerve impulses, with no",direction or control.,,갑자기 떨어지는 감각에 놀라,몇 번이고 꿈쩍거리며 신경 반사를 반복한다.,,,　對突然的下墜感感到驚慌，,　多次重複神經反射。, ,0,0,0,1,0,0,0,0,0,,Translated
1121,,　人智を超えた負の波動,　【呪い】に取り込まれたのであろうか。, ,,Perhaps he'd been taken in by the curse -- by the,"wave of negativity that permeated this space, far",beyond the spectrum of human understanding.,,인지를 뛰어넘은 음의 파동,【저주】에 걸린 것일까.,,,　是被超越了人類智慧的負面波動,　【詛咒】吞噬了嗎。, ,0,0,0,1,0,0,0,0,0,,Translated
1122,,　もう自分の事を,　緑色の棒としか捉える事が,　出来なくなっている。,,His shell of a body might as well have been a twig,skipping across the ground in a windstorm.,,,이제 자기 자신을,녹색 봉으로 밖에,파악할 수 없게 되었다.,,　已經只能將自己,　視為一根綠色的,　棍子。,0,0,0,1,0,0,0,0,0,,Translated
1123,哲志,ア゛… ア゛…, , ,Satoshi,AAAAAAAaaaahhh... AAAAAAAahhhhhhh...,,,사토시,아...  아...,,,哲志,啊… 啊…, ,,1,200,15,1,0,0,0,0,0,,Translated
1124,,　前触れも無く襲ってきた,　自我の崩壊に、哲志は,　ただ放心するしかなかった。,,"Without warning, his very sense of self had been","completely destroyed, leaving him in a virtually",lobotomized state.,,예고도 없이 엄습한,자아의 붕괴에 사토시는,그저 멍하니 있을 수밖에 없었다.,,　在毫無預兆襲來的,　自我崩潰面前，哲志,　只能茫然不知所措。,0,0,0,1,0,0,0,0,0,,Translated
1125,,　決して触れてはならない,　ヒトの心の残骸……, ,,It seems the remnants of a man's tormented soul are,indeed a thing best left untouched...,,,결코 건드려서는 안 되는,마음의 잔해......,,,　絕對不能觸碰的,　人心殘骸……, ,0,0,0,1,0,0,0,0,0,,Translated
1126,,　呪われたダイイングメッセージは、,　彼の心を簡単に破壊してしまった。, ,,"...for this dying message, and the curse it carried,",certainly had no trouble at all dismantling the,essence of what was once a boy named Satoshi...,,저주받은 다잉 메시지는,그의 마음을 쉽사리 파괴해 버렸다.,,,　被詛咒的臨終遺言，,　輕易地摧毀了,　他的心。,0,0,0,1,0,0,0,0,0,,Translated
1127,,扉が開かない！, , ,,The door won't open!,,,,문이 안 열린다!,,,,門打不開！, ,,0,0,0,1,0,0,0,0,0,,Translated
1128,,扉が開かない！, , ,,The door won't open!,,,,문이 안 열린다!,,,,門打不開！, ,,0,0,0,1,0,0,0,0,0,,Translated
1129,由香,お兄ちゃあぁぁぁん！, , ,Yuka,Big broooootheeeeer!,,,유카,오빠아아아아아!,,,由香,哥哥！, ,,1,161,28,1,0,0,0,0,0,,Translated
1130,哲志,由香！　いるのか！, , ,Satoshi,Yuka! Is that you?!,,,사토시,유카! 거기 있어!?,,,哲志,由香！　你在嗎！, ,,1,191,15,1,0,0,0,0,0,,Translated
1131,由香,……！　おに……, , ,Yuka,B-Big br--,,,유카,......!  오......,,,由香,……！　哥……, ,,1,162,28,1,0,0,0,0,0,,Translated
1132,由香,……たすけて！　お兄ちゃぁん！, , ,Yuka,"AAAHH!! HELP ME!! SAVE ME, BIG BROTHER!!",,,유카,...... 살려줘!  오빠아!,,,由香,……救命！　哥哥！, ,,1,163,28,1,0,0,0,0,0,,Translated
1133,由香,お兄ちゃん……どこ？, , ,Yuka,Big brother... Where'd you go?,,,유카,오빠...... 어딨어?,,,由香,哥哥……在哪裡？, ,,1,164,28,1,0,0,0,0,0,,Translated
1134,由香,はぁ……はぁ……,けっほ　けほッ, ,Yuka,*pant* *pant*,*cough* *cough*,,유카,하아...... 하아......,콜록  콜록,,由香,呼……呼……,咳咳　咳咳, ,1,156,28,1,0,0,0,0,0,,Translated
1135,由香,お兄ちゃん……怖いよぅ……, , ,Yuka,Big brother... I'm scared...,,,유카,오빠...... 무서워......,,,由香,哥哥……好害怕……, ,,1,157,28,1,0,0,0,0,0,,Translated
1136,,　個室には逃げ込めそうにありません。, , ,,Doesn't seem like a particularly viable hiding,spot.,,,화장실 칸 안으로는 도망칠 수 없을 것 같습니다.,,,,似乎無法逃進隔間。, ,,0,0,0,1,0,0,0,0,0,,Translated
1137,,　個室には逃げ込めそうにありません。, , ,,Doesn't seem like a particularly viable hiding,spot.,,,화장실 칸 안으로는 도망칠 수 없을 것 같습니다.,,,,似乎無法逃進隔間。, ,,0,0,0,1,0,0,0,0,0,,Translated
1138,由香,あ……, , ,Yuka,Ah...!,,,유카,아......,,,由香,啊……, ,,1,190,28,1,0,0,0,0,0,,Translated
1139,由香,……ふにゅぅ……, , ,Yuka,Nnnng...,,,유카,...... 후뉴......,,,由香,……唔妞……, ,,1,191,28,1,0,0,0,0,0,,Translated
1140,由香,……。 , , ,Yuka,Mm...,,,유카,......,,,由香,……。 , ,,1,192,28,1,0,0,0,0,0,,Translated
1141,, 　かえして……,　　かえして……, ,,Gihh it back...,   Gihh it back...,,,돌려줘......,돌려줘......,,, 　還給我……,　　還給我……, ,0,44,22,1,1,1,1,0,0,,Translated
1142,, ,　か゛えじで……！！, ,, , ,      GIHH IT BACK!!,,도올려줘......!!,,,, ,　還　給　我……！！,,0,45,22,1,1,0,0,0,0,,Translated
1143,由香,はぁ……はぁ……、けっほ　けほッ, , ,Yuka,*pant* *pant*,*cough* *cough*,,유카,하아...... 하아......  콜록  콜록,,,由香,呼……呼……、咳咳　咳咳, ,,1,156,28,1,0,0,0,0,0,,Translated
1144,由香,お兄ちゃん……怖いよぅ……, , ,Yuka,Big brother... I'm scared...,,,유카,오빠...... 무서워......,,,由香,哥哥……好害怕……, ,,1,157,28,1,0,0,0,0,0,,Translated
1145,由香,はぁ……はぁ……、けっほ　けほッ, , ,Yuka,*pant* *pant*,*cough* *cough*,,유카,하아...... 하아......  콜록 콜록,,,由香,呼……呼……、咳咳　咳咳, ,,1,156,28,1,0,0,0,0,0,,Translated
1146,由香,お兄ちゃん……怖いよぅ……, , ,Yuka,Big brother... I'm scared...,,,유카,오빠...... 무서워......,,,由香,哥哥……好害怕……, ,,1,157,28,1,0,0,0,0,0,,Translated
1147,哲志,ここも駄目か……, , ,Satoshi,"No luck in here, either...",,,사토시,여기도 틀렸나......,,,哲志,這裡也不行嗎……, ,,1,187,15,1,0,0,0,0,0,,Translated
1148,由香,…う…ぅ…,（ブルブルブル）, ,Yuka,Nnnnng...,Rrnnnng...,,유카,... 으... 으...,(덜덜덜),,由香,…嗚…嗚…,（發抖發抖發抖）,,1,116,28,1,0,0,0,0,0,,Translated
1149,哲志,無理するなって……その辺でしてきな。,膀胱痛めちまうぞ。, ,Satoshi,You really shouldn't keep holding it in. You're,going to hurt your bladder. Just go in the corner,or something.,사토시,무리하지 말고...... 이 근처에서 보고 와.,방광 터지겠다.,,哲志,別勉強了……在附近解決吧。,會傷到膀胱的…, ,1,185,15,1,0,0,0,0,0,,Translated
1150,由香,……ウン。 ひっく…ひっく, , ,Yuka,Rrrrrnnnng...nnnnnnnnng...,,,유카,...... 응. 훌쩍...... 훌쩍.,,,由香,……嗯。 嗚…嗚, ,,1,114,28,1,0,0,0,0,0,,Translated
1151,哲志,渡り廊下の、校舎の外なら大丈夫だろう？, , ,Satoshi,How about outside? There's that clearing around the,covered walkway. Could you go there?,,사토시,"바깥 복도, 교사 밖이라면 괜찮지?",,,哲志,走廊外面的校舍外的話應該沒問題吧？, ,,1,186,15,1,0,0,0,0,0,,Translated
1152,由香,……うん。 （コクリ）, , ,Yuka,...Okay!,,,유카,...... 응.  (끄덕),,,由香,……嗯。 （點頭）, ,,1,115,28,1,0,0,0,0,0,,Translated
1153,＊,クンクンクンクン, , ,*,*sniff* *sniff* *sniff*,*sniff* *sniff*,,＊,킁킁킁킁,,,＊,嗅嗅嗅嗅, ,,1,59,22,1,1,0,0,0,0,,Translated
1154,,　鏡は水垢が酷く付着し、よく見えません……, , ,,The mirror is covered in fuzzy mildew. You can't,make much of anything out.,,,거울에 물때가 심하게 껴서 잘 안 보입니다......,,,,鏡子附著嚴重的水垢，看不太清楚……, ,,0,0,0,1,0,0,0,0,0,,Translated
1155,,　排水孔から、ゴポッ、ゴポッと不快な音が,鳴っています。, ,,The faucet makes an unpleasantly thick-sounding,"'glug, glug' when the handle is turned, but no",water comes out.,,"배수구에서 부글, 부글",불쾌한 소리가 납니다.,,,排水孔傳來咕嚕、咕嚕的不愉快聲響。, ,,0,0,0,1,0,0,0,0,0,,Translated
1156,,　強烈な臭気を放っています……, , ,,The stench is unlike anything you've ever,experienced before...,,,강렬한 악취를 풍기고 있습니다......,,,,散發著強烈的臭味……, ,,0,0,0,1,0,0,0,0,0,,Translated
1157,由香,うう……,（ブルブル……）, ,Yuka,*shiver* *shudder*,,,유카,으으......,(덜덜......),,由香,嗚嗚……,（發抖……）,,1,148,28,1,0,0,0,0,0,,Translated
1158,由香,（男のひとはいいなぁ……）, , ,Yuka,(I wish I was a boy...),,,유카,(남자는 좋겠다......),,,由香,（男生真好呢……）, ,,1,149,28,1,0,0,0,0,0,,Translated
1159,,　便器の排水孔からゴポッ、ゴポッと,　空気の固まりが噴き出す音が鳴っています。, ,,"The urinal drain is making a sputtering sound, as",if it's ready to spew its sundry contents all over,the room at any moment.,,"변기 배수구에서 부글, 부글",공기 방울이 나오는 소리가 들려 옵니다.,,,馬桶排水孔傳來咕嚕、咕嚕的,空氣噴出的聲音。, ,0,0,0,1,0,0,0,0,0,,Translated
1160,哲志,ここも駄目か……, , ,Satoshi,"No luck in here, either...",,,사토시,여기도 틀렸나......,,,哲志,這裡也不行嗎……, ,,1,187,15,1,0,0,0,0,0,,Translated
1161,由香,…う…ぅ…,（ブルブルブル）, ,Yuka,Nnnnng...,Rrnnnng...,,유카,... 으... 으...,(덜덜덜),,由香,…嗚…嗚…,（發抖發抖發抖）,,1,116,28,1,0,0,0,0,0,,Translated
1162,哲志,無理するなって……その辺でしてきな。,膀胱痛めちまうぞ…, ,Satoshi,You really shouldn't keep holding it in. You're,going to hurt your bladder. Just go in the corner,or something.,사토시,무리하지 말고...... 이 근처에서 보고 와.,방광 터지겠다.,,哲志,別勉強了……在附近解決吧。,會傷到膀胱的…, ,1,185,15,1,0,0,0,0,0,,Translated
1163,由香,……ウン。 ひっく…ひっく, , ,Yuka,Rrrrrnnnng...nnnnnnnnng...,,,유카,...... 응. 훌쩍...... 훌쩍.,,,由香,……嗯。 嗚…嗚, ,,1,114,28,1,0,0,0,0,0,,Translated
1164,哲志,渡り廊下の、校舎の外なら大丈夫だろう？, , ,Satoshi,How about outside? There's that clearing around the,covered walkway. Could you go there?,,사토시,"바깥 복도, 교사 밖이라면 괜찮지?",,,哲志,走廊外面的校舍外的話應該沒問題吧？, ,,1,186,15,1,0,0,0,0,0,,Translated
1165,由香,……うん。 （コクリ）, , ,Yuka,...Okay!,,,유카,...... 응.  (끄덕),,,由香,……嗯。 （點頭）, ,,1,115,28,1,0,0,0,0,0,,Translated
1166,,　真っ黒な目で由香を睨み付ける,　女の子の霊……よく見るとその顔には、,　左眼が、なかった。,,The spirit of a little girl was staring back at Yuka,"with one very focused eye, and one empty socket that",radiated a profound darkness.,,새까만 눈으로 유카를 노려보는,여자아이 유령...... 잘 보니 그 얼굴에는,왼쪽 눈이 없습니다.,,用漆黑的眼睛瞪著由香的,女孩幽靈……仔細一看那臉上，,　沒有左眼。,0,0,0,1,0,0,0,0,0,,Translated
1167,,　霊の手元でせわしなく開閉を繰り返す。,　鋏（はさみ）の音が、不快に響き渡ります……, ,,"She held in her hand a pair of scissors, and was","opening and closing it endlessly, echoing a chill-","inducing 'shing, shing!' throughout the room.",,유령의 손에서 빠르게 여닫히는,가위 소리가 불쾌하게 울려 퍼집니다......,,,在幽靈手中快速開合的,剪刀聲，不愉快地迴響著……, ,0,0,0,1,0,0,0,0,0,,Translated
1168,＊,め゛…　がエしで……, , ,*,Gihh me back...my eye...,,,＊,눈...  돌려줘......,,,＊,眼…　睛還　來……, ,,1,54,22,1,1,0,0,0,0,,Translated
1169,由香,ひ…ぃ…,（ブルブルブル）, ,Yuka,EEK!! *shiver* *shudder*,,,유카,히... 이...,(덜덜덜),,由香,咿……,（發抖發抖發抖）,,1,159,28,1,0,0,0,0,0,,Translated
1170,,（由香のおまもり　を落としました）, , ,,"(The scented beads fell from Yuka's pocket, hitting",the ground with a dull clack.),,,(유카의 부적을 떨어뜨렸습니다),,,,（掉落了由香的護身符）, ,,0,0,0,1,0,0,0,0,0,,Translated
1171,＊,…クンクン, , ,*,*sniff* *sniff*,,,＊,... 킁킁,,,＊,…嗅嗅, ,,1,55,22,1,1,0,0,0,0,,Translated
1172,＊,…クンクン……クンクン,クンクンクンクンクンクン, ,*,*sniff* *sniff*,*sniff* *sniff* *sniff*,*sniff* *sniff* *sniff*,＊,... 킁킁...... 킁킁,킁킁킁킁킁킁,,＊,…嗅嗅……嗅嗅,嗅嗅嗅嗅嗅嗅, ,1,56,22,1,1,0,0,0,0,,Translated
1173,＊,オ゛ア゛ァ゛ァ゛, , ,*,Oooooaaaaaaaaagggghhhh...,,,＊,오  아  아  아,,,＊,噢啊啊啊, ,,1,57,22,1,1,0,0,0,0,,Translated
1174,＊,クンクンクンクンクン, , ,*,*sniff* *sniff* *sniff* *sniff* *sniff* *sniff*,,,＊,킁킁킁킁킁킁,,,＊,嗅嗅嗅嗅嗅, ,,1,58,22,1,1,0,0,0,0,,Translated
1175,由香,……？, , ,Yuka,Huh...?,,,유카,......?,,,由香,……？, ,,1,160,28,1,0,0,0,0,0,,Translated
1176,由香,……！　あれ？　ここは……, , ,Yuka,...!,Huh? Where...?,,유카,......! 어라? 여긴......,,,由香,……！　咦？　這裡是……, ,,1,124,28,1,0,0,0,0,0,,Translated
1177,由香,あれ……夜かな、由香また起きちゃった。, , ,Yuka,It...must be nighttime...,I must have woken up in the middle of the night,again...,유카,"어라...... 밤인가, 유카 또 일어나 버렸네.",,,由香,咦……晚上了嗎，由香又醒了。, ,,1,125,28,1,0,0,0,0,0,,Translated
1178,由香,……昨日ジュースいっぱい,飲みすぎたからかな……, ,Yuka,Probably drank too much juice before bed...,,,유카,...... 어제 주스를 잔뜩,마셔서 그런가......,,由香,……昨天喝太多果汁了吧……, ,,1,126,28,1,0,0,0,0,0,,Translated
1179,由香,ふぁ～……　ぁ,……んんっ。（ブルルッ）, ,Yuka,*yawn* *stretch*,,,유카,후아~ ......  아,...... 으응.  (부르르),,由香,哈～……　啊,……嗯嗯。（抖抖）,,1,127,28,1,0,0,0,0,0,,Translated
1180,由香,せっかくだから、お兄ちゃん起こして,おこらせてから寝よ……, ,Yuka,"Since I'm up anyway, guess I'll go wake big brother",and bug him a little before I go back to sleep.,,유카,"이왕 일어난 거, 오빠를 깨워서",화나게 만든 다음에 자야지......,,由香,既然醒了，去把哥哥叫醒,惹他生氣再睡吧……, ,1,128,28,1,0,0,0,0,0,,Translated
1181,由香,で、桃水をもういっぱい,のんで寝る……　うん、決定。, ,Yuka,"And maybe drink a nice, big glass of peach juice,",too. Yeah...that sounds good!,,유카,그리고 복숭아 주스를 한 잔,"마시고 자야겠다......  응, 결정.",,由香,然後再喝一杯桃水,再睡……　嗯，決定了。, ,1,129,28,1,0,0,0,0,0,,Translated
1182,由香,……ん？, , ,Yuka,...Huh?,,,유카,...... 응?,,,由香,……嗯？, ,,1,130,28,1,0,0,0,0,0,,Translated
1183,,　かえして……　　,　　かえして……　　, ,,Gihh it back...,   Gihh it back...,,,돌려줘......,돌려줘......,,,　還給我……　　,　　還給我……　　, ,0,47,22,1,1,0,0,0,0,,Translated
1184,由香,……え, , ,Yuka,...Wha...?,,,유카,...... 어,,,由香,……欸, ,,1,131,28,1,0,0,0,0,0,,Translated
1185,, ,　か゛えしで…！！　　, ,,GIHH IT BACK!!,,,,도올려줘......!!,,,, ,　還　給　我…！！　　,,0,48,22,1,1,0,0,0,0,,Translated
1186,由香,ひ…ッ！, , ,Yuka,*gasp*,,,유카,히... 익!,,,由香,咿…！, ,,1,132,28,1,0,0,0,0,0,,Translated
1187,,　目の前に浮かんだ、青白く光った女の子の霊, , ,,The spirit of a little girl appears right in,"front of Yuka's face, glowing a bluish white.",,,"눈앞에 떠오른, 창백하게 빛나는 여자아이 유령",,,,浮現在眼前的，發出青白色光芒的女孩幽靈, ,,0,0,0,1,0,0,0,0,0,,Translated
1188,,　よく見ると、その眼窩（か）には,　あるべき左の眼球がなかった。, ,,"Where the left eye should be, only a gaping, empty",socket can be seen.,,,"잘 보니, 안와에 있어야 할",왼쪽 눈알이 없었다.,,,仔細一看，那眼眶中,　沒有本該有的左眼。, ,0,0,0,1,0,0,0,0,0,,Translated
1189,由香,（ガタガタガタ）,　あ……あ……, ,Yuka,*whimper*,,,유카,(부들부들부들),아...... 아......,,由香,（喀喀喀喀喀）,　啊……啊……, ,1,133,28,1,0,0,0,0,0,,Translated
1190,,　霊の手元でせわしなく開閉し,　不愉快な音を立てていたかと思うと――, ,,The disquieting snip-snip sound grows ever louder,as the spirit draws nearer and presents the item,she holds in her hand.,,유령의 손에서 뭔가가 빠르게 여닫히며,불쾌한 소리를 내는가 싶더니,,,幽靈手中快速開合著,發出不愉快聲響的同時――, ,0,0,0,1,0,0,0,0,0,,Translated
1191,,　ス……と由香の顔の前に突き付けられる,　裁ち切り鋏（ばさみ）, ,,"It's a pair of sewing scissors, and she's",brandishing them dangerously close to Yuka's,face.,,스으...... 하고 유카의 얼굴 앞까지 접근하는,절단 가위,,,唰……地逼近由香臉前的,　裁縫剪刀, ,0,0,0,1,0,0,0,0,0,,Translated
1192,,　向けられた刃先は、血糊で錆びつき,　ぼろぼろだったが, ,,"The inner blades are dull, rusty and caked with",blood.,,,들이댄 가위 끝은 피로 녹이 슬어,낡아빠졌지만,,,指向的刀刃被血跡鏽蝕，,　破破爛爛的，, ,0,0,0,1,0,0,0,0,0,,Translated
1193,,　それだけに、人体を傷つければ,　深刻な危害を与え得る、残酷な凄味があった, ,,There's little doubt that the following events are,going to be unimaginably excruciating.,,,"그것만으로도, 사람에게 상처를 입히면",심각한 위해를 가할 수 있는 잔혹한 도구였다.,,,正因如此，一旦傷害人體,　就能造成嚴重傷害的殘酷兇器。, ,0,0,0,1,0,0,0,0,0,,Translated
1194,＊,かえィて…！　私の目…！！　……がェして！！, , ,*,Gihh it back!,...Gihh me back...my eye!,,＊,돌려줘...!  내 눈...!!  ...... 돌려줘!!,,,＊,還給我…！　我的眼睛…！！　……還給我！！, ,,1,49,22,1,1,0,0,0,0,,Translated
1195,,　潰れた声で繰り返しながら、,　ゆっくりと顔を近付けて来る少女, ,,The girl repeats her futile demand over and over,"again, bringing the blades closer and closer and",closer each time...,,잠긴 목소리로 말을 반복하며,천천히 얼굴을 가까이 대는 소녀,,,用沙啞的聲音重複著，,　慢慢將臉湊近的少女, ,0,0,0,1,0,0,0,0,0,,Translated
1196,由香,（か、からだが……,　動かないよ…お兄……）, ,Yuka,(I...can't move...,Big...brother...),,유카,"(모, 몸이......",안 움직여... 오......),,由香,（身、身體……,　動不了…哥……）, ,1,134,28,1,0,0,0,0,0,,Translated
1197,＊,かえせ！！！, , ,*,GIHH IT TO ME!!,,,＊,돌려줘!!!,,,＊,還來！！！, ,,1,50,22,1,1,0,0,0,0,,Translated
1198,由香,や…やぁ！　お兄ちゃ……,きゃああぁぁぁ！！, ,Yuka,N-Noo... Big bro--OOOAAAAAAAAAGGGGHH!!,,,유카,"시, 싫어!  오빠......",꺄아아아아아!!,,由香,不…不要！　哥哥……,呀啊啊啊！！,,1,135,28,1,0,0,0,0,0,,Translated
1199,,　ぬぷっ、と軽い抵抗とともに、,　刃物が由香の左眼に突き刺さる。, ,,Yuka's left eye offers little resistance as the,"jagged, blood-soaked blade is plunged deep within.",,,"푹, 하고 가벼운 저항과 함께",날붙이가 유카의 왼쪽 눈을 찌른다.,,,隨著噗嗤一聲輕微的抵抗，,　刀刃刺入了由香的左眼。, ,0,0,0,1,0,0,0,0,0,,Translated
1200,,　凄惨な悲鳴をあげ、血塗れの場に突っ伏す由香。, , ,,Her vision runs red as waves of unbearable agony,"trigger unconscious screams of primal, nearly",animalistic torment.,,처참한 비명을 지르며 피투성이가 된 바닥에 엎드린 유카.,,,,發出淒厲的慘叫，,　倒在血泊中的由香。, ,0,0,0,1,0,0,0,0,0,,Translated
1201,,　刺さったままの鋏を反射的に抜こうとするが、,　触れるだけで頭の芯に激痛が走る。, ,,She instinctively reaches up to pull the scissors,"out, but just touching them lightly causes new jolts",of torturous misery to flow through her body.,,눈을 찌른 가위를 반사적으로 빼려고 하지만,건드리기만 했는데도 머리 한가운데에 격한 고통이 온다.,,,反射性地想拔掉刺著的剪刀，,　但光是碰觸就讓頭頂傳來劇痛。, ,0,0,0,1,0,0,0,0,0,,Translated
1202,,　ぎぎ、ぼりっ、と、鼓膜ではなく,　頭骨から直に大音量で響いてくる、,　異物が頭蓋を擦る音。,,The sound of a foreign object scraping against her,cranium echoes through her mind mercilessly -- not,"from her eardrums, but directly to her brain.",,"고막이 아닌 끼익, 우두둑",두개골에서 직접 큰 소리로 울리는,이물질이 두개골을 비비는 소리.,,嘰、喀嚓、不是透過耳膜而是直接從頭骨,　傳來巨大聲響的，,　異物摩擦頭蓋骨的聲音。,0,0,0,1,0,0,0,0,0,,Translated
1203,,　――全てが、今まで味わった事のない,　被虐体験であった。, ,,No other experience could possibly have prepared,"her for this. It's all the suffering of the world,",coalesced into a single moment.,,"모든 것이, 지금까지 맛본 적 없는",피학 체험이었다.,,,――一切都是從未體驗過的,　受虐經歷。, ,0,0,0,1,0,0,0,0,0,,Translated
1204,,　心臓の鼓動に合わせて押し寄せる,　鈍痛と激痛の波に、, ,,The pain grows exponentially worse with each,"heartbeat, yet the trauma of the experience makes","the heart beat faster, creating an endless cycle.",,심장의 고동에 맞춰 밀어 닥치는,둔통과 격통의 파도에,,,伴隨著心跳襲來的,　鈍痛和劇痛的浪潮中，, ,0,0,0,1,0,0,0,0,0,,Translated
1205,,　成す術も無く、ただ泣き叫ぶうちに……,　いつしか意識は途切れてしまった。, ,,It's not something you can adapt to. It's not,something you can ignore. All you can do is,thank Heaven above when you finally die...,,"손도 쓰지 못한 채, 그저 울부짖는 동안......",어느새 의식은 끊어져 있었다.,,,無計可施，只能哭喊的過程中……,　不知不覺意識便斷絕了。, ,0,0,0,1,0,0,0,0,0,,Translated
1206,,　かえして……,　　かえして……, ,,Gihh it back...,   Gihh it back...,,,돌려줘......,돌려줘......,,,　還給我……,　　還給我……, ,0,51,22,1,1,1,1,0,0,,Translated
1207,由香,……た、たかいなぁ……,乗り越えられるかなぁ。, ,Yuka,It's...taller than I thought...,...Can I really get over it?,,유카,"...... 노, 높은데......",넘을 수 있을까.,,由香,……好、好高啊……,能翻過去嗎。, ,1,121,28,1,0,0,0,0,0,,Translated
1208,由香,よいしょ……, , ,Yuka,Whoopsy...,,,유카,영차......,,,由香,嘿咻……, ,,1,122,28,1,0,0,0,0,0,,Translated
1209,,…ゴロゴロゴロ…！, , ,,*scamper* *scamper*,,,,... 드르륵...!,,,,…轟隆轟隆…！, ,,0,0,0,1,0,0,0,0,0,,Translated
1210,由香,ひ…っ！（ビクッ）, , ,Yuka,EEEK!!,,,유카,히... 익!  (깜짝),,,由香,咿…！（嚇一跳）, ,,1,123,28,1,0,0,0,0,0,,Translated
1211,良樹,う……く……、ここは……, , ,Yoshiki,Oooooonng... Wh-Where...am I...?,,,요시키,으...... 크......  여긴......,,,良樹,嗚……咳……這裡是……, ,,1,226,23,1,0,0,0,0,0,,Translated
1212,良樹,……痛てッ！　頭が……割れそうだ…… グッ, , ,Yoshiki,"Aaoohh, God, my head...is pounding...",,,요시키,...... 아야!  머리가...... 깨질 것 같아...... 윽,,,良樹,……好痛！　頭……快裂開了……　咕, ,,1,227,23,1,0,0,0,0,0,,Translated
1213,良樹,！……てめ…えら…,いい加減に……しろよ…！, ,Yoshiki,Ulgh... It's...you!,Where the hell...did you take me?!,,요시키,!  ......  너희... 들...,적당히 좀...... 해라...!,,良樹,！……你…這家…伙……,適可而止……吧…！, ,1,228,23,1,0,0,0,0,0,,Translated
1214,＊,ｸｽｸｽ…ｷｬｱｧｯ, ｷｬﾊｯ　ｷｬｧﾊｯ ,…ｱﾌｧﾌｧﾌｧ,*,Hahaha...haha...,   Hahaha...haha...,      Hahaha...haha...,＊,쿡쿡... 꺄아아,꺄하  꺄하핫,... 아하하하,＊,嘻嘻…喀啊啊, 喀哈　喀啊哈　……啊哈哈哈,,1,5,21,1,1,0,0,12,0,,Translated
1215,良樹,篠崎は……何処だッ…！, , ,Yoshiki,Where... Where's Shinozaki?!,,,요시키,시노자키는...... 어디 있어...!,,,良樹,篠崎在……哪裡…！, ,,1,229,23,1,0,0,0,0,0,,Translated
1216,＊,…ｱﾌｧﾌｧﾌｧﾌｧ,ｸﾋｨｯ！…ｲﾋｨｯ！, ,*,Heeheehee...heehee...,,,＊,... 아하하하하,쿠힛! ... 이힛!,,＊,…啊哈哈哈哈,庫嘻！ …伊嘻！, ,1,42,22,1,0,0,0,0,0,,Translated
1217,＊,…！, , ,*,...Ah!,,,＊,...!,,,＊,…！, ,,1,43,22,1,0,0,0,0,0,,Translated
1218,良樹,……ハァッ、……ハァッ、, , ,Yoshiki,*pant* *pant*,,,요시키,...... 허억...... 허억,,,良樹,……呼…　……呼…, ,,1,230,23,1,0,0,0,0,0,,Translated
1219,良樹,……ハァッ！　……ハァッ！, , ,Yoshiki,*struggle*,,,요시키,...... 허억!  ...... 허억!,,,良樹,……呼！　……呼！, ,,1,231,23,1,0,0,0,0,0,,Translated
1220,良樹,……ハァッ！　……ハァッ！,……く…そ…足が、, ,Yoshiki,*strain* Urgh... My legs...,,,요시키,...... 허억!  ...... 허억!,...... 젠... 장... 발이,,良樹,……呼！　……呼！,……可…惡…腳、,,1,232,23,1,0,0,0,0,0,,Translated
1221,良樹,……立たねぇ…！, , ,Yoshiki,*pant* *pant* I can't stand up!,,,요시키,...... 못 서겠어...!,,,良樹,……站不起來…！, ,,1,233,23,1,0,0,0,0,0,,Translated
1222,良樹,ハァーッ！　ハァーッ！,く…そ…ぉぉ！, ,Yoshiki,*pant* *wheeze* GODDAMMIT!!,,,요시키,허억~!  허억~!,젠... 자아아앙!,,良樹,哈啊──！　哈啊──！,可…惡…啊啊！,,1,234,23,1,0,0,0,0,0,,Translated
