Index,JP_Name,JP_Page1,JP_Page2,JP_Page3,EN2_Name,EN2_Page1,EN2_Page2,EN2_Page3,KO_Name,KO_Page1,KO_Page2,KO_Page3,TC_Name,TC_Page1,TC_Page2,TC_Page3,NameFlag,VoiceNo_low,VoiceNo_high,Timing,VoiceAutoPage,TextSpeed,Button,AutoPage,ExtVoice,Translator_Notes,Status
0,あゆみ,っ……ひっく……,もう……やだ……ううう……, ,Ayumi,*hic* I hate this... No more...,,,아유미,으……으윽……이제……더 이상은……크윽……,,,あゆみ,……吸泣……已經……夠了……嗚嗚……,,,1,92,32,1,0,0,0,0,0,,Translated
1,あゆみ,…………, , ,Ayumi,...,,,아유미,…………,,,あゆみ,…………,,,1,93,32,1,0,0,0,0,0,,Translated
2,あゆみ,（？　ここ……）, , ,Ayumi,(Is this...),,,아유미,（？　여긴……）,,,あゆみ,（？　這裡……）,,,1,0,0,0,0,0,0,0,0,,Translated
3,あゆみ,（男子トイレ……）, , ,Ayumi,(...the boys' bathroom?),,,아유미,（남자 화장실……）,,,あゆみ,（男生廁所……）,,,1,0,0,0,0,0,0,0,0,,Translated
4,あゆみ,（わたし、いつの間に……）, , ,Ayumi,(When did I get here?),,,아유미,（나 어느 사이에……）,,,あゆみ,（我什麼時候……）,,,1,0,0,0,0,0,0,0,0,,Translated
5,あゆみ,はあ……, , ,Ayumi,Ahh...,,,아유미,아……,,,あゆみ,哈啊……,,,1,94,32,1,0,0,0,0,0,,Translated
6,あゆみ,…………, , ,Ayumi,...,,,아유미,…………,,,あゆみ,…………,,,1,95,32,1,0,0,0,0,0,,Translated
7,あゆみ,ふ……うっ……, , ,Ayumi,*sniffle* *sob*,,,아유미,흐……흐윽……,,,あゆみ,呼……嗚……,,,1,96,32,1,0,0,0,0,0,,Translated
8,あゆみ,（岸沼くん……）, , ,Ayumi,(Kishinuma...),,,아유미,（키시누마……）,,,あゆみ,（岸沼同學……）,,,1,0,0,0,0,0,0,0,0,,Translated
9,あゆみ,う……ううう……, , ,Ayumi,Mlghh...,,,아유미,으……으으윽……,,,あゆみ,嗚……嗚嗚……,,,1,97,32,1,0,0,0,0,0,,Translated
10,あゆみ,……こんなもの！, , ,Ayumi,Screw this useless piece of crap!,,,아유미,……이따위 것!,,,あゆみ,……這種東西！,,,1,98,32,1,0,0,0,0,0,,Translated
11,,あゆみは、手に持っていた,“赤黒い像”を投げ捨てました。, ,,Ayumi hurled the Dark Red Statue away from her.,,,아유미,"""아유미는 손에 들고 있던 """"검붉은 조각""""을 내던졌다.""",,,,あゆみ把手中握著的「暗紅色雕像」扔了出去。,,,0,0,0,0,0,0,0,0,0,,Translated
12,あゆみ,うぅ……ううう……, , ,Ayumi,*sob* *weep*,,,아유미,으……으윽……,,,あゆみ,嗚……嗚嗚……,,,1,99,32,1,0,0,0,0,0,,Translated
13,良樹,う……っ……いって……, , ,Yoshiki,"Oof... Damn, that smarts...",,,요시키,크……윽……아파……,,,良樹,呃……好痛……,,,1,118,31,1,0,0,0,0,0,,Translated
14,良樹,（俺は、気を失ってたのか？）, , ,Yoshiki,(Was I knocked out or something?),,,요시키,（나 정신 잃고 있었던건가?）,,,良樹,（我昏過去了嗎？）,,,1,0,0,0,0,0,0,0,0,,Translated
15,良樹,（なんだ？　身体中がいてぇ……。,　何があったのか思い出せねぇ）, ,Yoshiki,"(God, everything hurts... ",I can't even remember what happened.),,요시키,（뭐야?　왜 몸이 이리 아픈거야…… ,무슨 일이 있었는지 도무지 기억이 안나.）,,良樹,（什麼？　全身都痛……。,　想不起來發生了什麼事）,,1,0,0,0,0,0,0,0,0,,Translated
16,良樹,篠崎？　どこだ？, , ,Yoshiki,Shinozaki? Where are you?,,,요시키,시노자키? 어디 있어?,,,良樹,篠崎？　在哪裡？,,,1,119,31,1,0,0,0,0,0,,Translated
17,良樹,篠崎！？　篠崎どこだ―！？, , ,Yoshiki,Shinozaki! You here?,,,요시키,시노자키!? 시노자키 어디 있는데!?,,,良樹,篠崎！？　篠崎你在哪裡―！？,,,1,120,31,1,0,0,0,0,0,,Translated
18,良樹,いねぇのか……？, , ,Yoshiki,...Guess not.,,,요시키,여기 없는 건가……?,,,良樹,不在嗎……？,,,1,121,31,1,0,0,0,0,0,,Translated
19,良樹,……やべぇぞ、,アイツまたどっかいっちまったのか。,早く捜さねぇと……！,Yoshiki,"Crap, she might've run off on her own again... ",I gotta get out there and find her!,,요시키,"……큰일 났어, 그 녀석 또 어딘가 가버렸나. ",빨리 찾지 않으면……!,,良樹,……糟了，,那傢伙又跑到哪裡去了。,得快點找到她……！,1,122,31,1,0,0,0,0,0,,Translated
20,良樹,クソッ……！, , ,Yoshiki,Shit...!,,,요시키,젠장……！,,,良樹,可惡……！,,,1,123,31,1,0,0,0,0,0,,Translated
21,刻命,……由香ちゃん、そっちは行かない方がいい。,下の階では、さっき悪いことが起こった。, ,刻命,......由香ちゃん、そっちは行かない方がいい。,下の階では、さっき悪いことが起こった。, ,刻命,―,,,刻命,……由香，不要去那邊比較好。,樓下剛才發生了不好的事。,,1,253,6,1,0,0,0,0,0,,Translated
22,由香,え……？, , ,由香,え......？, , ,由香,―,,,由香,咦……？,,,1,210,28,1,0,0,0,0,0,,Translated
23,刻命,駄目だよ、由香ちゃん……？, , ,刻命,駄目だよ、由香ちゃん......？, , ,刻命,―,,,刻命,不行喔，由香……？,,,1,254,6,1,0,0,0,0,0,,Translated
24,刻命,……由香ちゃん？, , ,刻命,......由香ちゃん？, , ,刻命,―,,,刻命,……由香？,,,1,255,6,1,0,0,0,0,0,,Translated
25,,床に血の飛び散った跡があります……, , ,,床に血の飛び散った跡があります......, , ,,―,,,,地板上有血跡飛濺的痕跡……,,,0,0,0,1,0,0,0,0,0,,Translated
26,森繁,何故、逃げるんだい？, , ,森繁,何故、逃げるんだい？, , ,森繁,―,,,森繁,為什麼要逃呢？,,,1,0,0,1,0,0,0,0,0,,Translated
27,刻命,――アァイ！, , ,刻命,――アァイ！, , ,刻命,―,,,刻命,――啊伊！,,,1,0,0,1,0,1,1,7,0,,Translated
28,刻命,……どうしたの？　そんなに震えて。, , ,刻命,......どうしたの？　そんなに震えて。, , ,刻命,―,,,刻命,……怎麼了？　抖得這麼厲害。,,,1,241,6,1,0,0,0,0,0,,Translated
29,,今の声は何ですか,黙っている,,,今の声は何ですか,黙っている,,,―,,,,剛才的聲音是什麼,沉默不語,,0,255,255,255,255,255,255,255,255,,Translated
30,由香,あの……　今の……声、どうか……したのですか？, , ,由香,あの......　今の......声、どうか......したのですか？, , ,由香,―,,,由香,那個……剛才的……聲音……發生什麼事了嗎？,,,1,205,28,1,0,0,0,0,0,,Translated
31,刻命,ん……僕？　何も言った記憶はないけど。, , ,刻命,ん......僕？　何も言った記憶はないけど。, , ,刻命,―,,,刻命,嗯……我？　我不記得有說什麼。,,,1,243,6,1,0,0,0,0,0,,Translated
32,由香,…………, , ,由香,............, , ,由香,―,,,由香,…………,,,1,206,28,1,0,0,0,0,0,,Translated
33,刻命,さぁ立とう！　しゃがんでいても、,僕の妹も君のお兄さんも見つからないよ！, ,刻命,さぁ立とう！　しゃがんでいても、,僕の妹も君のお兄さんも見つからないよ！, ,刻命,―,,,刻命,來，站起來吧！　蹲在那裡，,也找不到我的妹妹和妳的哥哥啊！,,1,244,6,1,0,0,0,0,0,,Translated
34,由香,あの……　お腹が……私 （ブルブルブル）, , ,由香,あの......　お腹が......私 （ブルブルブル）, , ,由香,―,,,由香,那個……肚子……我 （發抖發抖）,,,1,207,28,1,0,0,0,0,0,,Translated
35,刻命,ん……, , ,刻命,ん......, , ,刻命,―,,,刻命,嗯……,,,1,245,6,1,0,0,0,0,0,,Translated
36,刻命,由香ちゃん、そんなに苦しいのかい？, , ,刻命,由香ちゃん、そんなに苦しいのかい？, , ,刻命,―,,,刻命,由香，這麼難受嗎？,,,1,246,6,1,0,0,0,0,0,,Translated
37,由香,う……きゅ……っ！ （ぐるぐるぐる）, , ,由香,う......きゅ......っ！ （ぐるぐるぐる）, , ,由香,―,,,由香,嗚……咕……！（咕嚕咕嚕咕嚕）,,,1,0,0,1,0,0,0,0,0,,Translated
38,刻命,…………（ふ～ん、興味深いな）, , ,刻命,............（ふ～ん、興味深いな）, , ,刻命,―,,,刻命,…………（呼～，真有趣）,,,1,247,6,1,0,0,0,0,0,,Translated
39,刻命,（人間は限界まで排泄を禁じられると、,　こんな顔になるのか……哀れな姿だ）, ,刻命,（人間は限界まで排泄を禁じられると、,　こんな顔になるのか......哀れな姿だ）, ,刻命,―,,,刻命,（人被禁止排泄到極限時，,就會露出這種表情嗎……真是可悲的模樣）,,1,248,6,1,0,0,0,0,0,,Translated
40,刻命,（『ここでしろ！』と脅したら、どんな顔するんだろうな）, , ,刻命,（『ここでしろ！』と脅したら、どんな顔するんだろうな）, , ,刻命,―,,,刻命,（要是威脅她「在這裡解決！」的話，,不知道會露出什麼表情呢）,,1,249,6,1,0,0,0,0,0,,Translated
41,刻命,（いや、待てよ。……哀れ……？　哀れだと？）, , ,刻命,（いや、待てよ。......哀れ......？　哀れだと？）, , ,刻命,―,,,刻命,（不，等等。……可悲……？　我說可悲？）,,,1,250,6,1,0,0,0,0,0,,Translated
42,刻命,・　・　・　・　・　・　・　・, , ,刻命,・　・　・　・　・　・　・　・, , ,刻命,―,,,刻命,・　・　・　・　・　・　・　・,,,1,251,6,1,0,0,0,0,0,,Translated
43,由香,ううぅ…… （ぐるぐるぐる）, , ,由香,ううぅ...... （ぐるぐるぐる）, , ,由香,―,,,由香,嗚嗚…… （咕嚕咕嚕咕嚕）,,,1,209,28,1,0,0,0,0,0,,Translated
44,刻命,……そうするか？　俺と、暮らすか？, , ,刻命,......そうするか？　俺と、暮らすか？, , ,刻命,―,,,刻命,……要這麼做嗎？　跟我，一起生活？,,,1,252,6,1,0,0,0,0,0,,Translated
45,由香,は……　……えっ？ , , ,由香,は......　......えっ？ , , ,由香,―,,,由香,啊…… ……咦？,,,1,214,28,1,0,0,0,0,0,,Translated
46,刻命,フククッ…… , , ,刻命,フククッ...... , , ,刻命,―,,,刻命,呵呵…… ,,,1,5,7,1,0,0,0,0,0,,Translated
47,由香,……？（ぞっ）, , ,由香,......？（ぞっ）, , ,由香,―,,,由香,……？（抖）,,,1,215,28,1,0,0,0,0,0,,Translated
48,刻命,…………。（ゴクリ）, , ,刻命,............。（ゴクリ）, , ,刻命,―,,,刻命,…………。（吞口水）,,,1,6,7,1,0,0,0,0,0,,Translated
49,由香,あの……由……わたし、やっぱり……いいです、, , ,由香,あの......由......わたし、やっぱり......いいです、, , ,由香,―,,,由香,那個……由……我，果然……不用了，,,,1,216,28,1,0,0,0,0,0,,Translated
50,由香,ひとりで、お兄ちゃん……さがします……, , ,由香,ひとりで、お兄ちゃん......さがします......, , ,由香,―,,,由香,我自己……去找哥哥……,,,1,217,28,1,0,0,0,0,0,,Translated
51,刻命,…………, , ,刻命,............, , ,刻命,―,,,刻命,…………,,,1,7,7,1,0,0,0,0,0,,Translated
52,刻命,何を言ってるんだい、由香ちゃん。, , ,刻命,何を言ってるんだい、由香ちゃん。, , ,刻命,―,,,刻命,妳在說什麼啊，由香。,,,1,8,7,1,0,0,0,0,0,,Translated
53,刻命,僕の妹は、君だ。, , ,刻命,僕の妹は、君だ。, , ,刻命,―,,,刻命,我的妹妹，就是妳。,,,1,10,7,1,0,0,0,0,0,,Translated
54,刻命,ここからは抜け出せない。絶対に、みんな死ぬ……, , ,刻命,ここからは抜け出せない。絶対に、みんな死ぬ......, , ,刻命,―,,,刻命,這裡是逃不出去的。大家，絕對都會死……,,,1,11,7,1,0,0,0,0,0,,Translated
55,刻命,やがて訪れる最期の瞬間まで、僕らは兄妹でいよう。, , ,刻命,やがて訪れる最期の瞬間まで、僕らは兄妹でいよう。, , ,刻命,―,,,刻命,直到最後一刻來臨為止，我們都當兄妹吧。,,,1,12,7,1,0,0,0,0,0,,Translated
56,由香,っ……あ、あの……,……さ、さようなら！, ,由香,っ......あ、あの......,......さ、さようなら！, ,由香,―,,,由香,呃……那、那個……,……再、再見了！,,1,218,28,1,0,0,0,0,0,,Translated
57,刻命,……由香ちゃん、そっちは行かない方がいい。,下の階では さっき悪いことが起こった。, ,刻命,......由香ちゃん、そっちは行かない方がいい。,下の階では さっき悪いことが起こった。, ,刻命,―,,,刻命,……由香，不要去那邊比較好。,樓下剛才發生了不好的事。,,1,253,6,1,0,0,0,0,0,,Translated
58,由香,え……？, , ,由香,え......？, , ,由香,―,,,由香,咦……？,,,1,210,28,1,0,0,0,0,0,,Translated
59,刻命,（ニコッ）, , ,刻命,（ニコッ）, , ,刻命,―,,,刻命,（微笑）,,,1,0,0,1,0,0,0,0,0,,Translated
60,刻命,……震えているね。, , ,刻命,......震えているね。, , ,刻命,―,,,刻命,……在發抖呢。,,,1,0,7,1,0,0,0,0,0,,Translated
61,由香,……あの……っ,いもうとの子は……えと……どんな子なのですか？, ,由香,......あの......っ,いもうとの子は......えと......どんな子なのですか？, ,由香,―,,,由香,……那個……,妹妹是……呃……怎樣的孩子呢？,,1,211,28,1,0,0,0,0,0,,Translated
62,刻命,ん……そうだな、可愛い子だよ。,身体が小さくて……目が大きくて, ,刻命,ん......そうだな、可愛い子だよ。,身体が小さくて......目が大きくて, ,刻命,―,,,刻命,嗯……是啊，是個可愛的孩子。,身體小小的……眼睛大大的，,,1,1,7,1,0,0,0,0,0,,Translated
63,由香,……そう、なのですか？, , ,由香,......そう、なのですか？, , ,由香,―,,,由香,……是、這樣嗎？,,,1,212,28,1,0,0,0,0,0,,Translated
64,刻命,髪はショートでね……　中学生でね……, , ,刻命,髪はショートでね......　中学生でね......, , ,刻命,―,,,刻命,頭髮是短髮……　是國中生……,,,1,2,7,1,0,0,0,0,0,,Translated
65,由香,…………, , ,由香,............, , ,由香,―,,,由香,…………,,,1,0,0,1,0,0,0,0,0,,Translated
66,刻命,青いスモックを、, , ,刻命,青いスモックを、, , ,刻命,―,,,刻命,藍色的工作服，,,,1,3,7,1,0,0,0,0,0,,Translated
67,刻命,よく着ていた、かな……, , ,刻命,よく着ていた、かな......, , ,刻命,―,,,刻命,經常穿著……吧？,,,1,4,7,1,0,0,0,0,0,,Translated
68,由香,は……　……えっ？ , , ,由香,は......　......えっ？ , , ,由香,―,,,由香,啊…… ……咦？,,,1,214,28,1,0,0,0,0,0,,Translated
69,刻命,フククッ…… , , ,刻命,フククッ...... , , ,刻命,―,,,刻命,呵呵…… ,,,1,5,7,1,0,0,0,0,0,,Translated
70,由香,……？（ぞっ）, , ,由香,......？（ぞっ）, , ,由香,―,,,由香,……？（抖）,,,1,215,28,1,0,0,0,0,0,,Translated
71,刻命,…………。（ゴクリ）, , ,刻命,............。（ゴクリ）, , ,刻命,―,,,刻命,…………。（吞口水）,,,1,6,7,1,0,0,0,0,0,,Translated
72,由香,あの……由……わたし、やっぱり……いいです、, , ,由香,あの......由......わたし、やっぱり......いいです、, , ,由香,―,,,由香,那個……由……我，果然……不用了，,,,1,216,28,1,0,0,0,0,0,,Translated
73,由香,ひとりで、お兄ちゃん……さがします……, , ,由香,ひとりで、お兄ちゃん......さがします......, , ,由香,―,,,由香,我自己……去找哥哥……,,,1,217,28,1,0,0,0,0,0,,Translated
74,刻命,…………, , ,刻命,............, , ,刻命,―,,,刻命,…………,,,1,7,7,1,0,0,0,0,0,,Translated
75,刻命,何を言ってるんだい、由香ちゃん。, , ,刻命,何を言ってるんだい、由香ちゃん。, , ,刻命,―,,,刻命,妳在說什麼啊，由香。,,,1,8,7,1,0,0,0,0,0,,Translated
76,刻命,僕の妹は、君だ。, , ,刻命,僕の妹は、君だ。, , ,刻命,―,,,刻命,我的妹妹，就是妳。,,,1,10,7,1,0,0,0,0,0,,Translated
77,刻命,ここからは抜け出せない。絶対に、みんな死ぬ……, , ,刻命,ここからは抜け出せない。絶対に、みんな死ぬ......, , ,刻命,―,,,刻命,這裡是逃不出去的。大家，絕對都會死……,,,1,11,7,1,0,0,0,0,0,,Translated
78,刻命,やがて訪れる最期の瞬間まで、僕らは兄妹でいよう。, , ,刻命,やがて訪れる最期の瞬間まで、僕らは兄妹でいよう。, , ,刻命,―,,,刻命,直到最後一刻來臨為止，我們都當兄妹吧。,,,1,12,7,1,0,0,0,0,0,,Translated
79,由香,っ……あ、あの……,……さ、さようなら！, ,由香,っ......あ、あの......,......さ、さようなら！, ,由香,―,,,由香,呃……那、那個……,……再、再見了！,,1,218,28,1,0,0,0,0,0,,Translated
80,由香,……！！　　　　　, , ,由香,......！！　　　　　, , ,由香,―,,,由香,……！！　　　　　,,,1,213,28,1,1,0,0,0,0,,Translated
81,刻命,……由香ちゃん、そっちは行かない方がいい。,下の階では さっき悪いことが起こった。, ,刻命,......由香ちゃん、そっちは行かない方がいい。,下の階では さっき悪いことが起こった。, ,刻命,―,,,刻命,……由香，不要去那邊比較好。,樓下剛才發生了不好的事。,,1,0,0,1,0,0,0,0,0,,Translated
82,由香,え……？, , ,由香,え......？, , ,由香,―,,,由香,咦……？,,,1,210,28,1,0,0,0,0,0,,Translated
83,由香,……！！, , ,由香,......！！, , ,由香,―,,,由香,……！！,,,1,213,28,1,1,0,0,0,0,,Translated
84,刻命,ヒァー♪　アイゲッチュウ～♪, , ,刻命,ヒァー♪　アイゲッチュウ～♪, , ,刻命,―,,,刻命,嘻～♪　抓到妳了～♪,,,1,41,7,1,0,0,0,0,0,,Translated
85,由香,！！　いや！　いやぁ！　放してください！, , ,由香,！！　いや！　いやぁ！　放してください！, , ,由香,―,,,由香,！！　不要！　不要啊！　放開我！,,,1,239,28,1,0,0,0,0,0,,Translated
86,刻命,……生きているウサギは、五月蝿（うるさ）いな。, , ,刻命,......生きているウサギは、五月蝿（うるさ）いな。, , ,刻命,―,,,刻命,……活著的兔子，真是吵鬧呢。,,,1,42,7,1,0,0,0,0,0,,Translated
87,,　扉は模型のようにガチリと固定され、,　開ける事が出来ません。, ,,　扉は模型のようにガチリと固定され、,　開ける事が出来ません。, ,,―,,,,　門像模型一樣被牢牢固定住，,無法打開。,,0,0,0,1,0,0,0,0,0,,Translated
88,,　扉は模型のようにガチリと固定され、,　開ける事が出来ません。, ,,　扉は模型のようにガチリと固定され、,　開ける事が出来ません。, ,,―,,,,　門像模型一樣被牢牢固定住，,無法打開。,,0,0,0,1,0,0,0,0,0,,Translated
89,,【男子学生用 厠】,　器物を破損せしめた者は、厳罰に処す。, ,,【男子学生用 厠】,　器物を破損せしめた者は、厳罰に処す。, ,,―,,,,【男學生用廁所】,損壞器物者，將處以嚴懲。,,0,0,0,1,0,0,0,0,0,,Translated
90,,　扉は模型のようにガチリと固定され、,　開ける事が出来ません。, ,,　扉は模型のようにガチリと固定され、,　開ける事が出来ません。, ,,―,,,,　門像模型一樣被牢牢固定住，,無法打開。,,0,0,0,1,0,0,0,0,0,,Translated
91,,完全にこと切れてしまった遺体には、,無慈悲に切り刻まれた跡が残っています……, ,,完全にこと切れてしまった遺体には、,無慈悲に切り刻まれた跡が残っています......, ,,―,,,,完全氣絕的遺體上，,留下了被無情砍碎的痕跡……,,0,0,0,1,0,0,0,0,0,,Translated
92,由香,うう……！　ううぅぅ……！, , ,由香,うう......！　ううぅぅ......！, , ,由香,―,,,由香,嗚嗚……！　嗚嗚嗚……！,,,1,233,28,1,0,0,0,0,0,,Translated
93,,完全にこと切れてしまった遺体には、,無慈悲に切り刻まれた跡が残っています……, ,,完全にこと切れてしまった遺体には、,無慈悲に切り刻まれた跡が残っています......, ,,―,,,,完全氣絕的遺體上，,留下了被無情砍碎的痕跡……,,0,0,0,1,0,0,0,0,0,,Translated
94,哲志,……ッ！　な……　うわぁぁッ！！, , ,哲志,......ッ！　な......　うわぁぁッ！！, , ,哲志,―,,,哲志,……呃！　什……　哇啊啊！！,,,1,23,17,1,0,0,0,0,0,,Translated
95,直美,ひっ！　何……！？　何……！, , ,直美,ひっ！　何......！？　何......！, , ,直美,―,,,直美,嚇！　什麼……！？　什麼……！,,,1,120,12,1,0,0,0,0,0,,Translated
96,哲志,（酷い……！　これは刺し傷だ……,　何度も何度も刺し刻まれている）, ,哲志,（酷い......！　これは刺し傷だ......,　何度も何度も刺し刻まれている）, ,哲志,―,,,哲志,（太慘了……！　這是刺傷……,被刺了無數次）,,1,24,17,1,0,0,0,0,0,,Translated
97,直美,こ、この人……殺されて、間もないよね？, , ,直美,こ、この人......殺されて、間もないよね？, , ,直美,―,,,直美,這、這個人……被殺之後，應該不久吧？,,,1,121,12,1,0,0,0,0,0,,Translated
98,哲志,ああ……そう見えるな……, , ,哲志,ああ......そう見えるな......, , ,哲志,―,,,哲志,啊……看起來是這樣……,,,1,25,17,1,0,0,0,0,0,,Translated
99,直美,……！！　さ……哲志……あれ, , ,直美,......！！　さ......哲志......あれ, , ,直美,―,,,直美,……！！　さ……哲志……那個,,,1,122,12,1,0,0,0,0,0,,Translated
100,哲志,！　あれは……, , ,哲志,！　あれは......, , ,哲志,―,,,哲志,！　那是……,,,1,26,17,1,0,0,0,0,0,,Translated
101,,由香の靴　を取りました。, , ,,由香の靴　を取りました。, , ,,―,,,,取得了由香的鞋子。,,,0,0,0,1,0,0,0,0,0,,Translated
102,哲志,……うっ……　嘘だろ……, , ,哲志,......うっ......　嘘だろ......, , ,哲志,―,,,哲志,……嗚……　騙人的吧……,,,1,27,17,1,0,0,0,0,0,,Translated
103,直美,……哲志……, , ,直美,......哲志......, , ,直美,―,,,直美,……哲志……,,,1,123,12,1,0,0,0,0,0,,Translated
104,哲志,間違いない……　毎朝俺も見てる……, , ,哲志,間違いない......　毎朝俺も見てる......, , ,哲志,―,,,哲志,不會錯的……　我每天早上也都看到……,,,1,28,17,1,0,0,0,0,0,,Translated
105,哲志,これは、由香の靴だ。, , ,哲志,これは、由香の靴だ。, , ,哲志,―,,,哲志,這是，由香的鞋子。,,,1,29,17,1,0,0,0,0,0,,Translated
106,直美,！　そんな……, , ,直美,！　そんな......, , ,直美,―,,,直美,！　怎麼會……,,,1,124,12,1,0,0,0,0,0,,Translated
107,哲志,くっ……！, , ,哲志,くっ......！, , ,哲志,―,,,哲志,可惡……！,,,1,30,17,1,0,0,0,0,0,,Translated
108,哲志,何だよ……ここで、何があったんだよ！, , ,哲志,何だよ......ここで、何があったんだよ！, , ,哲志,―,,,哲志,搞什麼啊……這裡，發生了什麼事啊！,,,1,31,17,1,0,0,0,0,0,,Translated
109,,【男子学生用 厠】,　器物を破損せしめた者は、厳罰に処す。, ,,【男子学生用 厠】,　器物を破損せしめた者は、厳罰に処す。, ,,―,,,,【男學生用廁所】,損壞器物者，將處以嚴懲。,,0,0,0,1,0,0,0,0,0,,Translated
110,,　扉は模型のようにガチリと固定され、,　開ける事が出来ません。, ,,　扉は模型のようにガチリと固定され、,　開ける事が出来ません。, ,,―,,,,　門像模型一樣被牢牢固定住，,無法打開。,,0,0,0,1,0,0,0,0,0,,Translated
111,黒崎,ごほッ……　げぼっ！　げほっ！, , ,黒崎,ごほッ......　げぼっ！　げほっ！, , ,黒崎,―,,,黒崎,咳咳……　咳噗！　咳咳！,,,1,197,7,1,0,0,0,0,0,,Translated
112,由香,！（キュッ）, , ,由香,！（キュッ）, , ,由香,―,,,由香,！（驚）,,,1,0,0,1,0,0,0,0,0,,Translated
113,由香,あ、あの……　だ、だいじょうぶ、ですか？,（ブルブルブル）, ,由香,あ、あの......　だ、だいじょうぶ、ですか？,（ブルブルブル）, ,由香,―,,,由香,那、那個……　你、你還好嗎？,（發抖發抖發抖）,,1,222,28,1,0,0,0,0,0,,Translated
114,黒崎,ハァー、ゼハァー　……キ……君は？, , ,黒崎,ハァー、ゼハァー　......キ......君は？, , ,黒崎,―,,,黒崎,哈啊～、喘啊～　……妳、妳是？,,,1,198,7,1,0,0,0,0,0,,Translated
115,由香,持田です、 お……お腹がすごい血、出て……,な、何かで、えと……止めないと……, ,由香,持田です、 お......お腹がすごい血、出て......,な、何かで、えと......止めないと......, ,由香,―,,,由香,我是持田， 肚、肚子流了好多血……,要、要用什麼來，呃……止血才行……,,1,223,28,1,0,0,0,0,0,,Translated
116,黒崎,ハァー、ハァー　……グッ！……うゥッ……, , ,黒崎,ハァー、ハァー　......グッ！......うゥッ......, , ,黒崎,―,,,黒崎,哈啊～、哈啊～　……呃！……嗚……,,,1,0,0,1,0,0,0,0,0,,Translated
117,由香,これで……　由香のハンカチじゃ駄目、かな……,えと……えと！, ,由香,これで......　由香のハンカチじゃ駄目、かな......,えと......えと！, ,由香,―,,,由香,用這個……　由香的手帕不行、嗎……,呃……呃！,,1,224,28,1,0,0,0,0,0,,Translated
118,黒崎,！！　……き、君！　早く！逃げるんだ！！, , ,黒崎,！！　......き、君！　早く！逃げるんだ！！, , ,黒崎,―,,,黒崎,！！　……你、妳！　快點！快逃！！,,,1,200,7,1,0,0,0,0,0,,Translated
119,由香,で、でも……　手当てしないと死んじゃいます！, , ,由香,で、でも......　手当てしないと死んじゃいます！, , ,由香,―,,,由香,但、但是……　不處理的話會死的！,,,1,225,28,1,0,0,0,0,0,,Translated
120,由香,傷……　押さえてますから！　頑張って下さい。, , ,由香,傷......　押さえてますから！　頑張って下さい。, , ,由香,―,,,由香,傷口……　我在壓著！　請加油。,,,1,226,28,1,0,0,0,0,0,,Translated
121,黒崎,早く！　離れろ……ゲホッ　ゴホッ, , ,黒崎,早く！　離れろ......ゲホッ　ゴホッ, , ,黒崎,―,,,黒崎,快點！　離我遠一點……咳咳　咳噗,,,1,0,0,1,0,0,0,18,0,,Translated
122,刻命,黒崎～。 誰にやられたんだ～？, , ,刻命,黒崎～。 誰にやられたんだ～？, , ,刻命,―,,,刻命,黒崎～。　是誰把你弄成這樣的～？,,,1,0,0,1,0,0,0,0,0,,Translated
123,由香,ん゛ッ！, , ,由香,ん゛ッ！, , ,由香,―,,,由香,嗯！,,,1,0,0,1,0,0,0,3,0,,Translated
124,刻命,兄さんの言う事を、聞かないからだ……由香。, , ,刻命,兄さんの言う事を、聞かないからだ......由香。, , ,刻命,―,,,刻命,就是因為不聽哥哥的話……由香。,,,1,15,7,1,0,0,0,0,0,,Translated
125,刻命,フッ……ククッ！, ……ピクピク痙攣して……無様だなぁ。, ,刻命,フッ......ククッ！, ......ピクピク痙攣して......無様だなぁ。, ,刻命,―,,,刻命,呼……呵呵！, ……在抽筋呢……真難看啊。,,1,16,7,1,0,0,0,0,0,,Translated
126,黒崎,刻命！　やめるんだ！！, , ,黒崎,刻命！　やめるんだ！！, , ,黒崎,―,,,黒崎,刻命！　住手！！,,,1,0,0,1,1,0,0,0,0,,Translated
127,黒崎,刻命ィィ！, , ,黒崎,刻命ィィ！, , ,黒崎,―,,,黒崎,刻命～～！,,,1,203,7,1,1,0,0,0,0,,Translated
128,黒崎,刻命！, , ,黒崎,刻命！, , ,黒崎,―,,,黒崎,刻命！,,,1,204,7,1,1,0,0,0,0,,Translated
129,黒崎,刻命……ごめんな。, , ,黒崎,刻命......ごめんな。, , ,黒崎,―,,,黒崎,刻命……對不起。,,,1,205,7,1,1,0,1,0,0,,Translated
130,刻命,…………ア？, , ,刻命,............ア？, , ,刻命,―,,,刻命,…………啊？,,,1,17,7,1,0,0,0,0,0,,Translated
131,黒崎,もっと、ガキの時分から……,お前を、止めていればよかった。, ,黒崎,もっと、ガキの時分から......,お前を、止めていればよかった。, ,黒崎,―,,,黒崎,要是從小時候開始……,能多阻止你就好了。,,1,206,7,1,0,0,0,0,0,,Translated
132,黒崎,親友として俺は、, , ,黒崎,親友として俺は、, , ,黒崎,―,,,黒崎,作為摯友的我，,,,1,207,7,1,0,0,0,0,0,,Translated
133,黒崎,やるべき事を……　してやれなかった。, , ,黒崎,やるべき事を......　してやれなかった。, , ,黒崎,―,,,黒崎,該做的事……　沒能為你做。,,,1,208,7,1,0,0,0,0,0,,Translated
134,刻命,何言ってんだお前？　俺の、親友だったつもりか？, , ,刻命,何言ってんだお前？　俺の、親友だったつもりか？, , ,刻命,―,,,刻命,你在說什麼啊？　你還以為自己是我的摯友嗎？,,,1,18,7,1,0,0,0,0,0,,Translated
135,刻命,お前が俺の味方した事……一度でもあるのかよ？！, , ,刻命,お前が俺の味方した事......一度でもあるのかよ？！, , ,刻命,―,,,刻命,你什麼時候站在我這邊過……　有過一次嗎？！,,,1,19,7,1,0,0,0,0,0,,Translated
136,黒崎,……。かもな……今……っ！　ゴホッ,本気で反省……してる。, ,黒崎,......。かもな......今......っ！　ゴホッ,本気で反省......してる。, ,黒崎,―,,,黒崎,……。也許吧……現在……！　咳噗,真的在反省……,,1,209,7,1,0,0,0,0,0,,Translated
137,刻命,アハッ。もういいよ、お前死ぬし。,……で？, ,刻命,アハッ。もういいよ、お前死ぬし。,......で？, ,刻命,―,,,刻命,啊哈。算了，反正你快死了。,……所以？,,1,20,7,1,0,0,0,0,0,,Translated
138,刻命,親友として、してやれなかった事？,……って、何だよ。教えろよ。, ,刻命,親友として、してやれなかった事？,......って、何だよ。教えろよ。, ,刻命,―,,,刻命,作為摯友，沒能做的事？,……那是什麼。說來聽聽。,,1,21,7,1,0,0,0,0,0,,Translated
139,黒崎,っ……　これだぁ！, , ,黒崎,っ......　これだぁ！, , ,黒崎,―,,,黒崎,呃……　就是這個！！,,,1,210,7,1,1,0,0,0,0,,Translated
140,刻命,……ッ痛って……！, , ,刻命,......ッ痛って......！, , ,刻命,―,,,刻命,……痛啊……！,,,1,0,0,1,0,0,0,0,0,,Translated
141,黒崎,……なんでも人のせいにしてんじゃねぇよ！　弱虫ッ！, , ,黒崎,......なんでも人のせいにしてんじゃねぇよ！　弱虫ッ！, , ,黒崎,―,,,黒崎,……不要把什麼都怪罪到別人身上！　膽小鬼！,,,1,211,7,1,0,0,0,0,0,,Translated
142,黒崎,！　ぐ、う、ゲホッ……　グホッ……, , ,黒崎,！　ぐ、う、ゲホッ......　グホッ......, , ,黒崎,―,,,黒崎,！　呃、嗚、咳噗……　咳噗……,,,1,0,0,1,0,0,0,22,0,,Translated
143,刻命,……ッ手前ェ～……！, , ,刻命,......ッ手前ェ～......！, , ,刻命,―,,,刻命,……你這傢伙～……！,,,1,0,0,1,0,0,1,12,0,,Translated
144,黒崎,……目ェ覚ませ刻命！　お前の向かっている先には、, , ,黒崎,......目ェ覚ませ刻命！　お前の向かっている先には、, , ,黒崎,―,,,黒崎,……睜大眼睛看清楚刻命！　你要面對的是，,,,1,213,7,1,1,0,0,0,0,,Translated
145,黒崎,なんにも無いぞ！　なんにもだ！, , ,黒崎,なんにも無いぞ！　なんにもだ！, , ,黒崎,―,,,黒崎,什麼都沒有啊！　什麼都沒有！,,,1,214,7,1,1,0,0,0,0,,Translated
146,刻命,ゲラゲラゲラ！　馬鹿が！　弱者はお前だ黒崎！！, , ,刻命,ゲラゲラゲラ！　馬鹿が！　弱者はお前だ黒崎！！, , ,刻命,―,,,刻命,咯咯咯！　笨蛋！　弱者是你啊黒崎！！,,,1,24,7,1,1,0,0,0,0,,Translated
147,由香,（ヒキッ）……けほっ、けほっ,……うぅぅ～…… けほっけほっ, ,由香,（ヒキッ）......けほっ、けほっ,......うぅぅ～...... けほっけほっ, ,由香,―,,,由香,（吸泣）……咳咳、咳咳,……嗚嗚嗚～…… 咳咳咳,,1,228,28,1,0,0,0,0,0,,Translated
148,由香,……はぁはぁ……　お腹……, , ,由香,......はぁはぁ......　お腹......, , ,由香,―,,,由香,……呼哈呼哈……　肚子……,,,1,229,28,1,0,0,0,0,0,,Translated
149,由香,お腹、痛いよぅ……　うぇっ……, , ,由香,お腹、痛いよぅ......　うぇっ......, , ,由香,―,,,由香,肚子、好痛啊……　嘔……,,,1,230,28,1,0,0,0,0,0,,Translated
150,由香,おに……ちゃん……　うぅぅ……, , ,由香,おに......ちゃん......　うぅぅ......, , ,由香,―,,,由香,哥……哥……　嗚嗚……,,,1,231,28,1,0,0,0,0,0,,Translated
151,刻命,――気が付いたかい？　由香。, , ,刻命,――気が付いたかい？　由香。, , ,刻命,―,,,刻命,――清醒了嗎？　由香。,,,1,25,7,1,0,0,0,0,0,,Translated
152,刻命,もう大丈夫だ。兄さんが守ってやる。, , ,刻命,もう大丈夫だ。兄さんが守ってやる。, , ,刻命,―,,,刻命,已經沒事了。哥哥會保護妳。,,,1,26,7,1,0,0,0,0,0,,Translated
153,刻命,強い、強い兄さんが守ってやる。, , ,刻命,強い、強い兄さんが守ってやる。, , ,刻命,―,,,刻命,強大、強大的哥哥會保護妳。,,,1,27,7,1,0,0,0,0,0,,Translated
154,由香,……ッ！　……ゃぁぁあ！, , ,由香,......ッ！　......ゃぁぁあ！, , ,由香,―,,,由香,……！　……呀啊啊！,,,1,232,28,1,0,0,0,0,0,,Translated
155,刻命,何だこれ……鍵か？　理科室？,フククッ…… 黒崎ィ、お前にはもう必要ないよな？, ,刻命,何だこれ......鍵か？　理科室？,フククッ...... 黒崎ィ、お前にはもう必要ないよな？, ,刻命,―,,,刻命,這是什麼……鑰匙？　理科室？,呵呵…… 黒崎，你已經不需要這個了吧？,,1,0,0,1,0,0,0,0,0,,Translated
156,由香,あ……　あぁ……, , ,由香,あ......　あぁ......, , ,由香,―,,,由香,啊……　啊啊……,,,1,0,0,1,0,0,0,0,0,,Translated
157,刻命,ここで幽霊に惨い殺され方するのは、嫌だろう？, , ,刻命,ここで幽霊に惨い殺され方するのは、嫌だろう？, , ,刻命,―,,,刻命,在這裡被幽靈殘忍殺死，很討厭吧？,,,1,29,7,1,0,0,0,0,0,,Translated
158,刻命,大丈夫、そんな事させない。,そんな運命から守ってあげるよ……！, ,刻命,大丈夫、そんな事させない。,そんな運命から守ってあげるよ......！, ,刻命,―,,,刻命,沒事的，我不會讓那種事發生。,我會保護妳脫離那種命運……！,,1,30,7,1,0,0,0,0,0,,Translated
159,刻命,俺が！　……終わらせてあげる、君の……小さな……, , ,刻命,俺が！　......終わらせてあげる、君の......小さな......, , ,刻命,―,,,刻命,由我！　……來結束它，妳那……小小的……,,,1,31,7,1,1,0,1,0,0,,Translated
160,刻命,……命ッ……！（ペロリ）, , ,刻命,......命ッ......！（ペロリ）, , ,刻命,―,,,刻命,……生命……！（舔）,,,1,0,0,1,0,0,0,22,0,,Translated
161,由香,！！　……やあぁぁぁ。お兄ちゃぁーん！, , ,由香,！！　......やあぁぁぁ。お兄ちゃぁーん！, , ,由香,―,,,由香,！！　……呀啊啊啊。哥哥～～！,,,1,0,0,1,0,0,0,15,0,,Translated
162,刻命,アハハ！　待てぇ！　待てよオイー, , ,刻命,アハハ！　待てぇ！　待てよオイー, , ,刻命,―,,,刻命,啊哈哈！　等等！　給我等等！,,,1,0,0,1,0,0,0,23,0,,Translated
163,由香,おにいちゃあぁぁん！, , ,由香,おにいちゃあぁぁん！, , ,由香,―,,,由香,哥哥啊啊啊！,,,1,0,0,1,0,0,0,0,0,,Translated
164,刻命,ヒァー♪　アイゲッチュウ～♪, , ,刻命,ヒァー♪　アイゲッチュウ～♪, , ,刻命,―,,,刻命,嘻～♪　抓到妳了～♪,,,1,41,7,1,0,0,0,0,0,,Translated
165,由香,！！　いや！　いやぁ！　放してください！, , ,由香,！！　いや！　いやぁ！　放してください！, , ,由香,―,,,由香,！！　不要！　不要啊！　放開我！,,,1,239,28,1,0,0,0,0,0,,Translated
166,刻命,……生きているウサギは、五月蝿（うるさ）いな。, , ,刻命,......生きているウサギは、五月蝿（うるさ）いな。, , ,刻命,―,,,刻命,……活著的兔子，真是吵鬧呢。,,,1,42,7,1,0,0,0,0,0,,Translated
167,森繁,はぁっ……はぁっ……, , ,森繁,はぁっ......はぁっ......, , ,森繁,―,,,森繁,哈啊……哈啊……,,,1,156,8,1,0,0,0,0,0,,Translated
168,森繁,はぁっ……　はぁ……, , ,森繁,はぁっ......　はぁ......, , ,森繁,―,,,森繁,哈啊……　哈啊……,,,1,157,8,1,0,0,0,0,0,,Translated
169,森繁,繭……！　繭ッ……どこにいる？, , ,森繁,繭......！　繭ッ......どこにいる？, , ,森繁,―,,,森繁,繭……！　繭……你在哪裡？,,,1,158,8,1,0,0,0,0,0,,Translated
170,森繁,……何時間経ったんだ……,もう夜が明けている位じゃないのか。, ,森繁,......何時間経ったんだ......,もう夜が明けている位じゃないのか。, ,森繁,―,,,森繁,……過了幾個小時了……,已經是天亮的時候了吧。,,1,159,8,1,0,0,0,0,0,,Translated
171,森繁,ゼェ……ゼェ……　喉が……乾いた……, , ,森繁,ゼェ......ゼェ......　喉が......乾いた......, , ,森繁,―,,,森繁,嘶……嘶……　喉嚨……好渴……,,,1,160,8,1,0,0,0,0,0,,Translated
172,森繁,全く、……何処まで心配をかけるんだ。,繭……お前は！, ,森繁,全く、......何処まで心配をかけるんだ。,繭......お前は！, ,森繁,―,,,森繁,真是的，……到底要讓人擔心到什麼程度。,繭……妳啊！,,1,161,8,1,0,0,0,0,0,,Translated
173,森繁,今どうしてる……？　どんな思いで彷徨っている……, , ,森繁,今どうしてる......？　どんな思いで彷徨っている......, , ,森繁,―,,,森繁,現在怎麼樣了……？　是懷著什麼樣的心情在徘徊……,,,1,162,8,1,0,0,0,0,0,,Translated
174,森繁,壊れやすいお前……繊細なお前には、,俺がついててやらないと……！, ,森繁,壊れやすいお前......繊細なお前には、,俺がついててやらないと......！, ,森繁,―,,,森繁,容易崩潰的妳……纖細的妳，,沒有我陪在身邊的話……！,,1,163,8,1,0,0,0,0,0,,Translated
175,森繁,繭……, , ,森繁,繭......, , ,森繁,―,,,森繁,繭……,,,1,175,8,1,0,0,0,0,0,,Translated
176,森繁,俺、わかったよ……, , ,森繁,俺、わかったよ......, , ,森繁,―,,,森繁,我，明白了……,,,1,176,8,1,0,0,0,0,0,,Translated
177,森繁,繭には俺が付いててやらないと、,危なっかしくて仕方ない。, ,森繁,繭には俺が付いててやらないと、,危なっかしくて仕方ない。, ,森繁,―,,,森繁,繭身邊要是沒有我陪著，,實在太危險了。,,1,177,8,1,0,0,0,0,0,,Translated
178,森繁,そう、思っていたけれど……, , ,森繁,そう、思っていたけれど......, , ,森繁,―,,,森繁,我，雖然是這麼想的……,,,1,178,8,1,0,0,0,0,0,,Translated
179,森繁,違うんだ……　お前の……　繭のその顔に、, , ,森繁,違うんだ......　お前の......　繭のその顔に、, , ,森繁,―,,,森繁,不是的……　對妳的……繭的那張臉，,,,1,179,8,1,0,0,0,0,0,,Translated
180,森繁,繁兄ぃって呼んでくれる、その声に……, , ,森繁,繁兄ぃって呼んでくれる、その声に......, , ,森繁,―,,,森繁,叫我「繁哥」的那個聲音……,,,1,180,8,1,0,0,0,0,0,,Translated
181,森繁,俺が救われていたんだ……, , ,森繁,俺が救われていたんだ......, , ,森繁,―,,,森繁,是我被拯救了啊……,,,1,181,8,1,0,0,0,0,0,,Translated
182,森繁,出て来てくれ……。お願いだ……繭……, , ,森繁,出て来てくれ......。お願いだ......繭......, , ,森繁,―,,,森繁,出來吧……。拜託了……繭……,,,1,182,8,1,0,0,0,0,0,,Translated
183,森繁,一人に……しないで……, , ,森繁,一人に......しないで......, , ,森繁,―,,,森繁,不要……讓我一個人……,,,1,183,8,1,0,0,0,0,0,,Translated
184,森繁,くそっ……,他人の不幸でも見ないとやってられない！, ,森繁,くそっ......,他人の不幸でも見ないとやってられない！, ,森繁,―,,,森繁,可惡……,不看別人的不幸就撐不下去了！,,1,184,8,1,0,0,0,0,0,,Translated
185,森繁,俺はまだマシだ…… まだマシ……, , ,森繁,俺はまだマシだ...... まだマシ......, , ,森繁,―,,,森繁,我還算好的……　還算好……,,,1,185,8,1,0,0,0,0,0,,Translated
186,森繁,沢山集まったな……　死体の写真。, , ,森繁,沢山集まったな......　死体の写真。, , ,森繁,―,,,森繁,收集了好多啊……　屍體的照片。,,,1,186,8,1,0,0,0,0,0,,Translated
187,森繁,不思議だ……　全部本物なのに、,作り物にしか見えない。, ,森繁,不思議だ......　全部本物なのに、,作り物にしか見えない。, ,森繁,―,,,森繁,真不可思議……　明明全都是真的，,看起來卻像假的。,,1,187,8,1,0,0,0,0,0,,Translated
188,森繁,ＴＶや映画の特撮の死体だって、,ウソ臭く見えるわけだ。, ,森繁,ＴＶや映画の特撮の死体だって、,ウソ臭く見えるわけだ。, ,森繁,―,,,森繁,就算是電視或電影的特效屍體，,看起來也很假吧。,,1,188,8,1,0,0,0,0,0,,Translated
189,森繁,ハハハハハ……, , ,森繁,ハハハハハ......, , ,森繁,―,,,森繁,哈哈哈哈哈……,,,1,189,8,1,0,0,0,0,0,,Translated
190,森繁,フゥ……これが一番派手だな。,保健室前の粉砕死体。, ,森繁,フゥ......これが一番派手だな。,保健室前の粉砕死体。, ,森繁,―,,,森繁,呼……這個最誇張了。,保健室前的粉碎屍體。,,1,190,8,1,0,0,0,0,0,,Translated
191,森繁,すごい……この肉の塊。ひとつひとつが、, , ,森繁,すごい......この肉の塊。ひとつひとつが、, , ,森繁,―,,,森繁,好厲害……這塊肉塊。每一塊，,,,1,191,8,1,0,0,0,0,0,,Translated
192,森繁,意思があって動いていた、人間だったんだ……, , ,森繁,意思があって動いていた、人間だったんだ......, , ,森繁,―,,,森繁,本來是有意識在活動的，是人類啊……,,,1,192,8,1,0,0,0,0,0,,Translated
193,森繁,死んだ後の世界があるのなら、, , ,森繁,死んだ後の世界があるのなら、, , ,森繁,―,,,森繁,如果死後有另一個世界的話，,,,1,193,8,1,0,0,0,0,0,,Translated
194,森繁,この子は自分のこんな無様な姿を人に見られて、,どう思うんだろう。, ,森繁,この子は自分のこんな無様な姿を人に見られて、,どう思うんだろう。, ,森繁,―,,,森繁,這個孩子被人看到自己這麼難看的樣子，,會怎麼想呢。,,1,194,8,1,0,0,0,0,0,,Translated
195,森繁,……赤の他人だから、別に心も痛まないが、, , ,森繁,......赤の他人だから、別に心も痛まないが、, , ,森繁,―,,,森繁,……因為是陌生人，所以也不會心痛，,,,1,195,8,1,0,0,0,0,0,,Translated
196,森繁,ハハハッ……　はぁ……はぁ……ッ……！, , ,森繁,ハハハッ......　はぁ......はぁ......ッ......！, , ,森繁,―,,,森繁,哈哈哈……　哈啊……哈啊……！,,,1,196,8,1,0,0,0,0,0,,Translated
197,森繁,！？, , ,森繁,！？, , ,森繁,―,,,森繁,!？,,,1,197,8,1,0,0,0,0,0,,Translated
198,森繁,何だ？　……着信してるのに、写メ画像のままだ……, , ,森繁,何だ？　......着信してるのに、写メ画像のままだ......, , ,森繁,―,,,森繁,什麼？　……明明有來電，卻還是照片畫面……,,,1,198,8,1,0,0,0,0,0,,Translated
199,森繁,着信表示も出ていない……音だけが鳴っている……？, , ,森繁,着信表示も出ていない......音だけが鳴っている......？, , ,森繁,―,,,森繁,來電顯示也沒出現……只有鈴聲在響……？,,,1,199,8,1,0,0,0,0,0,,Translated
200,森繁,壊れたかな？　携帯のＯＳが……, , ,森繁,壊れたかな？　携帯のＯＳが......, , ,森繁,―,,,森繁,壞掉了嗎？　手機的系統……,,,1,200,8,1,0,0,0,0,0,,Translated
201,森繁,……？, , ,森繁,......？, , ,森繁,―,,,森繁,……？,,,1,201,8,1,0,0,0,0,0,,Translated
202,繭,・ ・ ・ ・ ・　 ・ ・ ・ ・ ・, , ,繭,・ ・ ・ ・ ・　 ・ ・ ・ ・ ・, , ,繭,―,,,繭,・ ・ ・ ・ ・　 ・ ・ ・ ・ ・,,,1,58,8,1,1,0,0,0,0,,Translated
203,森繁,……えっ……, , ,森繁,......えっ......, , ,森繁,―,,,森繁,……咦……,,,1,202,8,1,0,0,0,0,0,,Translated
204,繭,・ ・ ・ ・ ・　 ・ ・ ・ ・ ・, , ,繭,・ ・ ・ ・ ・　 ・ ・ ・ ・ ・, , ,繭,―,,,繭,・ ・ ・ ・ ・　 ・ ・ ・ ・ ・,,,1,60,8,1,1,0,0,0,0,,Translated
205,森繁,え……えッ？, , ,森繁,え......えッ？, , ,森繁,―,,,森繁,咦……咦？,,,1,203,8,1,0,0,0,0,0,,Translated
206,繭,見ないで……　見ないで……, , ,繭,見ないで......　見ないで......, , ,繭,―,,,繭,不要看……　不要看……,,,1,60,8,1,1,0,0,0,0,,Translated
207,繭,あたしの……ないぞう……　見ないでぇ……, , ,繭,あたしの......ないぞう......　見ないでぇ......, , ,繭,―,,,繭,我的……內臟……　不要看……,,,1,61,8,1,1,0,0,0,0,,Translated
208,繭,……繁兄ィ……！, , ,繭,......繁兄ィ......！, , ,繭,―,,,繭,……繁哥……！,,,1,62,8,1,0,0,0,0,0,,Translated
209,森繁,！！　……あ……あぁぁ……, , ,森繁,！！　......あ......あぁぁ......, , ,森繁,―,,,森繁,！！　……啊……啊啊……,,,1,204,8,1,0,0,0,0,0,,Translated
210,森繁,……ああ……ああぁぁぁぁぁぁぁーーーッッ！！！！, , ,森繁,......ああ......ああぁぁぁぁぁぁぁーーーッッ！！！！, , ,森繁,―,,,森繁,……啊啊……啊啊啊啊啊啊啊啊～～！！！！,,,1,0,0,1,0,0,0,0,0,,Translated
211,森繁,ああああああああーッ！！,うわああああああーッ！！, ,森繁,ああああああああーッ！！,うわああああああーッ！！, ,森繁,―,,,森繁,啊啊啊啊啊啊啊！！,嗚哇啊啊啊啊啊！！,,1,206,8,1,0,0,0,0,0,,Translated
212,森繁,ああああああああぁーーーーーッ！！！！, , ,森繁,ああああああああぁーーーーーッ！！！！, , ,森繁,―,,,森繁,啊啊啊啊啊啊啊啊～～！！！！,,,1,207,8,1,0,0,0,0,0,,Translated
213,,【校長室】,扉に鍵がかかっています。, ,,【校長室】,扉に鍵がかかっています。, ,,【校長室】,扉に鍵がかかっています。, ,,【校長室】,門上鎖了。,,0,0,0,1,0,0,0,0,0,,Translated
214,,校長室の鍵を開けました。, , ,,校長室の鍵を開けました。, , ,,校長室の鍵を開けました。, , ,,校長室的鎖打開了。,,,0,0,0,1,0,0,0,0,0,,Translated
215,,白骨死体が床に横たわっています……, , ,,白骨死体が床に横たわっています......, , ,,白骨死体が床に横たわっています……, , ,,白骨屍體躺在地板上……,,,0,0,0,1,0,0,0,0,0,,Translated
216,,血塗れになった森繁の携帯電話です。, , ,,血塗れになった森繁の携帯電話です。, , ,,血塗れになった森繁の携帯電話です。, , ,,是沾滿鮮血的森繁的手機。,,,0,0,0,1,0,0,0,0,0,,Translated
217,,　森繁の携帯　を取りました。, , ,,　森繁の携帯　を取りました。, , ,,　森繁の携帯　を取りました。, , ,,　取得了森繁的手機。,,,0,0,0,1,0,0,0,0,0,,Translated
218,哲志,うっ……これは。, , ,哲志,うっ......これは。, , ,哲志,―,,,哲志,嗚……這是。,,,1,36,17,1,0,0,0,0,0,,Translated
219,直美,なんなのこの校舎……！　血の跡ばっかり……, , ,直美,なんなのこの校舎......！　血の跡ばっかり......, , ,直美,―,,,直美,這棟校舍是怎麼回事……！　到處都是血跡……,,,1,128,12,1,0,0,0,0,0,,Translated
220,哲志,……！　あれは……, , ,哲志,......！　あれは......, , ,哲志,―,,,哲志,……！　那是……,,,1,37,17,1,0,0,0,0,0,,Translated
221,哲志,これは、森繁の携帯だ……, , ,哲志,これは、森繁の携帯だ......, , ,哲志,―,,,哲志,這是，森繁的手機……,,,1,38,17,1,0,0,0,0,0,,Translated
222,直美,『録画完了』？　モリシゲ、なにか録ったのかな……, , ,直美,『録画完了』？　モリシゲ、なにか録ったのかな......, , ,直美,―,,,直美,『錄影完成』？　森繁，錄了什麼嗎……,,,1,129,12,1,0,0,0,0,0,,Translated
223,哲志,！　……直……, , ,哲志,！　......直......, , ,哲志,―,,,哲志,！　……直……,,,1,39,17,1,0,0,0,0,0,,Translated
224,森繁,……ぁぁぁああああああぁぁーーーーッ！, , ,森繁,......ぁぁぁああああああぁぁーーーーッ！, , ,森繁,―,,,森繁,……啊啊啊啊啊啊啊啊～～～～！,,,1,208,8,1,0,0,0,0,0,,Translated
225,森繁,ああァあァあァアァァー！！, , ,森繁,ああァあァあァアァァー！！, , ,森繁,―,,,森繁,啊啊啊啊啊啊啊～～！！,,,1,209,8,1,0,0,0,0,0,,Translated
226,森繁,アハハハハハハ！, , ,森繁,アハハハハハハ！, , ,森繁,―,,,森繁,啊哈哈哈哈哈哈！,,,1,210,8,1,0,0,0,0,0,,Translated
227,森繁,あああァァァァ～～～～～！！,繭ーーーー！　まゆーーーーーッ, ,森繁,あああァァァァ～～～～～！！,繭ーーーー！　まゆーーーーーッ, ,森繁,―,,,森繁,啊啊啊啊啊～～～～～！！,繭～～～～！　繭～～～～～,,1,211,8,1,0,0,0,0,0,,Translated
228,森繁,アアァハハハハーーーー！！, , ,森繁,アアァハハハハーーーー！！, , ,森繁,―,,,森繁,啊啊哈哈哈哈～～～～！！,,,1,212,8,1,0,0,0,0,0,,Translated
229,哲志,…………, , ,哲志,............, , ,哲志,―,,,哲志,…………,,,1,40,17,1,0,0,0,0,0,,Translated
230,直美,もうやだ……！, , ,直美,もうやだ......！, , ,直美,―,,,直美,已經夠了……！,,,1,130,12,1,0,0,0,0,0,,Translated
231,由香,（あっちに行くと刻命さんがいる……）, , ,由香,（あっちに行くと刻命さんがいる......）, , ,由香,―,,,由香,（往那邊去的話刻命就在那裡……）,,,1,0,0,1,0,0,0,0,0,,Translated
232,由香,お兄ちゃん……　こわいよ……, , ,由香,お兄ちゃん......　こわいよ......, , ,由香,―,,,由香,哥哥……　好可怕啊……,,,1,219,28,1,0,0,0,0,0,,Translated
233,刻命,ヒァー♪　アイゲッチュウ～♪, , ,刻命,ヒァー♪　アイゲッチュウ～♪, , ,刻命,―,,,刻命,嘻～♪　抓到妳了～♪,,,1,41,7,1,0,0,0,0,0,,Translated
234,由香,！！　いや！　いやぁ！　放してください！, , ,由香,！！　いや！　いやぁ！　放してください！, , ,由香,―,,,由香,！！　不要！　不要啊！　放開我！,,,1,239,28,1,0,0,0,0,0,,Translated
235,刻命,……生きているウサギは、五月蝿（うるさ）いな。, , ,刻命,......生きているウサギは、五月蝿（うるさ）いな。, , ,刻命,―,,,刻命,……活著的兔子，真是吵鬧呢。,,,1,42,7,1,0,0,0,0,0,,Translated
236,刻命,ヒァー♪　アイゲッチュウ～♪, , ,刻命,ヒァー♪　アイゲッチュウ～♪, , ,刻命,―,,,刻命,嘻～♪　抓到妳了～♪,,,1,41,7,1,0,0,0,0,0,,Translated
237,由香,！！　いや！　いやぁ！　放してください！, , ,由香,！！　いや！　いやぁ！　放してください！, , ,由香,―,,,由香,！！　不要！　不要啊！　放開我！,,,1,239,28,1,0,0,0,0,0,,Translated
238,刻命,……生きているウサギは、五月蝿（うるさ）いな。, , ,刻命,......生きているウサギは、五月蝿（うるさ）いな。, , ,刻命,―,,,刻命,……活著的兔子，真是吵鬧呢。,,,1,42,7,1,0,0,0,0,0,,Translated
239,,白骨死体が床に横たわっています……, , ,,白骨死体が床に横たわっています......, , ,,白骨死体が床に横たわっています……, , ,,白骨屍體躺在地板上……,,,0,0,0,1,0,0,0,0,0,,Translated
240,,　玄関扉は、ピタリと空間に固定され、開きません。, , ,,　玄関扉は、ピタリと空間に固定され、開きません。, , ,,　玄関扉は、ピタリと空間に固定され、開きません。, , ,,　玄關門像被牢牢固定在空中，無法打開。,,,0,0,0,1,0,0,0,0,0,,Translated
241,,扉の鍵を開けました。, , ,,扉の鍵を開けました。, , ,,扉の鍵を開けました。, , ,,門鎖打開了。,,,0,0,0,1,0,0,0,0,0,,Translated
242,哲志,由香とは、この校舎で離れ離れになってしまったんだ。, , ,哲志,由香とは、この校舎で離れ離れになってしまったんだ。, , ,哲志,―,,,哲志,就是在這棟校舍裡和由香走散的。,,,1,32,17,1,0,0,0,0,0,,Translated
243,直美,そう……じゃもう少し、こっち捜してみようか？, , ,直美,そう......じゃもう少し、こっち捜してみようか？, , ,直美,―,,,直美,是嗎……那再稍微，找找這邊吧？,,,1,125,12,1,0,0,0,0,0,,Translated
244,由香,きゃぁ！！, , ,由香,きゃぁ！！, , ,由香,―,,,由香,呀！！,,,1,147,28,1,0,0,0,10,0,,Translated
245,由香,きゃぁ！！, , ,由香,きゃぁ！！, , ,由香,―,,,由香,呀！！,,,1,147,28,1,0,0,0,10,0,,Translated
246,由香,きゃぁ！！, , ,由香,きゃぁ！！, , ,由香,―,,,由香,呀！！,,,1,147,28,1,0,0,0,10,0,,Translated
247,,　玄関扉は、ピタリと空間に固定され、開きません。, , ,,　玄関扉は、ピタリと空間に固定され、開きません。, , ,,　玄関扉は、ピタリと空間に固定され、開きません。, , ,,　玄關門像被牢牢固定在空中，無法打開。,,,0,0,0,0,0,0,0,0,0,,Translated
248,,扉の鍵を開けました。, , ,,扉の鍵を開けました。, , ,,扉の鍵を開けました。, , ,,門鎖打開了。,,,0,0,0,1,0,0,0,0,0,,Translated
249,哲志,由香とは、この校舎で離れ離れになってしまったんだ。, , ,哲志,由香とは、この校舎で離れ離れになってしまったんだ。, , ,哲志,―,,,哲志,就是在這棟校舍裡和由香走散的。,,,1,32,17,1,0,0,0,0,0,,Translated
250,直美,そう……じゃもう少し、こっち捜してみようか？, , ,直美,そう......じゃもう少し、こっち捜してみようか？, , ,直美,―,,,直美,是嗎……那再稍微，找找這邊吧？,,,1,125,12,1,0,0,0,0,0,,Translated
251,,にげろにげろにげろ　うさぎ　にげろ　にげろ,にげろ　にげろ,　にげろ,,にげろにげろにげろ　うさぎ　にげろ　にげろ,にげろ　にげろ,　にげろ,,にげろにげろにげろ　うさぎ　にげろ　にげろ,にげろ　にげろ,　にげろ,,快跑快跑快跑　兔子　快跑　快跑,快跑　快跑,　快跑,0,0,0,1,0,0,0,0,0,,Translated
252,,■　黒化は目の前だ　■, , ,,■　黒化は目の前だ　■, , ,,■　黒化は目の前だ　■, , ,,■　黑化就在眼前　■,,,0,0,0,1,0,0,0,0,0,,Translated
253,,鬼碑忌の取材テープ②　を取りました。, , ,,鬼碑忌の取材テープ②　を取りました。, , ,,鬼碑忌の取材テープ②　を取りました。, , ,,取得了鬼碑忌的採訪錄影帶②。,,,0,0,0,1,0,0,0,0,0,,Translated
254,,　玄関の鍵　があります。取りますか？, , ,,　玄関の鍵　があります。取りますか？, , ,,　玄関の鍵　があります。取りますか？, , ,,　有玄關的鑰匙。要拿嗎？,,,0,0,0,1,0,0,0,0,0,,Translated
255,,はい,いいえ,,,はい,いいえ,,,はい,いいえ,,,是,否,,0,255,255,255,255,255,255,255,255,,Translated
256,,玄関の鍵　を取りました。, , ,,玄関の鍵　を取りました。, , ,,玄関の鍵　を取りました。, , ,,取得了玄關的鑰匙。,,,0,0,0,1,0,0,0,0,0,,Translated
257,哲志,―― 由香！, , ,哲志,―― 由香！, , ,哲志,―,,,哲志,―― 由香！,,,1,41,17,1,0,0,0,0,0,,Translated
258,直美,よかった！　大丈夫？　怪我はない？, , ,直美,よかった！　大丈夫？　怪我はない？, , ,直美,―,,,直美,太好了！　妳沒事吧？　有沒有受傷？,,,1,131,12,1,0,0,0,0,0,,Translated
259,由香,…………, , ,由香,............, , ,由香,―,,,由香,…………,,,1,19,29,1,0,0,0,0,0,,Translated
260,哲志,由香？　わかるか？　俺だ。, , ,哲志,由香？　わかるか？　俺だ。, , ,哲志,―,,,哲志,由香？　認得我嗎？　是我啊。,,,1,42,17,1,0,0,0,0,0,,Translated
261,由香,……おにい、ちゃん……, , ,由香,......おにい、ちゃん......, , ,由香,―,,,由香,……哥、哥……？,,,1,20,29,1,0,0,0,0,0,,Translated
262,哲志,そうだ、……もう大丈夫だぞ。, , ,哲志,そうだ、......もう大丈夫だぞ。, , ,哲志,―,,,哲志,是啊，……已經沒事了。,,,1,43,17,1,0,0,0,0,0,,Translated
263,由香,……っ。……ううぅぅぅぅ……っ, , ,由香,......っ。......ううぅぅぅぅ......っ, , ,由香,―,,,由香,……。……嗚嗚嗚嗚嗚……,,,1,21,29,1,0,0,0,0,0,,Translated
264,哲志,悪かったな、一人にして……怖かったな。, , ,哲志,悪かったな、一人にして......怖かったな。, , ,哲志,―,,,哲志,對不起，讓妳一個人……很害怕吧。,,,1,44,17,1,0,0,0,0,0,,Translated
265,由香,んんんんーーーっ, , ,由香,んんんんーーーっ, , ,由香,―,,,由香,嗚嗚嗚～～～,,,1,22,29,1,0,0,0,0,0,,Translated
266,由香,お兄ちゃん……お兄ちゃぁん……,ううー、ううーっ, ,由香,お兄ちゃん......お兄ちゃぁん......,ううー、ううーっ, ,由香,―,,,由香,哥哥……哥哥……,嗚嗚～、嗚嗚～,,1,23,29,1,0,0,0,0,0,,Translated
267,哲志,ごめんな……　ごめんな……, , ,哲志,ごめんな......　ごめんな......, , ,哲志,―,,,哲志,對不起……　對不起……,,,1,45,17,1,0,0,0,0,0,,Translated
268,直美,よかった……, , ,直美,よかった......, , ,直美,―,,,直美,太好了……,,,1,132,12,1,0,0,0,0,0,,Translated
269,哲志,さ……由香、立てるか？, , ,哲志,さ......由香、立てるか？, , ,哲志,―,,,哲志,來……由香，站得起來嗎？,,,1,46,17,1,0,0,0,0,0,,Translated
270,由香,うん……, , ,由香,うん......, , ,由香,―,,,由香,嗯……,,,1,24,29,1,0,0,0,0,0,,Translated
271,哲志,ん？, , ,哲志,ん？, , ,哲志,―,,,哲志,嗯？,,,1,47,17,1,0,0,0,0,0,,Translated
272,由香,？, , ,由香,？, , ,由香,―,,,由香,？,,,1,25,29,1,0,0,0,0,0,,Translated
273,哲志,由香、何か落としたぞ……テープ？, , ,哲志,由香、何か落としたぞ......テープ？, , ,哲志,―,,,哲志,由香，掉了東西喔……錄影帶？,,,1,48,17,1,0,0,0,0,0,,Translated
274,由香,ん？　なにこれ……由香知らない。, , ,由香,ん？　なにこれ......由香知らない。, , ,由香,―,,,由香,嗯？　這是什麼……由香不知道。,,,1,26,29,1,0,0,0,0,0,,Translated
275,哲志,どこに持っていたんだ？, , ,哲志,どこに持っていたんだ？, , ,哲志,―,,,哲志,妳放在哪裡的？,,,1,49,17,1,0,0,0,0,0,,Translated
276,由香,わかんない、由香、これ初めてみるもん。, , ,由香,わかんない、由香、これ初めてみるもん。, , ,由香,―,,,由香,不知道，由香是第一次看到這個。,,,1,27,29,1,0,0,0,0,0,,Translated
277,哲志,……気味が悪いな……　けど、これって……, , ,哲志,......気味が悪いな......　けど、これって......, , ,哲志,―,,,哲志,……感覺真不舒服……　不過，這是……,,,1,50,17,1,0,0,0,0,0,,Translated
278,,鬼碑忌の取材テープ②　を取りました。, , ,,鬼碑忌の取材テープ②　を取りました。, , ,,―,,,,取得了鬼碑忌的採訪錄影帶②。,,,0,0,0,1,0,0,0,0,0,,Translated
279,直美,うん、ラベルに【鬼碑忌取材②】って書いてある。, , ,直美,うん、ラベルに【鬼碑忌取材②】って書いてある。, , ,直美,―,,,直美,嗯，標籤上寫著【鬼碑忌採訪②】。,,,1,133,12,1,0,0,0,0,0,,Translated
280,直美,……続きだよ！,ここから帰る方法、見られるかも知れない。, ,直美,......続きだよ！,ここから帰る方法、見られるかも知れない。, ,直美,―,,,直美,……是續集喔！,也許可以看到從這裡回去的方法。,,1,134,12,1,0,0,0,0,0,,Translated
281,由香,んー？, , ,由香,んー？, , ,由香,―,,,由香,嗯～？,,,1,28,29,1,0,0,0,0,0,,Translated
282,哲志,……だな。よし、観に行ってみるか。, , ,哲志,......だな。よし、観に行ってみるか。, , ,哲志,―,,,哲志,……也是。好，去看一下吧。,,,1,51,17,1,0,0,0,0,0,,Translated
283,哲志,由香、さぁ行こう。, , ,哲志,由香、さぁ行こう。, , ,哲志,―,,,哲志,由香，來走吧。,,,1,52,17,1,0,0,0,0,0,,Translated
284,由香,ん。（こくり）, , ,由香,ん。（こくり）, , ,由香,―,,,由香,嗯。（點頭）,,,1,29,29,1,0,0,0,0,0,,Translated
285,刻命,ヒァー♪　アイゲッチュウ～♪, , ,刻命,ヒァー♪　アイゲッチュウ～♪, , ,刻命,―,,,刻命,嘻～♪　抓到妳了～♪,,,1,41,7,1,0,0,0,0,0,,Translated
286,由香,！！　いや！　いやぁ！　放してください！, , ,由香,！！　いや！　いやぁ！　放してください！, , ,由香,―,,,由香,！！　不要！　不要啊！　放開我！,,,1,239,28,1,0,0,0,0,0,,Translated
287,刻命,……生きているウサギは、五月蝿（うるさ）いな。, , ,刻命,......生きているウサギは、五月蝿（うるさ）いな。, , ,刻命,―,,,刻命,……活著的兔子，真是吵鬧呢。,,,1,42,7,1,0,0,0,0,0,,Translated
288,, ,　カチャ　カチャ　カチャ, ,, ,　カチャ　カチャ　カチャ, ,, ,　カチャ　カチャ　カチャ, ,,　喀嚓　喀嚓　喀嚓,,,0,0,0,1,0,0,0,0,1,,Translated
289,,白骨死体が床に横たわっています……, , ,,白骨死体が床に横たわっています......, , ,,白骨死体が床に横たわっています……, , ,,白骨屍體躺在地板上……,,,0,0,0,1,0,0,0,0,0,,Translated
290,,白骨死体が椅子に座っています……, , ,,白骨死体が椅子に座っています......, , ,,白骨死体が椅子に座っています……, , ,,白骨屍體坐在椅子上……,,,0,0,0,1,0,0,0,0,0,,Translated
291,,鍵がかかっていて、扉は開きそうにない。, , ,,鍵がかかっていて、扉は開きそうにない。, , ,,鍵がかかっていて、扉は開きそうにない。, , ,,門鎖著，似乎打不開。,,,0,0,0,1,0,0,0,0,0,,Translated
292,,鍵がかかっていて、扉は開きそうにない。, , ,,鍵がかかっていて、扉は開きそうにない。, , ,,鍵がかかっていて、扉は開きそうにない。, , ,,門鎖著，似乎打不開。,,,0,0,0,1,0,0,0,0,0,,Translated
293,,鍵がかかっていて、扉は開きそうにない。, , ,,鍵がかかっていて、扉は開きそうにない。, , ,,鍵がかかっていて、扉は開きそうにない。, , ,,門鎖著，似乎打不開。,,,0,0,0,1,0,0,0,0,0,,Translated
294,刻命,ヒァー♪　アイゲッチュウ～♪, , ,刻命,ヒァー♪　アイゲッチュウ～♪, , ,刻命,―,,,刻命,嘻～♪　抓到妳了～♪,,,1,41,7,1,0,0,0,0,0,,Translated
295,由香,！！　いや！　いやぁ！　放してください！, , ,由香,！！　いや！　いやぁ！　放してください！, , ,由香,―,,,由香,！！　不要！　不要啊！　放開我！,,,1,239,28,1,0,0,0,0,0,,Translated
296,刻命,……生きているウサギは、五月蝿（うるさ）いな。, , ,刻命,......生きているウサギは、五月蝿（うるさ）いな。, , ,刻命,―,,,刻命,……活著的兔子，真是吵鬧呢。,,,1,42,7,1,0,0,0,0,0,,Translated
297,,白骨死体が床に横たわっています……, , ,,白骨死体が床に横たわっています......, , ,,白骨死体が床に横たわっています……, , ,,白骨屍體躺在地板上……,,,0,0,0,1,0,0,0,0,0,,Translated
298,,白骨死体が床に横たわっています……, , ,,白骨死体が床に横たわっています......, , ,,白骨死体が床に横たわっています……, , ,,白骨屍體躺在地板上……,,,0,0,0,1,0,0,0,0,0,,Translated
299,,仲間が殺された……この床に気をつけろ,危険なのでこの先を封印する……, ,,仲間が殺された......この床に気をつけろ,危険なのでこの先を封印する......, ,,仲間が殺された……この床に気をつけろ,危険なのでこの先を封印する……, ,,同伴被殺了……小心這地板,危險，因此封印此處……,,0,0,0,1,0,0,0,0,0,,Translated
300,,【図工室】,　扉に鍵がかかっています。, ,,【図工室】,　扉に鍵がかかっています。, ,,【図工室】,　扉に鍵がかかっています。, ,,【美術教室】,　門上鎖了。,,0,0,0,1,0,0,0,0,0,,Translated
301,,【図工室】,　扉に鍵がかかっています。, ,,【図工室】,　扉に鍵がかかっています。, ,,【図工室】,　扉に鍵がかかっています。, ,,【美術教室】,　門上鎖了。,,0,0,0,1,0,0,0,0,0,,Translated
302,,鍵がかかっていて、扉は開きそうにない。, , ,,鍵がかかっていて、扉は開きそうにない。, , ,,鍵がかかっていて、扉は開きそうにない。, , ,,門鎖著，似乎打不開。,,,0,0,0,1,0,0,0,0,0,,Translated
303,,石膏像が廊下に置かれています……, , ,,石膏像が廊下に置かれています......, , ,,石膏像が廊下に置かれています……, , ,,石膏像放置在走廊上……,,,0,0,0,1,0,0,0,0,0,,Translated
304,,床に、服からもぎ取られたような痕跡のある。,名札が落ちています。, ,,床に、服からもぎ取られたような痕跡のある。,名札が落ちています。, ,,床に、服からもぎ取られたような痕跡のある。,名札が落ちています。, ,,地板上，掉落了像是從衣服上扯下來的，名牌。,,,0,0,0,1,0,0,0,0,0,,Translated
305,,床に蝕まれて肉のくずれた亡骸があります……, , ,,床に蝕まれて肉のくずれた亡骸があります......, , ,,床に蝕まれて肉のくずれた亡骸があります……, , ,,地板上有被侵蝕、肉體腐爛的遺體……,,,0,0,0,1,0,0,0,0,0,,Translated
306,,白骨死体があります……, , ,,白骨死体があります......, , ,,白骨死体があります……, , ,,有白骨屍體……,,,0,0,0,1,0,0,0,0,0,,Translated
307,刻命,ヒァー♪　アイゲッチュウ～♪, , ,刻命,ヒァー♪　アイゲッチュウ～♪, , ,刻命,―,,,刻命,嘻～♪　抓到妳了～♪,,,1,41,7,1,0,0,0,0,0,,Translated
308,由香,！！　いや！　いやぁ！　放してください！, , ,由香,！！　いや！　いやぁ！　放してください！, , ,由香,―,,,由香,！！　不要！　不要啊！　放開我！,,,1,239,28,1,0,0,0,0,0,,Translated
309,刻命,……生きているウサギは、五月蝿（うるさ）いな。, , ,刻命,......生きているウサギは、五月蝿（うるさ）いな。, , ,刻命,―,,,刻命,……活著的兔子，真是吵鬧呢。,,,1,42,7,1,0,0,0,0,0,,Translated
310,刻命,ヒァー♪　アイゲッチュウ～♪, , ,刻命,ヒァー♪　アイゲッチュウ～♪, , ,刻命,―,,,刻命,嘻～♪　抓到妳了～♪,,,1,41,7,1,0,0,0,0,0,,Translated
311,由香,！！　いや！　いやぁ！　放してください！, , ,由香,！！　いや！　いやぁ！　放してください！, , ,由香,―,,,由香,！！　不要！　不要啊！　放開我！,,,1,239,28,1,0,0,0,0,0,,Translated
312,刻命,……生きているウサギは、五月蝿（うるさ）いな。, , ,刻命,......生きているウサギは、五月蝿（うるさ）いな。, , ,刻命,―,,,刻命,……活著的兔子，真是吵鬧呢。,,,1,42,7,1,0,0,0,0,0,,Translated
313,,あの　子,　ヲ　信ジ　　ろ, ,,あの　子,　ヲ　信ジ　　ろ, ,,あの　子,　ヲ　信ジ　　ろ, ,,那　個　孩　子,　值　得　相　　信,,0,0,0,1,0,0,0,0,0,,Translated
314,,■　天神小学校　■,　廃校のお知らせ,　（1975　10／18）,,■　天神小学校　■,　廃校のお知らせ,　（1975　10／18）,,■　天神小学校　■,　廃校のお知らせ,　（1975　10／18）,,■　天神小學校　■,廢校通知,　（1975　10／18）,0,0,0,1,0,0,0,0,0,,Translated
315,,先般の忌まわしき事件の後,校内で多発する,惨憺たる事件、事故,,先般の忌まわしき事件の後,校内で多発する,惨憺たる事件、事故,,先般の忌まわしき事件の後,校内で多発する,惨憺たる事件、事故,,在前次可悲事件之後，,校內頻發的悲慘事件、事故，,,0,0,0,1,0,0,0,0,0,,Translated
316,,激減する生徒児童の数など,校内の実情を鑑みるに……, ,,激減する生徒児童の数など,校内の実情を鑑みるに......, ,,激減する生徒児童の数など,校内の実情を鑑みるに……, ,,以及學生人數急遽減少等，,鑑於校內實際情況……,,0,0,0,1,0,0,0,0,0,,Translated
317,,来る75年11月18日に,断腸の思いで当校の廃校を,決断いたしました,,来る75年11月18日に,断腸の思いで当校の廃校を,決断いたしました,,来る75年11月18日に,断腸の思いで当校の廃校を,決断いたしました,,決定於來臨的75年11月18日，,懷著悲痛的心情廢除本校。,,0,0,0,1,0,0,0,0,0,,Translated
318,,わたくしの不徳により,不甲斐無い決断となり,深くお詫び申し上げます。,,わたくしの不徳により,不甲斐無い決断となり,深くお詫び申し上げます。,,わたくしの不徳により,不甲斐無い決断となり,深くお詫び申し上げます。,,因本人德行不足，,作出此等不才決定，,在此深表歉意。,0,0,0,1,0,0,0,0,0,,Translated
319,,教職員各位,　天神小学校校長,　柳堀隆峰　記す,,教職員各位,　天神小学校校長,　柳堀隆峰　記す,,教職員各位,　天神小学校校長,　柳堀隆峰　記す,,全體教職員，　天神小學校校長，　柳堀隆峰　敬上,,,0,0,0,1,0,0,0,0,0,,Translated
320,由香,はぁ、はぁ……！, , ,由香,はぁ、はぁ......！, , ,由香,はぁ、はぁ……！, , ,由香,哈啊、哈啊……！,,,1,0,0,1,0,0,0,0,0,,Translated
321,刻命,ヒァー♪　アイゲッチュウ～♪, , ,刻命,ヒァー♪　アイゲッチュウ～♪, , ,刻命,―,,,刻命,嘻～♪　抓到妳了～♪,,,1,41,7,1,0,0,0,0,0,,Translated
322,由香,！！　いや！　いやぁ！　放してください！, , ,由香,！！　いや！　いやぁ！　放してください！, , ,由香,―,,,由香,！！　不要！　不要啊！　放開我！,,,1,239,28,1,0,0,0,0,0,,Translated
323,刻命,……生きているウサギは、五月蝿（うるさ）いな。, , ,刻命,......生きているウサギは、五月蝿（うるさ）いな。, , ,刻命,―,,,刻命,……活著的兔子，真是吵鬧呢。,,,1,42,7,1,0,0,0,0,0,,Translated
324,哲志,由香を探して校舎内を彷徨い……, , ,哲志,由香を探して校舎内を彷徨い......, , ,哲志,―,,,哲志,在校舍內徘徊尋找由香……,,,1,18,17,1,0,0,0,0,0,,Translated
325,哲志,俺たちは、別館への通路が開いているのを発見した。, , ,哲志,俺たちは、別館への通路が開いているのを発見した。, , ,哲志,―,,,哲志,我們發現了通往別館的通道打開了。,,,1,19,17,1,0,0,0,0,0,,Translated
326,直美,本当だ……　あっちにも校舎……怖い。, , ,直美,本当だ......　あっちにも校舎......怖い。, , ,直美,―,,,直美,真的耶……　那邊也有校舍……好可怕。,,,1,109,12,1,0,0,0,0,0,,Translated
327,哲志,直美、大丈夫か？　俺も怖いけど……, , ,哲志,直美、大丈夫か？　俺も怖いけど......, , ,哲志,―,,,哲志,直美，妳還好嗎？　我也很害怕……,,,1,20,17,1,0,0,0,0,0,,Translated
328,直美,……うん……, , ,直美,......うん......, , ,直美,―,,,直美,……嗯……,,,1,110,12,1,0,0,0,0,0,,Translated
329,哲志,大丈夫だ、二人でいれば、何とかなる。, , ,哲志,大丈夫だ、二人でいれば、何とかなる。, , ,哲志,―,,,哲志,沒事的，只要兩個人在一起，總會有辦法的。,,,1,21,17,1,0,0,0,0,0,,Translated
330,直美,……だね……, , ,直美,......だね......, , ,直美,―,,,直美,……也是……,,,1,111,12,1,0,0,0,0,0,,Translated
331,直美,（『二人でいれば』……また後悔が襲ってきて、,　あたしの心を捻じりあげる）, ,直美,（『二人でいれば』......また後悔が襲ってきて、,　あたしの心を捻じりあげる）, ,直美,―,,,直美,（『只要兩個人在一起』……後悔再次襲來，,擰緊了我的心）,,1,112,12,1,0,0,0,0,0,,Translated
332,世以子,『人の気持ちも知らないで！』, , ,世以子,『人の気持ちも知らないで！』, , ,世以子,―,,,世以子,『你根本不懂別人的心情！』,,,1,58,20,1,0,0,0,0,0,,Translated
333,直美,（世以子の最後の言葉が、耳から離れない）, , ,直美,（世以子の最後の言葉が、耳から離れない）, , ,直美,―,,,直美,（世以子的最後一句話，在耳邊縈繞不去）,,,1,113,12,1,0,0,0,0,0,,Translated
334,哲志,『直美……大丈夫だ。お前のせいじゃない』, , ,哲志,『直美......大丈夫だ。お前のせいじゃない』, , ,哲志,―,,,哲志,『直美……沒事的。不是妳的錯』,,,1,22,17,1,0,0,0,0,0,,Translated
335,直美,（元気付けてくれた哲志には、ああ言ったけど）, , ,直美,（元気付けてくれた哲志には、ああ言ったけど）, , ,直美,―,,,直美,（雖然對安慰我的哲志這麼說了）,,,1,114,12,1,0,0,0,0,0,,Translated
336,直美,（靴も揃えて置いてあったし、あれは自殺で）, , ,直美,（靴も揃えて置いてあったし、あれは自殺で）, , ,直美,―,,,直美,（鞋子也整齊地擺放著，那是自殺）,,,1,115,12,1,0,0,0,0,0,,Translated
337,直美,（きっかけはきっと、あたしの八つ当たりに違いない）, , ,直美,（きっかけはきっと、あたしの八つ当たりに違いない）, , ,直美,―,,,直美,（起因一定是我的遷怒）,,,1,117,12,1,0,0,0,0,0,,Translated
338,直美,（絶対そうだ。きっとそうだ）, , ,直美,（絶対そうだ。きっとそうだ）, , ,直美,―,,,直美,（絕對是這樣。一定是這樣）,,,1,118,12,1,0,0,0,0,0,,Translated
339,直美,（世以子、絶対あたしに……怒ってる）, , ,直美,（世以子、絶対あたしに......怒ってる）, , ,直美,―,,,直美,（世以子，絕對在生我的氣……）,,,1,119,12,1,0,0,0,0,0,,Translated
340,直美,……由香ちゃん、きっと見つけてあげるからね……, , ,直美,......由香ちゃん、きっと見つけてあげるからね......, , ,直美,―,,,直美,……由香，我一定會找到她的……,,,1,126,12,1,0,0,0,0,0,,Translated
341,哲志・直美・由香,ッ！,きゃぁーーっ！,きゃーーーーっ！！,哲志・直美・由香,ッ！,きゃぁーーっ！,きゃーーーーっ！！,哲志・直美・由香,―,,,哲志・直美・由香,！,呀～～！,呀～～～～！！,1,0,0,1,0,0,0,0,0,,Translated
342,由香,あぁ……あぁ……あぁ……！, , ,由香,あぁ......あぁ......あぁ......！, , ,由香,―,,,由香,啊……啊……啊……！,,,1,0,0,1,0,0,0,7,0,,Translated
343,直美,な……なに？！　何なの、あれ……！？, , ,直美,な......なに？！　何なの、あれ......！？, , ,直美,―,,,直美,什……什麼？！　那是什麼……！？,,,1,0,0,1,0,0,0,0,0,,Translated
344,哲志,校舎の屋上から飛び降りて……！,おそらく、天神小学校の校長だな……, ,哲志,校舎の屋上から飛び降りて......！,おそらく、天神小学校の校長だな......, ,哲志,―,,,哲志,從校舍屋頂跳下來……！,恐怕是天神小學校的校長吧……,,1,244,17,1,0,0,0,0,0,,Translated
345,哲志,うっ…………？！, , ,哲志,うっ............？！, , ,哲志,―,,,哲志,嗚…………？！,,,1,0,0,1,0,0,0,7,0,,Translated
346,直美,やだっ……！, , ,直美,やだっ......！, , ,直美,―,,,直美,不要……！,,,1,37,13,1,0,0,0,0,0,,Translated
347,哲志,くっ……由香、見るな。, , ,哲志,くっ......由香、見るな。, , ,哲志,―,,,哲志,可惡……由香，不要看。,,,1,245,17,1,0,0,0,0,0,,Translated
348,由香,ううううぅ～, , ,由香,ううううぅ～, , ,由香,―,,,由香,嗚嗚嗚嗚～,,,1,79,29,1,0,0,0,0,0,,Translated
349,直美,……これって……, , ,直美,......これって......, , ,直美,―,,,直美,……這是……,,,1,38,13,1,0,0,0,0,0,,Translated
350,哲志,ああ……。成仏できないから……何度も何度も、,死に続けているんだ。, ,哲志,ああ......。成仏できないから......何度も何度も、,死に続けているんだ。, ,哲志,―,,,哲志,是啊……。因為無法成佛……所以一次又一次地，,不斷重複著死亡。,,1,246,17,1,0,0,0,0,0,,Translated
351,直美,……なんてこと……！, , ,直美,......なんてこと......！, , ,直美,―,,,直美,……怎麼會……！,,,1,39,13,1,0,0,0,0,0,,Translated
352,哲志,……！　あれは……何だ？, , ,哲志,......！　あれは......何だ？, , ,哲志,―,,,哲志,……！　那是……什麼？,,,1,247,17,1,0,0,0,0,0,,Translated
353,直美,……鍵みたいに見えるけど……, , ,直美,......鍵みたいに見えるけど......, , ,直美,―,,,直美,……看起來像鑰匙……,,,1,40,13,1,0,0,0,0,0,,Translated
354,哲志,ああ、どこかの鍵だな……,……取って来る。, ,哲志,ああ、どこかの鍵だな......,......取って来る。, ,哲志,―,,,哲志,嗯，是哪裡的鑰匙吧……,……我去拿。,,1,248,17,1,0,0,0,0,0,,Translated
355,直美,あぶないよ、やめて！, , ,直美,あぶないよ、やめて！, , ,直美,―,,,直美,太危險了，不要！,,,1,41,13,1,0,0,0,0,0,,Translated
356,哲志,大丈夫だ、……慎重に行く。, , ,哲志,大丈夫だ、......慎重に行く。, , ,哲志,―,,,哲志,沒事的，……我會小心。,,,1,249,17,1,0,0,0,0,0,,Translated
357,哲志,く……, , ,哲志,く......, , ,哲志,―,,,哲志,可……,,,1,250,17,1,0,0,0,0,0,,Translated
358,哲志,取れたぞ……！　なんだ？,小さいな、この鍵……机か何かのか？, ,哲志,取れたぞ......！　なんだ？,小さいな、この鍵......机か何かのか？, ,哲志,―,,,哲志,拿到了……！　什麼？,真小啊這鑰匙……是書桌或什麼的嗎？,,1,251,17,1,0,0,0,0,0,,Translated
359,,校長室の鍵　を取りました。, , ,,校長室の鍵　を取りました。, , ,,校長室の鍵　を取りました。, , ,,取得了校長室的鑰匙。,,,0,0,0,1,0,0,0,0,0,,Translated
360,直美,うん……哲志、早く……戻って来て！, , ,直美,うん......哲志、早く......戻って来て！, , ,直美,―,,,直美,嗯……哲志，快點……回來！,,,1,42,13,1,0,0,0,0,0,,Translated
361,哲志,……っ！？, , ,哲志,......っ！？, , ,哲志,……っ！？, , ,哲志,……！？,,,1,0,0,1,0,0,1,6,0,,Translated
362,あゆみ,……, , ,あゆみ,......, , ,あゆみ,……, , ,あゆみ,……,,,1,1,3,1,0,0,0,0,0,,Translated
363,あゆみ,七星さんも、鬼碑忌先生もはっきりと,ここに“来た”って言っている……, ,あゆみ,七星さんも、鬼碑忌先生もはっきりと,ここに“来た”って言っている......, ,あゆみ,―,,,あゆみ,七星小姐和鬼碑忌老師都清楚地,說過自己「來」到了這裡……,,1,2,3,1,0,0,0,0,0,,Translated
364,あゆみ,青い霊魂の話では、児童霊の呪いで,『監禁されている』って事だったし。, ,あゆみ,青い霊魂の話では、児童霊の呪いで,『監禁されている』って事だったし。, ,あゆみ,―,,,あゆみ,藍色靈魂的說法是，因為兒童靈的詛咒,而被『監禁』了。,,1,3,3,1,0,0,0,0,0,,Translated
365,あゆみ,児童……ゆきちゃんの霊は,『連れて来ている』のは自分達じゃないって。, ,あゆみ,児童......ゆきちゃんの霊は,『連れて来ている』のは自分達じゃないって。, ,あゆみ,―,,,あゆみ,兒童……由紀的靈魂說，,『帶來』的並不是她們。,,1,4,3,1,0,0,0,0,0,,Translated
366,あゆみ,だったら……やっぱり“幸せのサチコさん”,に失敗したからだわ。, ,あゆみ,だったら......やっぱり“幸せのサチコさん”,に失敗したからだわ。, ,あゆみ,―,,,あゆみ,那麼……果然是因為「招來幸福的サチコ小姐」,失敗了的緣故。,,1,5,3,1,0,0,0,0,0,,Translated
367,あゆみ,私達がここに連れて来られたのは、,サチコさんを怒らせたせい……, ,あゆみ,私達がここに連れて来られたのは、,サチコさんを怒らせたせい......, ,あゆみ,―,,,あゆみ,我們會被帶到這裡來，,是因為惹怒了サチコ小姐……,,1,6,3,1,0,0,0,0,0,,Translated
368,あゆみ,……っ。　あのとき、ちゃんと七星さんの,ブログの指示通りに、, ,あゆみ,......っ。　あのとき、ちゃんと七星さんの,ブログの指示通りに、, ,あゆみ,―,,,あゆみ,……。要是那時候，有好好按照七星小姐,部落格上的指示，,,1,7,3,1,0,0,0,0,0,,Translated
369,あゆみ,おまじないに成功していれば……, , ,あゆみ,おまじないに成功していれば......, , ,あゆみ,―,,,あゆみ,如果詛咒成功的話……,,,1,8,3,1,0,0,0,0,0,,Translated
370,あゆみ,私は……　私はただ……！, , ,あゆみ,私は......　私はただ......！, , ,あゆみ,―,,,あゆみ,我……　我只是……！,,,1,9,3,1,0,0,0,0,0,,Translated
371,あゆみ,みんなずっと一緒に……友達でいられると,思ったから……！, ,あゆみ,みんなずっと一緒に......友達でいられると,思ったから......！, ,あゆみ,―,,,あゆみ,想著大家可以一直在一起……永遠是朋友……！,,,1,10,3,1,0,0,0,0,0,,Translated
372,あゆみ,まさかこんなに失敗リスクが高いなんて、,思うわけないじゃない……, ,あゆみ,まさかこんなに失敗リスクが高いなんて、,思うわけないじゃない......, ,あゆみ,―,,,あゆみ,誰會想到失敗的風險這麼高啊……,,,1,11,3,1,0,0,0,0,0,,Translated
373,あゆみ,ただのおまじないで普通じゃないよ！,……こんな……こんな事になるなんて, ,あゆみ,ただのおまじないで普通じゃないよ！,......こんな......こんな事になるなんて, ,あゆみ,―,,,あゆみ,只是個詛咒而已太不正常了！,……竟然會……變成這樣,,1,12,3,1,0,0,0,0,0,,Translated
374,あゆみ,うう……みんな……みんな、ごめん……, , ,あゆみ,うう......みんな......みんな、ごめん......, , ,あゆみ,―,,,あゆみ,嗚嗚……大家……大家，對不起……,,,1,13,3,1,0,0,0,0,0,,Translated
375,あゆみ,鈴本さん……篠原さん……！　ううう……, , ,あゆみ,鈴本さん......篠原さん......！　ううう......, , ,あゆみ,―,,,あゆみ,鈴本同學……篠原同學……！　嗚嗚……,,,1,14,3,1,0,0,0,0,0,,Translated
376,あゆみ,私……私のせいだぁ……　……うあああー……, , ,あゆみ,私......私のせいだぁ......　......うあああー......, , ,あゆみ,―,,,あゆみ,我……是我的錯……　……嗚啊啊……,,,1,15,3,1,0,0,0,0,0,,Translated
377,あゆみ,ううううーっ……, , ,あゆみ,ううううーっ......, , ,あゆみ,―,,,あゆみ,嗚嗚嗚嗚～……,,,1,16,3,1,0,0,0,0,0,,Translated
378,良樹,あの死んだ魚みたいな目した女子、,師匠なんていたのか。, ,良樹,あの死んだ魚みたいな目した女子、,師匠なんていたのか。, ,良樹,―,,,良樹,那個眼神像死魚一樣的女生，,還有師父這種人啊。,,1,52,25,1,0,0,0,0,0,,Translated
379,あゆみ,七星さんも、鬼碑忌先生もはっきりと、,ここに“来た”って言っている……, ,あゆみ,七星さんも、鬼碑忌先生もはっきりと、,ここに“来た”って言っている......, ,あゆみ,―,,,あゆみ,七星小姐和鬼碑忌老師都清楚地,說過自己「來」到了這裡……,,1,2,3,1,0,0,0,0,0,,Translated
380,あゆみ,青い霊魂の話では、児童霊の呪いで,『監禁されている』って事だったし, ,あゆみ,青い霊魂の話では、児童霊の呪いで,『監禁されている』って事だったし, ,あゆみ,―,,,あゆみ,藍色靈魂的說法是，因為兒童靈的詛咒,而被『監禁』了。,,1,3,3,1,0,0,0,0,0,,Translated
381,あゆみ,児童……ゆきちゃんの霊は,『連れて来ている』のは自分達じゃないって。, ,あゆみ,児童......ゆきちゃんの霊は,『連れて来ている』のは自分達じゃないって。, ,あゆみ,―,,,あゆみ,兒童……由紀的靈魂說，,『帶來』的並不是她們。,,1,4,3,1,0,0,0,0,0,,Translated
382,あゆみ,だったら……やっぱり“幸せのサチコさん”に,失敗したからだわ。, ,あゆみ,だったら......やっぱり“幸せのサチコさん”に,失敗したからだわ。, ,あゆみ,―,,,あゆみ,那麼……果然是因為「招來幸福的サチコ小姐」,失敗了的緣故。,,1,5,3,1,0,0,0,0,0,,Translated
383,あゆみ,私達がここに連れて来られたのは、,サチコさんを怒らせたせい……, ,あゆみ,私達がここに連れて来られたのは、,サチコさんを怒らせたせい......, ,あゆみ,―,,,あゆみ,我們會被帶到這裡來，,是因為惹怒了サチコ小姐……,,1,6,3,1,0,0,0,0,0,,Translated
384,あゆみ,……っ。あのとき、ちゃんと七星さんの,ブログの指示通りに、, ,あゆみ,......っ。あのとき、ちゃんと七星さんの,ブログの指示通りに、, ,あゆみ,―,,,あゆみ,……。要是那時候，有好好按照七星小姐,部落格上的指示，,,1,7,3,1,0,0,0,0,0,,Translated
385,あゆみ,おまじないに成功していれば……, , ,あゆみ,おまじないに成功していれば......, , ,あゆみ,―,,,あゆみ,如果詛咒成功的話……,,,1,8,3,1,0,0,0,0,0,,Translated
386,良樹,……篠崎……, , ,良樹,......篠崎......, , ,良樹,―,,,良樹,……篠崎……,,,1,53,25,1,0,0,0,0,0,,Translated
387,あゆみ,私は……　私はただ……！, , ,あゆみ,私は......　私はただ......！, , ,あゆみ,―,,,あゆみ,我……　我只是……！,,,1,9,3,1,0,0,0,0,0,,Translated
388,あゆみ,みんなずっと一緒に……友達でいられると,思ったから……！, ,あゆみ,みんなずっと一緒に......友達でいられると,思ったから......！, ,あゆみ,―,,,あゆみ,想著大家可以一直在一起……永遠是朋友……！,,,1,10,3,1,0,0,0,0,0,,Translated
389,あゆみ,まさかこんなに失敗リスクが高いなんて、,思うわけないじゃない……, ,あゆみ,まさかこんなに失敗リスクが高いなんて、,思うわけないじゃない......, ,あゆみ,―,,,あゆみ,誰會想到失敗的風險這麼高啊……,,,1,11,3,1,0,0,0,0,0,,Translated
390,あゆみ,ただのおまじないで普通じゃないよ！,……こんな……こんな事になるなんて, ,あゆみ,ただのおまじないで普通じゃないよ！,......こんな......こんな事になるなんて, ,あゆみ,―,,,あゆみ,只是個詛咒而已太不正常了！,……竟然會……變成這樣,,1,12,3,1,0,0,0,0,0,,Translated
391,良樹,篠崎、抱え込むな。,こんなもん、誰が予測できるっていうんだ。, ,良樹,篠崎、抱え込むな。,こんなもん、誰が予測できるっていうんだ。, ,良樹,―,,,良樹,篠崎，別一個人扛著。,這種事，誰能預料得到啊。,,1,54,25,1,0,0,0,0,0,,Translated
392,あゆみ,うう……みんな……　みんな、ごめん……, , ,あゆみ,うう......みんな......　みんな、ごめん......, , ,あゆみ,―,,,あゆみ,嗚嗚……大家……大家，對不起……,,,1,13,3,1,0,0,0,0,0,,Translated
393,あゆみ,鈴本さん……篠原さん……！　ううう……, , ,あゆみ,鈴本さん......篠原さん......！　ううう......, , ,あゆみ,―,,,あゆみ,鈴本同學……篠原同學……！　嗚嗚……,,,1,14,3,1,0,0,0,0,0,,Translated
394,あゆみ,私……私のせいだぁ……　……うあああー……, , ,あゆみ,私......私のせいだぁ......　......うあああー......, , ,あゆみ,―,,,あゆみ,我……是我的錯……　……嗚啊啊……,,,1,15,3,1,0,0,0,0,0,,Translated
395,あゆみ,ううううーっ……, , ,あゆみ,ううううーっ......, , ,あゆみ,―,,,あゆみ,嗚嗚嗚嗚～……,,,1,16,3,1,0,0,0,0,0,,Translated
396,良樹,篠崎……, , ,Yoshiki,Shinozaki...,,,良樹,―,,,良樹,篠崎……,,,1,55,25,1,0,0,0,0,0,,Translated
397,,■猟奇実話ルポ・実在する呪われた学校の,過去を追った！　３,　　　　　　　　　　　　　　鬼碑忌コウ,,■猟奇実話ルポ・実在する呪われた学校の,過去を追った！　３,　　　　　　　　　　　　　　鬼碑忌コウ,,■猟奇実話ルポ・実在する呪われた学校の,過去を追った！　３,　　　　　　　　　　　　　　鬼碑忌コウ,,■獵奇實錄報導・追蹤真實存在的被詛咒學校的,過去！　３,　　　　　　　　　　　　　　鬼碑忌光,0,0,0,1,0,0,0,0,0,,Translated
398,鬼碑忌,大変な事になってしまった！, , ,鬼碑忌,大変な事になってしまった！, , ,鬼碑忌,―,,,鬼碑忌,事情變得很嚴重了！,,,1,116,6,1,0,0,0,0,0,,Translated
399,鬼碑忌,私は今、オカルト研究の歴史が一変する、,世紀の瞬間に立ち会っている。, ,鬼碑忌,私は今、オカルト研究の歴史が一変する、,世紀の瞬間に立ち会っている。, ,鬼碑忌,―,,,鬼碑忌,我現在，正見證著超自然研究歷史即將改變的,世紀瞬間。,,1,117,6,1,0,0,0,0,0,,Translated
400,鬼碑忌,今私が何処にいるか。説明をして、,果して読者諸氏にはご理解頂けるだろうか。, ,鬼碑忌,今私が何処にいるか。説明をして、,果して読者諸氏にはご理解頂けるだろうか。, ,鬼碑忌,―,,,鬼碑忌,我現在身在何處。即使說明了，,讀者諸位能夠理解嗎。,,1,118,6,1,0,0,0,0,0,,Translated
401,鬼碑忌,驚くなかれ。私は今、“呪われた学び舎”,……天神小学校、その校舎の中にいるのだ……！, ,鬼碑忌,驚くなかれ。私は今、“呪われた学び舎”,......天神小学校、その校舎の中にいるのだ......！, ,鬼碑忌,―,,,鬼碑忌,切勿驚訝。我現在，就在「被詛咒的學舍」,……天神小學校，那棟校舍之中……！,,1,119,6,1,0,0,0,0,0,,Translated
402,鬼碑忌,私の有能なる助手、読者にも恐らく名の知れた,冴之木七星君, ,鬼碑忌,私の有能なる助手、読者にも恐らく名の知れた,冴之木七星君, ,鬼碑忌,―,,,鬼碑忌,我優秀的助手，讀者們想必也聽過名字的,冴之木七星小姐，,,1,120,6,1,0,0,0,0,0,,Translated
403,鬼碑忌,霊界に精通している彼女の心霊調査により、,明らかになった……, ,鬼碑忌,霊界に精通している彼女の心霊調査により、,明らかになった......, ,鬼碑忌,―,,,鬼碑忌,透過她精通靈界的靈異調查，,已經查明瞭……,,1,121,6,1,0,0,0,0,0,,Translated
404,鬼碑忌,霊場との接触方法がある。, , ,鬼碑忌,霊場との接触方法がある。, , ,鬼碑忌,―,,,鬼碑忌,與靈場接觸的方法。,,,1,122,6,1,0,0,0,0,0,,Translated
405,鬼碑忌,私は、もう一人の助手、カメラマンの田久地君と,二人でその方法を行い……, ,鬼碑忌,私は、もう一人の助手、カメラマンの田久地君と,二人でその方法を行い......, ,鬼碑忌,―,,,鬼碑忌,我和另一位助手，攝影師田久地君,兩人一起實行了那個方法……,,1,123,6,1,0,0,0,0,0,,Translated
406,鬼碑忌,既に存在しない学校に……,生きた人間としての禁忌（きんき）に、,足を踏み入れた。,鬼碑忌,既に存在しない学校に......,生きた人間としての禁忌（きんき）に、,足を踏み入れた。,鬼碑忌,―,,,鬼碑忌,踏入了已經不存在的學校……,作為活生生的人類的禁忌……,,1,124,6,1,0,0,0,0,0,,Translated
407,鬼碑忌,このまま、記事と共に映像も残そうと思う。,先ずは手当たり次第に調査する。, ,鬼碑忌,このまま、記事と共に映像も残そうと思う。,先ずは手当たり次第に調査する。, ,鬼碑忌,―,,,鬼碑忌,我想就這樣，連同文章一起留下影像。,總之先到處調查。,,1,125,6,1,0,0,0,0,0,,Translated
408,鬼碑忌,次回記事にて、我々がどうなっているのか……？,この学校の真相が解けるのか？, ,鬼碑忌,次回記事にて、我々がどうなっているのか......？,この学校の真相が解けるのか？, ,鬼碑忌,―,,,鬼碑忌,下一篇報導中，我們會變得如何呢……？,能解開這所學校的真相嗎？,,1,126,6,1,0,0,0,0,0,,Translated
409,鬼碑忌,私も、非常に楽しみで仕方がない。,こうなったらとことん行く。, ,鬼碑忌,私も、非常に楽しみで仕方がない。,こうなったらとことん行く。, ,鬼碑忌,―,,,鬼碑忌,我自己也覺得非常期待。,既然這樣就要徹底走下去。,,1,127,6,1,0,0,0,0,0,,Translated
410,鬼碑忌,期待して待っていて欲しい。,一度ここで筆を置く。, ,鬼碑忌,期待して待っていて欲しい。,一度ここで筆を置く。, ,鬼碑忌,―,,,鬼碑忌,請期待著等待吧。,暫且在此擱筆。,,1,128,6,1,0,0,0,0,0,,Translated
411,鬼碑忌,私自らが証拠を携えて、,霊界と通じる生き証人になってみせよう。, ,鬼碑忌,私自らが証拠を携えて、,霊界と通じる生き証人になってみせよう。, ,鬼碑忌,―,,,鬼碑忌,我將親自攜帶證據，,成為與靈界相通的活證人。,,1,129,6,1,0,0,0,0,0,,Translated
412,あゆみ,七星さんの師匠……オカルト作家兼、, , ,あゆみ,七星さんの師匠......オカルト作家兼、, , ,あゆみ,―,,,あゆみ,七星小姐的師父……超自然作家兼，,,,1,252,2,1,0,0,0,0,0,,Translated
413,あゆみ,猟奇事件ルポライターの鬼碑忌先生も, , ,あゆみ,猟奇事件ルポライターの鬼碑忌先生も, , ,あゆみ,―,,,あゆみ,獵奇事件報導作家鬼碑忌老師也，,,,1,253,2,1,0,0,0,0,0,,Translated
414,あゆみ,本当にここに来ていたんだわ……, , ,あゆみ,本当にここに来ていたんだわ......, , ,あゆみ,―,,,あゆみ,真的來過這裡啊……,,,1,254,2,1,0,0,0,0,0,,Translated
415,あゆみ,いやな言い方だけれど、七星さんの方が,売れっ子になっていたし, ,あゆみ,いやな言い方だけれど、七星さんの方が,売れっ子になっていたし, ,あゆみ,―,,,あゆみ,雖然這樣說不太好，但七星小姐,已經更紅了，,,1,255,2,1,0,0,0,0,0,,Translated
416,あゆみ,起死回生を狙って、特ダネを掴みにここに来たのね。, , ,あゆみ,起死回生を狙って、特ダネを掴みにここに来たのね。, , ,あゆみ,―,,,あゆみ,他是為了孤注一擲，來這裡搶獨家新聞的吧。,,,1,0,3,1,0,0,0,0,0,,Translated
417,,鬼碑忌レポート３を読みますか？, , ,,鬼碑忌レポート３を読みますか？, , ,,鬼碑忌レポート３を読みますか？, , ,,要閱讀鬼碑忌報導３嗎？,,,0,0,0,1,0,0,0,0,0,,Translated
418,,読む,読まない,,,読む,読まない,,,読む,読まない,,,閱讀,不閱讀,,0,255,255,255,255,255,255,255,255,,Translated
419,,■猟奇実話ルポ・実在する呪われた学校の,過去を追った！　３,　　　　　　　　　　　　　　鬼碑忌コウ,,■猟奇実話ルポ・実在する呪われた学校の,過去を追った！　３,　　　　　　　　　　　　　　鬼碑忌コウ,,■猟奇実話ルポ・実在する呪われた学校の,過去を追った！　３,　　　　　　　　　　　　　　鬼碑忌コウ,,■獵奇實錄報導・追蹤真實存在的被詛咒學校的,過去！　３,　　　　　　　　　　　　　　鬼碑忌光,0,0,0,1,0,0,0,0,0,,Translated
420,鬼碑忌,大変な事になってしまった！, , ,鬼碑忌,大変な事になってしまった！, , ,鬼碑忌,―,,,鬼碑忌,事情變得很嚴重了！,,,1,116,6,1,0,0,0,0,0,,Translated
421,鬼碑忌,私は今、オカルト研究の歴史が一変する、,世紀の瞬間に立ち会っている。, ,鬼碑忌,私は今、オカルト研究の歴史が一変する、,世紀の瞬間に立ち会っている。, ,鬼碑忌,―,,,鬼碑忌,我現在，正見證著超自然研究歷史即將改變的,世紀瞬間。,,1,117,6,1,0,0,0,0,0,,Translated
422,鬼碑忌,今私が何処にいるか。説明をして、,果して読者諸氏にはご理解頂けるだろうか。, ,鬼碑忌,今私が何処にいるか。説明をして、,果して読者諸氏にはご理解頂けるだろうか。, ,鬼碑忌,―,,,鬼碑忌,我現在身在何處。即使說明了，,讀者諸位能夠理解嗎。,,1,118,6,1,0,0,0,0,0,,Translated
423,鬼碑忌,驚くなかれ。私は今、“呪われた学び舎”,……天神小学校、その校舎の中にいるのだ……！, ,鬼碑忌,驚くなかれ。私は今、“呪われた学び舎”,......天神小学校、その校舎の中にいるのだ......！, ,鬼碑忌,―,,,鬼碑忌,切勿驚訝。我現在，就在「被詛咒的學舍」,……天神小學校，那棟校舍之中……！,,1,119,6,1,0,0,0,0,0,,Translated
424,鬼碑忌,私の有能なる助手、読者にも恐らく名の知れた,冴之木七星君, ,鬼碑忌,私の有能なる助手、読者にも恐らく名の知れた,冴之木七星君, ,鬼碑忌,―,,,鬼碑忌,我優秀的助手，讀者們想必也聽過名字的,冴之木七星小姐，,,1,120,6,1,0,0,0,0,0,,Translated
425,鬼碑忌,霊界に精通している彼女の心霊調査により、,明らかになった……, ,鬼碑忌,霊界に精通している彼女の心霊調査により、,明らかになった......, ,鬼碑忌,―,,,鬼碑忌,透過她精通靈界的靈異調查，,已經查明瞭……,,1,121,6,1,0,0,0,0,0,,Translated
426,鬼碑忌,霊場との接触方法がある。, , ,鬼碑忌,霊場との接触方法がある。, , ,鬼碑忌,―,,,鬼碑忌,與靈場接觸的方法。,,,1,122,6,1,0,0,0,0,0,,Translated
427,鬼碑忌,私は、もう一人の助手、カメラマンの田久地君と,二人でその方法を行い……, ,鬼碑忌,私は、もう一人の助手、カメラマンの田久地君と,二人でその方法を行い......, ,鬼碑忌,―,,,鬼碑忌,我和另一位助手，攝影師田久地君,兩人一起實行了那個方法……,,1,123,6,1,0,0,0,0,0,,Translated
428,鬼碑忌,既に存在しない学校に……,生きた人間としての禁忌（きんき）に、,足を踏み入れた。,鬼碑忌,既に存在しない学校に......,生きた人間としての禁忌（きんき）に、,足を踏み入れた。,鬼碑忌,―,,,鬼碑忌,踏入了已經不存在的學校……,作為活生生的人類的禁忌……,,1,124,6,1,0,0,0,0,0,,Translated
429,鬼碑忌,このまま、記事と共に映像も残そうと思う。,先ずは手当たり次第に調査する。, ,鬼碑忌,このまま、記事と共に映像も残そうと思う。,先ずは手当たり次第に調査する。, ,鬼碑忌,―,,,鬼碑忌,我想就這樣，連同文章一起留下影像。,總之先到處調查。,,1,125,6,1,0,0,0,0,0,,Translated
430,鬼碑忌,次回記事にて、我々がどうなっているのか……？,この学校の真相が解けるのか？, ,鬼碑忌,次回記事にて、我々がどうなっているのか......？,この学校の真相が解けるのか？, ,鬼碑忌,―,,,鬼碑忌,下一篇報導中，我們會變得如何呢……？,能解開這所學校的真相嗎？,,1,126,6,1,0,0,0,0,0,,Translated
431,鬼碑忌,私も、非常に楽しみで仕方がない。,こうなったらとことん行く。, ,鬼碑忌,私も、非常に楽しみで仕方がない。,こうなったらとことん行く。, ,鬼碑忌,―,,,鬼碑忌,我自己也覺得非常期待。,既然這樣就要徹底走下去。,,1,127,6,1,0,0,0,0,0,,Translated
432,鬼碑忌,期待して待っていて欲しい。,一度ここで筆を置。く, ,鬼碑忌,期待して待っていて欲しい。,一度ここで筆を置。く, ,鬼碑忌,―,,,鬼碑忌,請期待著等待吧。,暫且在此擱筆。,,1,128,6,1,0,0,0,0,0,,Translated
433,鬼碑忌,私自らが証拠を携えて、,霊界と通じる生き証人になってみせよう。, ,鬼碑忌,私自らが証拠を携えて、,霊界と通じる生き証人になってみせよう。, ,鬼碑忌,―,,,鬼碑忌,我將親自攜帶證據，,成為與靈界相通的活證人。,,1,129,6,1,0,0,0,0,0,,Translated
434,良樹,！　お、おい篠崎……　お前、, , ,良樹,！　お、おい篠崎......　お前、, , ,良樹,―,,,良樹,！　喂、喂篠崎……　妳，,,,1,29,25,1,0,0,0,0,0,,Translated
435,あゆみ,なに？, , ,あゆみ,なに？, , ,あゆみ,―,,,あゆみ,什麼？,,,1,153,2,1,0,0,0,0,0,,Translated
436,良樹,それ、怪我か？　尻のとこ、血が一杯付いてるぞ。, , ,良樹,それ、怪我か？　尻のとこ、血が一杯付いてるぞ。, , ,良樹,―,,,良樹,那是受傷嗎？　屁股那裡，沾了好多血。,,,1,30,25,1,0,0,0,0,0,,Translated
437,あゆみ,……！（ビクッ）　あ……　う……うそ, , ,あゆみ,......！（ビクッ）　あ......　う......うそ, , ,あゆみ,―,,,あゆみ,……！（驚）　啊……　騙……騙人,,,1,154,2,1,0,0,0,0,0,,Translated
438,良樹,なんか尖った木とかで、傷でもつけたのか？　大丈……, , ,良樹,なんか尖った木とかで、傷でもつけたのか？　大丈......, , ,良樹,―,,,良樹,是被尖銳的木頭之類的弄傷了嗎？　還好……,,,1,31,25,1,0,0,0,0,0,,Translated
439,あゆみ,……っるさいな！　もう！,あっち行ってよ！！, ,あゆみ,......っるさいな！　もう！,あっち行ってよ！！, ,あゆみ,―,,,あゆみ,……吵死了！　真是！,滾遠點！！,,1,155,2,1,0,0,0,0,0,,Translated
440,良樹,えっ？, , ,良樹,えっ？, , ,良樹,―,,,良樹,咦？,,,1,32,25,1,0,0,0,0,0,,Translated
441,あゆみ,アイツほんとデリカシーがないよ！,……ムカツクなぁもう。, ,あゆみ,アイツほんとデリカシーがないよ！,......ムカツクなぁもう。, ,あゆみ,―,,,あゆみ,那傢伙真是沒神經！,……真讓人生氣。,,1,156,2,1,0,0,0,0,0,,Translated
442,あゆみ,……どうしよう……カバン持ってないから、,替えようがないし……, ,あゆみ,......どうしよう......カバン持ってないから、,替えようがないし......, ,あゆみ,―,,,あゆみ,……怎麼辦……沒有包包，,沒得換……,,1,157,2,1,0,0,0,0,0,,Translated
443,あゆみ,……こんな状態で、持田君やみんなに会いたくない……, , ,あゆみ,......こんな状態で、持田君やみんなに会いたくない......, , ,あゆみ,―,,,あゆみ,……這種狀態，不想見到持田同學和大家……,,,1,158,2,1,0,0,0,0,0,,Translated
444,あゆみ,……もぉ……　……もぉ……、もぉ、もぉ、もぉッ！, , ,あゆみ,......もぉ......　......もぉ......、もぉ、もぉ、もぉッ！, , ,あゆみ,―,,,あゆみ,……真是……　……真是……、真是、真是、真是！,,,1,159,2,1,0,0,0,0,0,,Translated
445,あゆみ,いやだッ、もぅ……！　……グスン、グスン, , ,あゆみ,いやだッ、もぅ......！　......グスン、グスン, , ,あゆみ,―,,,あゆみ,夠了，真是的……！　……吸泣、吸泣,,,1,160,2,1,0,0,0,0,0,,Translated
446,あゆみ,？　何か落ちてる……？, , ,あゆみ,？　何か落ちてる......？, , ,あゆみ,―,,,あゆみ,？　有什麼掉在地上……？,,,1,161,2,1,0,0,0,0,0,,Translated
447,あゆみ,……！　あれは……如月学園の学生証だ！, , ,あゆみ,......！　あれは......如月学園の学生証だ！, , ,あゆみ,―,,,あゆみ,……！　那是……如月學園的學生證！,,,1,162,2,1,0,0,0,0,0,,Translated
448,あゆみ,近くに、誰かいる！, , ,あゆみ,近くに、誰かいる！, , ,あゆみ,―,,,あゆみ,附近有人！,,,1,163,2,1,0,0,0,0,0,,Translated
449,あゆみ,誰のかな……（ペラッ）……中嶋さんのだ！, , ,あゆみ,誰のかな......（ペラッ）......中嶋さんのだ！, , ,あゆみ,―,,,あゆみ,是誰的呢……（翻）……是中嶋同學的！,,,1,164,2,1,0,0,0,0,0,,Translated
450,あゆみ,サチコさんの切れ端も挟んである！　間違いない！, , ,あゆみ,サチコさんの切れ端も挟んである！　間違いない！, , ,あゆみ,―,,,あゆみ,還夾著サチコ小姐的碎片！　不會錯的！,,,1,165,2,1,0,0,0,0,0,,Translated
451,,直美の生徒手帳　を取りました。, , ,,直美の生徒手帳　を取りました。, , ,,直美の生徒手帳　を取りました。, , ,,取得了直美的學生手冊。,,,0,0,0,1,0,0,0,0,0,,Translated
452,良樹,篠崎、どうしたんだよ……　お？,それ……誰の学生証だ？, ,良樹,篠崎、どうしたんだよ......　お？,それ......誰の学生証だ？, ,良樹,―,,,良樹,篠崎，妳在幹嘛啊……　哦？,那是……誰的學生證？,,1,33,25,1,0,0,0,0,0,,Translated
453,あゆみ,中嶋さんのよ！　この近くにいるんだ！, , ,あゆみ,中嶋さんのよ！　この近くにいるんだ！, , ,あゆみ,―,,,あゆみ,是中嶋同學的！　她就在這附近！,,,1,166,2,1,0,0,0,0,0,,Translated
454,あゆみ,中嶋さ～ん！　いるの～？　返事して～！, , ,あゆみ,中嶋さ～ん！　いるの～？　返事して～！, , ,あゆみ,―,,,あゆみ,中嶋～！　妳在嗎～？　回答我～！,,,1,167,2,1,0,0,0,0,0,,Translated
455,あゆみ,…………, , ,Ayumi,...,,,あゆみ,―,,,あゆみ,…………,,,1,168,2,1,0,0,0,0,0,,Translated
456,良樹,中嶋ァーーーーッ！, , ,良樹,中嶋ァーーーーッ！, , ,良樹,―,,,良樹,中嶋～～～～！,,,1,34,25,1,0,0,0,0,0,,Translated
457,良樹,……聞こえてねぇのかな？, , ,良樹,......聞こえてねぇのかな？, , ,良樹,―,,,良樹,……聽不到嗎？,,,1,35,25,1,0,0,0,0,0,,Translated
458,あゆみ,探そう、きっと近くにいるよ。, , ,あゆみ,探そう、きっと近くにいるよ。, , ,あゆみ,―,,,あゆみ,找找看吧，一定就在附近。,,,1,169,2,1,0,0,0,0,0,,Translated
459,あゆみ,怖い　怖い　怖い……, , ,あゆみ,怖い　怖い　怖い......, , ,あゆみ,―,,,あゆみ,好可怕　好可怕　好可怕……,,,1,170,2,1,0,0,0,0,0,,Translated
460,あゆみ,どうして私……　来ちゃったんだろ。, , ,あゆみ,どうして私......　来ちゃったんだろ。, , ,あゆみ,―,,,あゆみ,為什麼我……　會來了呢。,,,1,171,2,1,0,0,0,0,0,,Translated
461,あゆみ,岸沼君だって……酷い。一人でいかせる？　普通。, , ,あゆみ,岸沼君だって......酷い。一人でいかせる？　普通。, , ,あゆみ,―,,,あゆみ,岸沼同學也是……太過分了。讓我一個人去？　正常嗎。,,,1,172,2,1,0,0,0,0,0,,Translated
462,あゆみ,何なのよ！　もう。, , ,あゆみ,何なのよ！　もう。, , ,あゆみ,―,,,あゆみ,搞什麼啊！　真是。,,,1,173,2,1,0,0,0,0,0,,Translated
463,あゆみ,……, , ,あゆみ,......, , ,あゆみ,―,,,あゆみ,……,,,1,174,2,1,0,0,0,0,0,,Translated
464,あゆみ,……これで……　誰にも会えずに私……,無駄死にしたりしたら, ,あゆみ,......これで......　誰にも会えずに私......,無駄死にしたりしたら, ,あゆみ,―,,,あゆみ,……要是這樣……誰也見不到就……,白白死掉的話,,1,175,2,1,0,0,0,0,0,,Translated
465,あゆみ,……ッ。　う……ううぅぅぅ～ッ……, , ,あゆみ,......ッ。　う......ううぅぅぅ～ッ......, , ,あゆみ,―,,,あゆみ,……。　嗚……嗚嗚嗚～～……,,,1,176,2,1,0,0,0,0,0,,Translated
466,あゆみ,？　何か落ちてる……？, , ,あゆみ,？　何か落ちてる......？, , ,あゆみ,―,,,あゆみ,？　有什麼掉在地上……？,,,1,177,2,1,0,0,0,0,0,,Translated
467,あゆみ,……！　あれは……如月学園の学生証だ！, , ,あゆみ,......！　あれは......如月学園の学生証だ！, , ,あゆみ,―,,,あゆみ,……！　那是……如月學園的學生證！,,,1,178,2,1,0,0,0,0,0,,Translated
468,あゆみ,近くに、誰かいる！, , ,あゆみ,近くに、誰かいる！, , ,あゆみ,―,,,あゆみ,附近有人！,,,1,179,2,1,0,0,0,0,0,,Translated
469,あゆみ,誰のかな……　……中嶋さんのだ！, , ,あゆみ,誰のかな......　......中嶋さんのだ！, , ,あゆみ,―,,,あゆみ,是誰的呢……　……是中嶋同學的！,,,1,180,2,1,0,0,0,0,0,,Translated
470,あゆみ,サチコさんの切れ端も挟んである！　間違いない！, , ,あゆみ,サチコさんの切れ端も挟んである！　間違いない！, , ,あゆみ,―,,,あゆみ,還夾著サチコ小姐的碎片！　不會錯的！,,,1,181,2,1,0,0,0,0,0,,Translated
471,あゆみ,中嶋さんのよ！　この近くにいるんだ！, , ,あゆみ,中嶋さんのよ！　この近くにいるんだ！, , ,あゆみ,―,,,あゆみ,是中嶋同學的！　她就在這附近！,,,1,166,2,1,0,0,0,0,0,,Translated
472,あゆみ,中嶋さ～ん！　いるの～？　返事して～！, , ,あゆみ,中嶋さ～ん！　いるの～？　返事して～！, , ,あゆみ,―,,,あゆみ,中嶋～！　妳在嗎～？　回答我～！,,,1,182,2,1,0,0,0,0,0,,Translated
473,あゆみ,…………, , ,Ayumi,...,,,あゆみ,―,,,あゆみ,…………,,,1,183,2,1,0,0,0,0,0,,Translated
474,あゆみ,探そう……　きっと近くにいるよ、大丈夫……, , ,あゆみ,探そう......　きっと近くにいるよ、大丈夫......, , ,あゆみ,―,,,あゆみ,找找看吧……　一定就在附近，沒事的……,,,1,184,2,1,0,0,0,0,0,,Translated
475,,直美の学生証　を取りました。, , ,,直美の学生証　を取りました。, , ,,直美の学生証　を取りました。, , ,,取得了直美的學生證。,,,0,0,0,1,0,0,0,0,0,,Translated
476,,【七星の手記】3／5, , ,,【七星の手記】3／5, , ,,【七星の手記】3／5, , ,,【七星的筆記】3／5,,,0,0,0,1,0,0,0,0,0,,Translated
477,七星,“篠崎サチコのお呪い,『正順法』・『逆（さか）打ち法』メモ”, ,七星,“篠崎サチコのお呪い,『正順法』・『逆（さか）打ち法』メモ”, ,七星,―,,,七星,「篠崎サチコ的詛咒，『正順法』・『逆打法』筆記」,,,1,103,9,1,0,0,0,0,0,,Translated
478,あゆみ,――！（きた！）, , ,あゆみ,――！（きた！）, , ,あゆみ,―,,,あゆみ,――！（來了！）,,,1,28,3,1,0,0,0,0,0,,Translated
479,あゆみ,（……そんな）, , ,あゆみ,（......そんな）, , ,あゆみ,（……そんな）, , ,あゆみ,（……怎麼會）,,,1,0,0,1,0,0,0,0,0,,Translated
480,,　封印の札をたくさん貼られた大きな扉は、,　ピタリと空間に固定されていて開きません。, ,,　封印の札をたくさん貼られた大きな扉は、,　ピタリと空間に固定されていて開きません。, ,,　封印の札をたくさん貼られた大きな扉は、,　ピタリと空間に固定されていて開きません。, ,,　貼滿封印符咒的巨大門扉，,像被牢牢固定在空中一樣無法打開。,,0,0,0,1,0,0,0,0,0,,Translated
481,良樹,駄目だ、やっぱ開かねぇな……。,釘で馬鹿みたいに打ちつけてあって、,これじゃ無理だ。,良樹,駄目だ、やっぱ開かねぇな......。,釘で馬鹿みたいに打ちつけてあって、,これじゃ無理だ。,良樹,―,,,良樹,不行，果然打不開啊……。,用釘子釘得亂七八糟，這樣沒辦法。,,1,170,25,1,0,0,0,0,0,,Translated
482,あゆみ,張り紙があるわ……“何人も立ち入りを禁ず”,【天神小学校校長：柳堀隆峰】, ,あゆみ,張り紙があるわ......“何人も立ち入りを禁ず”,【天神小学校校長：柳堀隆峰】, ,あゆみ,―,,,あゆみ,有告示……「禁止任何人進入」,【天神小學校校長：柳堀隆峰】,,1,34,4,1,0,0,0,0,0,,Translated
483,あゆみ,絶対にここ、怪しいよね……。悔しいなぁ。, , ,あゆみ,絶対にここ、怪しいよね......。悔しいなぁ。, , ,あゆみ,―,,,あゆみ,這裡絕對很可疑吧……。真不甘心。,,,1,35,4,1,0,0,0,0,0,,Translated
484,良樹,チッ……　また手がかりなしに逆戻りか。, , ,良樹,チッ......　また手がかりなしに逆戻りか。, , ,良樹,―,,,良樹,嘖……　又要毫無線索地折返嗎。,,,1,171,25,1,0,0,0,0,0,,Translated
485,,　封印の札をたくさん貼られた大きな扉は、,　ピタリと空間に固定されていて開きません。, ,,　封印の札をたくさん貼られた大きな扉は、,　ピタリと空間に固定されていて開きません。, ,,　封印の札をたくさん貼られた大きな扉は、,　ピタリと空間に固定されていて開きません。, ,,　貼滿封印符咒的巨大門扉，,像被牢牢固定在空中一樣無法打開。,,0,0,0,1,0,0,0,0,0,,Translated
486,あゆみ,どうしてこんなに、釘打ちつけてあるんだろう……？, , ,あゆみ,どうしてこんなに、釘打ちつけてあるんだろう......？, , ,あゆみ,―,,,あゆみ,為什麼要釘這麼多釘子呢……？,,,1,195,3,1,0,0,0,0,0,,Translated
487,あゆみ,だけどこれじゃ、結衣先生、中にはいないよね……,いいや、ここは。, ,あゆみ,だけどこれじゃ、結衣先生、中にはいないよね......,いいや、ここは。, ,あゆみ,―,,,あゆみ,但這樣的話，結衣老師應該不在裡面吧……,算了，這裡。,,1,196,3,1,0,0,0,0,0,,Translated
488,良樹,駄目だ、やっぱ開かねぇな……。,釘で馬鹿みたいに打ちつけてあって、これじゃ無理だ。, ,良樹,駄目だ、やっぱ開かねぇな......。,釘で馬鹿みたいに打ちつけてあって、これじゃ無理だ。, ,良樹,―,,,良樹,不行，果然打不開啊……。,用釘子釘得亂七八糟，這樣沒辦法。,,1,170,25,1,0,0,0,0,0,,Translated
489,あゆみ,張り紙があるわ……,“何人も立ち入りを禁ず”【天神小学校校長：柳堀隆峰】, ,あゆみ,張り紙があるわ......,“何人も立ち入りを禁ず”【天神小学校校長：柳堀隆峰】, ,あゆみ,―,,,あゆみ,有告示……「禁止任何人進入」,【天神小學校校長：柳堀隆峰】,,1,34,4,1,0,0,0,0,0,,Translated
490,あゆみ,絶対にここ、怪しいよね……。悔しいなぁ。, , ,あゆみ,絶対にここ、怪しいよね......。悔しいなぁ。, , ,あゆみ,―,,,あゆみ,這裡絕對很可疑吧……。真不甘心。,,,1,35,4,1,0,0,0,0,0,,Translated
491,良樹,チッ……　また手がかりなしに逆戻りか。, , ,良樹,チッ......　また手がかりなしに逆戻りか。, , ,良樹,―,,,良樹,嘖……　又要毫無線索地折返嗎。,,,1,171,25,1,0,0,0,0,0,,Translated
492,あゆみ,待って……, , ,あゆみ,待って......, , ,あゆみ,―,,,あゆみ,等等……,,,1,36,4,1,0,0,0,0,0,,Translated
493,良樹,どうした？, , ,良樹,どうした？, , ,良樹,―,,,良樹,怎麼了？,,,1,172,25,1,0,0,0,0,0,,Translated
494,あゆみ,……いる……！, , ,あゆみ,......いる......！, , ,あゆみ,―,,,あゆみ,……有……！,,,1,37,4,1,0,0,0,0,0,,Translated
495,良樹,あん？, , ,良樹,あん？, , ,良樹,―,,,良樹,嗯？,,,1,173,25,1,0,0,0,0,0,,Translated
496,良樹,駄目だ、開かねぇな……。,なんでこんな馬鹿みたいに釘打ちつけてあるんだ……？, ,良樹,駄目だ、開かねぇな......。,なんでこんな馬鹿みたいに釘打ちつけてあるんだ......？, ,良樹,―,,,良樹,不行，打不開啊……。,為什麼釘了這麼多釘子啊……？,,1,174,25,1,0,0,0,0,0,,Translated
497,あゆみ,ここ、何かありそうだけどね……。,でもこれじゃ、結衣先生　中にはいないよ。,……スルーでいこ。,あゆみ,ここ、何かありそうだけどね......。,でもこれじゃ、結衣先生　中にはいないよ。,......スルーでいこ。,あゆみ,―,,,あゆみ,這裡雖然感覺有什麼……。,但這樣的話，結衣老師不在裡面。,……跳過吧。,1,38,4,1,0,0,0,0,0,,Translated
498,あゆみ,どうしてこんなに、釘打ちつけてあるんだろう……, , ,あゆみ,どうしてこんなに、釘打ちつけてあるんだろう......, , ,あゆみ,―,,,あゆみ,為什麼要釘這麼多釘子呢……,,,1,39,4,1,0,0,0,0,0,,Translated
499,あゆみ,だけどこれじゃ、結衣先生、中にはいないよね……,いいや、ここは。, ,あゆみ,だけどこれじゃ、結衣先生、中にはいないよね......,いいや、ここは。, ,あゆみ,―,,,あゆみ,但這樣的話，結衣老師應該不在裡面吧……,算了，這裡。,,1,40,4,1,0,0,0,0,0,,Translated
500,良樹,駄目だ、開かねぇな……。,なんでこんな馬鹿みたいに釘打ちつけてあるんだ……？, ,良樹,駄目だ、開かねぇな......。,なんでこんな馬鹿みたいに釘打ちつけてあるんだ......？, ,良樹,―,,,良樹,不行，打不開啊……。,為什麼釘了這麼多釘子啊……？,,1,175,25,1,0,0,0,0,0,,Translated
501,良樹,けどこれじゃ、結衣センセーも中にいねぇな……。,放っとくか。, ,良樹,けどこれじゃ、結衣センセーも中にいねぇな......。,放っとくか。, ,良樹,―,,,良樹,但這樣的話，結衣老師也不在裡面啊……。,算了。,,1,176,25,1,0,0,0,0,0,,Translated
502,,白骨死体が床に横たわっています……, , ,,白骨死体が床に横たわっています......, , ,,白骨死体が床に横たわっています……, , ,,白骨屍體躺在地板上……,,,0,0,0,1,0,0,0,0,0,,Translated
503,,白骨死体が床に横たわっています……, , ,,白骨死体が床に横たわっています......, , ,,白骨死体が床に横たわっています……, , ,,白骨屍體躺在地板上……,,,0,0,0,1,0,0,0,0,0,,Translated
504,,白骨死体が床に横たわっています……, , ,,白骨死体が床に横たわっています......, , ,,白骨死体が床に横たわっています……, , ,,白骨屍體躺在地板上……,,,0,0,0,1,0,0,0,0,0,,Translated
505,あゆみ,(……今……あの人達に会いたくないや……), , ,あゆみ,(......今......あの人達に会いたくないや......), , ,あゆみ,―,,,あゆみ,（……現在……不想見那些人……）,,,1,0,0,1,0,0,0,0,0,,Translated
506,直美,哲志……大丈夫？, , ,直美,哲志......大丈夫？, , ,直美,―,,,直美,哲志……沒事吧？,,,1,243,12,1,0,0,0,0,0,,Translated
507,哲志,由香……由香……　怖かったろう……痛かったろう……, , ,哲志,由香......由香......　怖かったろう......痛かったろう......, , ,哲志,―,,,哲志,由香……由香……一定很害怕吧……一定很痛吧……,,,1,171,17,1,0,0,0,0,0,,Translated
508,哲志,俺が……俺がついててやれなかったばっかりに……っ, , ,哲志,俺が......俺がついててやれなかったばっかりに......っ, , ,哲志,―,,,哲志,我……都是我沒能陪在她身邊……,,,1,172,17,1,0,0,0,0,0,,Translated
509,直美,責めないで……　哲志のせいじゃない。, , ,直美,責めないで......　哲志のせいじゃない。, , ,直美,―,,,直美,別自責了……　不是哲志的錯。,,,1,244,12,1,0,0,0,0,0,,Translated
510,世以子,な～おみッ♪, , ,世以子,な～おみッ♪, , ,世以子,―,,,世以子,直～美♪,,,1,59,20,1,0,0,0,0,0,,Translated
511,直美,……あなたのせいじゃ……ない。, , ,直美,......あなたのせいじゃ......ない。, , ,直美,―,,,直美,……不是你的錯……,,,1,245,12,1,0,0,0,0,0,,Translated
512,直美,…………, , ,直美,............, , ,直美,―,,,直美,…………,,,1,246,12,1,0,0,0,0,0,,Translated
513,哲志,じゃぁ……誰のせいなんだ。……教えてくれ、直美。, , ,哲志,じゃぁ......誰のせいなんだ。......教えてくれ、直美。, , ,哲志,―,,,哲志,那……是誰的錯。……告訴我啊，直美。,,,1,173,17,1,0,0,0,0,0,,Translated
514,直美,え……？, , ,直美,え......？, , ,直美,―,,,直美,咦……？,,,1,247,12,1,0,0,0,0,0,,Translated
515,哲志,畜生っ……畜生っ、畜生っ！, , ,哲志,畜生っ......畜生っ、畜生っ！, , ,哲志,―,,,哲志,可惡……可惡、可惡！,,,1,174,17,1,0,0,0,0,0,,Translated
516,哲志,出て来いよ！！　……誰か、俺達を見てあざ,笑っているんだろ！！, ,哲志,出て来いよ！！　......誰か、俺達を見てあざ,笑っているんだろ！！, ,哲志,―,,,哲志,給我出來！！　……是誰，在看著我們,嘲笑我們吧！！,,1,175,17,1,0,0,0,0,0,,Translated
517,直美,哲志ッ……！　う……うぅっ……, , ,直美,哲志ッ......！　う......うぅっ......, , ,直美,―,,,直美,哲志……！　嗚……嗚嗚……,,,1,248,12,1,0,0,0,0,0,,Translated
518,哲志,―っ！, , ,哲志,―っ！, , ,哲志,―,,,哲志,―！,,,1,176,17,1,0,0,0,0,0,,Translated
519,直美,どうしたの？, , ,直美,どうしたの？, , ,直美,―,,,直美,怎麼了？,,,1,249,12,1,0,0,0,0,0,,Translated
520,哲志,今……窓越しに、見えた渡り廊下に……赤い服が、, , ,哲志,今......窓越しに、見えた渡り廊下に......赤い服が、, , ,哲志,―,,,哲志,剛才……透過窗戶看到的走廊上……有紅色衣服，,,,1,177,17,1,0,0,0,0,0,,Translated
521,直美,えっ, , ,直美,えっ, , ,直美,―,,,直美,咦？,,,1,250,12,1,0,0,0,0,0,,Translated
522,哲志,畜生っ！　あの……怨霊め！　思い知らせてやる。, , ,哲志,畜生っ！　あの......怨霊め！　思い知らせてやる。, , ,哲志,―,,,哲志,可惡！　那個……怨靈！　我要讓妳好看。,,,1,178,17,1,0,0,0,0,0,,Translated
523,哲志,生きてる人間を、ナメるなよ！, , ,哲志,生きてる人間を、ナメるなよ！, , ,哲志,―,,,哲志,別小看活人！,,,1,179,17,1,0,0,0,0,0,,Translated
524,直美,哲志ぃ！　待って！！, , ,直美,哲志ぃ！　待って！！, , ,直美,―,,,直美,哲志！　等等！！,,,1,251,12,1,0,0,0,0,0,,Translated
525,哲志,待て！　サチコ！, , ,哲志,待て！　サチコ！, , ,哲志,―,,,哲志,站住！　サチコ！,,,1,180,17,1,0,0,0,0,0,,Translated
526,,　押入　絶対反対！, , ,,　押入　絶対反対！, , ,,　押入　絶対反対！, , ,,　推入　絕對反對！,,,0,0,0,1,0,0,0,0,0,,Translated
527,,　入る反対！　反対！　反対！,　あなたの明日について明るい極めて日本,　お大事にするこの地蔵さんを押入反対！,,　入る反対！　反対！　反対！,　あなたの明日について明るい極めて日本,　お大事にするこの地蔵さんを押入反対！,,　入る反対！　反対！　反対！,　あなたの明日について明るい極めて日本,　お大事にするこの地蔵さんを押入反対！,,　反對進入！　反對！　反對！,　關於你的明天，極其明亮的日本,　請好好愛護這個地藏菩薩，反對推入！,0,0,0,1,0,0,0,0,0,,Translated
528,,白骨死体が床に横たわっています……, , ,,白骨死体が床に横たわっています......, , ,,白骨死体が床に横たわっています……, , ,,白骨屍體躺在地板上……,,,0,0,0,1,0,0,0,0,0,,Translated
529,哲志,？, , ,哲志,？, , ,哲志,？, , ,哲志,？,,,1,0,0,1,0,0,0,6,0,,Translated
530,哲志,？, , ,哲志,？, , ,哲志,？, , ,哲志,？,,,1,0,0,1,0,0,0,6,0,,Translated
531,あゆみ,……とにかく。逆打ちの方法はわかったんだから、, , ,あゆみ,......とにかく。逆打ちの方法はわかったんだから、, , ,あゆみ,―,,,あゆみ,……總之。既然知道了逆打的方法，,,,1,193,3,1,0,0,0,0,0,,Translated
532,あゆみ,結衣先生見つけて……あと岸沼くんも見つけて。,持田君と由香ちゃんと、, ,あゆみ,結衣先生見つけて......あと岸沼くんも見つけて。,持田君と由香ちゃんと、, ,あゆみ,―,,,あゆみ,找到結衣老師……還有岸沼同學也找到。,持田同學和由香，,,1,194,3,1,0,0,0,0,0,,Translated
533,,ここに入る必要はないだろう。, , ,,ここに入る必要はないだろう。, , ,,ここに入る必要はないだろう。, , ,,現在沒有必要進入這裡吧。,,,0,0,0,1,0,0,0,0,0,,Translated
534,直美,きゃぁっ！, , ,直美,きゃぁっ！, , ,直美,―,,,直美,呀！,,,1,166,13,1,0,0,0,6,0,,Translated
535,哲志,……ん？, , ,哲志,......ん？, , ,哲志,―,,,哲志,……嗯？,,,1,245,16,1,0,0,0,0,0,,Translated
536,直美,あれ……？　何これ？, , ,直美,あれ......？　何これ？, , ,直美,―,,,直美,咦……？　這是什麼？,,,1,85,12,1,0,0,0,0,0,,Translated
537,直美,校舎の様子が変わってる……, , ,直美,校舎の様子が変わってる......, , ,直美,―,,,直美,校舍的樣子變了……,,,1,86,12,1,0,0,0,0,0,,Translated
538,哲志,さっきの大揺れ……,やはりただの地震じゃなかったようだな。, ,哲志,さっきの大揺れ......,やはりただの地震じゃなかったようだな。, ,哲志,―,,,哲志,剛才的大搖晃……,看來果然不只是地震。,,1,246,16,1,0,0,0,0,0,,Translated
539,直美,ええ……　また空間が変な風にくっついたり、,離れたりしたの……かな。, ,直美,ええ......　また空間が変な風にくっついたり、,離れたりしたの......かな。, ,直美,―,,,直美,嗯……　空間又像奇怪的貼合在一起，,又分開了……大概是吧。,,1,87,12,1,0,0,0,0,0,,Translated
540,哲志,かもな……　とにかく動いてみよう。慎重にな。, , ,哲志,かもな......　とにかく動いてみよう。慎重にな。, , ,哲志,―,,,哲志,也許吧……　總之先移動吧。小心點。,,,1,247,16,1,0,0,0,0,0,,Translated
541,直美,うん……あ、哲志ちょっとまって。, , ,直美,うん......あ、哲志ちょっとまって。, , ,直美,―,,,直美,嗯……啊、哲志等一下。,,,1,88,12,1,0,0,0,0,0,,Translated
542,哲志,ん？, , ,哲志,ん？, , ,哲志,―,,,哲志,嗯？,,,1,248,16,1,0,0,0,0,0,,Translated
543,直美,背中……服に、木屑が刺さってる。, , ,直美,背中......服に、木屑が刺さってる。, , ,直美,―,,,直美,背上……衣服上，扎著木屑。,,,1,89,12,1,0,0,0,0,0,,Translated
544,あゆみ,あれは……！, , ,あゆみ,あれは......！, , ,あゆみ,―,,,あゆみ,那是……！,,,1,190,2,1,0,0,0,0,0,,Translated
545,良樹,！　……哲志！,哲志と、中嶋じゃないか、あれ？, ,良樹,！　......哲志！,哲志と、中嶋じゃないか、あれ？, ,良樹,―,,,良樹,！　……哲志！,那不是哲志和中嶋嗎？,,1,36,25,1,0,0,0,0,0,,Translated
546,あゆみ,うん！　……やっぱり！,やっぱり多重空間が解消したんだ。, ,あゆみ,うん！　......やっぱり！,やっぱり多重空間が解消したんだ。, ,あゆみ,―,,,あゆみ,嗯！　……果然！,果然多重空間解除了。,,1,191,2,1,0,0,0,0,0,,Translated
547,あゆみ,行こ！, , ,あゆみ,行こ！, , ,あゆみ,―,,,あゆみ,走吧！,,,1,192,2,1,0,0,0,0,0,,Translated
548,良樹,おう！　……哲志ー！　中嶋！, , ,良樹,おう！　......哲志ー！　中嶋！, , ,良樹,―,,,良樹,喔！　……哲志～！　中嶋！,,,1,37,25,1,0,0,0,0,0,,Translated
549,哲志,……良樹！　篠崎！　お前ら、無事だったのか！, , ,哲志,......良樹！　篠崎！　お前ら、無事だったのか！, , ,哲志,―,,,哲志,……良樹！　篠崎！　你們沒事啊！,,,1,249,16,1,0,0,0,0,0,,Translated
550,直美,委員長！　よかった！　会いたかったよ……, , ,直美,委員長！　よかった！　会いたかったよ......, , ,直美,―,,,直美,班長！　太好了！　好想見妳啊……,,,1,90,12,1,0,0,0,0,0,,Translated
551,あゆみ,わたしも！　ホントどうしようかと思った。, , ,あゆみ,わたしも！　ホントどうしようかと思った。, , ,あゆみ,―,,,あゆみ,我也是！　真的不知道該怎麼辦才好。,,,1,193,2,1,0,0,0,0,0,,Translated
552,哲志,良樹……！, , ,哲志,良樹......！, , ,哲志,―,,,哲志,良樹……！,,,1,250,16,1,0,0,0,0,0,,Translated
553,良樹,……へっ。悪運強ぇな、お互い。, , ,良樹,......へっ。悪運強ぇな、お互い。, , ,良樹,―,,,良樹,……嘿。我們還真是命硬啊。,,,1,38,25,1,0,0,0,0,0,,Translated
554,直美,そんな……　鈴本さん……まで……, , ,直美,そんな......　鈴本さん......まで......, , ,直美,―,,,直美,怎麼會……　鈴本同學……也……,,,1,91,12,1,0,0,0,0,0,,Translated
555,良樹,篠原が……冗談だろ……？, , ,良樹,篠原が......冗談だろ......？, , ,良樹,―,,,良樹,篠原她……開玩笑吧……？,,,1,39,25,1,0,0,0,0,0,,Translated
556,直美,う……　うう……っ……, , ,直美,う......　うう......っ......, , ,直美,―,,,直美,嗚……　嗚嗚…………,,,1,92,12,1,0,0,0,0,0,,Translated
557,哲志,……くッ, , ,哲志,......くッ, , ,哲志,―,,,哲志,……可,,,1,251,16,1,0,0,0,0,0,,Translated
558,哲志,くそ……っ　さっきまで, , ,哲志,くそ......っ　さっきまで, , ,哲志,―,,,哲志,可惡……　明明剛才還,,,1,252,16,1,0,0,0,0,0,,Translated
559,哲志,ついさっきまで、笑ってたじゃないかよ。, , ,哲志,ついさっきまで、笑ってたじゃないかよ。, , ,哲志,―,,,哲志,明明剛才還在笑的。,,,1,253,16,1,0,0,0,0,0,,Translated
560,哲志,みんな……みんな！, , ,哲志,みんな......みんな！, , ,哲志,―,,,哲志,大家……大家！,,,1,254,16,1,0,0,0,0,0,,Translated
561,哲志,……なんでだよ……！, , ,哲志,......なんでだよ......！, , ,哲志,―,,,哲志,……為什麼啊……！,,,1,255,16,1,0,0,0,0,0,,Translated
562,あゆみ,はぁ……はぁ……　すぅぅぅ……, , ,あゆみ,はぁ......はぁ......　すぅぅぅ......, , ,あゆみ,―,,,あゆみ,哈啊……哈啊……　嘶～～～……,,,1,194,2,1,0,0,0,0,0,,Translated
563,あゆみ,はぁ……（ブルブル）　……っとにかく……っ, , ,あゆみ,はぁ......（ブルブル）　......っとにかく......っ, , ,あゆみ,―,,,あゆみ,哈啊……（發抖）　……總、總之……,,,1,195,2,1,0,0,0,0,0,,Translated
564,あゆみ,これ以上！　誰も死なないで、,委員長としての命令よ。, ,あゆみ,これ以上！　誰も死なないで、,委員長としての命令よ。, ,あゆみ,―,,,あゆみ,不許再有人死了！,這是班長的命令。,,1,196,2,1,0,0,0,0,0,,Translated
565,哲志,篠崎……, , ,哲志,篠崎......, , ,哲志,―,,,哲志,篠崎……,,,1,0,17,1,0,0,0,0,0,,Translated
566,あゆみ,宍戸先生と、森繁君と由香ちゃんを見つけて、, , ,あゆみ,宍戸先生と、森繁君と由香ちゃんを見つけて、, , ,あゆみ,―,,,あゆみ,找到宍戶老師、森繁同學和由香，,,,1,197,2,1,0,0,0,0,0,,Translated
567,あゆみ,ここから帰るんだから！, , ,あゆみ,ここから帰るんだから！, , ,あゆみ,―,,,あゆみ,然後從這裡回去！,,,1,198,2,1,0,0,0,0,0,,Translated
568,哲志,ああ……勿論だ！, , ,哲志,ああ......勿論だ！, , ,哲志,―,,,哲志,嗯……當然！,,,1,1,17,1,0,0,0,0,0,,Translated
569,あゆみ,いい？　殺害犯はサチコよ。,出会ったら、気をつけてね。, ,あゆみ,いい？　殺害犯はサチコよ。,出会ったら、気をつけてね。, ,あゆみ,―,,,あゆみ,好嗎？　殺人犯是サチコ。,如果遇到她，要小心。,,1,199,2,1,0,0,0,0,0,,Translated
570,あゆみ,七星さんやゆきちゃんの話では……, , ,あゆみ,七星さんやゆきちゃんの話では......, , ,あゆみ,―,,,あゆみ,根據七星小姐和由紀的說法……,,,1,200,2,1,0,0,0,0,0,,Translated
571,あゆみ,殺害犯・サチコの懺悔を引き出すことが出来れば, , ,あゆみ,殺害犯・サチコの懺悔を引き出すことが出来れば, , ,あゆみ,―,,,あゆみ,如果能引出殺人犯・サチコ的懺悔，,,,1,201,2,1,0,0,0,0,0,,Translated
572,あゆみ,殺された３人が自動的に浄霊されて、, , ,あゆみ,殺された３人が自動的に浄霊されて、, , ,あゆみ,―,,,あゆみ,被殺的三個人就會自動被淨靈，,,,1,202,2,1,0,0,0,0,0,,Translated
573,あゆみ,この校舎を包んでいる霊磁場が開き……, , ,あゆみ,この校舎を包んでいる霊磁場が開き......, , ,あゆみ,―,,,あゆみ,包圍這棟校舍的靈磁場就會打開……,,,1,203,2,1,0,0,0,0,0,,Translated
574,あゆみ,もとの世界へ帰れるかも知れない、って事よ。, , ,あゆみ,もとの世界へ帰れるかも知れない、って事よ。, , ,あゆみ,―,,,あゆみ,也許就能回到原來的世界了。,,,1,204,2,1,0,0,0,0,0,,Translated
575,哲志,赤い服の……サチコか……, , ,哲志,赤い服の......サチコか......, , ,哲志,―,,,哲志,穿紅衣服的……サチコ嗎……,,,1,2,17,1,0,0,0,0,0,,Translated
576,哲志,どうすれば懺悔なんて、させる事が出来るんだ……？, , ,哲志,どうすれば懺悔なんて、させる事が出来るんだ......？, , ,哲志,―,,,哲志,要怎麼樣才能讓她懺悔呢……？,,,1,3,17,1,0,0,0,0,0,,Translated
577,直美,だよね……, , ,直美,だよね......, , ,直美,―,,,直美,就是說啊……,,,1,93,12,1,0,0,0,0,0,,Translated
578,あゆみ,……, , ,あゆみ,......, , ,あゆみ,―,,,あゆみ,……,,,1,205,2,1,0,0,0,0,0,,Translated
579,あゆみ,……あなた達のさっきの話……,『逆打ち法』について聞かせてくれる？, ,あゆみ,......あなた達のさっきの話......,『逆打ち法』について聞かせてくれる？, ,あゆみ,―,,,あゆみ,……你們剛才說的……,能告訴我『逆打法』的事嗎？,,1,206,2,1,0,0,0,0,0,,Translated
580,直美,このテープで、……帰る為の方法みたいに,言っていたんだけどね。, ,直美,このテープで、......帰る為の方法みたいに,言っていたんだけどね。, ,直美,―,,,直美,這捲錄影帶裡，……好像說了回去的方法。,,,1,94,12,1,0,0,0,0,0,,Translated
581,直美,肝心のところで切れてたんだ……, , ,直美,肝心のところで切れてたんだ......, , ,直美,―,,,直美,但在關鍵的地方中斷了……,,,1,95,12,1,0,0,0,0,0,,Translated
582,直美,『テープを替える』って言って終っているから、,きっと続きがあると思うの。, ,直美,『テープを替える』って言って終っているから、,きっと続きがあると思うの。, ,直美,―,,,直美,因為是在說『換錄影帶』的時候結束的，,所以我想一定有續集。,,1,96,12,1,0,0,0,0,0,,Translated
583,直美,鬼碑忌、って人の取材テープみたいで、, , ,直美,鬼碑忌、って人の取材テープみたいで、, , ,直美,―,,,直美,好像是叫鬼碑忌的人的採訪錄影帶，,,,1,97,12,1,0,0,0,0,0,,Translated
584,あゆみ,……鬼碑忌先生の！？, , ,あゆみ,......鬼碑忌先生の！？, , ,あゆみ,―,,,あゆみ,……鬼碑忌老師的！？,,,1,207,2,1,0,0,0,0,0,,Translated
585,直美,あ、うん。, , ,直美,あ、うん。, , ,直美,―,,,直美,啊，嗯。,,,1,98,12,1,0,0,0,0,0,,Translated
586,あゆみ,……, , ,あゆみ,......, , ,あゆみ,―,,,あゆみ,……,,,1,208,2,1,0,0,0,0,0,,Translated
587,直美,……この方法さえ判れば、これ以上,霊とかに関わらなくてすむし、, ,直美,......この方法さえ判れば、これ以上,霊とかに関わらなくてすむし、, ,直美,―,,,直美,……只要知道這個方法，就不用再,和幽靈之類的扯上關係了，,,1,99,12,1,0,0,0,0,0,,Translated
588,直美,浄霊？　……とかより、簡単そうだし。, , ,直美,浄霊？　......とかより、簡単そうだし。, , ,直美,―,,,直美,而且比淨靈？　……之類的，看起來簡單多了。,,,1,100,12,1,0,0,0,0,0,,Translated
589,あゆみ,……だけど、それじゃ根本的な解決にならないよ。, , ,あゆみ,......だけど、それじゃ根本的な解決にならないよ。, , ,あゆみ,―,,,あゆみ,……但是，那樣根本解決不了問題。,,,1,209,2,1,0,0,0,0,0,,Translated
590,あゆみ,『浄霊法』……私に『逆打ち』じゃない方を,七星さんが教えたのは、, ,あゆみ,『浄霊法』......私に『逆打ち』じゃない方を,七星さんが教えたのは、, ,あゆみ,―,,,あゆみ,『淨靈法』……七星小姐教我的，不是『逆打』的那個，,,,1,210,2,1,0,0,0,0,0,,Translated
591,あゆみ,この恐ろしい呪いの拡大を止めて欲しいと,考えているからだわ。, ,あゆみ,この恐ろしい呪いの拡大を止めて欲しいと,考えているからだわ。, ,あゆみ,―,,,あゆみ,是因為她想阻止這個可怕詛咒的擴散。,,,1,211,2,1,0,0,0,0,0,,Translated
592,あゆみ,この学校をこのままにしておくと、,これからもずっと、, ,あゆみ,この学校をこのままにしておくと、,これからもずっと、, ,あゆみ,―,,,あゆみ,如果放任這所學校不管，今後也會一直，,,,1,212,2,1,0,0,0,0,0,,Translated
593,あゆみ,沢山の子達がここに閉じ込められて、,惨く死んで行くんだよ？, ,あゆみ,沢山の子達がここに閉じ込められて、,惨く死んで行くんだよ？, ,あゆみ,―,,,あゆみ,有無數的孩子被困在這裡，悽慘地死去啊？,,,1,213,2,1,0,0,0,0,0,,Translated
594,直美,そんなの……ただの高校生のあたし達に、,何が出来るっていうのよ……！, ,直美,そんなの......ただの高校生のあたし達に、,何が出来るっていうのよ......！, ,直美,―,,,直美,那種事……只是高中生的我們，,能做什麼啊……！,,1,101,12,1,0,0,0,0,0,,Translated
595,あゆみ,サチコに罪を後悔させる、その方法を……,なんとか探るんだよ！, ,あゆみ,サチコに罪を後悔させる、その方法を......,なんとか探るんだよ！, ,あゆみ,―,,,あゆみ,讓サチコ後悔自己罪行的那個方法……,一定要想辦法找到！,,1,214,2,1,0,0,0,0,0,,Translated
596,あゆみ,なんで最初っから無理って決め付けてるワケ？, , ,あゆみ,なんで最初っから無理って決め付けてるワケ？, , ,あゆみ,―,,,あゆみ,為什麼一開始就認定做不到啊？,,,1,215,2,1,0,0,0,0,0,,Translated
597,あゆみ,私の話だから胡散臭いって？！, , ,あゆみ,私の話だから胡散臭いって？！, , ,あゆみ,―,,,あゆみ,因為是我說的所以覺得可疑嗎？！,,,1,216,2,1,0,0,0,0,0,,Translated
598,直美,……そうじゃないけど！, , ,直美,......そうじゃないけど！, , ,直美,―,,,直美,……不是那樣的！,,,1,102,12,1,0,0,0,0,0,,Translated
599,哲志,とにかく、協力して頑張ろう。,俺たちは『逆打ち法』について探りながら, ,哲志,とにかく、協力して頑張ろう。,俺たちは『逆打ち法』について探りながら, ,哲志,―,,,哲志,總之，一起合作努力吧。,我們一邊尋找『逆打法』的線索，,,1,4,17,1,0,0,0,0,0,,Translated
600,哲志,由香やみんなを捜すから、良樹と篠崎は,結衣先生達を捜してくれ。, ,哲志,由香やみんなを捜すから、良樹と篠崎は,結衣先生達を捜してくれ。, ,哲志,―,,,哲志,一邊找由香和大家，良樹和篠崎,你們去找結衣老師她們。,,1,5,17,1,0,0,0,0,0,,Translated
601,良樹,おー。, , ,良樹,おー。, , ,良樹,―,,,良樹,好～。,,,1,40,25,1,0,0,0,0,0,,Translated
602,哲志,揃ったら、ここに戻って来よう。待ち合わせだ。, , ,哲志,揃ったら、ここに戻って来よう。待ち合わせだ。, , ,哲志,―,,,哲志,到齊了之後，回到這裡來。約好了。,,,1,7,17,1,0,0,0,0,0,,Translated
603,あゆみ,……（こくっ）, , ,あゆみ,......（こくっ）, , ,あゆみ,―,,,あゆみ,……（點頭）,,,1,217,2,1,0,0,0,0,0,,Translated
604,良樹,哲志。これやるわ。, , ,良樹,哲志。これやるわ。, , ,良樹,―,,,良樹,哲志。這個給你。,,,1,41,25,1,0,0,0,0,0,,Translated
605,哲志,ん？, , ,哲志,ん？, , ,哲志,―,,,哲志,嗯？,,,1,8,17,1,0,0,0,0,0,,Translated
606,良樹,なんか、味方してくれた子供の霊から、,お前らに渡してやれって預かったんだ。, ,良樹,なんか、味方してくれた子供の霊から、,お前らに渡してやれって預かったんだ。, ,良樹,―,,,良樹,好像是有個站在我們這邊的小孩幽靈，,託我轉交給你們的。,,1,42,25,1,0,0,0,0,0,,Translated
607,あゆみ,じゃ……, , ,あゆみ,じゃ......, , ,あゆみ,―,,,あゆみ,那……,,,1,218,2,1,0,0,0,0,0,,Translated
608,直美,……委員長、気を……つけてね。, , ,直美,......委員長、気を......つけてね。, , ,直美,―,,,直美,……班長，要小……心喔。,,,1,103,12,1,0,0,0,0,0,,Translated
609,あゆみ,中嶋さん。, , ,あゆみ,中嶋さん。, , ,あゆみ,―,,,あゆみ,中嶋同學。,,,1,219,2,1,0,0,0,0,0,,Translated
610,直美,……ん？, , ,直美,......ん？, , ,直美,―,,,直美,……嗯？,,,1,104,12,1,0,0,0,0,0,,Translated
611,あゆみ,あんまり、持田くんに近付かないで。, , ,あゆみ,あんまり、持田くんに近付かないで。, , ,あゆみ,―,,,あゆみ,不要太接近持田同學。,,,1,220,2,1,0,0,0,0,0,,Translated
612,直美,……は？, , ,直美,......は？, , ,直美,―,,,直美,……什麼？,,,1,105,12,1,0,0,0,0,0,,Translated
613,あゆみ,あれは……！　持田君！, , ,あゆみ,あれは......！　持田君！, , ,あゆみ,―,,,あゆみ,那是……！　持田同學！,,,1,230,2,1,0,0,0,0,0,,Translated
614,あゆみ,……やっぱり！　やっぱり多重空間が解消したんだ。, , ,あゆみ,......やっぱり！　やっぱり多重空間が解消したんだ。, , ,あゆみ,―,,,あゆみ,……果然！　果然多重空間解除了。,,,1,231,2,1,0,0,0,0,0,,Translated
615,あゆみ,ううう……（ぐすん）, , ,あゆみ,ううう......（ぐすん）, , ,あゆみ,―,,,あゆみ,嗚嗚……（吸鼻子）,,,1,232,2,1,0,0,0,0,0,,Translated
616,あゆみ,……持田くぅーん！, , ,あゆみ,......持田くぅーん！, , ,あゆみ,―,,,あゆみ,……持田～～！,,,1,233,2,1,0,0,0,0,0,,Translated
617,あゆみ,持……, , ,あゆみ,持......, , ,あゆみ,―,,,あゆみ,持……,,,1,234,2,1,0,0,0,0,0,,Translated
618,哲志,……篠崎！　無事だったのか！　よかった。, , ,哲志,......篠崎！　無事だったのか！　よかった。, , ,哲志,―,,,哲志,……篠崎！　妳沒事啊！　太好了。,,,1,9,17,1,0,0,0,0,0,,Translated
619,あゆみ,……何やってんの？, , ,あゆみ,......何やってんの？, , ,あゆみ,―,,,あゆみ,……你們在做什麼？,,,1,235,2,1,0,0,0,0,0,,Translated
620,哲志,え？　あ……　いや……, , ,哲志,え？　あ......　いや......, , ,哲志,―,,,哲志,咦？　啊……　不……,,,1,10,17,1,0,0,0,0,0,,Translated
621,直美,い……委員長、怪我とかなさそうだね、よかった！, , ,直美,い......委員長、怪我とかなさそうだね、よかった！, , ,直美,―,,,直美,班……班長，看來沒受傷，太好了！,,,1,106,12,1,0,0,0,0,0,,Translated
622,あゆみ,…うん……あなたも……, , ,あゆみ,...うん......あなたも......, , ,あゆみ,―,,,あゆみ,……嗯……妳也是……,,,1,236,2,1,0,0,0,0,0,,Translated
623,直美,そんな……　鈴本さん……まで……, , ,直美,そんな......　鈴本さん......まで......, , ,直美,―,,,直美,怎麼會……　鈴本同學……也……,,,1,91,12,1,0,0,0,0,0,,Translated
624,直美,う……　うう……っ……, , ,直美,う......　うう......っ......, , ,直美,―,,,直美,嗚……　嗚嗚…………,,,1,92,12,1,0,0,0,0,0,,Translated
625,哲志,……くッ, , ,哲志,......くッ, , ,哲志,―,,,哲志,……可,,,1,251,16,1,0,0,0,0,0,,Translated
626,哲志,くそ……っ　さっきまで、, , ,哲志,くそ......っ　さっきまで、, , ,哲志,―,,,哲志,可惡……　明明剛才還,,,1,252,16,1,0,0,0,0,0,,Translated
627,哲志,ついさっきまで、笑ってたじゃないかよ。, , ,哲志,ついさっきまで、笑ってたじゃないかよ。, , ,哲志,―,,,哲志,明明剛才還在笑的。,,,1,253,16,1,0,0,0,0,0,,Translated
628,哲志,みんな……みんな！, , ,哲志,みんな......みんな！, , ,哲志,―,,,哲志,大家……大家！,,,1,254,16,1,0,0,0,0,0,,Translated
629,哲志,……なんでだよ……！, , ,哲志,......なんでだよ......！, , ,哲志,―,,,哲志,……為什麼啊……！,,,1,255,16,1,0,0,0,0,0,,Translated
630,あゆみ,はぁ……はぁ……　すぅぅぅ……, , ,あゆみ,はぁ......はぁ......　すぅぅぅ......, , ,あゆみ,―,,,あゆみ,哈啊……哈啊……　嘶～～～……,,,1,194,2,1,0,0,0,0,0,,Translated
631,あゆみ,はぁ……（ブルブル）　……っとにかく……っ, , ,あゆみ,はぁ......（ブルブル）　......っとにかく......っ, , ,あゆみ,―,,,あゆみ,哈啊……（發抖）　……總、總之……,,,1,195,2,1,0,0,0,0,0,,Translated
632,あゆみ,これ以上！　誰も死なないで、,委員長としての命令よ。, ,あゆみ,これ以上！　誰も死なないで、,委員長としての命令よ。, ,あゆみ,―,,,あゆみ,不許再有人死了！,這是班長的命令。,,1,196,2,1,0,0,0,0,0,,Translated
633,哲志,篠崎……, , ,哲志,篠崎......, , ,哲志,―,,,哲志,篠崎……,,,1,0,17,1,0,0,0,0,0,,Translated
634,あゆみ,宍戸先生と、森繁君と由香ちゃんを見つけて、, , ,あゆみ,宍戸先生と、森繁君と由香ちゃんを見つけて、, , ,あゆみ,―,,,あゆみ,找到宍戶老師、森繁同學和由香，,,,1,197,2,1,0,0,0,0,0,,Translated
635,あゆみ,ここから帰るんだから！, , ,あゆみ,ここから帰るんだから！, , ,あゆみ,―,,,あゆみ,然後從這裡回去！,,,1,198,2,1,0,0,0,0,0,,Translated
636,哲志,ああ……勿論だ！, , ,哲志,ああ......勿論だ！, , ,哲志,―,,,哲志,嗯……當然！,,,1,1,17,1,0,0,0,0,0,,Translated
637,あゆみ,いい？　殺害犯はサチコよ。,出会ったら、気をつけてね。, ,あゆみ,いい？　殺害犯はサチコよ。,出会ったら、気をつけてね。, ,あゆみ,―,,,あゆみ,好嗎？　殺人犯是サチコ。,如果遇到她，要小心。,,1,199,2,1,0,0,0,0,0,,Translated
638,あゆみ,七星さんやゆきちゃんの話では……, , ,あゆみ,七星さんやゆきちゃんの話では......, , ,あゆみ,―,,,あゆみ,根據七星小姐和由紀的說法……,,,1,200,2,1,0,0,0,0,0,,Translated
639,あゆみ,殺害犯・サチコの懺悔を引き出すことが出来れば, , ,あゆみ,殺害犯・サチコの懺悔を引き出すことが出来れば, , ,あゆみ,―,,,あゆみ,如果能引出殺人犯・サチコ的懺悔，,,,1,201,2,1,0,0,0,0,0,,Translated
640,あゆみ,殺された３人が自動的に浄霊されて、, , ,あゆみ,殺された３人が自動的に浄霊されて、, , ,あゆみ,―,,,あゆみ,被殺的三個人就會自動被淨靈，,,,1,202,2,1,0,0,0,0,0,,Translated
641,あゆみ,この校舎を包んでいる霊磁場が開き……, , ,あゆみ,この校舎を包んでいる霊磁場が開き......, , ,あゆみ,―,,,あゆみ,包圍這棟校舍的靈磁場就會打開……,,,1,203,2,1,0,0,0,0,0,,Translated
642,あゆみ,もとの世界へ帰れるかも知れない、って事よ。, , ,あゆみ,もとの世界へ帰れるかも知れない、って事よ。, , ,あゆみ,―,,,あゆみ,也許就能回到原來的世界了。,,,1,204,2,1,0,0,0,0,0,,Translated
643,哲志,赤い服の……サチコか……, , ,哲志,赤い服の......サチコか......, , ,哲志,―,,,哲志,穿紅衣服的……サチコ嗎……,,,1,2,17,1,0,0,0,0,0,,Translated
644,哲志,どうすれば懺悔なんて、させる事が出来るんだ……？, , ,哲志,どうすれば懺悔なんて、させる事が出来るんだ......？, , ,哲志,―,,,哲志,要怎麼樣才能讓她懺悔呢……？,,,1,3,17,1,0,0,0,0,0,,Translated
645,直美,だよね……, , ,直美,だよね......, , ,直美,―,,,直美,就是說啊……,,,1,93,12,1,0,0,0,0,0,,Translated
646,あゆみ,……, , ,あゆみ,......, , ,あゆみ,―,,,あゆみ,……,,,1,205,2,1,0,0,0,0,0,,Translated
647,あゆみ,……あなた達のさっきの話……,『逆打ち法』について聞かせてくれる？, ,あゆみ,......あなた達のさっきの話......,『逆打ち法』について聞かせてくれる？, ,あゆみ,―,,,あゆみ,……你們剛才說的……,能告訴我『逆打法』的事嗎？,,1,206,2,1,0,0,0,0,0,,Translated
648,直美,このテープで、……帰る為の方法みたいに,言っていたんだけどね。, ,直美,このテープで、......帰る為の方法みたいに,言っていたんだけどね。, ,直美,―,,,直美,這捲錄影帶裡，……好像說了回去的方法。,,,1,94,12,1,0,0,0,0,0,,Translated
649,直美,肝心のところで切れてたんだ……, , ,直美,肝心のところで切れてたんだ......, , ,直美,―,,,直美,但在關鍵的地方中斷了……,,,1,95,12,1,0,0,0,0,0,,Translated
650,直美,『テープを替える』って言って終っているから、,きっと続きがあると思うの。, ,直美,『テープを替える』って言って終っているから、,きっと続きがあると思うの。, ,直美,―,,,直美,因為是在說『換錄影帶』的時候結束的，,所以我想一定有續集。,,1,96,12,1,0,0,0,0,0,,Translated
651,直美,鬼碑忌、って人の取材テープみたいで、, , ,直美,鬼碑忌、って人の取材テープみたいで、, , ,直美,―,,,直美,好像是叫鬼碑忌的人的採訪錄影帶，,,,1,97,12,1,0,0,0,0,0,,Translated
652,あゆみ,……鬼碑忌先生の！？, , ,あゆみ,......鬼碑忌先生の！？, , ,あゆみ,―,,,あゆみ,……鬼碑忌老師的！？,,,1,207,2,1,0,0,0,0,0,,Translated
653,直美,あ、うん。, , ,直美,あ、うん。, , ,直美,―,,,直美,啊，嗯。,,,1,98,12,1,0,0,0,0,0,,Translated
654,あゆみ,……, , ,あゆみ,......, , ,あゆみ,―,,,あゆみ,……,,,1,208,2,1,0,0,0,0,0,,Translated
655,直美,……この方法さえ判れば、これ以上,霊とかに関わらなくてすむし、, ,直美,......この方法さえ判れば、これ以上,霊とかに関わらなくてすむし、, ,直美,―,,,直美,……只要知道這個方法，就不用再,和幽靈之類的扯上關係了，,,1,99,12,1,0,0,0,0,0,,Translated
656,直美,浄霊？　……とかより、簡単そうだし。, , ,直美,浄霊？　......とかより、簡単そうだし。, , ,直美,―,,,直美,而且比淨靈？　……之類的，看起來簡單多了。,,,1,100,12,1,0,0,0,0,0,,Translated
657,あゆみ,……だけど、それじゃ根本的な解決にならないよ。, , ,あゆみ,......だけど、それじゃ根本的な解決にならないよ。, , ,あゆみ,―,,,あゆみ,……但是，那樣根本解決不了問題。,,,1,209,2,1,0,0,0,0,0,,Translated
658,あゆみ,『浄霊法』……私に『逆打ち』じゃない方を,七星さんが教えたのは、, ,あゆみ,『浄霊法』......私に『逆打ち』じゃない方を,七星さんが教えたのは、, ,あゆみ,―,,,あゆみ,『淨靈法』……七星小姐教我的，不是『逆打』的那個，,,,1,210,2,1,0,0,0,0,0,,Translated
659,あゆみ,この恐ろしい呪いの拡大を、止めて欲しいと,考えているからだわ。, ,あゆみ,この恐ろしい呪いの拡大を、止めて欲しいと,考えているからだわ。, ,あゆみ,―,,,あゆみ,是因為她想阻止這個可怕詛咒的擴散。,,,1,211,2,1,0,0,0,0,0,,Translated
660,あゆみ,この学校をこのままにしておくと、,これからもずっと, ,あゆみ,この学校をこのままにしておくと、,これからもずっと, ,あゆみ,―,,,あゆみ,如果放任這所學校不管，今後也會一直，,,,1,212,2,1,0,0,0,0,0,,Translated
661,あゆみ,沢山の子達がここに閉じ込められて、,惨く死んで行くんだよ？, ,あゆみ,沢山の子達がここに閉じ込められて、,惨く死んで行くんだよ？, ,あゆみ,―,,,あゆみ,有無數的孩子被困在這裡，悽慘地死去啊？,,,1,213,2,1,0,0,0,0,0,,Translated
662,直美,そんなの……ただの高校生のあたし達に、,何が出来るっていうのよ……！, ,直美,そんなの......ただの高校生のあたし達に、,何が出来るっていうのよ......！, ,直美,―,,,直美,那種事……只是高中生的我們，,能做什麼啊……！,,1,101,12,1,0,0,0,0,0,,Translated
663,あゆみ,サチコに罪を後悔させる、その方法を……,なんとか探るんだよ！, ,あゆみ,サチコに罪を後悔させる、その方法を......,なんとか探るんだよ！, ,あゆみ,―,,,あゆみ,讓サチコ後悔自己罪行的那個方法……,一定要想辦法找到！,,1,214,2,1,0,0,0,0,0,,Translated
664,あゆみ,なんで最初っから無理って決め付けてるワケ？, , ,あゆみ,なんで最初っから無理って決め付けてるワケ？, , ,あゆみ,―,,,あゆみ,為什麼一開始就認定做不到啊？,,,1,215,2,1,0,0,0,0,0,,Translated
665,あゆみ,私の話だから胡散臭いって？！, , ,あゆみ,私の話だから胡散臭いって？！, , ,あゆみ,―,,,あゆみ,因為是我說的所以覺得可疑嗎？！,,,1,216,2,1,0,0,0,0,0,,Translated
666,直美,……そうじゃないけど！, , ,直美,......そうじゃないけど！, , ,直美,―,,,直美,……不是那樣的！,,,1,102,12,1,0,0,0,0,0,,Translated
667,哲志,とにかく、協力して頑張ろう。,俺たちは『逆打ち法』について探りながら, ,哲志,とにかく、協力して頑張ろう。,俺たちは『逆打ち法』について探りながら, ,哲志,―,,,哲志,總之，一起合作努力吧。,我們一邊尋找『逆打法』的線索，,,1,4,17,1,0,0,0,0,0,,Translated
668,哲志,由香やみんなを捜すから、,篠崎は結衣先生達を捜してくれ。, ,哲志,由香やみんなを捜すから、,篠崎は結衣先生達を捜してくれ。, ,哲志,―,,,哲志,一邊找由香和大家，,篠崎妳去找結衣老師她們。,,1,6,17,1,0,0,0,0,0,,Translated
669,哲志,揃ったら、ここに戻って来よう。待ち合わせだ。, , ,哲志,揃ったら、ここに戻って来よう。待ち合わせだ。, , ,哲志,―,,,哲志,到齊了之後，回到這裡來。約好了。,,,1,7,17,1,0,0,0,0,0,,Translated
670,あゆみ,……（こくっ）, , ,あゆみ,......（こくっ）, , ,あゆみ,―,,,あゆみ,……（點頭）,,,1,217,2,1,0,0,0,0,0,,Translated
671,あゆみ,じゃ……, , ,あゆみ,じゃ......, , ,あゆみ,―,,,あゆみ,那……,,,1,218,2,1,0,0,0,0,0,,Translated
672,直美,……委員長、気を……つけてね。, , ,直美,......委員長、気を......つけてね。, , ,直美,―,,,直美,……班長，要小……心喔。,,,1,103,12,1,0,0,0,0,0,,Translated
673,あゆみ,中嶋さん, , ,あゆみ,中嶋さん, , ,あゆみ,―,,,あゆみ,中嶋同學,,,1,219,2,1,0,0,0,0,0,,Translated
674,直美,……ん？, , ,直美,......ん？, , ,直美,―,,,直美,……嗯？,,,1,104,12,1,0,0,0,0,0,,Translated
675,あゆみ,あんまり、持田くんに近付かないで。, , ,あゆみ,あんまり、持田くんに近付かないで。, , ,あゆみ,―,,,あゆみ,不要太接近持田同學。,,,1,220,2,1,0,0,0,0,0,,Translated
676,直美,……は？, , ,直美,......は？, , ,直美,―,,,直美,……什麼？,,,1,105,12,1,0,0,0,0,0,,Translated
677,良樹,おーい篠崎。, , ,良樹,おーい篠崎。, , ,良樹,―,,,良樹,喂～篠崎。,,,1,43,25,1,0,0,0,0,0,,Translated
678,良樹,おい。, , ,良樹,おい。, , ,良樹,―,,,良樹,喂。,,,1,44,25,1,0,0,0,0,0,,Translated
679,あゆみ,何よ……, , ,あゆみ,何よ......, , ,あゆみ,―,,,あゆみ,幹嘛……,,,1,221,2,1,0,0,0,0,0,,Translated
680,良樹,もうちょい力抜けよ。, , ,良樹,もうちょい力抜けよ。, , ,良樹,―,,,良樹,再放鬆一點力氣吧。,,,1,45,25,1,0,0,0,0,0,,Translated
681,あゆみ,…………, , ,Ayumi,...,,,あゆみ,―,,,あゆみ,…………,,,1,222,2,1,0,0,0,0,0,,Translated
682,あゆみ,中嶋さんの学生証……サチコさんの切れ端も、,渡しそびれちゃった。, ,あゆみ,中嶋さんの学生証......サチコさんの切れ端も、,渡しそびれちゃった。, ,あゆみ,―,,,あゆみ,中嶋同學的學生證……還有サチコ小姐的碎片，,忘記還她了。,,1,223,2,1,0,0,0,0,0,,Translated
683,良樹,あとで渡せばいい、問題ないだろ？　なんにも。, , ,良樹,あとで渡せばいい、問題ないだろ？　なんにも。, , ,良樹,―,,,良樹,晚點再給就好了，沒問題吧？　什麼事都沒有。,,,1,46,25,1,0,0,0,0,0,,Translated
684,あゆみ,私情を優先してクラスの人に暴言なんて、,私……委員長として失格だわ。, ,あゆみ,私情を優先してクラスの人に暴言なんて、,私......委員長として失格だわ。, ,あゆみ,―,,,あゆみ,因為私情而對班上同學口出惡言，,我……作為班長不合格。,,1,224,2,1,0,0,0,0,0,,Translated
685,良樹,篠崎あゆみ個人としては、素直な反応だろ。, , ,良樹,篠崎あゆみ個人としては、素直な反応だろ。, , ,良樹,―,,,良樹,作為篠崎あゆみ個人來說，那是很誠實的反應吧。,,,1,47,25,1,0,0,0,0,0,,Translated
686,良樹,俺がお前の立場でもああ言うと思うぜ。, , ,良樹,俺がお前の立場でもああ言うと思うぜ。, , ,良樹,―,,,良樹,我要是站在妳的立場也會那麼說的。,,,1,48,25,1,0,0,0,0,0,,Translated
687,あゆみ,……そう？, , ,あゆみ,......そう？, , ,あゆみ,―,,,あゆみ,……是嗎？,,,1,225,2,1,0,0,0,0,0,,Translated
688,良樹,多分。, , ,良樹,多分。, , ,良樹,―,,,良樹,大概吧。,,,1,49,25,1,0,0,0,0,0,,Translated
689,あゆみ,なんか、気、ラクになった。……ありがと。, , ,あゆみ,なんか、気、ラクになった。......ありがと。, , ,あゆみ,―,,,あゆみ,總覺得，心情輕鬆了一點。……謝謝。,,,1,226,2,1,0,0,0,0,0,,Translated
690,良樹,おー, , ,良樹,おー, , ,良樹,―,,,良樹,喔～,,,1,50,25,1,0,0,0,0,0,,Translated
691,あゆみ,確かに、今サチコに出会っても、,懺悔させる方法なんて思いつかないし、, ,あゆみ,確かに、今サチコに出会っても、,懺悔させる方法なんて思いつかないし、, ,あゆみ,―,,,あゆみ,確實，就算現在遇到サチコ，,也想不出讓她懺悔的方法，,,1,227,2,1,0,0,0,0,0,,Translated
692,あゆみ,結衣先生を探して……『逆打ち』でもいいから、, , ,あゆみ,結衣先生を探して......『逆打ち』でもいいから、, , ,あゆみ,―,,,あゆみ,去找結衣老師……就算是『逆打』也好，,,,1,228,2,1,0,0,0,0,0,,Translated
693,あゆみ,とにかく、みんなで帰ろう。, , ,あゆみ,とにかく、みんなで帰ろう。, , ,あゆみ,―,,,あゆみ,總之，大家一起回去吧。,,,1,229,2,1,0,0,0,0,0,,Translated
694,良樹,おう。, , ,良樹,おう。, , ,良樹,―,,,良樹,喔！,,,1,51,25,1,0,0,0,0,0,,Translated
695,あゆみ,ハァッ、ハァッ、……ハァッ, , ,あゆみ,ハァッ、ハァッ、......ハァッ, , ,あゆみ,―,,,あゆみ,哈啊、哈啊、……哈啊,,,1,238,2,1,0,0,0,0,0,,Translated
696,あゆみ,何よ……, , ,あゆみ,何よ......, , ,あゆみ,―,,,あゆみ,搞什麼……,,,1,239,2,1,0,0,0,0,0,,Translated
697,あゆみ,もぉ……もぉ！　もぉ、もぉ、もぉーーッ, , ,あゆみ,もぉ......もぉ！　もぉ、もぉ、もぉーーッ, , ,あゆみ,―,,,あゆみ,真是……真是！　真是、真是、真是～～,,,1,240,2,1,0,0,0,0,0,,Translated
698,あゆみ,ううううう……　……グスン、グス, , ,あゆみ,ううううう......　......グスン、グス, , ,あゆみ,―,,,あゆみ,嗚嗚嗚嗚……　……吸泣、吸,,,1,241,2,1,0,0,0,0,0,,Translated
699,あゆみ,きっと……今ので持田君にもヒかれたわ……, , ,あゆみ,きっと......今ので持田君にもヒかれたわ......, , ,あゆみ,―,,,あゆみ,一定……剛才那樣也被持田同學討厭了吧……,,,1,242,2,1,0,0,0,0,0,,Translated
700,あゆみ,どうしてくれるのよッ！　もうッ！, , ,あゆみ,どうしてくれるのよッ！　もうッ！, , ,あゆみ,―,,,あゆみ,你要怎麼賠我啊！　真是！,,,1,243,2,1,0,0,0,0,0,,Translated
701,あゆみ,はぁ、はぁ。, , ,あゆみ,はぁ、はぁ。, , ,あゆみ,―,,,あゆみ,哈啊、哈啊。,,,1,244,2,1,0,0,0,0,0,,Translated
702,あゆみ,何やってんだろ私……, , ,あゆみ,何やってんだろ私......, , ,あゆみ,―,,,あゆみ,我在做什麼啊……,,,1,245,2,1,0,0,0,0,0,,Translated
703,あゆみ,中嶋さんの学生証……サチコさんの切れ端も、,渡しそびれちゃったし。, ,あゆみ,中嶋さんの学生証......サチコさんの切れ端も、,渡しそびれちゃったし。, ,あゆみ,―,,,あゆみ,中嶋同學的學生證……還有サチコ小姐的碎片，,也沒能還給她。,,1,246,2,1,0,0,0,0,0,,Translated
704,あゆみ,はぁ。委員長失格だな……また、あとで返そう。, , ,あゆみ,はぁ。委員長失格だな......また、あとで返そう。, , ,あゆみ,―,,,あゆみ,哈啊。班長失格啊……下次再還給她吧。,,,1,247,2,1,0,0,0,0,0,,Translated
705,あゆみ,確かに、今サチコに出会っても、,懺悔させる方法なんて思いつかないし、, ,あゆみ,確かに、今サチコに出会っても、,懺悔させる方法なんて思いつかないし、, ,あゆみ,―,,,あゆみ,確實，就算現在遇到サチコ，,也想不出讓她懺悔的方法，,,1,248,2,1,0,0,0,0,0,,Translated
706,あゆみ,結衣先生を探して……　『逆打ち』でもいいから、, , ,あゆみ,結衣先生を探して......　『逆打ち』でもいいから、, , ,あゆみ,―,,,あゆみ,去找結衣老師……就算是『逆打』也好，,,,1,249,2,1,0,0,0,0,0,,Translated
707,あゆみ,みんなで帰ろう。, , ,あゆみ,みんなで帰ろう。, , ,あゆみ,―,,,あゆみ,大家一起回去吧。,,,1,250,2,1,0,0,0,0,0,,Translated
708,,パーティーザッピングシステムについて, , ,,パーティーザッピングシステムについて, , ,,―,,,,關於隊伍切換系統,,,0,0,0,1,0,0,0,0,0,,Translated
709,,PTZS（能動的パーティー切り替え）が、,使用可能となりました。, ,,PTZS（能動的パーティー切り替え）が、,使用可能となりました。, ,,―,,,,PTZS（主動式隊伍切換）已可使用。,,,0,0,0,1,0,0,0,0,0,,Translated
710,,校舎内にあるペンタグラムに触れることで、,離れた仲間の様子を随時見る事が出来ます。, ,,校舎内にあるペンタグラムに触れることで、,離れた仲間の様子を随時見る事が出来ます。, ,,―,,,,觸碰校舍內的五芒星，,可以隨時觀看遠方同伴的狀況。,,0,0,0,1,0,0,0,0,0,,Translated
711,赤い人魂,さあおいで……, , ,Red Spirit,Joooin usss...,,,붉은 혼령,"자, 이리로 와……",,,赤い人魂,來，過來吧……,,,1,213,32,1,0,0,0,0,0,,Translated
712,良樹,篠崎……すまねぇ……, , ,Yoshiki,Shinozaki... I'm...sorry...,,,요시키,시노자키……미안……,,,良樹,篠崎……對不起……,,,1,155,31,1,0,0,0,0,0,,Translated
713,,扉には鍵がかかっています。, , ,,The door is locked.,,,,문이 잠겨 있습니다.,,,,門上鎖了。,,,0,0,0,1,0,0,0,0,0,,Translated
714,良樹,ハァ、ハァ……, , ,Yoshiki,*pant* *gasp*,,,요시키,"흐억, 흐억……",,,良樹,哈啊、哈啊……,,,1,152,31,1,0,0,0,0,0,,Translated
715,良樹,っ、げっほ！　げほっ！, , ,Yoshiki,*cough* *hack*,,,요시키,"윽, 크헥, 켁!",,,良樹,呃、咳咳！　咳咳！,,,1,153,31,1,0,0,0,0,0,,Translated
716,良樹,……くそ……死んでねぇよ！,あいつはぜってー生きてる！, ,Yoshiki,"Dammit... She's not dead! She's alive, I know it!",,,요시키,……젠장……죽지 않았어! 걘 절대로 살아 있을거야!,,,良樹,……可惡……還沒死！,那傢伙絕對還活著！,,1,154,31,1,0,0,0,0,0,,Translated
717,あゆみ,（岸沼くん、結衣先生……）, , ,Ayumi,(Kishinuma... Ms. Yui...),,,아유미,"（키시누마, 유이 선생님……）",,,あゆみ,（岸沼同學、結衣老師……）,,,1,0,0,0,0,0,0,0,0,,Translated
718,あゆみ,（さっきまで、みんなここに……）, , ,Ayumi,(This is where it all started...),,,아유미,"（방금 전 까지, 모두들 여기에……）",,,あゆみ,（剛才為止，大家還都在這裡……）,,,1,0,0,0,0,0,0,0,0,,Translated
719,良樹,放せコラッ！　てめェ！, , ,Yoshiki,"Let her go, you bastard!",,,요시키,이 자식!  놔!,,,良樹,放開她！　你這傢伙！,,,1,74,25,1,0,0,0,0,0,,Translated
720,人体模型,＆％（＃＄ッ！, , ,Anatomical Model,&%@#$^!,,,인체모형,＆％（＃＄！,,,人体模型,＆％（＃＄！,,,1,48,7,1,1,0,0,0,0,,Translated
721,良樹,ぐァッ！, , ,Yoshiki,Glgh!!,,,요시키,구억!,,,良樹,呃啊！,,,1,75,25,1,0,0,0,0,0,,Translated
722,あゆみ,けっほ！　けほっ！　んぐッ, , ,Ayumi,*cough* *hack*,,,아유미,콜록!  콜록!  으윽,,,あゆみ,咳咳！　咳咳！　嗯,,,1,51,3,1,0,0,0,0,0,,Translated
723,あゆみ,！　いや！　あああぁぁー！, , ,Ayumi,Gh-glgh... Noooooo! NOOOOOOOO!!,,,아유미,!  싫어!  아아아아아~!,,,あゆみ,！　不要！　啊啊啊～！,,,1,52,3,1,0,0,0,0,0,,Translated
724,良樹,っ、篠崎！, , ,Yoshiki,Shinozaki!!,,,요시키,"윽, 시노자키!",,,良樹,、篠崎！,,,1,76,25,1,0,0,0,0,0,,Translated
725,良樹,この！, , ,Yoshiki,Goddammned...,,,요시키,이게!,,,良樹,你這！,,,1,77,25,1,0,0,0,0,0,,Translated
726,良樹,ぐッ……！, , ,Yoshiki,Grgh...!,,,요시키,윽......!,,,良樹,呃……！,,,1,78,25,1,0,0,0,0,0,,Translated
727,良樹,くそッ！　どけよ、てめェ！, , ,Yoshiki,"Move, you asshole!",,,요시키,"젠장!  비켜, 이 자식!",,,良樹,可惡！　滾開，你這傢伙！,,,1,79,25,1,0,0,0,0,0,,Translated
728,良樹,ぐァッ, , ,Yoshiki,Gaggh!,,,요시키,그억,,,良樹,呃啊,,,1,80,25,1,0,0,0,0,0,,Translated
729,良樹,うあああァー！, , ,Yoshiki,Rrrrrrrrgg...,,,요시키,우아아아아~!,,,良樹,嗚啊啊啊～！,,,1,81,25,1,0,0,0,0,0,,Translated
730,良樹,っぐ！, , ,Yoshiki,URGH!!,,,요시키,으!,,,良樹,呃！,,,1,82,25,1,0,0,0,0,0,,Translated
731,あゆみ,やめて！, , ,Ayumi,STOP IT!!,,,아유미,그만둬!,,,あゆみ,住手！,,,1,53,3,1,0,0,0,0,0,,Translated
732,良樹,…………, , ,Yoshiki,*pant* *wheeze* *cough*,,,요시키,헉헉... 씩... 쿨럭.,,,良樹,…………,,,1,83,25,1,0,0,0,0,0,,Translated
733,あゆみ,やめてよ！　もういい……もういいから……逃げて。, , ,Ayumi,"Stop it, please! Just leave me! Run! Get out",of here!,,아유미,그만둬!  이제 됐어...... 됐으니까...... 도망쳐.,,,あゆみ,住手！　夠了……夠了……快逃。,,,1,54,3,1,0,0,0,0,0,,Translated
734,良樹,篠崎……っ心配……するな。, , ,Yoshiki,Shinozaki...,Don't...worry...,,요시키,시노자키...... 걱정...... 하지 마.,,,良樹,篠崎……別……擔心。,,,1,84,25,1,0,0,0,0,0,,Translated
735,良樹,助けてやるから。, , ,Yoshiki,I'm going to save you.,,,요시키,구해줄 테니까.,,,良樹,我會救妳的。,,,1,85,25,1,0,0,0,0,0,,Translated
736,あゆみ,あなたが死んじゃうじゃない！,血が……血が！　一杯出てる！, ,あゆみ,あなたが死んじゃうじゃない！,血が......血が！　一杯出てる！, ,아유미,네가 죽어 버리잖아!,피가...... 피가!  잔뜩 나왔어!,,あゆみ,你會死的！,血……血！　流了好多！,,1,55,3,1,0,0,0,0,0,,Translated
737,あゆみ,委員長命令よ！　もうやめて！, , ,Ayumi,This is an order from your class rep! Leave me!!,,,아유미,반장의 명령이야!  그만해!,,,あゆみ,這是班長命令！　住手！,,,1,56,3,1,0,0,0,0,0,,Translated
738,良樹,っせぇ！　ごちゃごちゃ言うな！, , ,Yoshiki,"Oh, just shut it! Don't give me that crap!",,,요시키,시끄러!  쫑알대지 마!,,,良樹,吵死了！　別囉嗦！,,,1,86,25,1,0,0,0,0,0,,Translated
739,良樹,哲志じゃない。, , ,Yoshiki,I'm not Satoshi...,,,요시키,사토시가 아냐.,,,良樹,我不是哲志。,,,1,87,25,1,0,0,0,0,0,,Translated
740,良樹,お前は！　俺が護るんだ！, , ,Yoshiki,But...I'm going to protect you anyway!,,,요시키,넌!  내가 지킬 거라고!,,,良樹,妳！　由我來保護！,,,1,88,25,1,0,0,0,0,0,,Translated
741,あゆみ,……！, , ,Ayumi,...,,,아유미,......!,,,あゆみ,……！,,,1,57,3,1,0,0,0,0,0,,Translated
742,良樹,（くそ……さすがにこのままじゃ、,　俺がくたばっちまうな……何か、ないか……！）, ,Yoshiki,"(Damn... If this keeps up, I'm a goner.",There's gotta be some way...),,요시키,(젠장...... 이대로 가면,"내가 죽게 생겼네...... 무슨 수가, 없을까......!)",,良樹,（可惡……這樣下去，,　我會死的……有沒有什麼辦法……！）,,1,89,25,1,0,0,0,0,0,,Translated
743,良樹,（ガスバーナー！）　これだ！, , ,Yoshiki,(The gas burner...),That's it!,,요시키,(가스 버너!)    이거다!,,,良樹,（瓦斯噴槍！）　這個！,,,1,96,25,1,0,0,0,0,0,,Translated
744,良樹,くらえッ！, , ,Yoshiki,Eat THIS!!,,,요시키,먹어라!,,,良樹,吃我這招！,,,1,0,0,1,0,0,0,6,0,,Translated
745,人体模型,……！！, , ,Anatomical Model,...!,,,인체모형,......!!,,,人体模型,……！！,,,1,0,0,1,0,0,0,6,0,,Translated
746,良樹,……けぇっ！, , ,Yoshiki,Geeehhh!!,,,요시키,...... 케엑!,,,良樹,……咳！,,,1,0,0,1,0,0,0,0,1,,Translated
747,良樹,ハァッ、ハァッ、ハァッ、ハァッ！, , ,Yoshiki,*pant* *pant*,*pant* *pant* *pant*,,요시키,"허억, 허억, 허억, 허억!",,,良樹,哈啊、哈啊、哈啊、哈啊！,,,1,99,25,1,0,0,0,0,0,,Translated
748,あゆみ,ばか！　……ばか！, , ,Ayumi,You jerk...,You dumbass!,,아유미,바보!  ...... 바보!,,,あゆみ,笨蛋！　……笨蛋！,,,1,63,3,1,0,0,0,0,0,,Translated
749,良樹,篠崎……　よかったな、無事で。, , ,Yoshiki,Shinozaki... Heheh...,Glad to see you're still in one piece.,,요시키,"시노자키......  다행이다, 무사해서.",,,良樹,篠崎……　太好了，妳沒事。,,,1,100,25,1,0,0,0,0,0,,Translated
750,あゆみ,ばか！……ばか！　嫌い！, , ,Ayumi,You...stupid... Ugh! I hate you so much!,,,아유미,바보! ...... 바보!  싫어!,,,あゆみ,笨蛋！……笨蛋！　討厭！,,,1,64,3,1,0,0,0,0,0,,Translated
751,良樹,ッハハハハ。, , ,Yoshiki,Ha...hahahahaha...,,,요시키,으하하하하.,,,良樹,哈哈哈。,,,1,101,25,1,0,0,0,0,0,,Translated
752,あゆみ,うううぅぅぅーっ　うううぅぅぅーーっ, , ,Ayumi,*sob* *bawl*,,,아유미,우우우우우~  우우우우우우~~,,,あゆみ,嗚嗚嗚嗚～　嗚嗚嗚嗚～～,,,1,65,3,1,0,0,0,0,0,,Translated
753,良樹,元気な泣き声だな。その調子なら大丈夫だな。, , ,Yoshiki,Sounds like a happy cry to me.,Guess that means you're okay.,,요시키,잘도 우네. 그 모습을 보니 문제없겠군.,,,良樹,哭得真有精神。看這樣子應該沒事了。,,,1,102,25,1,0,0,0,0,0,,Translated
754,あゆみ,死なないで！, , ,Ayumi,Don't die!,,,아유미,죽지 마!,,,あゆみ,不要死！,,,1,66,3,1,0,0,0,0,0,,Translated
755,あゆみ,絶対死なないで！, , ,Ayumi,"Don't die, dammit!",,,아유미,절대로 죽지 마!,,,あゆみ,絕對不要死！,,,1,67,3,1,0,0,0,0,0,,Translated
756,良樹,わかったよ。篠崎、泣くな。笑ってくれ。, , ,Yoshiki,"All right, all right already! Just stop crying,",Shinozaki. I want to see you smile.,,요시키,"알았어.  시노자키, 울지 마. 웃어.",,,良樹,我知道了。篠崎，不要哭。笑一個。,,,1,103,25,1,0,0,0,0,0,,Translated
757,良樹,笑ってるお前の顔が一番好きなんだよ、俺。, , ,Yoshiki,I love your smiling face most of all.,,,요시키,"네 웃는 얼굴이 제일 좋아, 나는.",,,良樹,我最喜歡妳笑的樣子了。,,,1,104,25,1,0,0,0,0,0,,Translated
758,良樹,――あの後, , ,Yoshiki,So that's when it happened...,,,요시키,――얼마 후,,,良樹,――在那之後,,,1,166,31,1,0,0,0,0,0,,Translated
759,あゆみ,岸沼くん！？, , ,Ayumi,Kishinuma?!,,,아유미,키시누마!?,,,あゆみ,岸沼同學！？,,,1,120,32,1,0,0,0,0,0,,Translated
760,良樹,！？, , ,Yoshiki,Ah?!,,,요시키,!?,,,良樹,!？,,,1,167,31,1,0,0,0,0,0,,Translated
761,良樹,うおおぁぁぁーーっ！！, , ,Yoshiki,EAUGHHHHHH!!!,,,요시키,으아아아아아아!!,,,良樹,嗚啊啊啊啊～～！！,,,1,168,31,1,0,0,0,0,0,,Translated
762,あゆみ,岸沼くんーーっ！！, , ,Ayumi,Kishinuma!,,,아유미,키시누마!!,,,あゆみ,岸沼同學～～！！,,,1,121,32,1,0,0,0,0,0,,Translated
763,良樹,くっ！！　ぐおああぁー！！, , ,Yoshiki,AHHHHHH! EARGHHH!!!,,,요시키,크윽!　으아아아아!!,,,良樹,可……呃啊啊啊！！,,,1,169,31,1,0,0,0,0,0,,Translated
764,あゆみ,いやあぁぁぁ！！,うぐっ……ふぐっ……！, ,Ayumi,Nooooo! *hic* *sob*,,,아유미,으아아악!!　…………！,,,あゆみ,不要啊啊！！,…………！,,1,122,32,1,0,0,0,0,0,,Translated
765,あゆみ,――っ！, , ,Ayumi,*gasp*,,,아유미,――윽!,,,あゆみ,――！,,,1,123,32,1,0,0,0,0,0,,Translated
766,あゆみ,岸沼くん……, , ,Ayumi,Kishinuma...,,,아유미,키시누마……,,,あゆみ,岸沼同學……,,,1,124,32,1,0,0,0,0,0,,Translated
767,あゆみ,…………, , ,Ayumi,...,,,아유미,…………,,,あゆみ,…………,,,1,125,32,1,0,0,0,0,0,,Translated
768,良樹,…………, , ,Yoshiki,...,,,요시키,…………,,,良樹,…………,,,1,170,31,1,0,0,0,0,0,,Translated
769,あゆみ,っ…………, , ,Ayumi,Ah...,,,아유미,아…………,,,あゆみ,…………,,,1,126,32,1,0,0,0,0,0,,Translated
770,良樹,はは……んだよ。,……俺もう……死んでたのか……, ,Yoshiki,Haha... Dammit. Looks like I checked out already...,,,요시키,하……참. ……나 이미……죽어 있었던건가……,,,良樹,哈哈……真是的。,……我已經……死了嗎……,,1,171,31,1,0,0,0,0,0,,Translated
771,あゆみ,ごめん……ごめんね、岸沼くん。,私のせいで……, ,Ayumi,"I'm sorry... I'm so sorry, Kishinuma. ",This is all my fault...,,아유미,"미안……미안해, 키시누마, ",나 때문에……,,あゆみ,對不起……對不起，岸沼同學。,都是我的錯……,,1,127,32,1,0,0,0,0,0,,Translated
772,あゆみ,痛かったよね……熱かったよね……, , ,Ayumi,I know that must've hurt... ,The heat must've been excruciating...,,아유미,많이 아팠지……너무 힘들었을거야……,,,あゆみ,一定很痛吧……很熱吧……,,,1,128,32,1,0,0,0,0,0,,Translated
773,良樹,お前、俺の声が聞こえるのか？,姿が見えるのか！？, ,Yoshiki,"Wait, you can hear me now? And see me, too?!",,,요시키,"너, 내 목소리가 들려? 내가 보이는거니!?",,,良樹,妳、聽得到我的聲音嗎？　看得到我嗎！？,,,1,172,31,1,0,0,0,0,0,,Translated
774,あゆみ,うん……, , ,Ayumi,Uh-huh...,,,아유미,응……,,,あゆみ,嗯……,,,1,129,32,1,0,0,0,0,0,,Translated
775,良樹,……そっか, , ,Yoshiki,...Ah. I get it now.,,,요시키,……그렇구나,,,良樹,……是嗎,,,1,173,31,1,0,0,0,0,0,,Translated
776,良樹,（死んだことを思い出したから,　こいつにも見えるようになったのか）, ,Yoshiki,(So she can see me because I've realized I'm dead.),,,요시키,（죽은 기억이 들어서부터 얘한테도 보이게 된 건가.）,,,良樹,（因為想起了自己已經死了，,所以才看得到這傢伙嗎）,,1,0,0,0,0,0,0,0,0,,Translated
777,良樹,ばっか……謝んなよ。,こうなったのは、俺が自分で選んだ結果,なんだからよ,Yoshiki,"C'mon, don't start apologizing now. ",I'm the one who decided to do it... ,I brought this on myself.,요시키,바보……사과는. ,이렇게 된 건 다 내 자신이 선택한 결과니까.,,良樹,別……道歉啊。,會變成這樣，是我自己選擇的結果,,1,174,31,1,0,0,0,0,0,,Translated
778,あゆみ,でも……私が捕まらなければ……, , ,Ayumi,"But if it hadn't caught hold of me, ",then you wouldn't be...,,아유미,그래도……내가 잡히지만 않았어도……,,,あゆみ,可是……如果沒有我被抓住的話……,,,1,130,32,1,0,0,0,0,0,,Translated
779,良樹,気にすんなって。,俺は……お前を守れて良かったよ, ,Yoshiki,"I'm telling you, don't worry about it.",I'm just...glad that I could save you.,,요시키,"괜찮아, 난……널 지킬 수 있게 돼 행운이라 생각해.",,,良樹,別在意了。,我……能保護妳真是太好了,,1,175,31,1,0,0,0,0,0,,Translated
780,良樹,守れなかった方が俺は……,今よりずっとキツかったと思う, ,Yoshiki,I'd be feeling a lot worse if I hadn't. Trust me.,,,요시키,만약 널 지킬 수 없었더라면……,지금보다 더 힘들었을꺼야,,良樹,要是沒能保護妳的話……,我覺得會比現在更痛苦,,1,176,31,1,0,0,0,0,0,,Translated
781,あゆみ,岸沼くん……（ズルっ）,どうして私を責めないの？,あなたにはその資格があるのに！,Ayumi,Kishinuma... *sniffle* ,Why aren't you taking it out on me? ,"You're entitled to that, at the very least!",아유미,키시누마……(훌쩍),왜 날 탓하지 않는거야? ,너한텐 분명 그럴 자격이 있잖아!,あゆみ,岸沼同學……（吸鼻子）,為什麼不責怪我？,你明明有那個資格！,1,131,32,1,0,0,0,0,0,,Translated
782,良樹,……鼻水出てんぞ, , ,Yoshiki,...You've got snot all over your face.,,,요시키,……너 콧물 나는데,,,良樹,……妳流鼻涕了,,,1,177,31,1,0,0,0,0,0,,Translated
783,あゆみ,っ……茶化さないで！　もう！, , ,Ayumi,"Ah, geez! Don't tease me like that!",,,아유미,……말 돌리지마! 좀!,,,あゆみ,……別岔開話題啦！　真是！,,,1,132,32,1,0,0,0,0,0,,Translated
784,良樹,はは。篠崎、お前のそういう,感情全力なとこ……俺は、好――, ,Yoshiki,"Haha, you've always worn your heart on your sleeve.",It's one of the things I lo--,,요시키,"하하. 시노자키, 너의 이런 느낌……",난 너무 좋아――,,良樹,哈哈。篠崎，妳那種,全力投入感情的樣子……我，很喜――,,1,178,31,1,0,0,0,0,0,,Translated
785,あゆみ,え？, , ,Ayumi,Huh?,,,아유미,어?,,,あゆみ,咦？,,,1,133,32,1,0,0,0,0,0,,Translated
786,良樹,…………, , ,Yoshiki,...,,,요시키,…………,,,良樹,…………,,,1,179,31,1,0,0,0,0,0,,Translated
787,良樹,……いや。なんでもない,――もう俺は……, ,Yoshiki,...Nothing. It's just that now...,,,요시키,"……아, 아무것도 아냐. ――나 이젠……",,,良樹,……不。沒什麼,――我已經……,,1,180,31,1,0,0,0,0,0,,Translated
788,良樹,（おまえの頭、撫でることも出来ない……）, , ,Yoshiki,(...I can't even touch you anymore.),,,요시키,（너의 머리 쓰다듬는 것 조차 바랄 수 없어……）,,,良樹,（連摸妳的頭……也做不到了……）,,,1,0,0,0,0,0,0,0,0,,Translated
789,あゆみ,ねえ……, , ,Ayumi,Hey...,,,아유미,저기……,,,あゆみ,喂……,,,1,134,32,1,0,0,0,0,0,,Translated
790,良樹,ん？, , ,Yoshiki,Yeah?,,,요시키,응?,,,良樹,嗯？,,,1,181,31,1,0,0,0,0,0,,Translated
791,あゆみ,私のお願い聞いてくれる？, , ,Ayumi,Can I ask you a favor?,,,아유미,내 부탁 하나 들어줄 수 있어?,,,あゆみ,你願意聽我的請求嗎？,,,1,135,32,1,0,0,0,0,0,,Translated
792,良樹,お、おう。,なんだよ、お願いって, ,Yoshiki,"F-Favor? Sure, anything.",,,요시키,"으, 응. 근데 뭐지, 부탁이라니",,,良樹,喔、喔。,什麼請求？,,1,182,31,1,0,0,0,0,0,,Translated
793,あゆみ,幽霊でもなんでもいいから、,私と一緒にいてくれないかな？, ,Ayumi,"I don't care if you're a ghost, ",so could you please...stay with me?,,아유미,유령이든 뭐든 상관없으니 나랑 함께 ,있어주지 않을래?,,あゆみ,不管是幽靈還是什麼都好，,你能陪在我身邊嗎？,,1,136,32,1,0,0,0,0,0,,Translated
794,良樹,ははっ、なんだよそれ？, , ,Yoshiki,Haha! Did you really just say that?,,,요시키,"하하, 뭐야?",,,良樹,哈哈，什麼啊那是？,,,1,183,31,1,0,0,0,0,0,,Translated
795,あゆみ,……真剣だよ？　わたし, , ,Ayumi,"I'm being serious, you know...!",,,아유미,……나 지금 진지하거든?,,,あゆみ,……我是認真的喔？,,,1,137,32,1,0,0,0,0,0,,Translated
796,良樹,……はははは……！, , ,Yoshiki,Hahaha...,,,요시키,……하하하하……!,,,良樹,……哈哈哈……！,,,1,184,31,1,0,0,0,0,0,,Translated
797,あゆみ,……っ, , ,Ayumi,Heehee...,,,아유미,……윽,,,あゆみ,……,,,1,138,32,1,0,0,0,0,0,,Translated
798,良樹,（俺だってお前と一緒にいたかった）, , ,Yoshiki,(I wanted to be with you too.),,,요시키,（나 당연히 너랑 함께 있고 싶었어）,,,良樹,（我也想和妳在一起啊）,,,1,0,0,0,0,0,0,0,0,,Translated
799,良樹,（けどさ。なんか無理っぽいんだよな）, , ,Yoshiki,(But that's just not possible now...),,,요시키,"（그런데 있잖아, 그렇게는 안될 것 같은 기분이 든단 말이야.）",,,良樹,（但是啊。總覺得好像不太可能）,,,1,0,0,0,0,0,0,0,0,,Translated
800,良樹,（この天神小を彷徨っている奴らと,　俺の魂は違うみたいだ）, ,Yoshiki,(It seems like something about my soul is different ,from the other ones trapped here at Heavenly Host.),,요시키,（이 텐진초를 떠도는 녀석들이랑 내 ,영혼은 뭔가 다른 듯 해.）,,良樹,（我的靈魂和那些徘徊在天神小學校的傢伙們,　好像不太一樣）,,1,0,0,0,0,0,0,0,0,,Translated
801,良樹,（どんどん、変わっていってるのが,　わかる……）, ,Yoshiki,"(I can feel myself changing, and fast...)",,,요시키,（점점 변하고 있는게 느껴져……）,,,良樹,（我能感覺到，自己正在逐漸改變……）,,,1,0,0,0,0,0,0,0,0,,Translated
802,良樹,（きっと、俺はもう……）, , ,Yoshiki,(How much time do I even have le--),,,요시키,（나도 오라지 않아 꼭……）,,,良樹,（我一定，已經……）,,,1,0,0,0,0,0,0,0,0,,Translated
803,あゆみ,ちょっと岸沼くん、聞いてるの？, , ,Ayumi,Kishinuma! Are you listening to me?!,,,아유미,"키시누마, 내 말 제대로 듣긴 한 거야?",,,あゆみ,喂岸沼同學，你有在聽嗎？,,,1,139,32,1,0,0,0,0,0,,Translated
804,良樹,大丈夫、心配するなよ。,お前のことはちゃんと見守っててやるから,安心しろって,Yoshiki,"Yeah, I hear you loud and clear. Don't worry, ",I'll be watching over you.,,요시키,"괜찮아, 걱정 마. 너만은 꼭 지켜 줄 테니까 마음 놓아.",,,良樹,沒事的，別擔心。,我會好好守護妳的，放心吧,,1,185,31,1,0,0,0,0,0,,Translated
805,あゆみ,……うん, , ,Ayumi,...Okay.,,,아유미,……응,,,あゆみ,……嗯,,,1,140,32,1,0,0,0,0,0,,Translated
806,良樹,けどよ、たぶんこうして話が出来るのは,これが最後だと思う……, ,Yoshiki,"But just so you know, I think this is the last time ",we'll be able to talk like this.,,요시키,"그런데 있잖아, 이렇게 얘기 나눌 수 ",있는 건 지금이 마지막일 듯 해……,,良樹,不過啊，像這樣說話，,我想這應該是最後一次了……,,1,186,31,1,0,0,0,0,0,,Translated
807,あゆみ,えっ！？　なんで！？　どうして！？,そんなの……そんなの嫌！, ,Ayumi,"What?! But why?! No... No, I don't want that!",,,아유미,뭐!?　왜!? 왜인데!?　그건……너무하잖아!,,,あゆみ,咦！？　為什麼！？　怎麼會！？,那種事……那種事我不要！,,1,141,32,1,0,0,0,0,0,,Translated
808,良樹,しょうがねぇだろ。,俺だって話せるもんなら話してぇよ, ,Yoshiki,"Trust me, I'm not thrilled about it either. ",I'd keep talking if I had a choice in the matter.,,요시키,어쩔 수 없어. ,나도 이런 걸 원하지 않지만.,,良樹,我也沒辦法啊。,要是能說的話我也想說啊,,1,187,31,1,0,0,0,0,0,,Translated
809,良樹,だからよ、わりぃけど俺はいないものだと,思ってほしい, ,Yoshiki,"So this is gonna suck, but...I'd like you to act",like I'm not even here.,,요시키,"그러니깐, 미안하지만 내가 존재하지 ",않는걸로 생각해 주었으면 해.,,良樹,所以啊，抱歉，但請妳當作,我不存在吧,,1,188,31,1,0,0,0,0,0,,Translated
810,あゆみ,嫌！,, ,Ayumi,"No, please!",,,아유미,싫어!,,,あゆみ,不要！,,,1,142,32,1,0,0,0,0,0,,Translated
811,良樹,泣いたってどうにもならねぇんだって。,……悪いな, ,Yoshiki,Crying's not gonna help either of us.,...I'm sorry.,,요시키,우는 건 아무런 도움도 안돼.,……미안해,,良樹,哭也沒用啊。,……對不起,,1,189,31,1,0,0,0,0,0,,Translated
812,良樹,なあ、篠崎。,こんな姿になった以上、どこまで守れるか,分からない,Yoshiki,"Shinozaki, I'm not sure how much I can protect you ",now that I'm like this.,,요시키,"있잖아, 시노자키. ","나 이런 모습으로 돼 버린 이상, ",언제까지 지켜줄 수 있을지 알 수 없어.,良樹,吶，篠崎。,變成這個樣子之後，我也不知道能保護妳到什麼時候,,1,190,31,1,0,0,0,0,0,,Translated
813,あゆみ,…………, , ,Ayumi,...,,,아유미,…………,,,あゆみ,…………,,,1,143,32,1,0,0,0,0,0,,Translated
814,良樹,とにかく、お前は前を向いて,哲志たちと合流することを一番に考えろ, ,Yoshiki,So I want you to hang in there and focus on finding,Satoshi and the others for now.,,요시키,"어쨌든, 넌 앞을 향해 사토시 일행이랑 ",합류하는 걸 우선으로 생각해.,,良樹,總之，妳要向前看,把和哲志他們會合放在最優先,,1,191,31,1,0,0,0,0,0,,Translated
815,あゆみ,……うん, , ,Ayumi,...Okay.,,,아유미,……응,,,あゆみ,……嗯,,,1,144,32,1,0,0,0,0,0,,Translated
816,良樹,篠崎……, , ,Yoshiki,Shinozaki...,,,요시키,시노자키……,,,良樹,篠崎……,,,1,192,31,1,0,0,0,0,0,,Translated
817,良樹,心配すんな。言葉は交わせなくなっても,お前の後ろには俺がいる。, ,Yoshiki,"Don't worry. Even if you don't see me, I'll always",be right behind you.,,요시키,걱정 마. 서로 말도 할 수 없게 되더라도 ,너의 뒤엔 내가 있어줄께.,,良樹,別擔心。就算無法交談，,我也會在妳身後。,,1,193,31,1,0,0,0,0,0,,Translated
818,あゆみ,わかった……。,こんなところで私を一人にしたら,許さないんだから！,Ayumi,Okay...but I'll never forgive you if you leave me,here all alone!,,아유미,알았어……이런 곳에 날 홀로 ,두면 너 용서 안할테니까!,,あゆみ,我知道了……。,如果你在這種地方丟下我一個人，,我不會原諒你的！,1,145,32,1,0,0,0,0,0,,Translated
819,あゆみ,絶対ついて来てよね！, , ,Ayumi,So you better stay with me!,,,아유미,꼭 따라와야 해!,,,あゆみ,絕對要跟著我喔！,,,1,146,32,1,0,0,0,0,0,,Translated
820,良樹,っ……ううぅ……げっほ！,げほっ……！, ,Yoshiki,Rgh... *cough* *hack*,,,요시키,으……으윽……크헥!　켁……!,,,良樹,……嗚嗚……咳咳！,咳咳……！,,1,194,31,1,0,0,0,0,0,,Translated
821,良樹,いってぇ……はあ、はあ……, , ,Yoshiki,Goddamn. It hurts... *pant* *wheeze*,,,요시키,"아파……아, 앗……",,,良樹,好痛……哈啊、哈啊……,,,1,195,31,1,0,0,0,0,0,,Translated
822,良樹,これが死んでからも残る痛みってやつか。,結構きついな。ううっ！, ,Yoshiki,So this is the kind of pain that lingers even,after death. It ain't exactly a day at the spa...,Grk!,요시키,이게 바로 죽어서도 사라지지 ,않는 통증 이란건가. 꽤나 힘들잖아. ,으윽!,良樹,這就是死後也會殘留的疼痛嗎。,還真難受啊。嗚嗚！,,1,196,31,1,0,0,0,0,0,,Translated
823,良樹,……篠崎……っ……絶対に、生き残るんだぞ？, , ,Yoshiki,Shinozaki... You better make it out of here alive.,Got that?,,요시키,"……시노자키……윽……꼭, ",살아 남아야 한다?,,良樹,……篠崎……一定……要活下去喔？,,,1,197,31,1,0,0,0,0,0,,Translated
824,良樹,哲志たちと一緒に……絶対に……っ……, , ,Yoshiki,You... Satoshi...and everyone else...,,,요시키,사토시 일행이랑 함께……꼭……윽……,,,良樹,和哲志他們一起……一定要……,,,1,198,31,1,0,0,0,0,0,,Translated
825,良樹,篠崎……, , ,Yoshiki,Shinozaki...,,,요시키,시노자키……,,,良樹,篠崎……,,,1,199,31,1,0,0,0,0,0,,Translated
826,良樹,今まで……サンキュー……な……, , ,Yoshiki,Thanks...for everything...,,,요시키,지금까지……고마웠……어……,,,良樹,至今為止……謝謝……,,,1,200,31,1,0,0,0,0,0,,Translated
827,良樹,！！, , ,Yoshiki,Gah?!,,,요시키,!!,,,良樹,！！,,,1,147,31,1,0,0,0,0,0,,Translated
828,赤い人魂,哀れだねぇ……そんなに,あの子がどうなったのか知りたいの？, ,Red Spirit,Poor thing... Are you really so dead set,on learning her fate?,,붉은 혼령,한심하네……그렇게도 그 애가 어떻게 ,됐는지 알고싶은 거야?,,赤い人魂,真可憐啊……那麼想知道,那孩子怎麼樣了嗎？,,1,211,32,1,0,0,0,0,0,,Translated
829,赤い人魂,見つけたところで,もう死んでるよ, ,Red Spirit,It doesn't matter if you find her. Death is final.,,,붉은 혼령,설사 만나 봤자 그 애는 이미 죽은 몸이라고,,,赤い人魂,就算找到了，也已經死了喔,,,1,215,32,1,0,0,0,0,0,,Translated
830,良樹,……くっ, , ,Yoshiki,Dammit...!,,,요시키,……큭,,,良樹,……可惡,,,1,148,31,1,0,0,0,0,0,,Translated
831,赤い人魂,酷い死に方だったなぁ……,血もいっぱい出て……, ,Red Spirit,"Such a horrible way to go, too. Blood everywhere...",,,붉은 혼령,참 비참하게도 죽었던데……피 말도 아니게 많이 흘리고……,,,赤い人魂,死得真悽慘啊……,流了好多血……,,1,219,32,1,0,0,0,0,0,,Translated
832,良樹,――さっきそこに居たろうが！！, , ,Yoshiki,FUCK YOU! SHE WAS RIGHT THERE!,,,요시키,――방금 전 분명 저쪽에 있었다고!!,,,良樹,――她剛才明明就在那裡！！,,,1,149,31,1,0,0,0,0,0,,Translated
833,赤い人魂,死んでからも、,意識が残って動く事もある……, ,Red Spirit,Some poor souls continue to go through the motions,of life after they die...,,붉은 혼령,죽었지만 남아 있는 의식이 움직이는 ,법은 있으니까……,,赤い人魂,死後也有,殘留意識繼續活動的情況……,,1,212,32,1,0,0,0,0,0,,Translated
834,赤い人魂,死んだことにも気づかずに, , ,Red Spirit,...blissfully unaware that they're actually dead.,,,붉은 혼령,자기가 죽은 것도 모른 채 말이야,,,赤い人魂,連自己已經死了都沒察覺到,,,1,216,32,1,0,0,0,0,0,,Translated
835,良樹,……てめぇら！,さっきからうるせぇんだよ！, ,Yoshiki,Just shut the hell up already!,,,요시키,……너희들! 방금전부터 귀찮게 하네!,,,良樹,……你們這些傢伙！,從剛才就一直吵死了！,,1,150,31,1,0,0,0,0,0,,Translated
836,良樹,俺の邪魔すんじゃねぇー！, , ,Yoshiki,Get out of my way!,,,요시키,날 방해하지 마!,,,良樹,別妨礙我――！,,,1,151,31,1,0,0,0,0,0,,Translated
837,赤い人魂,仲間になれ……, , ,Red Spirit,"C'mon, just give up and join us...",,,붉은 혼령,우리 친구하자……,,,赤い人魂,成為同伴吧……,,,1,214,32,1,0,0,0,0,0,,Translated
838,良樹,開かねぇ……, , ,Yoshiki,It won't budge.,,,요시키,열리지 않아……,,,良樹,打不開……,,,1,124,31,1,0,0,0,0,0,,Translated
839,良樹,人の気配もしねぇし、,ここにはいないのか？, ,Yoshiki,And this place seems deserted. Guess she's not here.,,,요시키,"인기척도 없고, 여긴 없는걸까?",,,良樹,也沒有人的氣息，,不在這裡嗎？,,1,125,31,1,0,0,0,0,0,,Translated
840,良樹,うっ！, , ,Yoshiki,Urk?!,,,요시키,윽!,,,良樹,嗚！,,,1,129,31,1,0,0,0,0,0,,Translated
841,良樹,――げほっ、ごほっ！,すげぇ埃だ……！, ,Yoshiki,"*cough* *hack* Goddamn, that's a lot of dust!",,,요시키,"――켁, 크헥! 뭔 먼지가 이렇게도……!",,,良樹,――咳咳、咳噗！,灰塵真多……！,,1,130,31,1,0,0,0,0,0,,Translated
842,,大きな棚の中に、狂ったような文字で殴り書かれた,画用紙がうやうやしく飾ってあります……, ,,Scraps of drawing paper are hung from the shelves,with a surprising degree of care considering the,"sloppy, heavy-handed lettering that adorns them:",,"큰 수납장 안에, 미친 듯이 휘갈겨 쓴 글자가 적힌",도화지가 정연하게 장식되어 있습니다......,,,大型櫃子裡，,裝飾著用瘋狂般的文字塗鴉的圖畫紙……,,0,0,0,1,0,0,0,0,0,,Translated
843,,ぜん部で１８３人モの,人をころしました　押入反対,お前をみているぞ　さあ,,183 killed.,Defy closet intruders.,You are being watched.,,전부 183명이나 되는,사람을 죽였습니다  밀치기 반대,널 보고 있어  자아,,總共殺了１８３人,反對推入,我在看著你　來吧,0,0,0,1,0,0,0,0,0,,Translated
844,良樹,ハァハァ、ハァ、ハァ……, , ,Yoshiki,*pant* *huff* *wheeze*,,,요시키,"흐억, 헉, 헉……",,,良樹,哈啊哈啊、哈、哈……,,,1,139,31,1,0,0,0,0,0,,Translated
845,良樹,クソッ、あいつら……,篠崎を見失っちまったじゃねぇかよ！, ,Yoshiki,Damn those little floating freaks...,Now I've lost track of Shinozaki!,,요시키,"젠장, 저자식들 때문에……",시노자키를 놓쳐버렸잖아!,,良樹,可惡，那些傢伙……,把篠崎跟丟了啊！,,1,140,31,1,0,0,0,0,0,,Translated
846,良樹,……まあ、そう遠くにも行かねぇか。,待ってろよ。今俺が……！, ,Yoshiki,"She couldn't have gone too far. Just you wait,","Shinozaki, I'll find you in no--",,요시키,"……아냐, 아직 멀리 가진 않았을거야. ","기다려, 내가 지금 바로……!",,良樹,……嘛，應該也不會跑太遠。,等著吧。我現在就……！,,1,141,31,1,0,0,0,0,0,,Translated
847,良樹,っ、げっほ！　げほっ！,ごほっ、うげっ, ,Yoshiki,*cough* *hack* *sputter*,,,요시키,"윽, 크헥, 켁! 케헥, 케헥",,,良樹,呃、咳咳！　咳噗！,咳噗、嘔,,1,142,31,1,0,0,0,0,0,,Translated
848,良樹,……っ、なんか咳出るな……,それどころじゃねぇが, ,Yoshiki,Why can't I stop coughing...?,"Well, now's not the time to worry about that.",,요시키,"……윽, 웬지 기침이 나네……",이러고 있을 때가 아닌데,,良樹,……怎麼一直咳嗽……,現在不是在意這個的時候,,1,143,31,1,0,0,0,0,0,,Translated
849,良樹,『資料室』……。,なんでもいいな、入ってみるか, ,Yoshiki,"'Reference room,' huh? Might as well take a look.",,,요시키,"『자료실』…… 어찌 됐건, 일단 들어가 보지.",,,良樹,『資料室』……。,總之進去吧,,1,128,31,1,0,0,0,0,0,,Translated
850,良樹,うっ！, , ,Yoshiki,Urk?!,,,요시키,윽!,,,良樹,嗚！,,,1,129,31,1,0,0,0,0,0,,Translated
851,良樹,――げほっ、ごほっ！,すげぇ埃だ……！, ,Yoshiki,"*cough* *hack* Goddamn, that's a lot of dust!",,,요시키,"――켁, 크헥! 뭔 먼지가 이렇게도……!",,,良樹,――咳咳、咳噗！,灰塵真多……！,,1,130,31,1,0,0,0,0,0,,Translated
852,赤い人魂,仲間になれ……, , ,Red Spirit,"C'mon, just give up and join us...",,,붉은 혼령,우리 친구하자……,,,赤い人魂,成為同伴吧……,,,1,217,32,1,0,0,0,0,0,,Translated
853,赤い人魂,さあおいで……ここで,ひとりだけ生きてるなんて笑っちゃうよ, ,Red Spirit,"C'mon, join us... It's no fun being the only one left",alive. Hee hee hee...,,붉은 혼령,"자, 이리 와……여기서 혼자 살아 남는다는 ",건 농담도 아니니까.,,赤い人魂,來，過來吧……在這裡只有你一個人還活著，太可笑了,,,1,210,32,1,0,0,0,0,0,,Translated
854,良樹,ぐっ！　ざけんな……,今あいつは……そこにいたじゃねぇか, ,Yoshiki,Gah! Screw you... She was right! There!,,,요시키,크윽! 시끄러워……걔 분명……저쪽에 있었어,,,良樹,呃！　別開玩笑了……,她剛才就在那裡不是嗎,,1,144,31,1,0,0,0,0,0,,Translated
855,良樹,死んでるものかよ……！, , ,Yoshiki,She can't be dead!,,,요시키,죽었을 리가 없잖아……!,,,良樹,怎麼可能死了……！,,,1,145,31,1,0,0,0,0,0,,Translated
856,良樹,篠崎……すまねぇ……, , ,Yoshiki,Shinozaki... I'm...sorry...,,,요시키,시노자키……미안……,,,良樹,篠崎……對不起……,,,1,146,31,1,0,0,0,0,0,,Translated
857,,大きな棚の中に、狂ったような文字で殴り書かれた,画用紙がうやうやしく飾ってあります……, ,,Scraps of drawing paper are hung from the shelves,with a surprising degree of care considering the,"sloppy, heavy-handed lettering that adorns them:",,"큰 수납장 안에, 미친 듯이 휘갈겨 쓴 글자가 적힌",도화지가 정연하게 장식되어 있습니다......,,,大型櫃子裡，,裝飾著用瘋狂般的文字塗鴉的圖畫紙……,,0,0,0,1,0,0,0,0,0,,Translated
858,,本の黒から　天へのびる,天からおりた　お前たちは,やまたのおろち　に食いこやぶされろ,,"You who have ascended to heaven from the blackness,","then descended once more, will be torn to shreds and","devoured by the dragon, Yamata no Orochi.",,책의 글씨로부터 하늘로 올라,하늘에서 내린 너희들은,야마타노오로치에게 잡아 먹혀라,,從書的黑　延伸至天,從天而降的　你們,將被八岐大蛇　吞噬撕裂,0,0,0,1,0,0,0,0,0,,Translated
859,,大きな棚の中に、狂ったような文字で殴り書かれた,画用紙がうやうやしく飾ってあります……, ,,Scraps of drawing paper are hung from the shelves,with a surprising degree of care considering the,"sloppy, heavy-handed lettering that adorns them:",,"큰 수납장 안에, 미친 듯이 휘갈겨 쓴 글자가 적힌",도화지가 정연하게 장식되어 있습니다......,,,大型櫃子裡，,裝飾著用瘋狂般的文字塗鴉的圖畫紙……,,0,0,0,1,0,0,0,0,0,,Translated
860,,イマワ　ノ　キワニ,オレハヤサシイ　アナタハ,オンナ　イイコ　カワイイ,,ON THE VERGE OF DEATH,I AM YOU ARE KINDLY,GIRL GOOD GIRL PRETTY GIRL,,죽기 직전,나는 상냥해  너는,여자  착한 아이  귀여워,,瀕　死　之　際,我　是　溫柔的　你　是,女孩　好孩子　好可愛,0,0,0,1,0,0,0,0,0,,Translated
861,良樹,はぁ。あいつ今頃、一人で泣いてんじゃねぇか？,わりぃ篠崎……放っといちまって, ,Yoshiki,"Man, I bet she's crying all by herself somewhere... ","I'm sorry for leaving you alone, Shinozaki.",,요시키,아아. 지금 걔 설마 혼자 울고 있으려나? ,"미안, 시노자키……홀로 되게 해버려서",,良樹,哈啊。那傢伙現在，該不會一個人在哭吧？,對不起篠崎……丟下妳一個人,,1,126,31,1,0,0,0,0,0,,Translated
862,良樹,この階にいてくれるといいんだが……,お？　あの教室、さっきまで,ドアが閉まってたよな……？　いつ開いたんだ？,Yoshiki,Here's hoping she's on this floor... Huh? ,Wasn't the door to that classroom closed before?,,요시키,"이 층에만 있어 줘도 좋겠건만…… 어라? 저 교실, ",방금 전 까지 분명 문이 잠겨 있었는데……?　,어느 사이에 열린 거지?,良樹,希望她在這層樓就好了……,喔？　那間教室，剛才為止,門不是關著的嗎……？　什麼時候打開的？,1,127,31,1,0,0,0,0,0,,Translated
863,繭,繁兄ィ、待って～, , ,繭,繁兄ィ、待って～, , ,繭,―,,,繭,繁哥、等等～,,,1,41,8,1,0,0,0,0,0,,Translated
864,繭,あれ、そっち？　今日部活はどうするの？, , ,繭,あれ、そっち？　今日部活はどうするの？, , ,繭,―,,,繭,咦，那邊？　今天社團活動怎麼辦？,,,1,42,8,1,0,0,0,0,0,,Translated
865,森繁,……どうしたものだろうな。, , ,森繁,......どうしたものだろうな。, , ,森繁,―,,,森繁,……該怎麼辦呢。,,,1,164,8,1,0,0,0,0,0,,Translated
866,繭,今日は主役選抜のオーディションがある日でしょ？, , ,繭,今日は主役選抜のオーディションがある日でしょ？, , ,繭,―,,,繭,今天是主角選拔的試鏡日吧？,,,1,43,8,1,0,0,0,0,0,,Translated
867,森繁,ああ……だけど、……俺はやっぱりやめておくよ。, , ,森繁,ああ......だけど、......俺はやっぱりやめておくよ。, , ,森繁,―,,,森繁,嗯……但是，……我還是算了。,,,1,167,8,1,0,0,0,0,0,,Translated
868,繭,どうして？　私知ってるよ。, , ,繭,どうして？　私知ってるよ。, , ,繭,―,,,繭,為什麼？　我知道喔。,,,1,44,8,1,0,0,0,0,0,,Translated
869,繭,繁兄ィがひと月前から台本（ホン）読み込んで、, , ,繭,繁兄ィがひと月前から台本（ホン）読み込んで、, , ,繭,―,,,繭,繁哥從一個月前就在熟讀劇本了，,,,1,45,8,1,0,0,0,0,0,,Translated
870,繭,……体育準備室で練習してたの。, , ,繭,......体育準備室で練習してたの。, , ,繭,―,,,繭,……在體育準備室練習了。,,,1,46,8,1,0,0,0,0,0,,Translated
871,森繁,み、見てたのか？　何だよ、声かけろよ。, , ,森繁,み、見てたのか？　何だよ、声かけろよ。, , ,森繁,―,,,森繁,你、你看到了？　什麼嘛，出個聲啊。,,,1,166,8,1,0,0,0,0,0,,Translated
872,繭,シンケンだったもの、私……ちょっと嬉しくて。, , ,繭,シンケンだったもの、私......ちょっと嬉しくて。, , ,繭,―,,,繭,因為你很認真嘛，我……有點開心。,,,1,47,8,1,0,0,0,0,0,,Translated
873,森繁,……はぁッ。,……だけど、俺はやっぱりやめておくよ。, ,森繁,......はぁッ。,......だけど、俺はやっぱりやめておくよ。, ,森繁,―,,,森繁,……哈啊。,……但我還是算了。,,1,167,8,1,0,0,0,0,0,,Translated
874,繭,どうしてよ～、あんなに頑張ってたのに。, , ,繭,どうしてよ～、あんなに頑張ってたのに。, , ,繭,―,,,繭,為什麼啊～明明那麼努力的。,,,1,48,8,1,0,0,0,0,0,,Translated
875,森繁,演技の優劣よりも、皆馴れ合いで投票するに,決まっているからさ。, ,森繁,演技の優劣よりも、皆馴れ合いで投票するに,決まっているからさ。, ,森繁,―,,,森繁,因為比起演技優劣，大家肯定都是靠交情投票的。,,,1,168,8,1,0,0,0,0,0,,Translated
876,森繁,……繭、お前は真っ直ぐな人間だから……きっと、, , ,森繁,......繭、お前は真っ直ぐな人間だから......きっと、, , ,森繁,―,,,森繁,……繭，妳是正直的人……一定，,,,1,169,8,1,0,0,0,0,0,,Translated
877,森繁,意気地のない奴と思うかも知れないが、, , ,森繁,意気地のない奴と思うかも知れないが、, , ,森繁,―,,,森繁,可能會覺得我是個沒骨氣的傢伙，,,,1,170,8,1,0,0,0,0,0,,Translated
878,森繁,こういうオーディションは、実力だけで決まる,世界じゃないんだよ。, ,森繁,こういうオーディションは、実力だけで決まる,世界じゃないんだよ。, ,森繁,―,,,森繁,但這種試鏡，不是光靠實力就能決定一切的世界。,,,1,171,8,1,0,0,0,0,0,,Translated
879,繭,……。（ぷうっ）, , ,繭,......。（ぷうっ）, , ,繭,―,,,繭,……。（嘟嘴）,,,1,49,8,2,0,0,0,0,0,,Translated
880,森繁,嫌いなんだ。行きたくもないコンパとか行って、,愛想笑いするの。, ,森繁,嫌いなんだ。行きたくもないコンパとか行って、,愛想笑いするの。, ,森繁,―,,,森繁,我討厭啊。去不想去的聯誼，陪笑臉。,,,1,172,8,1,0,0,0,0,0,,Translated
881,森繁,まぁ……要は皆に好かれていない俺に、,原因がある訳だけれど。, ,森繁,まぁ......要は皆に好かれていない俺に、,原因がある訳だけれど。, ,森繁,―,,,森繁,總之……原因在於不被大家喜歡的我。,,,1,173,8,1,0,0,0,0,0,,Translated
882,繭,……私、好きだよ、, , ,繭,......私、好きだよ、, , ,繭,―,,,繭,……我喜歡喔，,,,1,50,8,1,0,0,0,0,0,,Translated
883,繭,繁兄ぃの、演技。, , ,繭,繁兄ぃの、演技。, , ,繭,―,,,繭,繁哥的演技。,,,1,51,8,1,0,0,0,0,0,,Translated
884,繭,キラキラして……ピカピカで……楽しそうで。, , ,繭,キラキラして......ピカピカで......楽しそうで。, , ,繭,―,,,繭,閃閃發亮……亮晶晶的……看起來很開心。,,,1,52,8,1,0,0,0,0,0,,Translated
885,繭,だけど、嫌ならやめとこ。, , ,繭,だけど、嫌ならやめとこ。, , ,繭,―,,,繭,但是，討厭的話就算了吧。,,,1,53,8,1,0,0,0,0,0,,Translated
886,繭,無理に出演（で）る事ないもん。, , ,繭,無理に出演（で）る事ないもん。, , ,繭,―,,,繭,沒有必要勉強出演。,,,1,54,8,1,0,0,0,0,0,,Translated
887,繭,私だけは見たもの、繁兄ィのラスコーリニコフ。, , ,繭,私だけは見たもの、繁兄ィのラスコーリニコフ。, , ,繭,―,,,繭,至少我看到了，繁哥的拉斯柯尼科夫。,,,1,55,8,1,0,0,0,0,0,,Translated
888,森繁,…………, , ,森繁,............, , ,森繁,―,,,森繁,…………,,,1,174,8,1,0,0,0,0,0,,Translated
889,繭,じゃ、帰ろ。……あ、そうだ！,クレープ屋さんに寄ってこう★, ,繭,じゃ、帰ろ。......あ、そうだ！,クレープ屋さんに寄ってこう★, ,繭,―,,,繭,那，回去吧。……啊，對了！,去可麗餅店吧★,,1,56,8,1,0,0,0,0,0,,Translated
890,繭,チョコバナナのねぇ、美味しそうなのが,新しく出たみたいなの♪　ふふッ！, ,繭,チョコバナナのねぇ、美味しそうなのが,新しく出たみたいなの♪　ふふッ！, ,繭,―,,,繭,巧克力香蕉的，,好像出了新口味看起來很好吃♪　呵呵！,,1,57,8,1,0,0,0,0,0,,Translated
891,,　でこぼこにへこんだやかん, , ,,　でこぼこにへこんだやかん, , ,,　でこぼこにへこんだやかん, , ,,　凹凸不平的水壺,,,0,0,0,1,0,0,0,0,0,,Translated
892,,　流しの棚が開いています。,　中には特に、何も入っていないようです。, ,,　流しの棚が開いています。,　中には特に、何も入っていないようです。, ,,　流しの棚が開いています。,　中には特に、何も入っていないようです。, ,,　水槽下的櫃子打開著。,　裡面似乎沒有放什麼東西。,,0,0,0,1,0,0,0,0,0,,Translated
893,,　カレンダーは、1975年11月18日まで,　×が付けられています……, ,,　カレンダーは、1975年11月18日まで,　×が付けられています......, ,,　カレンダーは、1975年11月18日まで,　×が付けられています……, ,,　日曆直到1975年11月18日,　都畫上了×……,,0,0,0,1,0,0,0,0,0,,Translated
894,,　棚の中にノートが置いてあります……, , ,,　棚の中にノートが置いてあります......, , ,,　棚の中にノートが置いてあります……, , ,,　櫃子裡放著筆記本……,,,0,0,0,1,0,0,0,0,0,,Translated
895,,　用務員日誌：“監禁ツアー中止のお知らせ”, , ,,　用務員日誌：“監禁ツアー中止のお知らせ”, , ,,　用務員日誌：“監禁ツアー中止のお知らせ”, , ,,　校工日誌：「監禁之旅中止通知」,,,0,0,0,1,0,0,0,0,0,,Translated
896,,“安全性が確保できなかっ＊ため中止致します,　既に監禁＊れた皆様にはお詫び致します,　皆様のご健勝をお祈りしております　用務員”,,“安全性が確保できなかっ＊ため中止致します,　既に監禁＊れた皆様にはお詫び致します,　皆様のご健勝をお祈りしております　用務員”,,“安全性が確保できなかっ＊ため中止致します,　既に監禁＊れた皆様にはお詫び致します,　皆様のご健勝をお祈りしております　用務員”,,「因為無法確保安全＊所以中止,　對已經被監禁＊的各位致歉,　祝願各位健康　校工」,0,0,0,1,0,0,0,0,0,,Translated
897,,,,,,,,,,,,,,,,,-1,0,0,1,0,0,0,0,0,,Translated
898,,古いストーブがあります。,火は点きそうにありません。, ,,古いストーブがあります。,火は点きそうにありません。, ,,古いストーブがあります。,火は点きそうにありません。, ,,有舊爐子。似乎點不著火。,,,0,0,0,1,0,0,0,0,0,,Translated
899,哲志,赤いワンピースの女の子……か。, , ,哲志,赤いワンピースの女の子......か。, , ,哲志,―,,,哲志,穿紅色連衣裙的女孩……嗎。,,,1,196,16,1,0,0,0,0,0,,Translated
900,直美,私……見たかも。その子の霊。, , ,直美,私......見たかも。その子の霊。, , ,直美,―,,,直美,我……可能看過。那個孩子的靈魂。,,,1,55,12,1,0,0,0,0,0,,Translated
901,直美,世以子と一緒にいたとき……　暗い教室で、, , ,直美,世以子と一緒にいたとき......　暗い教室で、, , ,直美,―,,,直美,和世以子在一起的時候……在昏暗的教室裡，,,,1,56,12,1,0,0,0,0,0,,Translated
902,直美,しゃがんで、じっと……　こっちを見てた。, , ,直美,しゃがんで、じっと......　こっちを見てた。, , ,直美,―,,,直美,蹲著，一動不動……　看著我們這邊。,,,1,57,12,1,0,0,0,0,0,,Translated
903,哲志,……俺も、暗い廊下の影から見られていた……, , ,哲志,......俺も、暗い廊下の影から見られていた......, , ,哲志,―,,,哲志,……我也在昏暗走廊的影子裡被注視著……,,,1,197,16,1,0,0,0,0,0,,Translated
904,直美,……なんか……あたし達を、見張っているみたい……, , ,直美,......なんか......あたし達を、見張っているみたい......, , ,直美,―,,,直美,……總覺得……像是在監視我們……,,,1,58,12,1,0,0,0,0,0,,Translated
905,哲志,保健室にあった古い新聞記事にも、,誘拐殺害事件の被害者の, ,哲志,保健室にあった古い新聞記事にも、,誘拐殺害事件の被害者の, ,哲志,―,,,哲志,保健室裡的舊報紙上，,也有綁架殺害事件的受害者,,1,198,16,1,0,0,0,0,0,,Translated
906,哲志,顔写真が載っていたが……,その中に、あの子もいたんだ。, ,哲志,顔写真が載っていたが......,その中に、あの子もいたんだ。, ,哲志,―,,,哲志,雖然有臉部照片……,其中也有那個孩子。,,1,199,16,1,0,0,0,0,0,,Translated
907,哲志,……あの女の子の霊がサチコなのは、,間違いないと思う。, ,哲志,......あの女の子の霊がサチコなのは、,間違いないと思う。, ,哲志,―,,,哲志,……那個女孩的靈魂是サチコ，,我想不會錯的。,,1,200,16,1,0,0,0,0,0,,Translated
908,直美,だけど、こっちの記事の中では、,殺されずに生きていたって……, ,直美,だけど、こっちの記事の中では、,殺されずに生きていたって......, ,直美,―,,,直美,但是，這篇報導裡，,她沒有被殺而是活著……,,1,59,12,1,0,0,0,0,0,,Translated
909,直美,この事件から生還したのなら、, , ,直美,この事件から生還したのなら、, , ,直美,―,,,直美,如果她是從這個事件中生還的話，,,,1,60,12,1,0,0,0,0,0,,Translated
910,直美,成長して大人になっているはずだよね,……あたし達より、ずっと。, ,直美,成長して大人になっているはずだよね,......あたし達より、ずっと。, ,直美,―,,,直美,應該已經長大成人了吧,……至少比我們大得多。,,1,61,12,1,0,0,0,0,0,,Translated
911,直美,他の霊達と一緒に、子供の姿のまま、,幽霊になっているのは……, ,直美,他の霊達と一緒に、子供の姿のまま、,幽霊になっているのは......, ,直美,―,,,直美,和其他靈魂一起，保持著孩子的模樣，,變成幽靈……,,1,62,12,1,0,0,0,0,0,,Translated
912,直美,なんか……変じゃない？, , ,直美,なんか......変じゃない？, , ,直美,―,,,直美,總覺得……很奇怪不是嗎？,,,1,63,12,1,0,0,0,0,0,,Translated
913,哲志,ああ。……そこが辻褄の合わないところだが……, , ,哲志,ああ。......そこが辻褄の合わないところだが......, , ,哲志,―,,,哲志,嗯。……那裡確實對不上……,,,1,201,16,1,0,0,0,0,0,,Translated
914,哲志,恐らく、この事件の直後に何らかの要因で、, , ,哲志,恐らく、この事件の直後に何らかの要因で、, , ,哲志,―,,,哲志,恐怕，這個事件之後不久，因為某種原因，,,,1,202,16,1,0,0,0,0,0,,Translated
915,哲志,やはり命を落としたんだろうな……, , ,哲志,やはり命を落としたんだろうな......, , ,哲志,―,,,哲志,還是死去了吧……,,,1,203,16,1,0,0,0,0,0,,Translated
916,哲志,サチコの霊に会えば……,このルポ記事じゃないが、もっと色々と, ,哲志,サチコの霊に会えば......,このルポ記事じゃないが、もっと色々と, ,哲志,―,,,哲志,如果遇到サチコ的靈魂……,雖然不是這篇報導，但能知道更多,,1,204,16,1,0,0,0,0,0,,Translated
917,哲志,当時の事が解るかもな。, , ,哲志,当時の事が解るかもな。, , ,哲志,―,,,哲志,當時的事也說不定。,,,1,205,16,1,0,0,0,0,0,,Translated
918,哲志,呪いだか何だか知らないが……,此処からみんなで出るために、, ,哲志,呪いだか何だか知らないが......,此処からみんなで出るために、, ,哲志,―,,,哲志,雖然不知道是詛咒還是什麼……,但為了大家一起離開這裡，,,1,206,16,1,0,0,0,0,0,,Translated
919,哲志,……この学校を出し抜く鍵が、,見つかるかも知れない。, ,哲志,......この学校を出し抜く鍵が、,見つかるかも知れない。, ,哲志,―,,,哲志,……也許能找到，,擺脫這所學校的關鍵。,,1,207,16,1,0,0,0,0,0,,Translated
920,哲志,由香を見つけたら捜してみるか、あの子の霊も。, , ,哲志,由香を見つけたら捜してみるか、あの子の霊も。, , ,哲志,―,,,哲志,找到由香之後也來找找那個孩子的靈魂吧。,,,1,208,16,1,0,0,0,0,0,,Translated
921,直美,うん……心配。あれから全然、由香ちゃんの声が,聞こえないもの……, ,直美,うん......心配。あれから全然、由香ちゃんの声が,聞こえないもの......, ,直美,―,,,直美,嗯……擔心。從那之後完全聽不到由香的聲音了……,,,1,64,12,1,0,0,0,0,0,,Translated
922,哲志,ああ。なんとか別館に行かないと。, , ,哲志,ああ。なんとか別館に行かないと。, , ,哲志,―,,,哲志,嗯。總之得想辦法去別館才行。,,,1,209,16,1,0,0,0,0,0,,Translated
923,直美,！, , ,直美,！, , ,直美,―,,,直美,！,,,1,65,12,1,0,0,0,0,0,,Translated
924,哲志,う……っ、何だ、さっきまでの揺れと違う。, , ,哲志,う......っ、何だ、さっきまでの揺れと違う。, , ,哲志,―,,,哲志,嗚……、什麼，和剛才的搖晃不一樣。,,,1,210,16,1,0,0,0,0,0,,Translated
925,直美,お、大きいよこれ……！　やだッ！, , ,直美,お、大きいよこれ......！　やだッ！, , ,直美,―,,,直美,這、這次很大啊……！　不要！,,,1,66,12,1,0,0,0,0,0,,Translated
926,直美,校舎……　壊れちゃ……ッ……きゃぁ！, , ,直美,校舎......　壊れちゃ......ッ......きゃぁ！, , ,直美,―,,,直美,校舍……　要壞掉……　……呀！,,,1,67,12,1,0,0,0,0,0,,Translated
927,哲志,直美！　大丈夫か！？　つかまってろ、俺に！, , ,哲志,直美！　大丈夫か！？　つかまってろ、俺に！, , ,哲志,―,,,哲志,直美！　沒事吧！？　抓住我！,,,1,211,16,1,0,0,0,0,0,,Translated
928,直美,う、うん！……, , ,直美,う、うん！......, , ,直美,―,,,直美,呃、嗯！……,,,1,68,12,1,0,0,0,0,0,,Translated
929,哲志,離すなよ。, , ,哲志,離すなよ。, , ,哲志,―,,,哲志,別放手。,,,1,212,16,1,0,0,0,0,0,,Translated
930,直美,……（コクッ）, , ,直美,......（コクッ）, , ,直美,―,,,直美,……（點頭）,,,1,69,12,1,0,0,0,0,0,,Translated
931,哲志,何だ……なかなか収まらないな。, , ,哲志,何だ......なかなか収まらないな。, , ,哲志,―,,,哲志,什麼……一直不停啊。,,,1,213,16,1,0,0,0,0,0,,Translated
932,哲志,直美！！　ぐッ……！, , ,哲志,直美！！　ぐッ......！, , ,哲志,―,,,哲志,直美！！　呃……！,,,1,0,0,1,0,0,0,0,1,,Translated
933,直美,（！……天井の梁が）　……哲志！, , ,直美,（！......天井の梁が）　......哲志！, , ,直美,―,,,直美,（！……天花板的橫樑）　……哲志！,,,1,70,12,1,0,0,0,0,0,,Translated
934,直美,（―血！）,……哲志、哲志！　大丈……大丈夫！？, ,直美,（―血！）,......哲志、哲志！　大丈......大丈夫！？, ,直美,―,,,直美,（―血！）,……哲志、哲志！　沒事……沒事吧！？,,1,71,12,1,0,0,0,0,0,,Translated
935,哲志,…………, , ,哲志,............, , ,哲志,―,,,哲志,…………,,,1,215,16,1,0,0,0,0,0,,Translated
936,直美,やだ……哲志ーっ！, , ,直美,やだ......哲志ーっ！, , ,直美,―,,,直美,不要……哲志～！,,,1,72,12,1,0,0,0,0,0,,Translated
937,哲志,……由…香……　ハッ…！, , ,哲志,......由...香......　ハッ...！, , ,哲志,―,,,哲志,……由…香……　哈…！,,,1,225,16,1,0,0,0,0,0,,Translated
938,哲志,夢か……　！　痛てっ……痛てて。, , ,哲志,夢か......　！　痛てっ......痛てて。, , ,哲志,―,,,哲志,是夢嗎……　！　好痛……好痛好痛。,,,1,226,16,1,0,0,0,0,0,,Translated
939,哲志,何だ、頭が……　ズキズキするぞ。, , ,哲志,何だ、頭が......　ズキズキするぞ。, , ,哲志,―,,,哲志,什麼，頭……　陣陣作痛。,,,1,227,16,1,0,0,0,0,0,,Translated
940,哲志,真っ暗だ……どうなったんだ一体？,大きな地震があって……, ,哲志,真っ暗だ......どうなったんだ一体？,大きな地震があって......, ,哲志,―,,,哲志,一片漆黑……到底怎麼了？,有很大的地震……,,1,228,16,1,0,0,0,0,0,,Translated
941,哲志,（ムニュッ）,ん？　何だ……手の下に何かある……, ,哲志,（ムニュッ）,ん？　何だ......手の下に何かある......, ,哲志,―,,,哲志,（軟軟的）,嗯？　什麼……手下面有什麼……,,1,229,16,3,0,0,0,0,0,,Translated
942,哲志,（柔らかい……　何かの……肉……？！）,何だ……これは……！, ,哲志,（柔らかい......　何かの......肉......？！）,何だ......これは......！, ,哲志,―,,,哲志,（好柔軟……　像是……肉……？！）,什麼……這是……！,,1,230,16,1,0,0,0,0,0,,Translated
943,直美,ん……, , ,直美,ん......, , ,直美,―,,,直美,嗯……,,,1,73,12,1,0,0,0,0,0,,Translated
944,直美,んん……, , ,直美,んん......, , ,直美,―,,,直美,嗯嗯……,,,1,74,12,1,0,0,0,0,0,,Translated
945,哲志,……っ！？, , ,哲志,......っ！？, , ,哲志,―,,,哲志,……！？,,,1,231,16,1,0,0,0,0,0,,Translated
946,哲志,うわぁっ！, , ,哲志,うわぁっ！, , ,哲志,―,,,哲志,哇啊！,,,1,232,16,1,0,0,0,0,0,,Translated
947,哲志,……っ, , ,哲志,......っ, , ,哲志,―,,,哲志,……,,,1,233,16,1,0,0,0,0,0,,Translated
948,直美,……っ……　……哲志, , ,直美,......っ......　......哲志, , ,直美,―,,,直美,……　……哲志,,,1,75,12,1,0,0,0,0,0,,Translated
949,哲志,直美、すまない違うんだ。い……今のは、, , ,哲志,直美、すまない違うんだ。い......今のは、, , ,哲志,―,,,哲志,直美對不起不是的。剛、剛才那是，,,,1,234,16,1,0,0,0,0,0,,Translated
950,直美,哲志……　頭、大丈夫？, , ,直美,哲志......　頭、大丈夫？, , ,直美,―,,,直美,哲志……　頭，沒事吧？,,,1,76,12,1,0,0,0,0,0,,Translated
951,哲志,え……っ, , ,哲志,え......っ, , ,哲志,―,,,哲志,咦……,,,1,235,16,1,0,0,0,0,0,,Translated
952,直美,さっき、梁が頭に落ちてきて……血が……, , ,直美,さっき、梁が頭に落ちてきて......血が......, , ,直美,―,,,直美,剛才，橫樑掉下來砸到你的頭……血……,,,1,77,12,1,0,0,0,0,0,,Translated
953,直美,顔赤いけど……辛そうだね。,ありがと、庇ってくれて。, ,直美,顔赤いけど......辛そうだね。,ありがと、庇ってくれて。, ,直美,―,,,直美,臉雖然很紅……但看起來很痛。,謝謝你，保護了我。,,1,78,12,1,0,0,0,0,0,,Translated
954,哲志,い、いやぁ、平気だ。,その……　血も、止まってるみたいだ。, ,哲志,い、いやぁ、平気だ。,その......　血も、止まってるみたいだ。, ,哲志,―,,,哲志,不、不客氣。,那個……　血，好像也止住了。,,1,236,16,1,0,0,0,0,0,,Translated
955,直美,……そう……？, , ,直美,......そう......？, , ,直美,―,,,直美,……是嗎……？,,,1,79,12,1,0,0,0,0,0,,Translated
956,哲志,――っ？, , ,哲志,――っ？, , ,哲志,―,,,哲志,――？,,,1,237,16,1,0,0,0,0,0,,Translated
957,田久地,凄い！　凄い！　何なんですかこれは！,何処なんですか此処は！, ,田久地,凄い！　凄い！　何なんですかこれは！,何処なんですか此処は！, ,田久地,―,,,田久地,好厲害！　好厲害！　這是什麼啊！,這裡是哪裡啊！,,1,159,20,1,0,0,0,0,0,,Translated
958,鬼碑忌,落ち着くんだ！,……落ち着いて、しっかり撮ってくれ。, ,鬼碑忌,落ち着くんだ！,......落ち着いて、しっかり撮ってくれ。, ,鬼碑忌,―,,,鬼碑忌,冷靜點！,……冷靜下來，好好拍攝。,,1,93,6,1,0,0,0,0,0,,Translated
959,鬼碑忌,此処で目にしたものは、ひとつ残らず,記録するんだ！, ,鬼碑忌,此処で目にしたものは、ひとつ残らず,記録するんだ！, ,鬼碑忌,―,,,鬼碑忌,在這裡看到的東西，一個不留,都要記錄下來！,,1,94,6,1,0,0,0,0,0,,Translated
960,田久地,はい！　　　　　　　, , ,田久地,はい！　　　　　　　, , ,田久地,―,,,田久地,是！　　　　　　　,,,1,160,20,1,0,0,0,0,0,,Translated
961,鬼碑忌,いいぞ……成功だ。絶対にこれで獲れる！, , ,鬼碑忌,いいぞ......成功だ。絶対にこれで獲れる！, , ,鬼碑忌,―,,,鬼碑忌,好……成功了。絕對能靠這個獲獎！,,,1,95,6,1,0,0,0,0,0,,Translated
962,鬼碑忌,これで……この映像で！,世のオカルトジャンルがひっくり返るぞ！, ,鬼碑忌,これで......この映像で！,世のオカルトジャンルがひっくり返るぞ！, ,鬼碑忌,―,,,鬼碑忌,用這個……用這個影像！,世界的超自然領域將會翻轉！,,1,96,6,1,0,0,0,0,0,,Translated
963,鬼碑忌,よし、早速ここで,【猟奇実話ルポ】第３回を書き始めよう。, ,鬼碑忌,よし、早速ここで,【猟奇実話ルポ】第３回を書き始めよう。, ,鬼碑忌,―,,,鬼碑忌,好，立刻在這裡,開始寫【獵奇實錄報導】第三回。,,1,97,6,1,0,0,0,0,0,,Translated
964,鬼碑忌,肌で体感している生のワードが、今なら書ける！,……よし！, ,鬼碑忌,肌で体感している生のワードが、今なら書ける！,......よし！, ,鬼碑忌,―,,,鬼碑忌,親身體驗到的真實詞彙，現在就能寫！,……好！,,1,98,6,1,0,0,0,0,0,,Translated
965,哲志,これは……この校舎の映像だな。, , ,哲志,これは......この校舎の映像だな。, , ,哲志,―,,,哲志,這是……這棟校舍的影像吧。,,,1,238,16,1,0,0,0,0,0,,Translated
966,直美,……さっき哲志が入れたテープだよね、これ？, , ,直美,......さっき哲志が入れたテープだよね、これ？, , ,直美,―,,,直美,……這是剛才哲志放進去的錄影帶吧？,,,1,80,12,1,0,0,0,0,0,,Translated
967,哲志,ああ……カメラは、電源が,入らなかったはずだけど……, ,哲志,ああ......カメラは、電源が,入らなかったはずだけど......, ,哲志,―,,,哲志,嗯……攝影機，本來應該,打不開電源才對……,,1,239,16,1,0,0,0,0,0,,Translated
968,直美,このテープの持ち主が撮影したのかな……取材？, , ,直美,このテープの持ち主が撮影したのかな......取材？, , ,直美,―,,,直美,是這捲錄影帶的主人拍攝的嗎……採訪？,,,1,81,12,1,0,0,0,0,0,,Translated
969,田久地,すごい……なんだこれ……,いたる所に落書きがある, ,田久地,すごい......なんだこれ......,いたる所に落書きがある, ,田久地,―,,,田久地,好厲害……這是什麼……,到處都有塗鴉,,1,161,20,1,0,0,0,0,0,,Translated
970,田久地,“……死……ニ……タクナイ……？”,　おおっ……！　凄い……！, ,田久地,“......死......ニ......タクナイ......？”,　おおっ......！　凄い......！, ,田久地,―,,,田久地,「……死……不……想……？」,　喔……！　好厲害……！,,1,162,20,1,0,0,0,0,0,,Translated
971,鬼碑忌,気をつけるんだ、この学校については,まだデータが少ない。, ,鬼碑忌,気をつけるんだ、この学校については,まだデータが少ない。, ,鬼碑忌,―,,,鬼碑忌,要小心，關於這所學校,數據還很少。,,1,99,6,1,0,0,0,0,0,,Translated
972,鬼碑忌,何が起こるか分らないぞ。,あまり触れない方がいい。, ,鬼碑忌,何が起こるか分らないぞ。,あまり触れない方がいい。, ,鬼碑忌,―,,,鬼碑忌,不知道會發生什麼事。,最好不要亂碰。,,1,100,6,1,0,0,0,0,0,,Translated
973,田久地,いやいや！　こんなオイシい画、,撮らなくてどうすんスか？, ,田久地,いやいや！　こんなオイシい画、,撮らなくてどうすんスか？, ,田久地,―,,,田久地,不不！　這麼好的畫面,不拍怎麼行？,,1,163,20,1,0,0,0,0,0,,Translated
974,鬼碑忌,ああ……　・　・　・　・　・, , ,鬼碑忌,ああ......　・　・　・　・　・, , ,鬼碑忌,―,,,鬼碑忌,嗯………………,,,1,101,6,1,0,0,0,0,0,,Translated
975,田久地,フゥー凄いな……　だけど先生、いいんですか？, , ,田久地,フゥー凄いな......　だけど先生、いいんですか？, , ,田久地,―,,,田久地,呼～好厲害啊……　但是老師，沒關係嗎？,,,1,164,20,1,0,0,0,0,0,,Translated
976,田久地,あの子……七星ちゃん置いて来ちゃって。, , ,田久地,あの子......七星ちゃん置いて来ちゃって。, , ,田久地,―,,,田久地,把那孩子……七星丟下不管了。,,,1,165,20,1,0,0,0,0,0,,Translated
977,田久地,きっと怒りますよ、自分だけノケものにされたって。, , ,田久地,きっと怒りますよ、自分だけノケものにされたって。, , ,田久地,―,,,田久地,她一定會生氣的，說自己被排擠了。,,,1,166,20,1,0,0,0,0,0,,Translated
978,鬼碑忌,……はは、そうだな。……だが、, , ,鬼碑忌,......はは、そうだな。......だが、, , ,鬼碑忌,―,,,鬼碑忌,……哈哈，說得也是。……但是，,,,1,102,6,1,0,0,0,0,0,,Translated
979,鬼碑忌,今回は事情が違う。あの子を危険な目には、,遭わせられないよ。, ,鬼碑忌,今回は事情が違う。あの子を危険な目には、,遭わせられないよ。, ,鬼碑忌,―,,,鬼碑忌,這次情況不同。不能讓她,置身於危險之中。,,1,103,6,1,0,0,0,0,0,,Translated
980,田久地,まッ　そりゃそうですけどねー, , ,田久地,まッ　そりゃそうですけどねー, , ,田久地,―,,,田久地,話是這麼說沒錯啦～,,,1,167,20,1,0,0,0,0,0,,Translated
981,田久地,本物……ですか？, , ,田久地,本物......ですか？, , ,田久地,―,,,田久地,是真的……嗎？,,,1,168,20,1,0,0,0,0,0,,Translated
982,鬼碑忌,――の、ようだ……, , ,鬼碑忌,――の、ようだ......, , ,鬼碑忌,―,,,鬼碑忌,――看起來是……,,,1,104,6,1,0,0,0,0,0,,Translated
983,田久地,死体……死体！　う……ううう！,先生！　ヤバイですよ！　帰りましょう！, ,田久地,死体......死体！　う......ううう！,先生！　ヤバイですよ！　帰りましょう！, ,田久地,―,,,田久地,屍體……屍體！　嗚……嗚嗚！,老師！　糟了！　我們回去吧！,,1,169,20,1,0,0,0,0,0,,Translated
984,田久地,この娘の制服……新しいですよ！,僕らの時代の子ですよ！, ,田久地,この娘の制服......新しいですよ！,僕らの時代の子ですよ！, ,田久地,―,,,田久地,這女孩的制服……是新的！,是我們這個時代的孩子！,,1,170,20,1,0,0,0,0,0,,Translated
985,田久地,きっと全国で行方不明になっている子の何人かは, , ,田久地,きっと全国で行方不明になっている子の何人かは, , ,田久地,―,,,田久地,全國失蹤的那些孩子中一定有幾個,,,1,171,20,1,0,0,0,0,0,,Translated
986,田久地,此処で朽ち果てているんですよ！,……ああ！　なんて所に来ちゃったんだ。, ,田久地,此処で朽ち果てているんですよ！,......ああ！　なんて所に来ちゃったんだ。, ,田久地,―,,,田久地,是在這裡腐朽的啊！,……啊啊！　怎麼會來到這種地方。,,1,172,20,1,0,0,0,0,0,,Translated
987,鬼碑忌,そうだな……　これ以上は危険か。, , ,鬼碑忌,そうだな......　これ以上は危険か。, , ,鬼碑忌,―,,,鬼碑忌,是啊……　再待下去太危險了。,,,1,105,6,1,0,0,0,0,0,,Translated
988,田久地,早く！『逆打（さかう）ち』の方法を教えて下さい！, , ,田久地,早く！『逆打（さかう）ち』の方法を教えて下さい！, , ,田久地,―,,,田久地,快點！　請告訴我『逆打』的方法！,,,1,173,20,1,0,0,0,0,0,,Translated
989,哲志,（……逆打ち……？）, , ,哲志,（......逆打ち......？）, , ,哲志,―,,,哲志,（……逆打……？）,,,1,240,16,1,0,0,0,0,0,,Translated
990,鬼碑忌,ああ。教えていなかったっけな。方法は……, , ,鬼碑忌,ああ。教えていなかったっけな。方法は......, , ,鬼碑忌,―,,,鬼碑忌,嗯。沒告訴過你嗎。方法是……,,,1,0,0,1,0,0,0,20,0,,Translated
991,田久地,ヒィィィィッ！, , ,田久地,ヒィィィィッ！, , ,田久地,―,,,田久地,咿～～～～！,,,1,0,0,1,0,0,0,6,0,,Translated
992,鬼碑忌,どうした！？, , ,鬼碑忌,どうした！？, , ,鬼碑忌,―,,,鬼碑忌,怎麼了！？,,,1,0,0,1,0,0,0,0,0,,Translated
993,田久地,声が……声が聞こえるんです！,子供の声……子供の声が……, ,田久地,声が......声が聞こえるんです！,子供の声......子供の声が......, ,田久地,―,,,田久地,有聲音……聽到了聲音！,小孩的聲音……小孩的聲音……,,1,175,20,1,0,0,0,0,0,,Translated
994,鬼碑忌,本当か……！？,　・　・　・　・　・, ,鬼碑忌,本当か......！？,　・　・　・　・　・, ,鬼碑忌,―,,,鬼碑忌,真的嗎……！？　・　・　・　・　・,,,1,107,6,1,0,0,0,0,0,,Translated
995,田久地,ほら！　ほら聞こえる。,何ですかこれ！, ,田久地,ほら！　ほら聞こえる。,何ですかこれ！, ,田久地,―,,,田久地,你看！　你聽到了吧。,這是什麼啊！,,1,176,20,1,0,0,0,0,0,,Translated
996,鬼碑忌,落ち着くんだ！　いいか、私には聞こえない。, , ,鬼碑忌,落ち着くんだ！　いいか、私には聞こえない。, , ,鬼碑忌,―,,,鬼碑忌,冷靜點！　聽好了，我什麼都沒聽到。,,,1,108,6,1,0,0,0,0,0,,Translated
997,鬼碑忌,子供の声とは何人だ？　男児か？　女児か？, , ,鬼碑忌,子供の声とは何人だ？　男児か？　女児か？, , ,鬼碑忌,―,,,鬼碑忌,小孩的聲音有幾個人？　是男孩？　女孩？,,,1,109,6,1,0,0,0,0,0,,Translated
998,田久地,あああああ……, , ,田久地,あああああ......, , ,田久地,―,,,田久地,啊啊啊啊……,,,1,177,20,1,0,0,0,0,0,,Translated
999,田久地,――生！　鬼碑忌先生！　今何か……！,今何かいましたよ！, ,田久地,――生！　鬼碑忌先生！　今何か......！,今何かいましたよ！, ,田久地,―,,,田久地,――老師！　鬼碑忌老師！　剛才有什麼……！,剛才有什麼東西在那裡！,,1,178,20,1,0,0,0,0,0,,Translated
1000,鬼碑忌,何処だね！, , ,鬼碑忌,何処だね！, , ,鬼碑忌,―,,,鬼碑忌,在哪裡！,,,1,110,6,1,0,0,0,0,0,,Translated
1001,田久地,こっちです！　こっち！, , ,田久地,こっちです！　こっち！, , ,田久地,―,,,田久地,在這裡！　這裡！,,,1,179,20,1,1,0,0,0,0,,Translated
1002,田久地,！, , ,田久地,！, , ,田久地,―,,,田久地,！,,,1,180,20,1,0,0,0,0,0,,Translated
1003,田久地,君！　待て……待ってくれ！, , ,田久地,君！　待て......待ってくれ！, , ,田久地,―,,,田久地,喂！　等等……等等我！,,,1,0,0,1,0,0,0,21,0,,Translated
1004,田久地,待っ……, , ,田久地,待っ......, , ,田久地,―,,,田久地,等……,,,1,0,0,1,0,0,0,6,0,,Translated
1005,田久地,ぐッ, , ,田久地,ぐッ, , ,田久地,―,,,田久地,呃,,,1,0,0,1,0,0,0,0,0,,Translated
1006,鬼碑忌,……大丈夫か！, , ,鬼碑忌,......大丈夫か！, , ,鬼碑忌,―,,,鬼碑忌,……沒事吧！,,,1,111,6,1,0,0,0,0,0,,Translated
1007,田久地,っグ……すみません。何か踏んで……　,カメラ、無事ですか？, ,田久地,っグ......すみません。何か踏んで......　,カメラ、無事ですか？, ,田久地,―,,,田久地,……對不起。,好像踩到了什麼……　攝影機，沒事吧？,,1,184,20,1,0,0,0,0,0,,Translated
1008,鬼碑忌,ああ, , ,鬼碑忌,ああ, , ,鬼碑忌,―,,,鬼碑忌,嗯,,,1,112,6,1,0,0,0,0,0,,Translated
1009,田久地,ッ！？　……ウアアアアアーーーッ！！,ウアアアアアーーーッ！！, ,田久地,ッ！？　......ウアアアアアーーーッ！！,ウアアアアアーーーッ！！, ,田久地,―,,,田久地,！？　……嗚啊啊啊啊～～！！,嗚啊啊啊啊～～！！,,1,185,20,1,0,0,0,0,0,,Translated
1010,鬼碑忌,……！？, , ,鬼碑忌,......！？, , ,鬼碑忌,―,,,鬼碑忌,……！？,,,1,113,6,1,0,0,0,0,0,,Translated
1011,田久地,アアアアアアーーーーッッ！！, , ,田久地,アアアアアアーーーーッッ！！, , ,田久地,―,,,田久地,啊啊啊啊啊啊～～！！,,,1,186,20,1,1,0,0,0,0,,Translated
1012,鬼碑忌,田久地君！　何処へ行くんだ！, , ,鬼碑忌,田久地君！　何処へ行くんだ！, , ,鬼碑忌,―,,,鬼碑忌,田久地君！　你要去哪裡！,,,1,114,6,1,0,0,0,0,0,,Translated
1013,鬼碑忌,――！　テープがもうない。,替えのテープは……, ,鬼碑忌,――！　テープがもうない。,替えのテープは......, ,鬼碑忌,―,,,鬼碑忌,――！　錄影帶沒了。,備用錄影帶……,,1,115,6,1,0,0,0,0,0,,Translated
1014,哲志,……終わりか？, , ,哲志,......終わりか？, , ,哲志,―,,,哲志,……結束了嗎？,,,1,241,16,1,0,0,0,0,0,,Translated
1015,直美,何だろう、『逆打ち』って。, , ,直美,何だろう、『逆打ち』って。, , ,直美,―,,,直美,『逆打』，是什麼呢。,,,1,82,12,1,0,0,0,0,0,,Translated
1016,哲志,帰る為の方法、と言っていたな。,肝心な所がなかったけど……, ,哲志,帰る為の方法、と言っていたな。,肝心な所がなかったけど......, ,哲志,―,,,哲志,說是回去的方法。,雖然關鍵的部分沒有……,,1,242,16,1,0,0,0,0,0,,Translated
1017,直美,続き、あるかも！　由香ちゃん見つけたら、,テープも探してみよう？, ,直美,続き、あるかも！　由香ちゃん見つけたら、,テープも探してみよう？, ,直美,―,,,直美,也許有續集！　找到由香之後，,也找找錄影帶吧？,,1,83,12,1,0,0,0,0,0,,Translated
1018,哲志,ああ、……だな。よし、別館へ行く方法を探そう。, , ,哲志,ああ、......だな。よし、別館へ行く方法を探そう。, , ,哲志,―,,,哲志,嗯，……也是。好，找去別館的方法吧。,,,1,243,16,1,0,0,0,0,0,,Translated
1019,哲志,駄目だ、このカメラ……,ＴＶにくっついて離れない。, ,哲志,駄目だ、このカメラ......,ＴＶにくっついて離れない。, ,哲志,―,,,哲志,不行，這台攝影機……,黏在電視上拿不下來。,,1,0,0,1,0,0,0,0,0,,Translated
1020,直美,そう……持ち歩けたら、テープすぐ観られるのにね。, , ,直美,そう......持ち歩けたら、テープすぐ観られるのにね。, , ,直美,―,,,直美,是嗎……要是能帶著走，就能馬上看了呢。,,,1,84,12,1,0,0,0,0,0,,Translated
1021,哲志,（あのふすまから、何かにおうな・・・・。）, , ,哲志,（あのふすまから、何かにおうな・・・・。）, , ,哲志,―,,,哲志,（那個紙門裡，傳來什麼味道……）,,,1,0,0,1,0,0,0,0,0,,Translated
1022,,カメラはＴＶにくっついていて、取れそうにありません。, , ,,カメラはＴＶにくっついていて、取れそうにありません。, , ,,―,,,,攝影機黏在電視上，似乎拿不下來。,,,0,0,0,1,0,0,0,0,0,,Translated
1023,哲志,由香、さっきのテープ、貸してくれるか？, , ,哲志,由香、さっきのテープ、貸してくれるか？, , ,哲志,―,,,哲志,由香，剛才的錄影帶，能借我嗎？,,,1,53,17,1,0,0,0,0,0,,Translated
1024,由香,うん……, , ,由香,うん......, , ,由香,―,,,由香,嗯……,,,1,30,29,1,0,0,0,0,0,,Translated
1025,哲志,よし……入れてみるぞ……, , ,哲志,よし......入れてみるぞ......, , ,哲志,―,,,哲志,好……試試看……,,,1,54,17,1,0,0,0,0,0,,Translated
1026,鬼碑忌,ハァ……ハァ……ハァ……,ハァ……ハァ……ハァ……, ,鬼碑忌,ハァ......ハァ......ハァ......,ハァ......ハァ......ハァ......, ,鬼碑忌,―,,,鬼碑忌,哈啊……哈啊……哈啊……,哈啊……哈啊……哈啊……,,1,155,6,1,0,0,0,0,0,,Translated
1027,鬼碑忌,ひとりになってはいけない。,ひとりになってはいけない。, ,鬼碑忌,ひとりになってはいけない。,ひとりになってはいけない。, ,鬼碑忌,―,,,鬼碑忌,不能一個人獨處。,不能一個人獨處。,,1,156,6,1,0,0,0,0,0,,Translated
1028,鬼碑忌,死んではいけない。　絶望してはいけない。, , ,鬼碑忌,死んではいけない。　絶望してはいけない。, , ,鬼碑忌,―,,,鬼碑忌,不能死。　不能絕望。,,,1,157,6,1,0,0,0,0,0,,Translated
1029,鬼碑忌,これを見ているあなたに、, , ,鬼碑忌,これを見ているあなたに、, , ,鬼碑忌,―,,,鬼碑忌,給正在看這個的你，,,,1,158,6,1,0,0,0,0,0,,Translated
1030,鬼碑忌,ここから脱出する、『逆打ち』の方法を残しておく。, , ,鬼碑忌,ここから脱出する、『逆打ち』の方法を残しておく。, , ,鬼碑忌,―,,,鬼碑忌,留下從這裡逃脫的『逆打』方法。,,,1,159,6,1,0,0,0,0,0,,Translated
1031,鬼碑忌,【サチコのまじない】を正順法同様に、,人数にサチコを加え（＋１）た回数唱え,ちぎった型代の切れ端同士をくっつけるのだ。,鬼碑忌,【サチコのまじない】を正順法同様に、,人数にサチコを加え（＋１）た回数唱え,ちぎった型代の切れ端同士をくっつけるのだ。,鬼碑忌,―,,,鬼碑忌,【サチコ的詛咒】和正順法一樣，,唸誦人數加上サチコ（＋１）的次數，,然後把撕下的紙片碎片拼在一起。,1,160,6,1,0,0,0,0,0,,Translated
1032,,,,,,,,,,,,,,,,,-1,160,6,1,0,0,0,0,0,,Translated
1033,鬼碑忌,……っ, , ,鬼碑忌,......っ, , ,鬼碑忌,―,,,鬼碑忌,……,,,1,161,6,1,0,0,0,0,0,,Translated
1034,鬼碑忌,……しなければよかった……, , ,鬼碑忌,......しなければよかった......, , ,鬼碑忌,―,,,鬼碑忌,……不該做的……,,,1,162,6,1,0,0,0,0,0,,Translated
1035,鬼碑忌,来なければよかった……, , ,鬼碑忌,来なければよかった......, , ,鬼碑忌,―,,,鬼碑忌,不該來的……,,,1,163,6,1,0,0,0,0,0,,Translated
1036,鬼碑忌,……君があんなことに……, , ,鬼碑忌,......君があんなことに......, , ,鬼碑忌,―,,,鬼碑忌,……妳竟然變成那樣……,,,1,164,6,1,0,0,0,0,0,,Translated
1037,七星,ゼンゼ……, , ,七星,ゼンゼ......, , ,七星,―,,,七星,老　師……,,,1,131,9,1,0,0,0,0,0,,Translated
1038,七星,＊＊＊＊エエェェェェ＊＊＊ェェェエェ！！, , ,七星,＊＊＊＊エエェェェェ＊＊＊ェェェエェ！！, , ,七星,―,,,七星,＊＊＊＊老老老老＊＊＊老老老！！,,,1,0,0,1,0,0,0,13,0,,Translated
1039,鬼碑忌,！　……ううううぅぅぅぅ……！, , ,鬼碑忌,！　......ううううぅぅぅぅ......！, , ,鬼碑忌,―,,,鬼碑忌,！　……嗚嗚嗚嗚嗚……！,,,1,0,0,1,0,0,0,0,1,,Translated
1040,七星,＊＊＊＊＊ェェェェェェェーーーッ！, , ,七星,＊＊＊＊＊ェェェェェェェーーーッ！, , ,七星,―,,,七星,＊＊＊＊＊老老老老老老～～～！,,,1,0,0,1,0,0,0,9,0,,Translated
1041,鬼碑忌,ひッ！　ヒィィィィィッ！, , ,鬼碑忌,ひッ！　ヒィィィィィッ！, , ,鬼碑忌,―,,,鬼碑忌,嚇！　咿～～～～！,,,1,0,0,1,0,0,0,0,1,,Translated
1042,七星,センセ……ェ……センセ……ェェェ, , ,七星,センセ......ェ......センセ......ェェェ, , ,七星,―,,,七星,老　師……　老……師……老老,,,1,0,0,1,0,0,0,24,0,,Translated
1043,鬼碑忌,！！,アアッ！　ウアアァ！　七星く！,アアアアァァァァーーー！！！,鬼碑忌,！！,アアッ！　ウアアァ！　七星く！,アアアアァァァァーーー！！！,鬼碑忌,―,,,鬼碑忌,！！,啊啊！　嗚啊啊！　七星！,啊啊啊啊啊啊～～！！！,1,0,0,1,0,0,0,21,0,,Translated
1044,由香,きゃっ！, , ,由香,きゃっ！, , ,由香,―,,,由香,呀！,,,1,0,0,1,0,0,0,0,0,,Translated
1045,哲志,由香！　大丈夫か？, , ,哲志,由香！　大丈夫か？, , ,哲志,―,,,哲志,由香！　沒事吧？,,,1,55,17,1,0,0,0,0,0,,Translated
1046,由香,うん……大丈夫。　当たらなかったよ。, , ,由香,うん......大丈夫。　当たらなかったよ。, , ,由香,―,,,由香,嗯……沒事。　沒有打到。,,,1,32,29,1,0,0,0,0,0,,Translated
1047,哲志,ふぅ、そうか。, , ,哲志,ふぅ、そうか。, , ,哲志,―,,,哲志,呼、是嗎。,,,1,56,17,1,0,0,0,0,0,,Translated
1048,直美,ねぇ哲志、いまの映像……, , ,直美,ねぇ哲志、いまの映像......, , ,直美,―,,,直美,喂哲志，剛才的影像……,,,1,135,12,1,0,0,0,0,0,,Translated
1049,哲志,ああ……　この部屋で撮られたものだな。, , ,哲志,ああ......　この部屋で撮られたものだな。, , ,哲志,―,,,哲志,嗯……　是在這個房間拍攝的。,,,1,57,17,1,0,0,0,0,0,,Translated
1050,,カメラはＴＶにくっついていて、取れそうにありません。, , ,,カメラはＴＶにくっついていて、取れそうにありません。, , ,,―,,,,攝影機黏在電視上，似乎拿不下來。,,,0,0,0,1,0,0,0,0,0,,Translated
1051,哲志,ん……なんだ、これ？, , ,哲志,ん......なんだ、これ？, , ,哲志,―,,,哲志,嗯……什麼，這個？,,,1,167,17,1,0,0,0,0,0,,Translated
1052,,……押入れの七星と鬼碑忌の死体の上に、,いつの間にか茶色の封筒が乗せられています。, ,,......押入れの七星と鬼碑忌の死体の上に、,いつの間にか茶色の封筒が乗せられています。, ,,―,,,,……壁櫥裡七星的屍體和鬼碑忌的屍體上，,不知何時放著一個棕色信封。,,0,0,0,1,0,0,0,0,0,,Translated
1053,哲志,（暗くてよく見えないな……,　部屋の外に出て、見てみよう）, ,哲志,（暗くてよく見えないな......,　部屋の外に出て、見てみよう）, ,哲志,―,,,哲志,（太暗看不清楚……,到房間外面看看吧）,,1,0,0,1,0,0,0,0,0,,Translated
1054,哲志,っ……中に、写真が入っている……？, , ,哲志,っ......中に、写真が入っている......？, , ,哲志,―,,,哲志,……裡面，有照片……？,,,1,168,17,1,0,0,0,0,0,,Translated
1055,直美・哲志,――！,！　……うわっ……！, ,直美・哲志,――！,！　......うわっ......！, ,直美・哲志,―,,,直美・哲志,――！,！　……哇……！,,1,0,0,1,0,0,0,10,0,,Translated
1056,哲志,うわあああぁぁぁぁ！！！, , ,哲志,うわあああぁぁぁぁ！！！, , ,哲志,―,,,哲志,哇啊啊啊啊啊啊！！！,,,1,0,0,1,0,0,0,0,0,,Translated
1057,直美,うそ……うそでしょ……, , ,直美,うそ......うそでしょ......, , ,直美,―,,,直美,騙人……騙人的吧……,,,1,242,12,1,0,0,0,0,0,,Translated
1058,,……封筒には、変わり果てた由香を写した、,写真が入っていました……, ,,......封筒には、変わり果てた由香を写した、,写真が入っていました......, ,,―,,,,……信封裡，放著一張拍下了面目全非的由香的照片……,,,0,0,0,1,0,0,0,0,0,,Translated
1059,哲志,うわあぁぁぁぁ！　……うそだ！……うそだ！！, , ,哲志,うわあぁぁぁぁ！　......うそだ！......うそだ！！, , ,哲志,―,,,哲志,哇啊啊啊啊啊！　……騙人！……騙人！！,,,1,170,17,1,0,0,0,0,0,,Translated
1060,直美,きゃっ……！, , ,直美,きゃっ......！, , ,直美,―,,,直美,呀……！,,,1,136,12,1,0,0,0,0,0,,Translated
1061,哲志,うッ……！　この臭いか、最初に感じた異臭はっ, , ,哲志,うッ......！　この臭いか、最初に感じた異臭はっ, , ,哲志,―,,,哲志,嗚……！　這個臭味，一開始感覺到的異臭是,,,1,58,17,1,0,0,0,0,0,,Translated
1062,哲志,白骨死体だ……　服装から、さっきの映像の,鬼碑忌って人と……, ,哲志,白骨死体だ......　服装から、さっきの映像の,鬼碑忌って人と......, ,哲志,―,,,哲志,是白骨屍體……　從服裝來看，是剛才影像中的,那個叫鬼碑忌的人……,,1,59,17,1,0,0,0,0,0,,Translated
1063,直美,女の子の制服は、私がさっき会った,幽霊の女の子のだよ……, ,直美,女の子の制服は、私がさっき会った,幽霊の女の子のだよ......, ,直美,―,,,直美,穿女生制服的是，我剛才遇到的,幽靈女孩……,,1,137,12,1,0,0,0,0,0,,Translated
1064,哲志,俺も職員室で話した女子だ……,篠崎が言ってた、七星って子かも知れないな。, ,哲志,俺も職員室で話した女子だ......,篠崎が言ってた、七星って子かも知れないな。, ,哲志,―,,,哲志,我也在職員室和她說過話……,可能是篠崎說過的，叫七星的孩子吧。,,1,60,17,1,0,0,0,0,0,,Translated
1065,直美,…………, , ,直美,............, , ,直美,―,,,直美,…………,,,1,138,12,1,0,0,0,0,0,,Translated
1066,哲志,どうした？, , ,哲志,どうした？, , ,哲志,―,,,哲志,怎麼了？,,,1,61,17,1,0,0,0,0,0,,Translated
1067,直美,哲志……　奥に……押入れの奥に、何かない？, , ,直美,哲志......　奥に......押入れの奥に、何かない？, , ,直美,―,,,直美,哲志……　裡面……壁櫥裡面，有沒有什麼？,,,1,139,12,1,0,0,0,0,0,,Translated
1068,哲志,？, , ,哲志,？, , ,哲志,―,,,哲志,？,,,1,62,17,1,0,0,0,0,0,,Translated
1069,哲志,何もないぞ……？, , ,哲志,何もないぞ......？, , ,哲志,―,,,哲志,什麼都沒有……？,,,1,63,17,1,0,0,0,0,0,,Translated
1070,直美,もっと奥のほう、よく見て。,……壁に、隙間がない？, ,直美,もっと奥のほう、よく見て。,......壁に、隙間がない？, ,直美,―,,,直美,再裡面一點，仔細看。,……牆壁上，有沒有縫隙？,,1,140,12,1,0,0,0,0,0,,Translated
1071,哲志,？, , ,哲志,？, , ,哲志,―,,,哲志,？,,,1,64,17,1,0,0,0,0,0,,Translated
1072,哲志,！　あるぞ。奥に、もう一個部屋がある。, , ,哲志,！　あるぞ。奥に、もう一個部屋がある。, , ,哲志,―,,,哲志,！　有。裡面，還有一個房間。,,,1,65,17,1,0,0,0,0,0,,Translated
1073,直美,……, , ,直美,......, , ,直美,―,,,直美,……,,,1,141,12,1,0,0,0,0,0,,Translated
1074,哲志,お前、何で知ってるんだ？, , ,哲志,お前、何で知ってるんだ？, , ,哲志,―,,,哲志,妳怎麼會知道的？,,,1,66,17,1,0,0,0,0,0,,Translated
1075,直美,私もわかんない……　ただ、そんな気がしたの。, , ,直美,私もわかんない......　ただ、そんな気がしたの。, , ,直美,―,,,直美,我自己也不知道……　只是，有那種感覺。,,,1,142,12,1,0,0,0,0,0,,Translated
1076,由香,……？, , ,由香,......？, , ,由香,―,,,由香,……？,,,1,33,29,1,0,0,0,0,0,,Translated
1077,哲志,……とにかく、調べてみるか。大丈夫か？　由香。, , ,哲志,......とにかく、調べてみるか。大丈夫か？　由香。, , ,哲志,―,,,哲志,……總之，調查看看吧。沒事吧？　由香。,,,1,67,17,1,0,0,0,0,0,,Translated
1078,由香,う、うん……, , ,由香,う、うん......, , ,由香,―,,,由香,呃、嗯……,,,1,34,29,1,0,0,0,0,0,,Translated
1079,哲志,二人の白骨死体があるから……,踏まないように気をつけろよ。, ,哲志,二人の白骨死体があるから......,踏まないように気をつけろよ。, ,哲志,―,,,哲志,因為有兩具白骨屍體……,小心不要踩到。,,1,68,17,1,0,0,0,0,0,,Translated
1080,直美,ええ……, , ,直美,ええ......, , ,直美,―,,,直美,嗯……,,,1,143,12,1,0,0,0,0,0,,Translated
1081,由香,真っ暗……, , ,由香,真っ暗......, , ,由香,―,,,由香,一片漆黑……,,,1,35,29,1,0,0,0,0,0,,Translated
1082,直美,大丈夫？　手、繋いでてあげるよ。, , ,直美,大丈夫？　手、繋いでてあげるよ。, , ,直美,―,,,直美,沒事吧？　我牽著妳的手。,,,1,144,12,1,0,0,0,0,0,,Translated
1083,由香,うん。,……直美お姉ちゃん、優しい。, ,由香,うん。,......直美お姉ちゃん、優しい。, ,由香,―,,,由香,嗯。,……直美姊姊，好溫柔。,,1,36,29,1,0,0,0,0,0,,Translated
1084,直美,ふふっ, , ,直美,ふふっ, , ,直美,―,,,直美,呵呵,,,1,145,12,1,0,0,0,0,0,,Translated
1085,あゆみ,いやああああああぁ殺さないで！,殺さないで！　きゃああぁぁぁ！！！, ,あゆみ,いやああああああぁ殺さないで！,殺さないで！　きゃああぁぁぁ！！！, ,あゆみ,―,,,あゆみ,不要啊啊啊啊啊不要殺我！,不要殺我！　呀啊啊啊啊！！！,,1,62,2,1,0,0,0,0,0,,Translated
1086,良樹,篠崎！　篠崎しっかりしろ。, , ,良樹,篠崎！　篠崎しっかりしろ。, , ,良樹,―,,,良樹,篠崎！　篠崎醒醒。,,,1,199,24,1,0,0,0,0,0,,Translated
1087,あゆみ,あああああ！, , ,あゆみ,あああああ！, , ,あゆみ,―,,,あゆみ,啊啊啊啊！,,,1,0,0,1,0,0,0,10,0,,Translated
1088,良樹,って！, , ,良樹,って！, , ,良樹,―,,,良樹,啊！,,,1,200,24,1,0,0,0,0,0,,Translated
1089,あゆみ,ハァッ！ ハァッ！ ハァッ！ ハァッ！,ッゲホッ, ,あゆみ,ハァッ！ ハァッ！ ハァッ！ ハァッ！,ッゲホッ, ,あゆみ,―,,,あゆみ,哈啊！ 哈啊！ 哈啊！ 哈啊！,咳噗,,1,64,2,1,0,0,0,0,0,,Translated
1090,あゆみ,ゼー、ハァー　ゼー、ハァー　ごふっ, , ,あゆみ,ゼー、ハァー　ゼー、ハァー　ごふっ, , ,あゆみ,―,,,あゆみ,嘶～、哈啊～　嘶～、哈啊～　咳,,,1,65,2,1,0,0,0,0,0,,Translated
1091,良樹,篠崎……！　大丈夫か？, , ,良樹,篠崎......！　大丈夫か？, , ,良樹,―,,,良樹,篠崎……！　沒事吧？,,,1,201,24,1,0,0,0,0,0,,Translated
1092,あゆみ,フぅッ、フぅッ、フぅッ……,う……ううぅぅ……！, ,あゆみ,フぅッ、フぅッ、フぅッ......,う......ううぅぅ......！, ,あゆみ,―,,,あゆみ,呼、呼、呼……,嗚……嗚嗚嗚……！,,1,66,2,1,0,0,0,0,0,,Translated
1093,あゆみ,ひうああああああー、あああぁぁあぁーっ……！, , ,あゆみ,ひうああああああー、あああぁぁあぁーっ......！, , ,あゆみ,―,,,あゆみ,嗚啊啊啊啊啊～、啊啊啊啊啊～……！,,,1,67,2,1,0,0,0,0,0,,Translated
1094,あゆみ,あああぁぁあぁーーっ……、ああああぁぁぁぁーっ！, , ,あゆみ,あああぁぁあぁーーっ......、ああああぁぁぁぁーっ！, , ,あゆみ,―,,,あゆみ,啊啊啊啊啊～～……、啊啊啊啊啊啊～～！,,,1,68,2,1,0,0,0,0,0,,Translated
1095,良樹,よ、よし……よし……　あ～……,よし篠崎、大丈夫だ、よし……, ,良樹,よ、よし......よし......　あ～......,よし篠崎、大丈夫だ、よし......, ,良樹,―,,,良樹,好、好……　啊～……,好了篠崎，沒事了，好……,,1,202,24,1,0,0,0,0,0,,Translated
1096,あゆみ,ううぅぅぅ……。, , ,あゆみ,ううぅぅぅ......。, , ,あゆみ,―,,,あゆみ,嗚嗚嗚……。,,,1,69,2,1,0,0,0,0,0,,Translated
1097,良樹,うあぁ！, , ,良樹,うあぁ！, , ,良樹,―,,,良樹,哇啊！,,,1,203,24,1,0,0,0,0,0,,Translated
1098,あゆみ,……うううぅぅ……　グスン、グスン, , ,あゆみ,......うううぅぅ......　グスン、グスン, , ,あゆみ,―,,,あゆみ,……嗚嗚嗚……　吸泣、吸泣,,,1,70,2,1,0,0,0,0,0,,Translated
1099,雪,……いまのが、あのときの出来事です。, , ,雪,......いまのが、あのときの出来事です。, , ,雪,―,,,雪,……剛才的，就是那時候發生的事。,,,1,127,22,1,0,0,0,0,0,,Translated
1100,あゆみ,…………（ヒクっ、ヒクっ）, , ,あゆみ,............（ヒクっ、ヒクっ）, , ,あゆみ,―,,,あゆみ,…………（吸泣、吸泣）,,,1,71,2,1,0,0,0,0,0,,Translated
1101,良樹,何の事だ？　……何か見たのか？, , ,良樹,何の事だ？　......何か見たのか？, , ,良樹,―,,,良樹,什麼事？　……看到了什麼嗎？,,,1,204,24,1,0,0,0,0,0,,Translated
1102,あゆみ,この子達を……殺した、,……っン犯人が、ッわかった。, ,あゆみ,この子達を......殺した、,......っン犯人が、ッわかった。, ,あゆみ,―,,,あゆみ,殺了這些孩子的……,……兇手，我知道了。,,1,72,2,1,0,0,0,0,0,,Translated
1103,良樹,？, , ,良樹,？, , ,良樹,―,,,良樹,？,,,1,205,24,1,0,0,0,0,0,,Translated
1104,あゆみ,……グスッ。この文化人形の声じゃ,届かないわけだわ……, ,あゆみ,......グスッ。この文化人形の声じゃ,届かないわけだわ......, ,あゆみ,―,,,あゆみ,……吸。這個文化人偶的聲音,傳達不到也是當然的……,,1,73,2,1,0,0,0,0,0,,Translated
1105,あゆみ,犯人の、懺悔……, , ,あゆみ,犯人の、懺悔......, , ,あゆみ,―,,,あゆみ,兇手的，懺悔……,,,1,74,2,1,0,0,0,0,0,,Translated
1106,あゆみ,……ッ　人違いだったんだもの！, , ,あゆみ,......ッ　人違いだったんだもの！, , ,あゆみ,―,,,あゆみ,……　是認錯人了！,,,1,75,2,1,0,0,0,0,0,,Translated
1107,良樹,お前……まさか、, , ,良樹,お前......まさか、, , ,良樹,―,,,良樹,妳……難道，,,,1,206,24,1,0,0,0,0,0,,Translated
1108,良樹,殺害……現場でも、見せられたのか？, , ,良樹,殺害......現場でも、見せられたのか？, , ,良樹,―,,,良樹,連殺害……現場，都看到了嗎？,,,1,207,24,1,0,0,0,0,0,,Translated
1109,あゆみ,……そうよ！　……今わたし、その子と同化して,……縛られて、殺されてきた。, ,あゆみ,......そうよ！　......今わたし、その子と同化して,......縛られて、殺されてきた。, ,あゆみ,―,,,あゆみ,……是啊！　……剛才我和那個孩子同化了,……被綁住，被殺了。,,1,76,2,1,0,0,0,0,0,,Translated
1110,良樹,！！　……この……ッ！, , ,良樹,！！　......この......ッ！, , ,良樹,―,,,良樹,！！　……這……！,,,1,208,24,1,0,0,0,0,0,,Translated
1111,あゆみ,その子は悪くない！,知りたいと望んだのは私だし……, ,あゆみ,その子は悪くない！,知りたいと望んだのは私だし......, ,あゆみ,―,,,あゆみ,那個孩子沒有錯！,想知道的是我……,,1,77,2,1,0,0,0,0,0,,Translated
1112,あゆみ,殺害犯は女の子よ。鈴本さんが持っていた, , ,あゆみ,殺害犯は女の子よ。鈴本さんが持っていた, , ,あゆみ,―,,,あゆみ,殺人犯是女孩。鈴本同學拿著的那個,,,1,78,2,1,0,0,0,0,0,,Translated
1113,あゆみ,古い新聞記事にも……顔の写真と名前が載ってた、, , ,あゆみ,古い新聞記事にも......顔の写真と名前が載ってた、, , ,あゆみ,―,,,あゆみ,舊報紙上……也有臉部照片和名字，,,,1,79,2,1,0,0,0,0,0,,Translated
1114,あゆみ,赤い服の女の子……篠崎サチコ。,被害者みたいに写ってるけど……, ,あゆみ,赤い服の女の子......篠崎サチコ。,被害者みたいに写ってるけど......, ,あゆみ,―,,,あゆみ,穿紅衣服的女孩……篠崎サチコ。,雖然看起來像是被害者……,,1,80,2,1,0,0,0,0,0,,Translated
1115,雪,…………, , ,雪,............, , ,雪,―,,,雪,…………,,,1,128,22,1,0,0,0,0,0,,Translated
1116,良樹,はぁ……？, , ,良樹,はぁ......？, , ,良樹,―,,,良樹,哈啊……？,,,1,209,24,1,0,0,0,0,0,,Translated
1117,良樹,……いやいや、……無理だろ、子供にそんな……, , ,良樹,......いやいや、......無理だろ、子供にそんな......, , ,良樹,―,,,良樹,……不不，……那不可能吧，小孩子怎麼會……,,,1,210,24,1,0,0,0,0,0,,Translated
1118,良樹,同じ位の歳の子供をさらって来て、,監禁して……なんてよ。, ,良樹,同じ位の歳の子供をさらって来て、,監禁して......なんてよ。, ,良樹,―,,,良樹,去綁架同齡的孩子，,監禁起來……什麼的。,,1,211,24,1,0,0,0,0,0,,Translated
1119,良樹,ハンマー持った、あの化け物なら……, , ,良樹,ハンマー持った、あの化け物なら......, , ,良樹,―,,,良樹,如果是拿著槌子的那個怪物……,,,1,212,24,1,0,0,0,0,0,,Translated
1120,良樹,子供くらいさらったり、縛ったりも,出来るんだろうけどよ……, ,良樹,子供くらいさらったり、縛ったりも,出来るんだろうけどよ......, ,良樹,―,,,良樹,也許能綁架或捆綁小孩,沒錯啦……,,1,213,24,1,0,0,0,0,0,,Translated
1121,あゆみ,……あいつは、只の協力者よ。, , ,あゆみ,......あいつは、只の協力者よ。, , ,あゆみ,―,,,あゆみ,……那傢伙，只是個共犯。,,,1,81,2,1,0,0,0,0,0,,Translated
1122,あゆみ,サチコにこの子達が殺されている時、, , ,あゆみ,サチコにこの子達が殺されている時、, , ,あゆみ,―,,,あゆみ,這些孩子被サチコ殺害的時候，,,,1,82,2,1,0,0,0,0,0,,Translated
1123,あゆみ,あいつは部屋の隅で震えていたわ。, , ,あゆみ,あいつは部屋の隅で震えていたわ。, , ,あゆみ,―,,,あゆみ,那傢伙在房間角落發抖。,,,1,83,2,1,0,0,0,0,0,,Translated
1124,良樹,っ……マジ、かよ……, , ,良樹,っ......マジ、かよ......, , ,良樹,―,,,良樹,……真、真的嗎……,,,1,214,24,1,0,0,0,0,0,,Translated
1125,あゆみ,何を理由に協力していたのかは、,わからないけれど……, ,あゆみ,何を理由に協力していたのかは、,わからないけれど......, ,あゆみ,―,,,あゆみ,雖然不知道他是以什麼理由協助的……,,,1,84,2,1,0,0,0,0,0,,Translated
1126,あゆみ,伝えなきゃ！　持田君に……！　……先生に！, , ,あゆみ,伝えなきゃ！　持田君に......！　......先生に！, , ,あゆみ,―,,,あゆみ,必須告訴大家！　告訴持田同學……！　……告訴老師！,,,1,85,2,1,0,0,0,0,0,,Translated
1127,良樹,……ああ……, , ,良樹,......ああ......, , ,良樹,―,,,良樹,……嗯……,,,1,215,24,1,0,0,0,0,0,,Translated
1128,あゆみ,あの空間にいた、七星さんですら真実に,届いていなかった。, ,あゆみ,あの空間にいた、七星さんですら真実に,届いていなかった。, ,あゆみ,―,,,あゆみ,身處那個空間的七星小姐，,也沒能觸及真相。,,1,86,2,1,0,0,0,0,0,,Translated
1129,あゆみ,早くみんなに知らせないと、,本当の事を知る前に殺されちゃう。, ,あゆみ,早くみんなに知らせないと、,本当の事を知る前に殺されちゃう。, ,あゆみ,―,,,あゆみ,不快點告訴大家的話，,他們會在知道真相之前就被殺死。,,1,87,2,1,0,0,0,0,0,,Translated
1130,あゆみ,もし無防備に、サチコに接触でもしたら危険だわ！, , ,あゆみ,もし無防備に、サチコに接触でもしたら危険だわ！, , ,あゆみ,―,,,あゆみ,如果毫無防備地接觸到サチコ就危險了！,,,1,88,2,1,0,0,0,0,0,,Translated
1131,あゆみ,戻らなきゃ！　ゆきちゃん、お願い！, , ,あゆみ,戻らなきゃ！　ゆきちゃん、お願い！, , ,あゆみ,―,,,あゆみ,必須回去！　由紀，拜託！,,,1,89,2,1,0,0,0,0,0,,Translated
1132,あゆみ,もう一度あの場所へ……　連れて行って！, , ,あゆみ,もう一度あの場所へ......　連れて行って！, , ,あゆみ,―,,,あゆみ,再帶我去一次那個地方……！,,,1,90,2,1,0,0,0,0,0,,Translated
1133,あゆみ,あなたも……他の子達もみんな！,必ず成仏させてあげるから！, ,あゆみ,あなたも......他の子達もみんな！,必ず成仏させてあげるから！, ,あゆみ,―,,,あゆみ,妳也是……其他孩子也是！,我一定會讓你們成佛的！,,1,91,2,1,0,0,0,0,0,,Translated
1134,雪,でも……　おすすめは、しません。, , ,雪,でも......　おすすめは、しません。, , ,雪,―,,,雪,但是……我不推薦。,,,1,129,22,1,0,0,0,0,0,,Translated
1135,雪,あなた達や……　ほかのひと達の働きかけで、, , ,雪,あなた達や......　ほかのひと達の働きかけで、, , ,雪,―,,,雪,由於你們和……,其他人的行動，,,1,130,22,1,0,0,0,0,0,,Translated
1136,雪,……今あの空間は、大きく乱れはじめています。, , ,雪,......今あの空間は、大きく乱れはじめています。, , ,雪,―,,,雪,……現在那個空間，開始產生很大的混亂。,,,1,131,22,1,0,0,0,0,0,,Translated
1137,雪,今度戻ったら、もし理性が残っていたとしても、,わたしの力ではもう……, ,雪,今度戻ったら、もし理性が残っていたとしても、,わたしの力ではもう......, ,雪,―,,,雪,這次回去的話，就算還保有理智，,以我的力量也已經……,,1,132,22,1,0,0,0,0,0,,Translated
1138,雪,あなた達をもういちど、ここへ……,連れもどす事は出来ないと思います。, ,雪,あなた達をもういちど、ここへ......,連れもどす事は出来ないと思います。, ,雪,―,,,雪,我想我無法再把你們帶回這裡了。,,,1,133,22,1,0,0,0,0,0,,Translated
1139,良樹,……っ, , ,良樹,......っ, , ,良樹,―,,,良樹,……,,,1,216,24,1,0,0,0,0,0,,Translated
1140,あゆみ,だけど……　このまま放っておいたら、,……みんな、死んじゃうんでしょ。, ,あゆみ,だけど......　このまま放っておいたら、,......みんな、死んじゃうんでしょ。, ,あゆみ,―,,,あゆみ,但是……如果就這樣放著不管，,……大家，都會死吧。,,1,92,2,1,0,0,0,0,0,,Translated
1141,雪,…………, , ,雪,............, , ,雪,―,,,雪,…………,,,1,134,22,1,0,0,0,0,0,,Translated
1142,あゆみ,岸沼君。, , ,あゆみ,岸沼君。, , ,あゆみ,―,,,あゆみ,岸沼同學。,,,1,93,2,1,0,0,0,0,0,,Translated
1143,あゆみ,……行こう？　みんなを……助けに！, , ,あゆみ,......行こう？　みんなを......助けに！, , ,あゆみ,―,,,あゆみ,……走吧？　去……救大家！,,,1,94,2,1,0,0,0,0,0,,Translated
1144,あゆみ,ね？　持田君を……, , ,あゆみ,ね？　持田君を......, , ,あゆみ,―,,,あゆみ,好嗎？　去救持田同學……,,,1,95,2,1,0,0,0,0,0,,Translated
1145,,わかった,冗談じゃない,,,わかった,冗談じゃない,,,―,,,,知道了,開什麼玩笑,,0,255,255,255,255,255,255,255,255,,Translated
1146,良樹,（……チッ！　わかったよ、俺だって）, , ,良樹,（......チッ！　わかったよ、俺だって）, , ,良樹,―,,,良樹,（……嘖！　我知道了，我也）,,,1,217,24,1,0,0,0,0,0,,Translated
1147,良樹,（……俺だって……数少ない親友（ツレ）、,　失うのは嫌だからな）, ,良樹,（......俺だって......数少ない親友（ツレ）、,　失うのは嫌だからな）, ,良樹,―,,,良樹,（……我也是……不想失去,為數不多的摯友）,,1,218,24,1,0,0,0,0,0,,Translated
1148,あゆみ,何？　なにか言った？, , ,あゆみ,何？　なにか言った？, , ,あゆみ,―,,,あゆみ,什麼？　說了什麼嗎？,,,1,96,2,1,0,0,0,0,0,,Translated
1149,良樹,ベツに。何も！, , ,良樹,ベツに。何も！, , ,良樹,―,,,良樹,沒有。什麼都沒有！,,,1,219,24,1,0,0,0,0,0,,Translated
1150,良樹,（もういっぺんだけ……美樹には、,　会っときたかったけど）, ,良樹,（もういっぺんだけ......美樹には、,　会っときたかったけど）, ,良樹,―,,,良樹,（本來想……再見美紀一面的）,,,1,220,24,1,0,0,0,0,0,,Translated
1151,良樹,……いや……　俺は もうごめんだ。, , ,良樹,......いや......　俺は もうごめんだ。, , ,良樹,―,,,良樹,……不……　我已經受夠了。,,,1,234,24,1,0,0,0,0,0,,Translated
1152,良樹,あんな所、二度と行きたくねェ！, , ,良樹,あんな所、二度と行きたくねェ！, , ,良樹,―,,,良樹,那種地方我再也不去了！,,,1,235,24,1,0,0,0,0,0,,Translated
1153,良樹,もっかい戻るとか正気の沙汰じゃねーよ！,今度こそ本当に死ぬかも知れないんだぞ！, ,良樹,もっかい戻るとか正気の沙汰じゃねーよ！,今度こそ本当に死ぬかも知れないんだぞ！, ,良樹,―,,,良樹,再回去一次簡直是瘋了！,這次說不定真的會死啊！,,1,236,24,1,0,0,0,0,0,,Translated
1154,あゆみ,……どうして……？, , ,あゆみ,......どうして......？, , ,あゆみ,―,,,あゆみ,……為什麼……？,,,1,112,2,1,0,0,0,0,0,,Translated
1155,あゆみ,……どうして、いつもそうなのよ！, , ,あゆみ,......どうして、いつもそうなのよ！, , ,あゆみ,―,,,あゆみ,……為什麼你總是這樣！,,,1,113,2,1,0,0,0,0,0,,Translated
1156,あゆみ,私はあなたのそういう所が嫌いなのよ！, , ,あゆみ,私はあなたのそういう所が嫌いなのよ！, , ,あゆみ,―,,,あゆみ,我最討厭你這一點！,,,1,114,2,1,0,0,0,0,0,,Translated
1157,あゆみ,いつだって他人に無関心で！,自分の主張だけには強情で！, ,あゆみ,いつだって他人に無関心で！,自分の主張だけには強情で！, ,あゆみ,―,,,あゆみ,總是對別人漠不關心！,只有自己的主張特別固執！,,1,115,2,1,0,0,0,0,0,,Translated
1158,あゆみ,自分さえ助かればそれでいいの！？, , ,あゆみ,自分さえ助かればそれでいいの！？, , ,あゆみ,―,,,あゆみ,只要自己得救就好了嗎！？,,,1,116,2,1,0,0,0,0,0,,Translated
1159,良樹,奇麗事言ってる場合か！？　死ぬんだぞ！,死にたくねぇだろ！！, ,良樹,奇麗事言ってる場合か！？　死ぬんだぞ！,死にたくねぇだろ！！, ,良樹,―,,,良樹,現在是說漂亮話的時候嗎！？　會死的！,你也不想死吧！！,,1,237,24,1,0,0,0,0,0,,Translated
1160,あゆみ,もういいよ！　訊いた私が間違ってた！,一人で行く！, ,あゆみ,もういいよ！　訊いた私が間違ってた！,一人で行く！, ,あゆみ,―,,,あゆみ,算了！　問你的我才是笨蛋！,我自己去！,,1,117,2,1,0,0,0,0,0,,Translated
1161,あゆみ,信じらんない、友達を助けたいと思わないの？！, , ,あゆみ,信じらんない、友達を助けたいと思わないの？！, , ,あゆみ,―,,,あゆみ,不敢相信，你不想救朋友嗎？！,,,1,118,2,1,0,0,0,0,0,,Translated
1162,良樹,……ッ, , ,良樹,......ッ, , ,良樹,―,,,良樹,……,,,1,238,24,1,0,0,0,0,0,,Translated
1163,あゆみ,薄情者！　自己中！　不良！,みんながどうなっても……, ,あゆみ,薄情者！　自己中！　不良！,みんながどうなっても......, ,あゆみ,―,,,あゆみ,薄情！　自私！　不良少年！,大家會變成怎樣都……,,1,119,2,1,1,0,0,0,0,,Translated
1164,良樹,お前はみんなじゃなくて、,哲志を助けたいだけなんだろ！, ,良樹,お前はみんなじゃなくて、,哲志を助けたいだけなんだろ！, ,良樹,―,,,良樹,妳也不是為了大家，,只是想救哲志而已吧！,,1,239,24,1,0,0,0,0,0,,Translated
1165,あゆみ,……！, , ,Ayumi,...,,,あゆみ,―,,,あゆみ,……！,,,1,120,2,1,0,0,0,0,0,,Translated
1166,良樹,いい加減にしろよ、限界だよ。, , ,良樹,いい加減にしろよ、限界だよ。, , ,良樹,―,,,良樹,適可而止吧，已經到極限了。,,,1,240,24,1,0,0,0,0,0,,Translated
1167,良樹,持田持田、持田持田！, , ,良樹,持田持田、持田持田！, , ,良樹,―,,,良樹,持田持田、持田持田！,,,1,241,24,1,0,0,0,0,0,,Translated
1168,良樹,いいよ別に！　誰を好きになろうがよ！, , ,良樹,いいよ別に！　誰を好きになろうがよ！, , ,良樹,―,,,良樹,隨便你！　要喜歡誰都行！,,,1,242,24,1,0,0,0,0,0,,Translated
1169,良樹,だけど……読めよ、空気。少しはよ。, , ,良樹,だけど......読めよ、空気。少しはよ。, , ,良樹,―,,,良樹,但是……讀一下氣氛啊。稍微。,,,1,243,24,1,0,0,0,0,0,,Translated
1170,あゆみ,……意味、わかんない。, , ,あゆみ,......意味、わかんない。, , ,あゆみ,―,,,あゆみ,……我不懂你的意思。,,,1,121,2,1,0,0,0,0,0,,Translated
1171,良樹,お前の事が好きだっつってんだよ！, , ,良樹,お前の事が好きだっつってんだよ！, , ,良樹,―,,,良樹,我說我喜歡妳啊！,,,1,244,24,1,0,0,0,0,0,,Translated
1172,あゆみ,っ………, , ,あゆみ,っ........., , ,あゆみ,―,,,あゆみ,………,,,1,122,2,1,0,0,0,0,0,,Translated
1173,良樹,お前は、いつもそうだった。, , ,良樹,お前は、いつもそうだった。, , ,良樹,―,,,良樹,妳一直都是那樣。,,,1,245,24,1,0,0,0,0,0,,Translated
1174,良樹,いつでも、あいつの事ばかり見てた！,俺の気も……知らずに……！, ,良樹,いつでも、あいつの事ばかり見てた！,俺の気も......知らずに......！, ,良樹,―,,,良樹,總是一直看著那傢伙！,連我的心意……都不知道……！,,1,246,24,1,0,0,0,0,0,,Translated
1175,良樹,今度の事だって、異常な状況だけど……,あいつから離れて一緒にいれて、, ,良樹,今度の事だって、異常な状況だけど......,あいつから離れて一緒にいれて、, ,良樹,―,,,良樹,這次的事，雖然是異常狀況……,但能離開那傢伙和妳在一起，,,1,247,24,1,0,0,0,0,0,,Translated
1176,良樹,……嬉しかったんだよ。, , ,良樹,......嬉しかったんだよ。, , ,良樹,―,,,良樹,……我很開心。,,,1,248,24,1,0,0,0,0,0,,Translated
1177,良樹,少しは俺の方を見てくれるだろうと思って……,それでもお前は、, ,良樹,少しは俺の方を見てくれるだろうと思って......,それでもお前は、, ,良樹,―,,,良樹,本來以為妳會稍微看向我這邊……,但妳還是，,,1,249,24,1,0,0,0,0,0,,Translated
1178,良樹,……ずっとあいつの事ばかり考えてた！, , ,良樹,......ずっとあいつの事ばかり考えてた！, , ,良樹,―,,,良樹,……一直都只想著那傢伙！,,,1,250,24,1,0,0,0,0,0,,Translated
1179,良樹,……横にいるのが俺じゃなくて、,哲志だったらと思っていた！, ,良樹,......横にいるのが俺じゃなくて、,哲志だったらと思っていた！, ,良樹,―,,,良樹,……妳一定希望身邊的不是我，,而是哲志吧！,,1,251,24,1,0,0,0,0,0,,Translated
1180,良樹,ふざけんなよ……　俺は……お前が……,お前の事が……, ,良樹,ふざけんなよ......　俺は......お前が......,お前の事が......, ,良樹,―,,,良樹,別開玩笑了……　我……對妳……,對妳……,,1,252,24,1,0,0,0,0,0,,Translated
1181,あゆみ,……やめてよ！, , ,あゆみ,......やめてよ！, , ,あゆみ,―,,,あゆみ,……別說了！,,,1,123,2,1,0,0,0,0,0,,Translated
1182,あゆみ,やめてよ……　なんでそんな事言うの？, , ,あゆみ,やめてよ......　なんでそんな事言うの？, , ,あゆみ,―,,,あゆみ,別說了……　為什麼要說那種話？,,,1,124,2,1,0,0,0,0,0,,Translated
1183,あゆみ,私が心配しているのは、,持田君一人じゃないわよ……！, ,あゆみ,私が心配しているのは、,持田君一人じゃないわよ......！, ,あゆみ,―,,,あゆみ,我擔心的，不只持田同學一個人啊……！,,,1,125,2,1,0,0,0,0,0,,Translated
1184,あゆみ,……みんなで文句を言いながら、,文化祭の片付けをして……, ,あゆみ,......みんなで文句を言いながら、,文化祭の片付けをして......, ,あゆみ,―,,,あゆみ,……大家一邊抱怨，,一邊在收拾文化祭……,,1,126,2,1,0,0,0,0,0,,Translated
1185,あゆみ,楽しかったじゃない……, , ,あゆみ,楽しかったじゃない......, , ,あゆみ,―,,,あゆみ,不是很開心嗎……,,,1,127,2,1,0,0,0,0,0,,Translated
1186,あゆみ,これからもみんなで、色んな事して,遊びたいから……！, ,あゆみ,これからもみんなで、色んな事して,遊びたいから......！, ,あゆみ,―,,,あゆみ,今後我也想和大家,一起做各種各樣的事一起玩……！,,1,128,2,1,0,0,0,0,0,,Translated
1187,あゆみ,それが、出来なくなるのが嫌だから,行くんじゃない！, ,あゆみ,それが、出来なくなるのが嫌だから,行くんじゃない！, ,あゆみ,―,,,あゆみ,我就是因為不想失去這些，,才要去的啊！,,1,129,2,1,0,0,0,0,0,,Translated
1188,あゆみ,お願い、私だけでもいいからあそこへ戻して！,早くしなきゃ……, ,あゆみ,お願い、私だけでもいいからあそこへ戻して！,早くしなきゃ......, ,あゆみ,―,,,あゆみ,拜託，就算只有我也好請帶我回到那裡！,不快點的話……,,1,130,2,1,0,0,0,0,0,,Translated
1189,雪,……いいのですか？, , ,雪,......いいのですか？, , ,雪,―,,,雪,……這樣好嗎？,,,1,147,22,1,0,0,0,0,0,,Translated
1190,あゆみ,ええ……お願い。, , ,あゆみ,ええ......お願い。, , ,あゆみ,―,,,あゆみ,嗯……拜託。,,,1,131,2,1,0,0,0,0,0,,Translated
1191,雪,……わかりました。, , ,雪,......わかりました。, , ,雪,―,,,雪,……我明白了。,,,1,148,22,1,0,0,0,0,0,,Translated
1192,あゆみ,……言っとくけどね、岸沼君……！, , ,あゆみ,......言っとくけどね、岸沼君......！, , ,あゆみ,―,,,あゆみ,……我先說清楚喔，岸沼同學……！,,,1,132,2,1,0,0,0,0,0,,Translated
1193,あゆみ,……私だって、怖いんだからね！, , ,あゆみ,......私だって、怖いんだからね！, , ,あゆみ,―,,,あゆみ,……我也，很害怕啊！,,,1,133,2,1,0,0,0,0,0,,Translated
1194,良樹,……くそッ、勝手にしろ。帰ってやるよ。, , ,良樹,......くそッ、勝手にしろ。帰ってやるよ。, , ,良樹,―,,,良樹,……可惡，隨便妳。我也回去。,,,1,253,24,1,0,0,0,0,0,,Translated
1195,,転校するすずめちゃんに花束をおくろう,賛同者は下に名前を書くこと。一人300円, ,,転校するすずめちゃんに花束をおくろう,賛同者は下に名前を書くこと。一人300円, ,,―,,,,為轉學的小雀獻上花束吧,贊同者請在下方寫上名字。一人300圓,,0,134,2,1,0,0,0,0,0,,Translated
1196,良樹,みんな……　いなくなっちまいやがった。, , ,良樹,みんな......　いなくなっちまいやがった。, , ,良樹,―,,,良樹,大家……都消失了。,,,1,254,24,1,0,0,0,0,0,,Translated
1197,良樹,いいじゃねぇかよ。１年の時に、戻るだけだ。, , ,良樹,いいじゃねぇかよ。１年の時に、戻るだけだ。, , ,良樹,―,,,良樹,也沒什麼不好。只是回到一年級的時候而已。,,,1,255,24,1,0,0,0,0,0,,Translated
1198,良樹,一人でやって来たあの時に……ただ戻るだけだ。, , ,良樹,一人でやって来たあの時に......ただ戻るだけだ。, , ,良樹,―,,,良樹,回到一個人走來的那個時候……只是回去而已。,,,1,0,25,1,0,0,0,0,0,,Translated
1199,良樹,俺は元々、一人だったんだからよ。, , ,良樹,俺は元々、一人だったんだからよ。, , ,良樹,―,,,良樹,我本來就是一個人啊。,,,1,1,25,1,0,0,0,0,0,,Translated
1200,哲志,お？　良樹。何やってんだ？, , ,哲志,お？　良樹。何やってんだ？, , ,哲志,―,,,哲志,喔？　良樹。你在做什麼？,,,1,216,16,1,0,0,0,0,0,,Translated
1201,良樹,……っさ……哲志。, , ,良樹,......っさ......哲志。, , ,良樹,―,,,良樹,……さ……哲志。,,,1,2,25,1,0,0,0,0,0,,Translated
1202,哲志,はは。なんだよその顔、ちゃんとメシ食ってるか？, , ,哲志,はは。なんだよその顔、ちゃんとメシ食ってるか？, , ,哲志,―,,,哲志,哈哈。那是什麼表情，有好好吃飯嗎？,,,1,217,16,1,0,0,0,0,0,,Translated
1203,良樹,…………, , ,Yoshiki,...,,,良樹,―,,,良樹,…………,,,1,3,25,1,0,0,0,0,0,,Translated
1204,繭,岸沼くん、遅刻～♪, , ,繭,岸沼くん、遅刻～♪, , ,繭,―,,,繭,岸沼同學，遲到～♪,,,1,63,8,1,0,0,0,0,0,,Translated
1205,繭,うふふふふ♪　今日も元気でてるねー, , ,繭,うふふふふ♪　今日も元気でてるねー, , ,繭,―,,,繭,呵呵呵呵♪　今天也很有精神呢～,,,1,64,8,1,0,0,0,0,0,,Translated
1206,良樹,鈴本……！, , ,良樹,鈴本......！, , ,良樹,―,,,良樹,鈴本……！,,,1,4,25,1,0,0,0,0,0,,Translated
1207,良樹,お前はみんなじゃなくて、,哲志を助けたいだけなんだろ！, ,良樹,お前はみんなじゃなくて、,哲志を助けたいだけなんだろ！, ,良樹,―,,,良樹,妳也不是為了大家，,只是想救哲志而已吧！,,1,5,25,1,0,0,0,0,0,,Translated
1208,良樹,……ナニ言ってんのか、訳わかんねーよ……オレ。, , ,良樹,......ナニ言ってんのか、訳わかんねーよ......オレ。, , ,良樹,―,,,良樹,……不知道自己在說什麼……我。,,,1,6,25,1,0,0,0,0,0,,Translated
1209,良樹,……そうじゃねーだろ……, , ,良樹,......そうじゃねーだろ......, , ,良樹,―,,,良樹,……不是那樣吧……,,,1,7,25,1,0,0,0,0,0,,Translated
1210,良樹,そっちじゃねーだろ……　言いたかった事は。, , ,良樹,そっちじゃねーだろ......　言いたかった事は。, , ,良樹,―,,,良樹,不是那個吧……我想說的是。,,,1,8,25,1,0,0,0,0,0,,Translated
1211,良樹,アイツを護りたかったのに……, , ,良樹,アイツを護りたかったのに......, , ,良樹,―,,,良樹,明明是想保護她的……,,,1,9,25,1,0,0,0,0,0,,Translated
1212,良樹,う……, , ,良樹,う......, , ,良樹,―,,,良樹,嗚……,,,1,10,25,1,0,0,0,0,0,,Translated
1213,良樹,うっ……く……うぅ……, , ,良樹,うっ......く......うぅ......, , ,良樹,―,,,良樹,嗚……可……嗚嗚……,,,1,11,25,1,0,0,0,0,0,,Translated
1214,良樹,なんだよ……　もう会えないのかよ……！, , ,良樹,なんだよ......　もう会えないのかよ......！, , ,良樹,―,,,良樹,搞什麼啊……再也見不到了嗎……！,,,1,12,25,1,0,0,0,0,0,,Translated
1215,良樹,ふざけんなよ！　取り消させろよ！！, , ,良樹,ふざけんなよ！　取り消させろよ！！, , ,良樹,―,,,良樹,開什麼玩笑！　給我收回！！,,,1,13,25,1,0,0,0,0,0,,Translated
1216,あゆみ,……これをやるとね、, , ,あゆみ,......これをやるとね、, , ,あゆみ,―,,,あゆみ,……做這個的話呢，,,,1,135,2,1,0,0,0,0,0,,Translated
1217,あゆみ,その場にいたみんなが、ずっと離れずに, , ,あゆみ,その場にいたみんなが、ずっと離れずに, , ,あゆみ,―,,,あゆみ,在場的所有人，都會永遠不分離，,,,1,136,2,1,0,0,0,0,0,,Translated
1218,あゆみ,いつまでも友達でいられるんだって。, , ,あゆみ,いつまでも友達でいられるんだって。, , ,あゆみ,―,,,あゆみ,可以永遠當朋友。,,,1,137,2,1,0,0,0,0,0,,Translated
1219,良樹,うっ……ぐ……　うぅ……ッ, , ,良樹,うっ......ぐ......　うぅ......ッ, , ,良樹,―,,,良樹,嗚……唔……　嗚嗚……,,,1,14,25,1,0,0,0,0,0,,Translated
1220,良樹,で……出てきてくれぇ！　幽霊！, , ,良樹,で......出てきてくれぇ！　幽霊！, , ,良樹,―,,,良樹,出……出來吧！　幽靈！,,,1,15,25,1,0,0,0,0,0,,Translated
1221,良樹,……く……う……　……頼むー！, , ,良樹,......く......う......　......頼むー！, , ,良樹,―,,,良樹,……可……嗚……　……拜託～！,,,1,16,25,1,0,0,0,0,0,,Translated
1222,良樹,どこまでカッコ悪ィんだよ俺……　ううッ, , ,良樹,どこまでカッコ悪ィんだよ俺......　ううッ, , ,良樹,―,,,良樹,我到底有多遜啊……　嗚嗚,,,1,17,25,1,0,0,0,0,0,,Translated
1223,良樹,頼むーッ……　いやだ、失いたくない！, , ,良樹,頼むーッ......　いやだ、失いたくない！, , ,良樹,―,,,良樹,拜託～……　不要，我不想失去！,,,1,18,25,1,0,0,0,0,0,,Translated
1224,良樹,篠崎も……哲志も……　先生も……みんな！, , ,良樹,篠崎も......哲志も......　先生も......みんな！, , ,良樹,―,,,良樹,篠崎也……哲志也……　老師也……大家！,,,1,19,25,1,0,0,0,0,0,,Translated
1225,良樹,ううぅ……, , ,良樹,ううぅ......, , ,良樹,―,,,良樹,嗚嗚……,,,1,20,25,1,0,0,0,0,0,,Translated
1226,良樹,……すまん、俺も連れてってくれ……, , ,良樹,......すまん、俺も連れてってくれ......, , ,良樹,―,,,良樹,……抱歉，也帶上我吧……,,,1,21,25,1,0,0,0,0,0,,Translated
1227,良樹,また、逃げる所だった。, , ,良樹,また、逃げる所だった。, , ,良樹,―,,,良樹,我又差點逃走了。,,,1,22,25,1,0,0,0,0,0,,Translated
1228,良樹,俺は、あいつらに出会えたおかげで、,生まれ変われたんだ。, ,良樹,俺は、あいつらに出会えたおかげで、,生まれ変われたんだ。, ,良樹,―,,,良樹,我，因為遇到了他們，,獲得了重生。,,1,23,25,1,0,0,0,0,0,,Translated
1229,良樹,頼む！, , ,良樹,頼む！, , ,良樹,―,,,良樹,拜託！,,,1,24,25,1,0,0,0,0,0,,Translated
1230,良樹,……怖がりの篠崎が頑張ってんだ……,負けてられるかよ！, ,良樹,......怖がりの篠崎が頑張ってんだ......,負けてられるかよ！, ,良樹,―,,,良樹,……膽小的篠崎都在努力……,我怎麼能認輸！,,1,25,25,1,0,0,0,0,0,,Translated
1231,良樹,必ずサチコの懺悔を引っ張り出して、,お前らを成仏させてやる！, ,良樹,必ずサチコの懺悔を引っ張り出して、,お前らを成仏させてやる！, ,良樹,―,,,良樹,我一定會引出サチコ的懺悔，,讓你們成佛！,,1,26,25,1,0,0,0,0,0,,Translated
1232,雪,……グスッ, , ,雪,......グスッ, , ,雪,―,,,雪,……吸泣,,,1,149,22,1,0,0,0,0,0,,Translated
1233,,転校するすずめちゃんに花束をおくろう,賛同者は下に名前を書くこと。一人300円, ,,転校するすずめちゃんに花束をおくろう,賛同者は下に名前を書くこと。一人300円, ,,―,,,,為轉學的小雀獻上花束吧,贊同者請在下方寫上名字。一人300圓,,0,0,0,1,0,0,0,0,0,,Translated
1234,良樹,・・・・・・, , ,良樹,・・・・・・, , ,요시키,.........,,,良樹,・・・・・・,,,1,0,0,1,0,0,0,0,0,,Translated
1235,あゆみ,岸沼くん……, , ,Ayumi,Kishinuma...,,,아유미,키시누마……,,,あゆみ,岸沼同學……,,,1,100,32,1,0,0,0,0,0,,Translated
1236,坪田,……ハァー、“問題児”。,お前さ、何で学校にいるの？, ,Gym Teacher,"You're a real problem child, you know that?",Why do you even come to school in the first,place?,체육교사,하아~ “문제아”.,너는 왜 학교에 있는 거냐?,,坪田,……哈啊～、「問題兒童」。,你，為什麼會來學校？,,1,140,20,1,0,0,0,0,0,,Translated
1237,良樹,………。, , ,Yoshiki,Heh...,,,요시키,.........,,,良樹,………。,,,1,94,23,1,0,0,0,0,0,,Translated
1238,坪田,親からも勘当されて別居状態、友達もいない、,授業も出ん。, ,Gym Teacher,Disowned by your parents... Living on your own...,Got no friends... Never go to class...,,체육교사,"부모와도 의절해서 별거 상태, 친구도 없고",수업도 안 듣고.,,坪田,被父母斷絕關係分居、沒有朋友、,也不來上課。,,1,141,20,1,0,0,0,0,0,,Translated
1239,坪田,つまらないからと学校に八つ当たりされても,困るんだよな。, ,Gym Teacher,Just because you hate school doesn't give you the,"right to throw fits and raise a ruckus all the time,",mister!,체육교사,시시하다고 학교에 와서 화풀이를 해도,곤란한데 말이야.,,坪田,因為無聊就來學校發洩，,我也很困擾啊。,,1,142,20,1,0,0,0,0,0,,Translated
1240,坪田,楽しくないんだろ？　何で辞めないのか,意味が判らん。, ,Gym Teacher,"You're clearly not having any fun here, right? So",why don't you just drop out? I really don't get it!,,체육교사,재미없지? 왜 안 그만두는 건지,이유를 모르겠다.,,坪田,不開心吧？　為什麼不乾脆退學呢，,真搞不懂。,,1,143,20,1,0,0,0,0,0,,Translated
1241,坪田,その家庭環境では進学だって、,考えちゃいないんだろ？, ,Gym Teacher,It's not like you're trying to get into college.,"With your home life as it is, the thought probably",hasn't even crossed your mind!,체육교사,그 가정 환경에 진학 같은 걸,생각하는 건 아니겠지?,,坪田,以你那家庭環境，升學什麼的,也不可能考慮吧？,,1,144,20,1,0,0,0,0,0,,Translated
1242,良樹,はぁ……, , ,Yoshiki,Uh...huh...,,,요시키,네......,,,良樹,哈啊……,,,1,95,23,1,0,0,0,0,0,,Translated
1243,坪田,……まぁ、一年のこの時点からすでに,三者面談にすら顔を出さない、, ,Gym Teacher,Wish I could ask your parents what they think of,"having a no-good kid like you in the family, but",they've never once shown their faces around here.,체육교사,"...... 뭐, 1학년 이맘때부터",삼자면담마저 안 나오는,,坪田,……嘛，從一年級這時候起,就連三方會談都不出席，,,1,145,20,1,0,0,0,0,0,,Translated
1244,坪田,お前ンとこのご両親も、どうかと思うがな（笑）, , ,Gym Teacher,Not since the very first parent-teacher conferences,we ever held. Wonder if they'd be embarrassed!,,체육교사,네 부모님도 문제가 있지만 (웃음),,,坪田,你爸媽也真是的（笑）,,,1,146,20,1,0,0,0,0,0,,Translated
1245,良樹,ハハ……ウチの親、出来悪い俺の事、嫌ってるから。, , ,Yoshiki,"Haha... My parents are not exactly proud of me,",shall we say.,,요시키,하하...... 제 부모님은 불량한 저를 싫어하거든요.,,,良樹,哈哈……我家父母，討厭不成材的我。,,,1,96,23,1,0,0,0,0,0,,Translated
1246,坪田,イヤ、それ以前の問題だろ、,親としての自覚が足りん。, ,Gym Teacher,"Ehh, that's not what I mean. I'm thinking of the",big picture here. They're clearly just not good,parents.,체육교사,"아니, 그 이전의 문제잖냐.",부모로서의 자각이 부족해.,,坪田,不，那是更根本的問題吧。,作為父母的覺悟不足。,,1,147,20,1,0,0,0,0,0,,Translated
1247,坪田,俺に、もし子供がいたら、絶対にそんな事,しないよな。, ,Gym Teacher,"If I had kids of my own, you'd better believe",I wouldn't be half as lax with them as yours,obviously are with you!,체육교사,나한테 자식이 있었으면,진짜 그렇게는 안 한다.,,坪田,如果我有孩子的話，絕對不會,那樣做。,,1,148,20,1,0,0,0,0,0,,Translated
1248,坪田,全く、大人になり切れていない幼稚な親が、, , ,Gym Teacher,"The problem is, people are having kids when they're",way too young.,,체육교사,"나 참, 어른이 되지 못한 유치한 부모가",,,坪田,真是的，沒長大的幼稚父母，,,,1,149,20,1,0,0,0,0,0,,Translated
1249,坪田,一丁前に子供なんか作るから！, , ,Gym Teacher,"Before they've become proper adults, they're poppin'",out babies of their own!,,체육교사,괜히 자식 같은 걸 만드니까!,,,坪田,才會隨便生孩子！,,,1,150,20,1,0,0,0,0,0,,Translated
1250,坪田,世の中、幼稚なガキが溢れかえるんだよな。, , ,Gym Teacher,And bad parents raise bad kids. That's why there are,so many brats like you in this world!,,체육교사,세상에 유치한 녀석들이 판을 치는 거야.,,,坪田,所以世界上才會充斥著幼稚的小孩啊。,,,1,151,20,1,0,0,0,0,0,,Translated
1251,坪田,授業料だけ出してりゃ親だとでも思ってんだろ、, , ,Gym Teacher,People think as long as they pay school taxes or,"tuition, they're good mommies and daddies.",,체육교사,수업료만 내면 부모인 줄 아나,,,坪田,只要付學費就以為自己是父母了嗎，,,,1,152,20,1,0,0,0,0,0,,Translated
1252,坪田,あの類は！　ハハハハ。……あ？　何だその目は。, , ,Gym Teacher,"Well, news flash: They're not! Hahahaha...",Hmm? What's with that look?,,체육교사,그 녀석들은! 하하하하...... 어? 뭐냐 그 눈초리는.,,,坪田,那些傢伙！　哈哈哈。……嗯？　那是什麼眼神。,,,1,153,20,1,0,0,0,0,0,,Translated
1253,あゆみ,坪田先生。, , ,Ayumi,Mr. Tsubota?,,,아유미,츠보타 선생님.,,,あゆみ,坪田老師。,,,1,157,0,1,0,0,0,0,0,,Translated
1254,坪田,あ？　……お、おう委員長。何だ？, , ,Gym Teacher,"Hehh? ...Well, if it isn't the class rep. What's up?",,,체육교사,"어? ...... 그, 그래 반장. 무슨 일이냐?",,,坪田,啊？　……喔、喔班長。什麼事？,,,1,154,20,1,0,0,0,0,0,,Translated
1255,あゆみ,教頭先生がお呼びです。,すぐ職員室に来て下さいって。, ,Ayumi,The vice principal is looking for you. You're needed,back at the staff room.,,아유미,교감 선생님이 부르세요.,곧장 교무실로 오라고.,,あゆみ,教導主任在找您。,請您立刻去職員室。,,1,158,0,1,0,0,0,0,0,,Translated
1256,あゆみ,（わたしが初めて先生にうそついた,　あの日から、岸沼くんはちゃんと,　学校来るようになったんだっけ）,Ayumi,(Kishinuma didn't start attending school regularly,until I told that lie to Mr. Tsubota.),,아유미,（내가 처음으로 선생님한테 거짓말을 한 그날부터 ,키시누마이 열심히 학교에 다니기 시작했던 것 같기도.）,,あゆみ,（從我第一次對老師說謊的那天起，,岸沼同學就開始好好來上學了）,,1,0,0,0,0,0,0,0,0,,Translated
1257,あゆみ,…………, , ,Ayumi,...,,,아유미,…………,,,あゆみ,…………,,,1,101,32,1,0,0,0,0,0,,Translated
1258,良樹,おい、５組で思いきったお化け屋敷やってるぞ。, , ,Yoshiki,"Hey, 2-5's got a haunted house set up, and they did",an amazing job with it!,,요시키,"야, 5반에서 진짜 잘 만든 유령의 집을 한다는데.",,,良樹,喂，五班做了一個很厲害的鬼屋喔。,,,1,54,26,1,0,0,0,0,0,,Translated
1259,哲志,みんな、見に行かないか？, , ,Satoshi,We're heading over there now. Would you girls,like to join us?,,사토시,"다들, 보러 갈래?",,,哲志,大家，要去看嗎？,,,1,24,19,1,0,0,0,0,0,,Translated
1260,直美,まじ？　行こっか。, , ,Naomi,Right now? Sure...why not!,,,나오미,진짜? 갈까.,,,直美,真的嗎？　去吧。,,,1,226,13,1,0,0,0,0,0,,Translated
1261,世以子,ギャー！　いく、いく！, , ,Seiko,"Aaaahaa, you'd better believe I'm comin'!",,,세이코,"갸~!  갈래, 갈래!",,,世以子,呀～！　去、去！,,,1,98,20,1,0,0,0,0,0,,Translated
1262,哲志,篠崎は？, , ,Satoshi,"How about you, Shinozaki?",,,사토시,시노자키는?,,,哲志,篠崎呢？,,,1,25,19,1,0,0,0,0,0,,Translated
1263,あゆみ,！　……ん～行きたいけど、私責任者だし……, , ,Ayumi,"Huh? Hmmm... I'd...LIKE to go, of course...but",I've got to tend shop here.,,아유미,"!  ...... 음~ 가고 싶지만, 난 책임자니까......",,,あゆみ,！　……嗯～想去是想去，但我是負責人……,,,1,3,5,1,0,0,0,0,0,,Translated
1264,あゆみ,お店離れらんないよ。みんなで行ってきて。, , ,Ayumi,I can't just leave my post. You guys go without me.,,,아유미,여기 있어야 해. 너희들끼리 갔다 와.,,,あゆみ,不能離開店裡啊。你們大家去吧。,,,1,4,5,1,0,0,0,0,0,,Translated
1265,哲志,そっか……残念だな。, , ,Satoshi,"Oh, yeah... I didn't think of that. Sorry.",,,사토시,그래...... 아쉽네.,,,哲志,是嗎……真可惜。,,,1,26,19,1,0,0,0,0,0,,Translated
1266,良樹,んじゃ俺も、残るかな。,篠崎、話し相手になってやるよ。, ,Yoshiki,"Then, uh, maybe I should stay behind too. I'd feel",bad leaving you here with nobody to talk to...,,요시키,그럼 나도 남을까.,시노자키 얘기 상대나 해주게.,,良樹,那我，也留下來吧。,篠崎，我來陪妳說話。,,1,55,26,1,0,0,0,0,0,,Translated
1267,あゆみ,いいよ、ダイジョーブ。みんな、気をつけてね。, , ,Ayumi,"Oh, don't you worry about little ol' me! You guys",go have fun. And be careful!,,아유미,"됐어, 괜찮아. 다들, 조심해.",,,あゆみ,不用了，沒關係。大家，小心點喔。,,,1,5,5,1,0,0,0,0,0,,Translated
1268,あゆみ,（……ふふっ）, , ,Ayumi,(Haha...),,,아유미,"（……흑, 흑）",,,あゆみ,（……呵呵）,,,1,0,0,0,0,0,0,0,0,,Translated
1269,あゆみ,（……心開いてくれたのかな。,　気が付いたらクラスの輪の中にいつもいて。,　……うるさかったなぁ）,Ayumi,"(I guess he really opened up to me. Before long, ",he was always hanging out with our class.,Haha. He was such a pain in the ass...),아유미,（……마음을 열어 주는거야? 정신을 ,차리면 언제까지나 우리 함께 있어. ,……견디기 힘들었었지.）,あゆみ,（……他終於敞開心扉了吧。,　回過神來他總是待在我們班的圈子裡。,　……真是吵鬧啊）,1,0,0,0,0,0,0,0,0,,Translated
1270,あゆみ,…………っ,うぅ……ううぅ……, ,Ayumi,...Mngh... *sob*,,,아유미,"…………으, 흐윽……흑……",,,あゆみ,…………嗚……嗚嗚……,,,1,102,32,1,0,0,0,0,0,,Translated
1271,良樹,チッ……本格的に見失ったぞ,床も割れてて向こうに行けねぇし……！, ,Yoshiki,Dammit... I've really lost sight of her. And I,can't go any farther with the floor like this...!,,요시키,칫...... 본격적으로 잃은거야 바닥도 갈라져있어 저쪽에 갈 수 없겠지하고...!,,,良樹,嘖……完全跟丟了,地板也裂開了過不去……！,,1,0,0,0,0,0,0,0,0,,Translated
1272,良樹,……なんだ、こりゃ……！,うそだろ？, ,Yoshiki,"...Wait, what's this? You gotta be kidding me!",,,요시키,"......뭐야, 이건...! 거짓말 이겠지?",,,良樹,……什麼，這是……！,騙人的吧？,,1,0,0,0,0,0,0,0,0,,Translated
1273,良樹,篠崎のロウソクだ……,何があったんだ、ここで？, ,Yoshiki,It's Shinozaki's candle... What happened here?,,,요시키,시노자키의 촛불이다...... 무슨 일이 있었던거야 여기에?,,,良樹,是篠崎的蠟燭……,這裡發生了什麼？,,1,0,0,0,0,0,0,0,0,,Translated
1274,由香,おに～ぃちゃん♪　（はむっ）, , ,由香,おに～ぃちゃん♪　（はむっ）, , ,由香,―,,,由香,哥～哥♪　（咬）,,,1,255,28,1,0,0,0,0,0,,Translated
1275,由香,（……ぶぅぅぅぅぅーッ）, , ,由香,（......ぶぅぅぅぅぅーッ）, , ,由香,―,,,由香,（……噗～～～～～）,,,1,0,29,1,0,0,0,0,0,,Translated
1276,哲志,うおぁ、熱っちぃー！, , ,哲志,うおぁ、熱っちぃー！, , ,哲志,―,,,哲志,哇啊，好燙！,,,1,218,16,1,0,0,0,0,0,,Translated
1277,哲志,……由香ぁ！　……お前なぁ、,そのヒトの肩に口押し付けて、, ,哲志,......由香ぁ！　......お前なぁ、,そのヒトの肩に口押し付けて、, ,哲志,―,,,哲志,……由香！　……妳啊，,把嘴巴貼在別人肩膀上，,,1,219,16,1,0,0,0,0,0,,Translated
1278,哲志,熱風吐き出すのやめろ（怒）！, , ,哲志,熱風吐き出すのやめろ（怒）！, , ,哲志,―,,,哲志,不要吹熱氣（怒）！,,,1,220,16,1,0,0,0,0,0,,Translated
1279,由香,ケラケラケラ！, , ,由香,ケラケラケラ！, , ,由香,―,,,由香,喀喀喀！,,,1,1,29,1,0,0,0,0,0,,Translated
1280,由香,ぷぅ～♪　ぷぅ～♪　ケラケラケラ, , ,由香,ぷぅ～♪　ぷぅ～♪　ケラケラケラ, , ,由香,―,,,由香,呼～♪　呼～♪　喀喀喀,,,1,2,29,1,0,0,0,0,0,,Translated
1281,由香,お兄ちゃん、ごはん。, , ,由香,お兄ちゃん、ごはん。, , ,由香,―,,,由香,哥哥，吃飯了。,,,1,3,29,1,0,0,0,0,0,,Translated
1282,哲志,ん、あ……そか。わかった、サンキュ。, , ,哲志,ん、あ......そか。わかった、サンキュ。, , ,哲志,―,,,哲志,嗯、啊……是嗎。知道了，謝啦。,,,1,221,16,1,0,0,0,0,0,,Translated
1283,哲志,てか、フツーに呼びに来てくれ。, , ,哲志,てか、フツーに呼びに来てくれ。, , ,哲志,―,,,哲志,話說，普通地來叫我就好。,,,1,222,16,1,0,0,0,0,0,,Translated
1284,由香,イヤ！, , ,由香,イヤ！, , ,由香,―,,,由香,不要！,,,1,4,29,1,0,0,0,0,0,,Translated
1285,由香,えっ、えっ、えっ、えっ……, , ,由香,えっ、えっ、えっ、えっ......, , ,由香,―,,,由香,咦、咦、咦、咦……,,,1,5,29,1,1,0,0,0,0,,Translated
1286,由香,（お母さ～ん、お兄ちゃんねぇ、……） , , ,由香,（お母さ～ん、お兄ちゃんねぇ、......） , , ,由香,―,,,由香,（媽～咪、哥哥他啊……） ,,,1,6,29,1,0,0,0,0,0,,Translated
1287,哲志,……やれやれ。, , ,哲志,......やれやれ。, , ,哲志,―,,,哲志,……真是的。,,,1,223,16,1,0,0,0,0,0,,Translated
1288,哲志,また自分の部屋の扉、開けっ放しじゃないか……, , ,哲志,また自分の部屋の扉、開けっ放しじゃないか......, , ,哲志,―,,,哲志,又沒關自己房間的門……,,,1,224,16,1,0,0,0,0,0,,Translated
1289,,・　・　・　・　・　・, , ,,・　・　・　・　・　・, , ,,―,,,,・　・　・　・　・　・,,,0,0,0,1,0,0,0,0,0,,Translated
1290,哲志,（……？　眠っていたのか……？,　……ここは……俺の部屋だ……）, ,哲志,（......？　眠っていたのか......？,　......ここは......俺の部屋だ......）, ,哲志,―,,,哲志,（……？　我在睡覺嗎……？,　……這裡……是我的房間……）,,1,0,0,1,0,0,0,0,0,,Translated
1291,哲志,（……みんなが死んだ……あの学校から、,　帰って来た記憶がない……）, ,哲志,（......みんなが死んだ......あの学校から、,　帰って来た記憶がない......）, ,哲志,―,,,哲志,（……大家都死了……從那所學校，,　沒有回來的記憶……）,,1,0,0,1,0,0,0,0,0,,Translated
1292,哲志,（……なのに……忘れてしまいたい、,　篠原の死に顔や森繁の声は……,　はっきりと頭に残っている……　くッ！）,哲志,（......なのに......忘れてしまいたい、,　篠原の死に顔や森繁の声は......,　はっきりと頭に残っている......　くッ！）,哲志,―,,,哲志,（……明明如此……想要忘記的，,　篠原的死相和森繁的聲音……,　卻清晰地留在腦海裡……　可惡！）,1,0,0,1,0,0,0,0,0,,Translated
1293,由香,お兄ちゃん！　おはよッ！, , ,由香,お兄ちゃん！　おはよッ！, , ,由香,―,,,由香,哥哥！　早安！,,,1,121,29,1,0,0,0,0,0,,Translated
1294,哲志,ぐッ……！　由香……お、おはよう。,……何だ？　元気だな……　　　,（由香は一緒に帰って来れたんだっけ……）,哲志,ぐッ......！　由香......お、おはよう。,......何だ？　元気だな......　　　,（由香は一緒に帰って来れたんだっけ......）,哲志,―,,,哲志,呃……！　由香……早、早安。,……什麼啊？　真有精神……,　　（由香也一起回來了嗎……）,1,152,18,1,0,0,0,0,0,,Translated
1295,由香,ごはん！ごはん！　お兄ちゃん来ないと、,みんな食べられないんだから～, ,由香,ごはん！ごはん！　お兄ちゃん来ないと、,みんな食べられないんだから～, ,由香,―,,,由香,吃飯！吃飯！　哥哥不來的話，,大家都不能吃啊～,,1,122,29,1,0,0,0,0,0,,Translated
1296,哲志,ああ……だけど、俺は……　　　,今朝はいいや。, ,哲志,ああ......だけど、俺は......　　　,今朝はいいや。, ,哲志,―,,,哲志,嗯……但是，我……　　　,今天早上算了。,,1,153,18,1,0,0,0,0,0,,Translated
1297,由香,どうして？, , ,由香,どうして？, , ,由香,―,,,由香,為什麼？,,,1,123,29,1,0,0,0,0,0,,Translated
1298,哲志,食べる気がしないんだ……さすがに。, , ,哲志,食べる気がしないんだ......さすがに。, , ,哲志,―,,,哲志,我沒有食慾……畢竟經歷了那些。,,,1,154,18,1,0,0,0,0,0,,Translated
1299,由香,あ～、もう～。だめなんだよ？　朝食べないと。, , ,由香,あ～、もう～。だめなんだよ？　朝食べないと。, , ,由香,―,,,由香,啊～、真是的～。不行喔？　不吃早餐的話。,,,1,124,29,1,0,0,0,0,0,,Translated
1300,哲志,……わかるだろ？　お前だって！,……昨日、あんな事があったんだ……！, ,哲志,......わかるだろ？　お前だって！,......昨日、あんな事があったんだ......！, ,哲志,―,,,哲志,……妳懂吧？　妳也是！,……昨天，發生了那種事啊……！,,1,155,18,1,0,0,0,0,0,,Translated
1301,由香,？　お兄ちゃん、泣いてるの？,……怖い夢見たの？, ,由香,？　お兄ちゃん、泣いてるの？,......怖い夢見たの？, ,由香,―,,,由香,？　哥哥，你在哭嗎？,……做了可怕的夢嗎？,,1,125,29,1,0,0,0,0,0,,Translated
1302,哲志,……由香、お前……, , ,哲志,......由香、お前......, , ,哲志,―,,,哲志,……由香，妳……,,,1,156,18,1,0,0,0,0,0,,Translated
1303,世以子,もっちだく～ん。, , ,世以子,もっちだく～ん。, , ,世以子,―,,,世以子,持田～～。,,,1,69,20,1,0,0,0,0,0,,Translated
1304,哲志,篠原！……, , ,哲志,篠原！......, , ,哲志,―,,,哲志,篠原！……,,,1,157,18,1,0,0,0,0,0,,Translated
1305,世以子,なんか元気ないねぇ。大丈夫？, , ,世以子,なんか元気ないねぇ。大丈夫？, , ,世以子,―,,,世以子,看起來沒什麼精神呢。沒事吧？,,,1,70,20,1,0,0,0,0,0,,Translated
1306,哲志,あ……いや……　あぁ……？, , ,哲志,あ......いや......　あぁ......？, , ,哲志,―,,,哲志,啊……不……　嗯嗯……？,,,1,158,18,1,0,0,0,0,0,,Translated
1307,世以子,今日のお店番の順番だけどね……,私がペアーの組み合わせ、,気、利かせておいたからね。,世以子,今日のお店番の順番だけどね......,私がペアーの組み合わせ、,気、利かせておいたからね。,世以子,―,,,世以子,今天是顧攤的順序……,我幫你們配對，,我可是費了心思喔。,1,71,20,1,0,0,0,0,0,,Translated
1308,哲志,うぇ……何だ、それ？, , ,哲志,うぇ......何だ、それ？, , ,哲志,―,,,哲志,呃……什麼啊？,,,1,159,18,1,0,0,0,0,0,,Translated
1309,世以子,んふふふふ、ヘンタイ。, , ,世以子,んふふふふ、ヘンタイ。, , ,世以子,―,,,世以子,嗯呵呵呵呵，變態。,,,1,72,20,1,0,0,0,0,0,,Translated
1310,哲志,はぁ？, , ,哲志,はぁ？, , ,哲志,―,,,哲志,啥？,,,1,160,18,1,0,0,0,0,0,,Translated
1311,世以子,んふふふふ、エッチ。, , ,世以子,んふふふふ、エッチ。, , ,世以子,―,,,世以子,嗯呵呵呵呵，色狼。,,,1,73,20,1,0,0,0,0,0,,Translated
1312,哲志,俺は……夢を見ているのか？,いや、見ていたのか？, ,哲志,俺は......夢を見ているのか？,いや、見ていたのか？, ,哲志,―,,,哲志,我……是在做夢嗎？,還是，之前都是在做夢？,,1,161,18,1,0,0,0,0,0,,Translated
1313,直美,おっはよー！みんな！,おしるこ屋のお椀ってこれ位で足りる？, ,直美,おっはよー！みんな！,おしるこ屋のお椀ってこれ位で足りる？, ,直美,―,,,直美,大家早安！,紅豆湯的碗這些夠嗎？,,1,157,13,1,0,0,0,0,0,,Translated
1314,繭,おはよう！, , ,繭,おはよう！, , ,繭,―,,,繭,早安！,,,1,65,8,1,0,0,0,0,0,,Translated
1315,あゆみ,あ、おはよー！,うん、それぐらいあれば大丈夫！, ,あゆみ,あ、おはよー！,うん、それぐらいあれば大丈夫！, ,あゆみ,―,,,あゆみ,啊，早安！,嗯，這些應該夠了！,,1,192,4,1,0,0,0,0,0,,Translated
1316,世以子,いや～～んッ、直美おっはよ～～～ん, , ,世以子,いや～～んッ、直美おっはよ～～～ん, , ,世以子,―,,,世以子,哎呀～～直美早～～～安,,,1,74,20,1,0,0,0,0,0,,Translated
1317,哲志,は……ははっ……　　　　,何だよ、やっぱり……　　　　,悪い夢だったんだ……,哲志,は......ははっ......　　　　,何だよ、やっぱり......　　　　,悪い夢だったんだ......,哲志,―,,,哲志,哈……哈哈……　　　　,什麼嘛，果然……　　　　,是一場惡夢啊……,1,162,18,1,0,0,0,0,0,,Translated
1318,直美,うあぁ！　ちょっと世以子！,お尻揉まないでよー！, ,直美,うあぁ！　ちょっと世以子！,お尻揉まないでよー！, ,直美,―,,,直美,哇啊！　等等世以子！,不要揉我屁股～！,,1,158,13,1,0,0,0,0,0,,Translated
1319,世以子,ンーーッフッフッフ！,手の塞がった直美さんを見て、わちしが放って,おくとでもお思いかぃ？,世以子,ンーーッフッフッフ！,手の塞がった直美さんを見て、わちしが放って,おくとでもお思いかぃ？,世以子,―,,,世以子,嗯～～呵呵呵！,看到雙手沒空的直美小姐，,你覺得我會放過你嗎？,1,0,0,1,0,0,0,42,0,,Translated
1320,直美,あ、あ、あ……いやっ……！　ひゃぁッ！, , ,直美,あ、あ、あ......いやっ......！　ひゃぁッ！, , ,直美,―,,,直美,啊、啊、啊……不要……！　呀！,,,1,0,0,1,0,0,0,0,0,,Translated
1321,哲志,―！, , ,哲志,―！, , ,哲志,―,,,哲志,―！,,,1,163,18,1,0,0,0,0,0,,Translated
1322,直美,こらーーーー！, , ,直美,こらーーーー！, , ,直美,―,,,直美,住手～～～～！,,,1,160,13,1,0,0,0,0,0,,Translated
1323,繭,あはははは。, , ,繭,あはははは。, , ,繭,―,,,繭,啊哈哈。,,,1,66,8,1,0,0,0,0,0,,Translated
1324,あゆみ,あー！　駄目よ、お椀は綺麗にしないとー, , ,あゆみ,あー！　駄目よ、お椀は綺麗にしないとー, , ,あゆみ,―,,,あゆみ,啊～！　不行喔，碗要洗乾淨～,,,1,194,4,1,0,0,0,0,0,,Translated
1325,哲志,……待て……今の場面、……見覚えがあるぞ……, , ,哲志,......待て......今の場面、......見覚えがあるぞ......, , ,哲志,―,,,哲志,……等等……剛才的場景……好像見過……,,,1,164,18,1,0,0,0,0,0,,Translated
1326,哲志,これは……！【同じ】じゃないか！, , ,哲志,これは......！【同じ】じゃないか！, , ,哲志,―,,,哲志,這是……！【一樣】的啊！,,,1,165,18,1,0,0,0,0,0,,Translated
1327,哲志,『夢』と……天神小学校へ飛ばされた……,あの『夢』と……！, ,哲志,『夢』と......天神小学校へ飛ばされた......,あの『夢』と......！, ,哲志,―,,,哲志,和『夢』裡……被傳送到天神小學校的……,那個『夢』……！,,1,166,18,1,0,0,0,0,0,,Translated
1328,哲志,あれは……夢じゃなかった……？,まさか……【同じ日】が、始まるのか？！, ,哲志,あれは......夢じゃなかった......？,まさか......【同じ日】が、始まるのか？！, ,哲志,―,,,哲志,那是……不是夢……？,難道……【同一天】，要開始了嗎？！,,1,167,18,1,0,0,0,0,0,,Translated
1329,哲志,――止めないと！, , ,哲志,――止めないと！, , ,哲志,―,,,哲志,――必須阻止！,,,1,168,18,1,0,0,0,0,0,,Translated
1330,良樹,あん？　ナニ言ってんだよ。天神小学校だ？, , ,良樹,あん？　ナニ言ってんだよ。天神小学校だ？, , ,良樹,―,,,良樹,嗯？　你在說什麼啊。天神小學校？,,,1,38,26,1,0,0,0,0,0,,Translated
1331,あゆみ,おぉ、持田君、よく知ってるね……,そのネタの怪談、持ってきたよッ♪, ,あゆみ,おぉ、持田君、よく知ってるね......,そのネタの怪談、持ってきたよッ♪, ,あゆみ,―,,,あゆみ,喔，持田同學知道得真清楚……,那個題材的怪談，我帶來了喔♪,,1,195,4,1,0,0,0,0,0,,Translated
1332,直美,哲志～、お店さぼってて、,夢でも見たんじゃないの～？, ,直美,哲志～、お店さぼってて、,夢でも見たんじゃないの～？, ,直美,―,,,直美,哲志～，偷懶顧攤，,是不是做夢了啊～？,,1,161,13,1,0,0,0,0,0,,Translated
1333,世以子,あるある（笑）、にひひひ, , ,世以子,あるある（笑）、にひひひ, , ,世以子,―,,,世以子,有可能喔（笑）、嘻嘻嘻,,,1,76,20,1,0,0,0,0,0,,Translated
1334,繭,繁兄ぃもさぼってたけどね～♪, , ,繭,繁兄ぃもさぼってたけどね～♪, , ,繭,―,,,繭,繁哥也在偷懶喔～♪,,,1,67,8,1,0,0,0,0,0,,Translated
1335,森繁,俺は、違うよ。演劇部の台本を、コピー取りに,行っていたんだ。, ,森繁,俺は、違うよ。演劇部の台本を、コピー取りに,行っていたんだ。, ,森繁,―,,,森繁,我沒有喔。我是去影印戲劇部的劇本了。,,,1,213,8,1,0,0,0,0,0,,Translated
1336,良樹,いや森繁よぅ、それサボってるって言わね？, , ,良樹,いや森繁よぅ、それサボってるって言わね？, , ,良樹,―,,,良樹,不森繁啊，那不就是偷懶嗎？,,,1,39,26,1,0,0,0,0,0,,Translated
1337,結衣,ホラホラ、持田君。……君の番でしょう？,お店の番、して来なさい？, ,結衣,ホラホラ、持田君。......君の番でしょう？,お店の番、して来なさい？, ,結衣,―,,,結衣,來來，持田同學。……輪到你了吧？,去顧攤吧？,,1,205,27,1,0,0,0,0,0,,Translated
1338,あゆみ,…………,誰もいない……, ,Ayumi,...No one's here.,,,아유미,…………누구도 없어……,,,あゆみ,…………,誰也不在……,,1,103,32,1,0,0,0,0,0,,Translated
1339,あゆみ,……どうして,こんなことになっちゃったの？, ,Ayumi,Why is this happening to us?,,,아유미,……왜 이렇게 되어 버린거지?,,,あゆみ,……為什麼,會變成這樣呢？,,1,104,32,1,0,0,0,0,0,,Translated
1340,あゆみ,みんなと一緒にいたかった, , ,Ayumi,I just wanted us to be together.,,,아유미,다 함께 있고 싶었어,,,あゆみ,好想和大家在一起,,,1,105,32,1,0,0,0,0,0,,Translated
1341,あゆみ,みんなが好きだっただけ……, , ,Ayumi,I loved them all so much...,,,아유미,난 그냥 모두가 너무 좋았을 뿐인데……,,,あゆみ,只是喜歡大家而已……,,,1,106,32,1,0,0,0,0,0,,Translated
1342,あゆみ,ごめんなさい……ごめんなさいぃ……, , ,Ayumi,I'm sorry... I'm so sorry...,,,아유미,죄송해요……죄송해요……,,,あゆみ,對不起……對不起……,,,1,107,32,1,0,0,0,0,0,,Translated
1343,あゆみ,ひぃあああぁぁぁ～～ん！, , ,Ayumi,WAAAHHHHHH!,,,아유미,흐아아아아아~~악!,,,あゆみ,嗚啊啊啊啊～～！,,,1,108,32,1,0,0,0,0,0,,Translated
1344,あゆみ,ああぁぁ～～～～！, , ,Ayumi,AUGHHHHHH!,,,아유미,아아아아~~~~!,,,あゆみ,啊啊啊啊～～！,,,1,109,32,1,0,0,0,0,0,,Translated
1345,あゆみ,っ……！, , ,Ayumi,Wha...?!,,,아유미,윽……!,,,あゆみ,……！,,,1,110,32,1,0,0,0,0,0,,Translated
1346,良樹,篠崎ぃ！, , ,Yoshiki,Shinozakiii!,,,요시키,시노자키!,,,良樹,篠崎！,,,1,156,31,1,0,0,0,0,0,,Translated
1347,あゆみ,！？, , ,Ayumi,Eek!,,,아유미,!?,,,あゆみ,！？,,,1,111,32,1,0,0,0,0,0,,Translated
1348,良樹,ははっ……。やっと会えた。,俺、ずっとお前のこと探してたんだぜ？, ,Yoshiki,Haha... I finally found you! ,"I've been looking everywhere, y'know.",,요시키,"하앗…… 끝내 찾았어. 나, ","지금껏 줄곳 널 찾아다니고 있었어, 알어?",,良樹,哈哈……。終於找到妳了。,我一直在找妳啊？,,1,157,31,1,0,0,0,0,0,,Translated
1349,あゆみ,誰！？　誰なの！？　誰かいるの！？, , ,Ayumi,Who's there?! Is someone out there?!,,,아유미,누구!? 누구세요!? 누가 있어요!?,,,あゆみ,誰！？　是誰！？　有人在嗎！？,,,1,112,32,1,0,0,0,0,0,,Translated
1350,良樹,篠崎？　お前何言って……, , ,Yoshiki,"Shinozaki? C'mon, it's me.",,,요시키,시노자키? 너 무슨 소릴 하고있……,,,良樹,篠崎？　妳在說什麼……,,,1,158,31,1,0,0,0,0,0,,Translated
1351,良樹,篠崎！　なあ篠崎！,どこ見てんだよ、こっちだ！,見えないのか？！,Yoshiki,"Shinozaki! Hey, Shinozaki! Where're you looking? ",I'm right here! Can't you see me?!,,요시키,"시노자키! 이봐 시노자키! 어딜 보고 있는거야, ",이쪽이야! 안 보여?!,,良樹,篠崎！　喂篠崎！,妳在看哪裡，我在這裡！,看不到嗎？！,1,159,31,1,0,0,0,0,0,,Translated
1352,良樹,なんでだ！？,なんで見え……っ, ,Yoshiki,What the hell is going on? Why can't she see me?!,,,요시키,왜지!? 왜 보이지 않…윽……,,,良樹,為什麼！？　為什麼看不……,,,1,160,31,1,0,0,0,0,0,,Translated
1353,良樹,……声も？　聞こえてないのか……！, , ,Yoshiki,"...And it seems like she can't hear me, either.",,,요시키,……목소리도?　들리지 않는건가……!,,,良樹,……聲音也？　聽不到嗎……！,,,1,161,31,1,0,0,0,0,0,,Translated
1354,良樹,いや。まて。,じゃぁ、これならどうだ, ,Yoshiki,"Wait, hold on... This might work!",,,요시키,"아냐, 기다려. 그렇다면, 이건 어때",,,良樹,不。等等。,那這樣如何,,1,162,31,1,0,0,0,0,0,,Translated
1355,あゆみ,！？　……何！？,チョークが勝手に、動き出した……, ,Ayumi,Eek! What's going on?! ,The chalk... Why's it moving all on its own?,,아유미,!?　……뭐지!? 분필이 절로 ,움직이고 있다니……,,あゆみ,！？　……什麼！？,粉筆自己動了起來……,,1,113,32,1,0,0,0,0,0,,Translated
1356,,俺だ、岸沼良樹だ！, , ,,"It's me, Kishinuma!",,,,"나야, 요시키이다!",,,,是我，岸沼良樹！,,,0,0,0,0,0,0,0,0,0,,Translated
1357,あゆみ,えっ！？　岸沼くん！,……っ……そんな……嘘でしょ！？, ,Ayumi,Wha-- Kishinuma?! B-But how... ,Is this actually happening?!,,아유미,엣!? 키시누마! ,……그……그……그럴리가!?,,あゆみ,咦！？　岸沼同學！,……怎麼會……騙人的吧！？,,1,114,32,1,0,0,0,0,0,,Translated
1358,,嘘じゃねぇよ, , ,,Seeing is believing.,,,,거짓말 그럼 야,,,,不是騙人的,,,0,0,0,0,0,0,0,0,0,,Translated
1359,あゆみ,本当に、本当に岸沼くんなの！？, , ,Ayumi,"Is... Is that really, REALLY you, Kishinuma?!",,,아유미,"정말로, 진짜로 키시누마!?",,,あゆみ,真的是、真的是岸沼同學嗎！？,,,1,115,32,1,0,0,0,0,0,,Translated
1360,,ああ、俺だ, , ,,"Yeah, it's really me.",,,,"아, 나야",,,,嗯，是我,,,0,0,0,0,0,0,0,0,0,,Translated
1361,,お前、この教室で, , ,,Just earlier you were hyperventilating,,,,"너,이 교실에서",,,,妳在這間教室裡,,,0,0,0,0,0,0,0,0,0,,Translated
1362,,過呼吸起こしただろう, , ,,in this very classroom.,,,,과 호흡 일으킨 것이다,,,,曾經過度換氣過吧,,,0,0,0,0,0,0,0,0,0,,Translated
1363,あゆみ,！！　っ……うん……うん……。,そう……。,私、ここで息が上手く出来なくなって……,Ayumi,Y-Yeah... You're right. ,I was having trouble breathing...,,아유미,!! ……으……응…… 맞아…… ,내가 여기서 숨을 제대로 쉬지 못하게 돼버려……,,あゆみ,！！　……嗯……嗯……。,是啊……。,我在這裡無法好好呼吸……,1,116,32,1,0,0,0,0,0,,Translated
1364,あゆみ,結衣先生が……帰ってくるの……,一緒に……待ってたよね, ,Ayumi,And then we were waiting for Ms. Yui to come back...,,,아유미,유이 선생님이……돌아오기를……함께……기다리고 있었어.,,,あゆみ,結衣老師她……回來的時候……,一起……在等她對吧,,1,117,32,1,0,0,0,0,0,,Translated
1365,,そうだったな, , ,,"Yes, you were.",,,,그랬구나,,,,是啊,,,0,0,0,0,0,0,0,0,0,,Translated
1366,あゆみ,うぅ……うわあああぁぁぁぁん！, , ,Ayumi,*sob* *wail*,,,아유미,흐으……흐아아아아아아앙!,,,あゆみ,嗚……嗚啊啊啊啊啊！,,,1,118,32,1,0,0,0,0,0,,Translated
1367,良樹,！？, , ,Yoshiki,"Whoa, what?!",,,요시키,!?,,,良樹,!？,,,1,163,31,1,0,0,0,0,0,,Translated
1368,,どうした！？, , ,,What's wrong?!,,,,무슨 일!?,,,,怎麼了！？,,,0,0,0,0,0,0,0,0,0,,Translated
1369,あゆみ,うわあぁぁん！　うっく……ひっく……,うううう……, ,Ayumi,*wail* *hic* Mlgggh...,,,아유미,흐아아아앙!　흐윽……흑……으으으……,,,あゆみ,嗚啊啊啊！　嗚……吸泣……,嗚嗚嗚……,,1,119,32,1,0,0,0,0,0,,Translated
1370,良樹,（泣いてちゃ解んねえよ……）, , ,Yoshiki,(I can't understand a word she's saying ,when she's crying like this...),,요시키,（울어서 해결 될 일 아니잖아……）,,,良樹,（哭成這樣根本聽不懂啊……）,,,1,0,0,0,0,0,0,0,0,,Translated
1371,良樹,……！？, , ,Yoshiki,Guh...?!,,,요시키,……!?,,,良樹,……！？,,,1,164,31,1,0,0,0,0,0,,Translated
1372,赤い人魂,仲間になれ……, , ,Red Spirit,"C'mon, just give up and join us...",,,붉은 혼령,우리 친구하자……,,,赤い人魂,成為同伴吧……,,,1,217,32,1,0,0,0,0,0,,Translated
1373,赤い人魂,あの子を追いかけても無駄。,もう死んでるよ, ,Red Spirit,No point in going after her now. Death has already,claimed another victim...,,붉은 혼령,그 앨 쫓아가 봤자 의미 없어. ,이미 죽었으니까.,,赤い人魂,就算追那孩子也沒用。,她已經死了喔,,1,220,32,1,0,0,0,0,0,,Translated
1374,良樹,…………！！, , ,Yoshiki,What...?,,,요시키,…………!,,,良樹,…………！！,,,1,165,31,1,0,0,0,0,0,,Translated
1375,,　大日本帝国秘密諜報基地,　押入　絶対反対！, ,,　大日本帝国秘密諜報基地,　押入　絶対反対！, ,,―,,,,　大日本帝國秘密諜報基地,　推入　絕對反對！,,0,0,0,1,0,0,0,0,0,,Translated
1376,,理科室の鍵　を使いますか？, , ,,理科室の鍵　を使いますか？, , ,,―,,,,要使用理科室的鑰匙嗎？,,,0,0,0,1,0,0,0,0,0,,Translated
1377,,はい,いいえ,,,はい,いいえ,,,―,,,,是,否,,0,255,255,255,255,255,255,255,255,,Translated
1378,,　棚は空っぽです……, , ,,　棚は空っぽです......, , ,,―,,,,　櫃子是空的……,,,0,0,0,1,0,0,0,0,0,,Translated
1379,,　実験前にてをあらおう,　解剖の仕方は前に教えたとおり, ,,　実験前にてをあらおう,　解剖の仕方は前に教えたとおり, ,,―,,,,　實驗前請洗手,　解剖方法按之前所教,,0,0,0,1,0,0,0,0,0,,Translated
1380,良樹,なんだ……これ？　人の形してっけど……,まさか……, ,良樹,なんだ......これ？　人の形してっけど......,まさか......, ,良樹,―,,,良樹,什麼……這是？　雖然是人形……,難道……,,1,57,25,1,0,0,0,0,0,,Translated
1381,あゆみ,……やめて……！, , ,あゆみ,......やめて......！, , ,あゆみ,―,,,あゆみ,……不要……！,,,1,38,3,1,0,0,0,0,0,,Translated
1382,良樹,布、めくってみる。, , ,良樹,布、めくってみる。, , ,良樹,―,,,良樹,掀開布看看。,,,1,58,25,1,0,0,0,0,0,,Translated
1383,あゆみ,やめてって！, , ,あゆみ,やめてって！, , ,あゆみ,―,,,あゆみ,叫你別這樣！,,,1,39,3,1,0,0,0,0,0,,Translated
1384,良樹,下から覗くだけだって……,あいつらの誰かでないって、安心したいだろ。, ,良樹,下から覗くだけだって......,あいつらの誰かでないって、安心したいだろ。, ,良樹,―,,,良樹,只是從下面偷看一下而已……,確認不是我們認識的人，才會安心吧。,,1,59,25,1,0,0,0,0,0,,Translated
1385,あゆみ,……っ, , ,Ayumi,Heehee...,,,あゆみ,―,,,あゆみ,……,,,1,40,3,1,0,0,0,0,0,,Translated
1386,良樹,……っ！！, , ,良樹,......っ！！, , ,良樹,―,,,良樹,……！！,,,1,60,25,1,0,0,0,0,0,,Translated
1387,あゆみ,……なに！？, , ,あゆみ,......なに！？, , ,あゆみ,―,,,あゆみ,……什麼！？,,,1,41,3,1,0,0,0,0,0,,Translated
1388,良樹,脅かしやがる……どこにでもある、人体模型だよ。, , ,良樹,脅かしやがる......どこにでもある、人体模型だよ。, , ,良樹,―,,,良樹,嚇我一跳……到處都有的，人體模型而已。,,,1,61,25,1,0,0,0,0,0,,Translated
1389,あゆみ,……はぁ……はぁ……　げほっ、,…………けほっ……, ,あゆみ,......はぁ......はぁ......　げほっ、,............けほっ......, ,あゆみ,―,,,あゆみ,……哈啊……哈啊……　咳,…………咳咳……,,1,42,3,1,0,0,0,0,0,,Translated
1390,良樹,！　……っ、悪ぃ。調子に乗った。, , ,良樹,！　......っ、悪ぃ。調子に乗った。, , ,良樹,―,,,良樹,！　……、抱歉。得意忘形了。,,,1,62,25,1,0,0,0,0,0,,Translated
1391,あゆみ,お願いだから、意味なく驚かしたりは絶対やめて。, , ,あゆみ,お願いだから、意味なく驚かしたりは絶対やめて。, , ,あゆみ,―,,,あゆみ,拜託，絕對不要毫無意義地嚇人。,,,1,43,3,1,0,0,0,0,0,,Translated
1392,良樹,お、おう……, , ,良樹,お、おう......, , ,良樹,―,,,良樹,喔、喔……,,,1,63,25,1,0,0,0,0,0,,Translated
1393,,布を被せた人体模型です。,今にも動き出しそうで不気味な感じがします。, ,,布を被せた人体模型です。,今にも動き出しそうで不気味な感じがします。, ,,―,,,,蓋著布的人體模型。,感覺隨時會動起來，令人毛骨悚然。,,0,0,0,1,0,0,0,0,0,,Translated
1394,,【七星の手記】4／5, , ,,【七星の手記】4／5, , ,,―,,,,【七星的筆記】4／5,,,0,0,0,1,0,0,0,0,0,,Translated
1395,七星,“先生……ごめんなさい。,　私の読みが甘過ぎました。”, ,七星,“先生......ごめんなさい。,　私の読みが甘過ぎました。”, ,七星,―,,,七星,「老師……對不起。,我的解讀太膚淺了。」,,1,114,9,1,0,0,0,0,0,,Translated
1396,七星,“此処は、今までに看破して来たような、,　簡単な霊磁場ではありませんでした。”, ,七星,“此処は、今までに看破して来たような、,　簡単な霊磁場ではありませんでした。”, ,七星,―,,,七星,「這裡，並非至今為止所看破的那種,簡單的靈磁場。」,,1,115,9,1,0,0,0,0,0,,Translated
1397,七星,“一刻も早くここから脱出しないと、,　本当に危険です。”, ,七星,“一刻も早くここから脱出しないと、,　本当に危険です。”, ,七星,―,,,七星,「不盡快離開這裡的話，,真的很危險。」,,1,116,9,1,0,0,0,0,0,,Translated
1398,七星,“『逆打ち』で＊＊に＊＊＊＊＊っ＊＊に、,　＊殺され＊＊＊*が＊＊＊複＊＊＊＊＊て＊て”, ,七星,“『逆打ち』で＊＊に＊＊＊＊＊っ＊＊に、,　＊殺され＊＊＊*が＊＊＊複＊＊＊＊＊て＊て”, ,七星,―,,,七星,「用『逆打』來＊＊＊＊＊＊＊，,　＊殺＊＊＊＊＊複雜＊＊＊＊＊」,,1,117,9,1,0,0,0,0,0,,Translated
1399,七星,“＊＊＊*で＊＊＊＊*ん”, , ,七星,“＊＊＊*で＊＊＊＊*ん”, , ,七星,―,,,七星,「＊＊＊不＊＊＊＊」,,,1,118,9,1,0,0,0,0,0,,Translated
1400,七星,“逆打ち＊＊＊＊＊、,　＊＊＊＊＊＊の怨＊＊＊＊か＊＊して、＊＊＊＊い,　霊磁＊＊＊ートを＊＊＊な＊＊＊……”,七星,“逆打ち＊＊＊＊＊、,　＊＊＊＊＊＊の怨＊＊＊＊か＊＊して、＊＊＊＊い,　霊磁＊＊＊ートを＊＊＊な＊＊＊......”,七星,―,,,七星,「用逆打＊＊＊＊＊，,　＊＊＊＊＊＊的怨＊＊＊＊＊來解＊＊＊＊,　靈磁＊＊＊必須＊＊＊……」,1,119,9,1,0,0,0,0,0,,Translated
1401,七星,“このままの＊＊＊＊＊＊、＊＊＊＊です。,　なに＊＊＊＊＊わ＊＊＊せん。”, ,七星,“このままの＊＊＊＊＊＊、＊＊＊＊です。,　なに＊＊＊＊＊わ＊＊＊せん。”, ,七星,―,,,七星,「在這種狀態下＊＊＊＊＊＊、＊＊＊＊。,　不知道＊＊＊＊＊會＊＊。」,,1,120,9,1,0,0,0,0,0,,Translated
1402,七星,“引き続き、＊査を進めます。,　どうか、どうか、ご無事で。”, ,七星,“引き続き、＊査を進めます。,　どうか、どうか、ご無事で。”, ,七星,―,,,七星,「繼續進行調＊。,　請務必，務必，平安無事。」,,1,121,9,1,0,0,0,0,0,,Translated
1403,七星,“先生……会いたい。”, , ,七星,“先生......会いたい。”, , ,七星,―,,,七星,「老師……好想你。」,,,1,122,9,1,0,0,0,0,0,,Translated
1404,七星,“……あいたいよう。”, , ,七星,“......あいたいよう。”, , ,七星,―,,,七星,「……好想見你。」,,,1,123,9,1,0,0,0,0,0,,Translated
1405,七星,“……頭、撫でて欲しいよう。”, , ,七星,“......頭、撫でて欲しいよう。”, , ,七星,―,,,七星,「……好想讓你摸我的頭。」,,,1,124,9,1,0,0,0,0,0,,Translated
1406,あゆみ,……血の染みが酷くて、読めないや……, , ,あゆみ,......血の染みが酷くて、読めないや......, , ,あゆみ,―,,,あゆみ,……血跡太嚴重了，無法閱讀……,,,1,29,3,1,0,0,0,0,0,,Translated
1407,良樹,……？　おい。, , ,良樹,......？　おい。, , ,良樹,―,,,良樹,……？　喂。,,,1,64,25,1,0,0,0,0,0,,Translated
1408,あゆみ,ん？, , ,あゆみ,ん？, , ,あゆみ,―,,,あゆみ,嗯？,,,1,44,3,1,0,0,0,0,0,,Translated
1409,良樹,あれ……あの人体模型、, , ,良樹,あれ......あの人体模型、, , ,良樹,―,,,良樹,那個……那個人體模型，,,,1,65,25,1,0,0,0,0,0,,Translated
1410,良樹,さっき、あんなとこに立ってたか？, , ,良樹,さっき、あんなとこに立ってたか？, , ,良樹,―,,,良樹,剛才，是站在那種地方的嗎？,,,1,66,25,1,0,0,0,0,0,,Translated
1411,あゆみ,……！　もうっ！, , ,あゆみ,......！　もうっ！, , ,あゆみ,―,,,あゆみ,……！　真是！,,,1,0,0,1,0,0,0,9,0,,Translated
1412,良樹,って！　なんだよ！？, , ,良樹,って！　なんだよ！？, , ,良樹,―,,,良樹,喂！　幹嘛啊！？,,,1,0,0,1,0,0,0,0,0,,Translated
1413,あゆみ,やめてって……やめてって……,言ってるのに……っ！, ,あゆみ,やめてって......やめてって......,言ってるのに......っ！, ,あゆみ,―,,,あゆみ,不要……不要……,明明說了……！,,1,46,3,1,0,0,0,0,0,,Translated
1414,あゆみ,なんでそうやって、怖がらせるの……？,私……いじめて楽しいの！？, ,あゆみ,なんでそうやって、怖がらせるの......？,私......いじめて楽しいの！？, ,あゆみ,―,,,あゆみ,為什麼要那樣嚇我……？,欺負我很有趣嗎！？,,1,47,3,1,0,0,0,0,0,,Translated
1415,良樹,いや……そうじゃねぇって篠崎！　まじで……, , ,良樹,いや......そうじゃねぇって篠崎！　まじで......, , ,良樹,―,,,良樹,不……不是那樣的篠崎！　真的……,,,1,0,0,1,0,0,0,19,0,,Translated
1416,あゆみ,知らない……！　もういや！　嫌い……！, , ,あゆみ,知らない......！　もういや！　嫌い......！, , ,あゆみ,―,,,あゆみ,我不知道……！　已經夠了！　討厭……！,,,1,0,0,1,0,0,0,0,0,,Translated
1417,良樹,篠崎……, , ,Yoshiki,Shinozaki...,,,良樹,―,,,良樹,篠崎……,,,1,68,25,1,0,0,0,0,0,,Translated
1418,あゆみ,嫌い……！, , ,あゆみ,嫌い......！, , ,あゆみ,―,,,あゆみ,討厭……！,,,1,48,3,1,0,0,0,0,0,,Translated
1419,良樹,――！！, , ,良樹,――！！, , ,良樹,―,,,良樹,――！！,,,1,69,25,1,0,0,0,0,0,,Translated
1420,人体模型,＃％＆）＠！, , ,人体模型,＃％＆）＠！, , ,人体模型,―,,,人体模型,＃％＆）＠！,,,1,48,7,1,0,0,0,0,0,,Translated
1421,良樹,くッ！, , ,良樹,くッ！, , ,良樹,―,,,良樹,可惡！,,,1,70,25,1,0,0,0,0,0,,Translated
1422,良樹,（……こいつ……篠崎の首を掴もうとしやがった）, , ,良樹,（......こいつ......篠崎の首を掴もうとしやがった）, , ,良樹,―,,,良樹,（……這傢伙……想抓住篠崎的脖子）,,,1,71,25,1,0,0,0,0,0,,Translated
1423,あゆみ,……えっ？……えっ？, , ,あゆみ,......えっ？......えっ？, , ,あゆみ,―,,,あゆみ,……咦？……咦？,,,1,49,3,1,0,0,0,0,0,,Translated
1424,良樹,逃げろ！　捕まったら殺されるぞ！, , ,良樹,逃げろ！　捕まったら殺されるぞ！, , ,良樹,―,,,良樹,快逃！　被抓到的話會被殺的！,,,1,72,25,1,0,0,0,0,0,,Translated
1425,,白衣に丸眼鏡をかけた、白骨化死体が椅子に座っています。, , ,,白衣に丸眼鏡をかけた、白骨化死体が椅子に座っています。, , ,,―,,,,穿著白袍戴著圓框眼鏡的白骨屍體坐在椅子上。,,,0,0,0,1,0,0,0,0,0,,Translated
1426,,　棚は空っぽです……, , ,,　棚は空っぽです......, , ,,―,,,,　櫃子是空的……,,,0,0,0,1,0,0,0,0,0,,Translated
1427,,理科室の鍵　を取りました。, , ,,理科室の鍵　を取りました。, , ,,―,,,,取得了理科室的鑰匙。,,,0,0,0,1,0,0,0,0,0,,Translated
1428,由香,いやァ！, , ,由香,いやァ！, , ,由香,―,,,由香,不要！,,,1,129,29,1,0,0,0,0,0,,Translated
1429,由香,おにいちゃあぁん……！,うううぅ～、うううぅぅ～～～っ, ,由香,おにいちゃあぁん......！,うううぅ～、うううぅぅ～～～っ, ,由香,―,,,由香,哥哥～～！,嗚嗚嗚～、嗚嗚嗚嗚～～～,,1,130,29,1,0,0,0,0,0,,Translated
1430,刻命,……さて由香ちゃん。, , ,刻命,......さて由香ちゃん。, , ,刻命,―,,,刻命,……那麼由香。,,,1,50,7,1,0,0,0,0,0,,Translated
1431,刻命,君は殺すよ。どうあれ、それは決定している。, , ,刻命,君は殺すよ。どうあれ、それは決定している。, , ,刻命,―,,,刻命,我會殺掉妳。無論如何，這是已經決定的事。,,,1,51,7,1,0,0,0,0,0,,Translated
1432,由香,ううっ、ふぅっ……　ううっ……！, , ,由香,ううっ、ふぅっ......　ううっ......！, , ,由香,―,,,由香,嗚嗚、呼嗚……　嗚嗚……！,,,1,131,29,1,0,0,0,0,0,,Translated
1433,刻命,平和な学生生活から一転して非日常……   ,気付けば命の際（きわ）……    ,フフッ、信じられないかい？,刻命,平和な学生生活から一転して非日常......   ,気付けば命の際（きわ）......    ,フフッ、信じられないかい？,刻命,―,,,刻命,從和平的學生生活一變為非日常……　,回過神來已在生死邊緣……　,呵呵，不敢相信吧？,1,52,7,1,0,0,0,0,0,,Translated
1434,由香,ううっ……ふうっ……, , ,由香,ううっ......ふうっ......, , ,由香,―,,,由香,嗚嗚……呼嗚……,,,1,132,29,1,0,0,0,0,0,,Translated
1435,刻命,『まさか今日自分が死ぬなんて！』, , ,刻命,『まさか今日自分が死ぬなんて！』, , ,刻命,―,,,刻命,『沒想到今天自己會死！』,,,1,53,7,1,0,0,0,0,0,,Translated
1436,刻命,……事故で運悪く命を落とす人達は、,朝、目が覚めて、ベッドから出て顔を洗って、, ,刻命,......事故で運悪く命を落とす人達は、,朝、目が覚めて、ベッドから出て顔を洗って、, ,刻命,―,,,刻命,……因事故不幸喪生的人們，,早上醒來，下床洗臉，,,1,54,7,1,0,0,0,0,0,,Translated
1437,刻命,その時には、夢にも思っていないことだろう。, , ,刻命,その時には、夢にも思っていないことだろう。, , ,刻命,―,,,刻命,那時候，他們做夢也想不到吧。,,,1,55,7,1,0,0,0,0,0,,Translated
1438,刻命,大丈夫、それと似たようなものさ。, , ,刻命,大丈夫、それと似たようなものさ。, , ,刻命,―,,,刻命,沒事的，和那個差不多。,,,1,56,7,1,0,0,0,0,0,,Translated
1439,刻命,死は、非日常なんかじゃないんだ。,常にいつも、人の生活のそばに寄り添っている。, ,刻命,死は、非日常なんかじゃないんだ。,常にいつも、人の生活のそばに寄り添っている。, ,刻命,―,,,刻命,死亡並不是非日常。,它總是，一直，伴隨在人們的生活身邊。,,1,57,7,1,0,0,0,0,0,,Translated
1440,由香,うううぅぅぅ……, , ,由香,うううぅぅぅ......, , ,由香,―,,,由香,嗚嗚嗚嗚……,,,1,133,29,1,0,0,0,0,0,,Translated
1441,刻命,それを忘れるから、死の際に驚く羽目になる。,愚の骨頂だ。, ,刻命,それを忘れるから、死の際に驚く羽目になる。,愚の骨頂だ。, ,刻命,―,,,刻命,正是因為忘記了這一點，才會在臨死時感到驚訝。,愚蠢至極。,,1,58,7,1,0,0,0,0,0,,Translated
1442,刻命,だが……それが妙味。, , ,刻命,だが......それが妙味。, , ,刻命,―,,,刻命,但是……那正是其妙趣所在。,,,1,59,7,1,0,0,0,0,0,,Translated
1443,刻命,由香ちゃん……僕はね。今まで、沢山見て、,触れてきたんだ……, ,刻命,由香ちゃん......僕はね。今まで、沢山見て、,触れてきたんだ......, ,刻命,―,,,刻命,由香……我呢。至今為止，看過很多，,觸碰過很多……,,1,60,7,1,0,0,0,0,0,,Translated
1444,刻命,色んな生き物の、『命の終わる瞬間』を……, , ,刻命,色んな生き物の、『命の終わる瞬間』を......, , ,刻命,―,,,刻命,各種生物的『生命終結的瞬間』……,,,1,61,7,1,0,0,0,0,0,,Translated
1445,刻命,それぞれが最後まで生きようと、,決してあきらめずに, ,刻命,それぞれが最後まで生きようと、,決してあきらめずに, ,刻命,―,,,刻命,每一種生物都為了活到最後，,絕不放棄,,1,62,7,1,1,0,0,0,0,,Translated
1446,刻命,命の閃きを燃やし尽くして、消えていった。, , ,刻命,命の閃きを燃やし尽くして、消えていった。, , ,刻命,―,,,刻命,燃盡生命的閃光，然後消逝。,,,1,63,7,1,0,0,0,0,0,,Translated
1447,刻命,生きる、という……とても美しい輝きを,そこに見たんだ。, ,刻命,生きる、という......とても美しい輝きを,そこに見たんだ。, ,刻命,―,,,刻命,我從中看到了，名為「活著」的……,非常美麗的光芒。,,1,64,7,1,0,0,0,0,0,,Translated
1448,刻命,だけど、人間はね。, , ,刻命,だけど、人間はね。, , ,刻命,―,,,刻命,但是，人類呢。,,,1,65,7,1,0,0,0,0,0,,Translated
1449,刻命,こんなにも色んな事を考え、,他者にそれを伝える事の出来る、,大きな脳というものを持ちながら,刻命,こんなにも色んな事を考え、,他者にそれを伝える事の出来る、,大きな脳というものを持ちながら,刻命,―,,,刻命,擁有能夠思考這麼多事情，,並將其傳達給他人的，,大腦，,1,66,7,1,0,0,0,0,0,,Translated
1450,刻命,命とは……死について……,それを、深く想像しようとしない。, ,刻命,命とは......死について......,それを、深く想像しようとしない。, ,刻命,―,,,刻命,卻不去深刻地想像生命……與死亡……。,,,1,67,7,1,0,0,0,0,0,,Translated
1451,刻命,生きる意味を考え、自分を律し、,人生から無駄を排除する……　,そんな事にはまったく無関心で、,刻命,生きる意味を考え、自分を律し、,人生から無駄を排除する......　,そんな事にはまったく無関心で、,刻命,―,,,刻命,思考活著的意義，約束自己，,從人生中排除浪費……　,對這些事完全漠不關心，,1,68,7,1,0,0,0,0,0,,Translated
1452,刻命,自分の価値を築く事から目をそむけ、,日々怠惰をむさぼり……, ,刻命,自分の価値を築く事から目をそむけ、,日々怠惰をむさぼり......, ,刻命,―,,,刻命,逃避建立自身價值，,每天沉溺於怠惰……,,1,69,7,1,0,0,0,0,0,,Translated
1453,刻命,あまつさえ、愚かにも自分から死のうとさえする。, , ,刻命,あまつさえ、愚かにも自分から死のうとさえする。, , ,刻命,―,,,刻命,甚至愚蠢到試圖自己去死。,,,1,70,7,1,0,0,0,0,0,,Translated
1454,刻命,意味のわからない連中ばかりだ。, , ,刻命,意味のわからない連中ばかりだ。, , ,刻命,―,,,刻命,盡是些無法理解的傢伙。,,,1,71,7,1,0,0,0,0,0,,Translated
1455,刻命,僕はね、興味があるんだ。, , ,刻命,僕はね、興味があるんだ。, , ,刻命,―,,,刻命,我啊，對這個很感興趣。,,,1,72,7,1,0,0,0,0,0,,Translated
1456,刻命,人が命の終わりを意識したとき……,自分のその身に死が降りかかったとき、, ,刻命,人が命の終わりを意識したとき......,自分のその身に死が降りかかったとき、, ,刻命,―,,,刻命,當人意識到生命的終結時……,當死亡降臨在自己身上時，,,1,73,7,1,0,0,0,0,0,,Translated
1457,刻命,どんな命の爆発を見せるのか……,それが、ただ見たい。, ,刻命,どんな命の爆発を見せるのか......,それが、ただ見たい。, ,刻命,―,,,刻命,會展現出怎樣的生命爆發呢……,我只是，想看那個。,,1,74,7,1,0,0,0,0,0,,Translated
1458,刻命,黒崎は……　とても美しかった。, , ,刻命,黒崎は......　とても美しかった。, , ,刻命,―,,,刻命,黒崎……　非常美麗。,,,1,75,7,1,0,0,0,0,0,,Translated
1459,刻命,あいつは、僕のことを理解してくれていたの,かもしれない。,あんなに激しい爆発を見せてくれるなんて……,刻命,あいつは、僕のことを理解してくれていたの,かもしれない。,あんなに激しい爆発を見せてくれるなんて......,刻命,―,,,刻命,那傢伙，也許是理解我的吧。,竟然展現出那麼激烈的爆發……,,1,76,7,1,0,0,0,0,0,,Translated
1460,刻命,あはははっ、はっはっはっははは……！, , ,刻命,あはははっ、はっはっはっははは......！, , ,刻命,―,,,刻命,啊哈哈哈、哈哈哈……！,,,1,77,7,1,0,0,0,0,0,,Translated
1461,刻命,由香ちゃん、君は……　僕の妹だ。, , ,刻命,由香ちゃん、君は......　僕の妹だ。, , ,刻命,―,,,刻命,由香，妳是……　我的妹妹。,,,1,78,7,1,0,0,0,0,0,,Translated
1462,刻命,無反応を装って、僕を困らせたりしないだろう？, , ,刻命,無反応を装って、僕を困らせたりしないだろう？, , ,刻命,―,,,刻命,妳不會裝作沒有反應，讓我為難吧？,,,1,79,7,1,0,0,0,0,0,,Translated
1463,刻命,……しっかり見せてくれるね？　,断末魔の死のダンスを……, ,刻命,......しっかり見せてくれるね？　,断末魔の死のダンスを......, ,刻命,―,,,刻命,……會讓我看清楚的吧？　,臨終的死亡之舞……,,1,80,7,1,0,0,0,0,0,,Translated
1464,刻命,痛かったら、悲鳴をあげていいからね？, , ,刻命,痛かったら、悲鳴をあげていいからね？, , ,刻命,―,,,刻命,如果痛的話，可以尖叫喔？,,,1,81,7,1,0,0,0,0,0,,Translated
1465,刻命,恥ずかしい事じゃないんだよ？, , ,刻命,恥ずかしい事じゃないんだよ？, , ,刻命,―,,,刻命,不是什麼可恥的事喔？,,,1,82,7,1,0,0,0,0,0,,Translated
1466,由香,うううぅーーー！,おにいちゃあぁぁーーん！, ,由香,うううぅーーー！,おにいちゃあぁぁーーん！, ,由香,―,,,由香,嗚嗚嗚～～～！,哥哥～～～～！,,1,0,0,1,0,0,0,0,0,,Translated
1467,刻命,ヒハハハハ、それだ、それでいい！,もっとだ！, ,刻命,ヒハハハハ、それだ、それでいい！,もっとだ！, ,刻命,―,,,刻命,嘻哈哈哈、就是這樣、這樣就好！,再多一點！,,1,83,7,1,0,0,0,0,0,,Translated
1468,由香,いやああぁぁ～！, , ,由香,いやああぁぁ～！, , ,由香,いやああぁぁ~！, , ,由香,不要啊啊～～！,,,1,135,29,1,0,0,0,0,0,,Translated
1469,刻命,ハハハハハハハ！, , ,刻命,ハハハハハハハ！, , ,刻命,ハハハハハハハ！, , ,刻命,哈哈哈哈哈哈！,,,1,0,0,1,0,0,0,0,0,,Translated
1470,由香,やあぁ～だぁぁ～！, , ,由香,やあぁ～だぁぁ～！, , ,由香,やあぁ~だぁぁ~！, , ,由香,不要～～！,,,1,136,29,1,0,0,0,0,0,,Translated
1471,由香,ううっ、ふぅっ……　ううっ……！ , , ,由香,ううっ、ふぅっ......　ううっ......！ , , ,由香,ううっ、ふぅっ……　ううっ……！ , , ,由香,嗚嗚、呼嗚……　嗚嗚……！ ,,,1,137,29,1,0,0,0,0,0,,Translated
1472,刻命,いいぞ、もっと輝け！,綺麗だよ、綺麗だよ……！, ,刻命,いいぞ、もっと輝け！,綺麗だよ、綺麗だよ......！, ,刻命,いいぞ、もっと輝け！,綺麗だよ、綺麗だよ……！, ,刻命,好，再多閃耀一點！,很美喔、很美喔……！,,1,85,7,1,0,0,0,0,0,,Translated
1473,由香,はっ……はっ……！, , ,由香,はっ......はっ......！, , ,由香,はっ……はっ……！, , ,由香,哈……哈……！,,,1,138,29,1,0,0,0,0,0,,Translated
1474,刻命,ハァ……ハァ……, , ,刻命,ハァ......ハァ......, , ,刻命,ハァ……ハァ……, , ,刻命,哈啊……哈啊……,,,1,86,7,1,0,0,0,0,0,,Translated
1475,刻命,……。　由香ちゃん、君の好きな食べ物や飲み物……,本やＴＶを想像してごらん？, ,刻命,......。　由香ちゃん、君の好きな食べ物や飲み物......,本やＴＶを想像してごらん？, ,刻命,……。　由香ちゃん、君の好きな食べ物や飲み物……,本やＴＶを想像してごらん？, ,刻命,……。　由香，試著想像你喜歡的食物和飲料……,書和電視？,,1,87,7,1,0,0,0,0,0,,Translated
1476,由香,はぁ……はぁ……, , ,由香,はぁ......はぁ......, , ,由香,はぁ……はぁ……, , ,由香,哈啊……哈啊……,,,1,139,29,1,0,0,0,0,0,,Translated
1477,刻命,……どんな気分だい？, , ,刻命,......どんな気分だい？, , ,刻命,……どんな気分だい？, , ,刻命,……感覺如何？,,,1,88,7,1,0,0,0,0,0,,Translated
1478,刻命,それら全てを、,……君はもう二度と楽しむ事が出来ない。, ,刻命,それら全てを、,......君はもう二度と楽しむ事が出来ない。, ,刻命,それら全てを、,……君はもう二度と楽しむ事が出来ない。, ,刻命,你已經再也無法享受它們了。,,,1,89,7,1,0,0,0,0,0,,Translated
1479,刻命,死んで全てが終わるんだ。全部ストップだ。,終わりだ。, ,刻命,死んで全てが終わるんだ。全部ストップだ。,終わりだ。, ,刻命,死んで全てが終わるんだ。全部ストップだ。,終わりだ。, ,刻命,死了就一切都結束了。全部停止。,結束了。,,1,90,7,1,0,0,0,0,0,,Translated
1480,刻命,お前はもう終わるんだ。, , ,刻命,お前はもう終わるんだ。, , ,刻命,お前はもう終わるんだ。, , ,刻命,你馬上就要結束了。,,,1,91,7,1,0,0,0,0,0,,Translated
1481,刻命,死……！っ死ぬんだよ……！, , ,刻命,死......！っ死ぬんだよ......！, , ,刻命,死……！っ死ぬんだよ……！, , ,刻命,死……！你要死了……！,,,1,92,7,1,0,0,0,0,0,,Translated
1482,由香,……いぁ……ァァー　っあぁぁぁぁーー, , ,由香,......いぁ......ァァー　っあぁぁぁぁーー, , ,由香,……いぁ……ァァー　っあぁぁぁぁーー, , ,由香,……不要……啊啊　啊啊啊啊～～,,,1,140,29,1,0,0,0,0,0,,Translated
1483,刻命,フククッ　……イクよ？,　……『ショー・ターイム』ッッ！！♪, ,刻命,フククッ　......イクよ？,　......『ショー・ターイム』ッッ！！♪, ,刻命,フククッ　……イクよ？,　……『ショー・ターイム』ッッ！！♪, ,刻命,呵呵　……要去了喔？,　……『開・始・了』！！♪,,1,93,7,1,0,0,0,0,0,,Translated
1484,刻命,ぐゥあッ！, , ,刻命,ぐゥあッ！, , ,刻命,ぐゥあッ！, , ,刻命,呃啊！,,,1,0,0,1,0,0,0,6,0,,Translated
1485,由香,はぁ、はぁ……　……っ？, , ,由香,はぁ、はぁ......　......っ？, , ,由香,はぁ、はぁ……　……っ？, , ,由香,哈啊、哈啊……　……？,,,1,141,29,1,0,0,0,0,0,,Translated
1486,ヨシカズ,ウ……ウウゥ, , ,ヨシカズ,ウ......ウウゥ, , ,ヨシカズ,ウ……ウウゥ, , ,ヨシカズ,嗚……嗚嗚,,,1,178,26,1,0,0,0,0,0,,Translated
1487,由香,助けてくれるの？, , ,由香,助けてくれるの？, , ,由香,助けてくれるの？, , ,由香,你是來救我的嗎？,,,1,142,29,1,0,0,0,0,0,,Translated
1488,ヨシカズ,ウ……ウ, , ,ヨシカズ,ウ......ウ, , ,ヨシカズ,ウ……ウ, , ,ヨシカズ,嗚……嗚,,,1,179,26,1,0,0,0,0,0,,Translated
1489,由香,あ……あの……　ありがとう。, , ,由香,あ......あの......　ありがとう。, , ,由香,あ……あの……　ありがとう。, , ,由香,啊……那個……　謝謝。,,,1,143,29,1,0,0,0,0,0,,Translated
1490,ヨシカズ,ウ！ ……ウウゥゥゥゥ……！, , ,ヨシカズ,ウ！ ......ウウゥゥゥゥ......！, , ,ヨシカズ,ウ！ ……ウウゥゥゥゥ……！, , ,ヨシカズ,嗚！ ……嗚嗚嗚嗚……！,,,1,180,26,1,0,0,0,0,0,,Translated
1491,由香,……？, , ,由香,......？, , ,由香,……？, , ,由香,……？,,,1,144,29,1,0,0,0,0,0,,Translated
1492,ヨシカズ,ウゥ……ゥゥ…　ウオォォゥォアァァアアア！！, , ,ヨシカズ,ウゥ......ゥゥ...　ウオォォゥォアァァアアア！！, , ,ヨシカズ,ウゥ……ゥゥ…　ウオォォゥォアァァアアア！！, , ,ヨシカズ,嗚嗚……嗚嗚…　嗚喔喔喔啊啊啊啊！！,,,1,181,26,1,0,0,0,0,0,,Translated
1493,良樹,放せコラッ！　てめェ！, , ,Yoshiki,"Let her go, you bastard!",,,요시키,이 자식!  놔!,,,良樹,放開她！　你這傢伙！,,,1,74,25,1,0,0,0,0,0,,Translated
1494,人体模型,＆％（＃＄ッ！, , ,Anatomical Model,&%@#$^!,,,인체모형,＆％（＃＄！,,,人体模型,＆％（＃＄！,,,1,48,7,1,1,0,0,0,0,,Translated
1495,良樹,ぐァッ！, , ,Yoshiki,Glgh!!,,,요시키,구억!,,,良樹,呃啊！,,,1,75,25,1,0,0,0,0,0,,Translated
1496,あゆみ,けっほ！　けほっ！　んぐッ, , ,Ayumi,*cough* *hack*,,,아유미,콜록!  콜록!  으윽,,,あゆみ,咳咳！　咳咳！　嗯,,,1,51,3,1,0,0,0,0,0,,Translated
1497,あゆみ,！　いや！　あああぁぁー！, , ,Ayumi,Gh-glgh... Noooooo! NOOOOOOOO!!,,,아유미,!  싫어!  아아아아아~!,,,あゆみ,！　不要！　啊啊啊～！,,,1,52,3,1,0,0,0,0,0,,Translated
1498,良樹,っ、篠崎！, , ,Yoshiki,Shinozaki!!,,,요시키,"윽, 시노자키!",,,良樹,、篠崎！,,,1,76,25,1,0,0,0,0,0,,Translated
1499,良樹,この！, , ,Yoshiki,Goddammned...,,,요시키,이게!,,,良樹,你這！,,,1,77,25,1,0,0,0,0,0,,Translated
1500,良樹,ぐッ……！, , ,Yoshiki,Grgh...!,,,요시키,윽......!,,,良樹,呃……！,,,1,78,25,1,0,0,0,0,0,,Translated
1501,良樹,くそッ！　どけよ、てめェ！, , ,Yoshiki,"Move, you asshole!",,,요시키,"젠장!  비켜, 이 자식!",,,良樹,可惡！　滾開，你這傢伙！,,,1,79,25,1,0,0,0,0,0,,Translated
1502,良樹,ぐァッ, , ,Yoshiki,Gaggh!,,,요시키,그억,,,良樹,呃啊,,,1,80,25,1,0,0,0,0,0,,Translated
1503,良樹,うあああァー！, , ,Yoshiki,Rrrrrrrrgg...,,,요시키,우아아아아~!,,,良樹,嗚啊啊啊～！,,,1,81,25,1,0,0,0,0,0,,Translated
1504,良樹,っぐ！, , ,Yoshiki,URGH!!,,,요시키,으!,,,良樹,呃！,,,1,82,25,1,0,0,0,0,0,,Translated
1505,あゆみ,やめて！, , ,Ayumi,STOP IT!!,,,아유미,그만둬!,,,あゆみ,住手！,,,1,53,3,1,0,0,0,0,0,,Translated
1506,良樹,…………, , ,Yoshiki,*pant* *wheeze* *cough*,,,요시키,헉헉... 씩... 쿨럭.,,,良樹,…………,,,1,83,25,1,0,0,0,0,0,,Translated
1507,あゆみ,やめてよ！　もういい……もういいから……逃げて。, , ,Ayumi,"Stop it, please! Just leave me! Run! Get out",of here!,,아유미,그만둬!  이제 됐어...... 됐으니까...... 도망쳐.,,,あゆみ,住手！　夠了……夠了……快逃。,,,1,54,3,1,0,0,0,0,0,,Translated
1508,良樹,篠崎……っ心配……するな。, , ,Yoshiki,Shinozaki...,Don't...worry...,,요시키,시노자키...... 걱정...... 하지 마.,,,良樹,篠崎……別……擔心。,,,1,84,25,1,0,0,0,0,0,,Translated
1509,良樹,助けてやるから。, , ,Yoshiki,I'm going to save you.,,,요시키,구해줄 테니까.,,,良樹,我會救妳的。,,,1,85,25,1,0,0,0,0,0,,Translated
1510,あゆみ,あなたが死んじゃうじゃない！,血が……血が！　いっぱい出てる！, ,Ayumi,You're just going to die! Look at you!,"You're bleeding, badly!",,아유미,네가 죽어 버리잖아!,피가...... 피가!  잔뜩 나왔어!,,あゆみ,你會死的！,血……血！　流了好多！,,1,55,3,1,0,0,0,0,0,,Translated
1511,あゆみ,委員長命令よ！　もうやめて！, , ,Ayumi,This is an order from your class rep! Leave me!!,,,아유미,반장의 명령이야!  그만해!,,,あゆみ,這是班長命令！　住手！,,,1,56,3,1,0,0,0,0,0,,Translated
1512,良樹,っせぇ！　ごちゃごちゃ言うな！, , ,Yoshiki,"Oh, just shut it! Don't give me that crap!",,,요시키,시끄러!  쫑알대지 마!,,,良樹,吵死了！　別囉嗦！,,,1,86,25,1,0,0,0,0,0,,Translated
1513,良樹,哲志じゃない。, , ,Yoshiki,I'm not Satoshi...,,,요시키,사토시가 아냐.,,,良樹,我不是哲志。,,,1,87,25,1,0,0,0,0,0,,Translated
1514,良樹,お前は！　俺が護るんだ！, , ,Yoshiki,But...I'm going to protect you anyway!,,,요시키,넌!  내가 지킬 거라고!,,,良樹,妳！　由我來保護！,,,1,88,25,1,0,0,0,0,0,,Translated
1515,あゆみ,……！, , ,Ayumi,...,,,아유미,......!,,,あゆみ,……！,,,1,57,3,1,0,0,0,0,0,,Translated
1516,良樹,（くそ……さすがにこのままじゃ、,　俺がくたばっちまうな……何か、ないか……！）, ,Yoshiki,"(Damn... If this keeps up, I'm a goner.",There's gotta be some way...),,요시키,(젠장...... 이대로 가면,"내가 죽게 생겼네...... 무슨 수가, 없을까......!)",,良樹,（可惡……這樣下去，,　我會死的……有沒有什麼辦法……！）,,1,89,25,1,0,0,0,0,0,,Translated
1517,良樹,（ガスバーナー！）　これだ！, , ,Yoshiki,(The gas burner...),That's it!,,요시키,(가스 버너!)    이거다!,,,良樹,（瓦斯噴槍！）　這個！,,,1,96,25,1,0,0,0,0,0,,Translated
1518,良樹,くらえッ！, , ,Yoshiki,Eat THIS!!,,,요시키,먹어라!,,,良樹,吃我這招！,,,1,0,0,1,0,0,0,6,0,,Translated
1519,人体模型,……！！, , ,Anatomical Model,...!,,,인체모형,......!!,,,人体模型,……！！,,,1,0,0,1,0,0,0,6,0,,Translated
1520,良樹,……けぇっ！, , ,Yoshiki,Geeehhh!!,,,요시키,...... 케엑!,,,良樹,……咳！,,,1,0,0,1,0,0,0,0,1,,Translated
1521,良樹,ハァッ、ハァッ、ハァッ、ハァッ！, , ,Yoshiki,*pant* *pant*,*pant* *pant* *pant*,,요시키,"허억, 허억, 허억, 허억!",,,良樹,哈啊、哈啊、哈啊、哈啊！,,,1,99,25,1,0,0,0,0,0,,Translated
1522,あゆみ,ばか！　……ばか！, , ,Ayumi,You jerk...,You dumbass!,,아유미,바보!  ...... 바보!,,,あゆみ,笨蛋！　……笨蛋！,,,1,63,3,1,0,0,0,0,0,,Translated
1523,良樹,篠崎……　よかったな、無事で。, , ,Yoshiki,Shinozaki... Heheh...,Glad to see you're still in one piece.,,요시키,"시노자키......  다행이다, 무사해서.",,,良樹,篠崎……　太好了，妳沒事。,,,1,100,25,1,0,0,0,0,0,,Translated
1524,あゆみ,ばか！……ばか！　嫌い！, , ,Ayumi,You...stupid... Ugh! I hate you so much!,,,아유미,바보! ...... 바보!  싫어!,,,あゆみ,笨蛋！……笨蛋！　討厭！,,,1,64,3,1,0,0,0,0,0,,Translated
1525,良樹,ッハハハハ。, , ,Yoshiki,Ha...hahahahaha...,,,요시키,으하하하하.,,,良樹,哈哈哈。,,,1,101,25,1,0,0,0,0,0,,Translated
1526,あゆみ,うううぅぅぅーっ　うううぅぅぅーーっ, , ,Ayumi,*sob* *bawl*,,,아유미,우우우우우~  우우우우우우~~,,,あゆみ,嗚嗚嗚嗚～　嗚嗚嗚嗚～～,,,1,65,3,1,0,0,0,0,0,,Translated
1527,良樹,元気な泣き声だな。その調子なら大丈夫だな。, , ,Yoshiki,Sounds like a happy cry to me.,Guess that means you're okay.,,요시키,잘도 우네. 그 모습을 보니 문제없겠군.,,,良樹,哭得真有精神。看這樣子應該沒事了。,,,1,102,25,1,0,0,0,0,0,,Translated
1528,あゆみ,死なないで！, , ,Ayumi,Don't die!,,,아유미,죽지 마!,,,あゆみ,不要死！,,,1,66,3,1,0,0,0,0,0,,Translated
1529,あゆみ,絶対死なないで！, , ,Ayumi,"Don't die, dammit!",,,아유미,절대로 죽지 마!,,,あゆみ,絕對不要死！,,,1,67,3,1,0,0,0,0,0,,Translated
1530,良樹,わかったよ。篠崎、泣くな。笑ってくれ。, , ,Yoshiki,"All right, all right already! Just stop crying,",Shinozaki. I want to see you smile.,,요시키,"알았어.  시노자키, 울지 마. 웃어.",,,良樹,我知道了。篠崎，不要哭。笑一個。,,,1,103,25,1,0,0,0,0,0,,Translated
1531,良樹,笑ってるお前の顔が一番好きなんだよ、俺。, , ,Yoshiki,I love your smiling face most of all.,,,요시키,"네 웃는 얼굴이 제일 좋아, 나는.",,,良樹,我最喜歡妳笑的樣子了。,,,1,104,25,1,0,0,0,0,0,,Translated
1532,良樹,――あの後, , ,Yoshiki,So that's when it happened...,,,요시키,――얼마 후,,,良樹,――在那之後,,,1,166,31,1,0,0,0,0,0,,Translated
1533,あゆみ,岸沼くん！？, , ,Ayumi,Kishinuma?!,,,아유미,키시누마!?,,,あゆみ,岸沼同學！？,,,1,120,32,1,0,0,0,0,0,,Translated
1534,良樹,！？, , ,Yoshiki,Ah?!,,,요시키,!?,,,良樹,!？,,,1,167,31,1,0,0,0,0,0,,Translated
1535,良樹,うおおぁぁぁーーっ！！, , ,Yoshiki,EAUGHHHHHH!!!,,,요시키,으아아아아아아!!,,,良樹,嗚啊啊啊啊～～！！,,,1,168,31,1,0,0,0,0,0,,Translated
1536,あゆみ,岸沼くんーーっ！！, , ,Ayumi,Kishinuma!,,,아유미,키시누마!!,,,あゆみ,岸沼同學～～！！,,,1,121,32,1,0,0,0,0,0,,Translated
1537,良樹,くっ！！　ぐおああぁー！！, , ,Yoshiki,AHHHHHH! EARGHHH!!!,,,요시키,크윽!　으아아아아!!,,,良樹,可……呃啊啊啊！！,,,1,169,31,1,0,0,0,0,0,,Translated
1538,あゆみ,いやあぁぁぁ！！,うぐっ……ふぐっ……！, ,Ayumi,Nooooo! *hic* *sob*,,,아유미,으아아악!!　…………！,,,あゆみ,不要啊啊！！,…………！,,1,122,32,1,0,0,0,0,0,,Translated
1539,あゆみ,――っ！, , ,Ayumi,*gasp*,,,아유미,――윽!,,,あゆみ,――！,,,1,123,32,1,0,0,0,0,0,,Translated
1540,あゆみ,岸沼くん……, , ,Ayumi,Kishinuma...,,,아유미,키시누마……,,,あゆみ,岸沼同學……,,,1,124,32,1,0,0,0,0,0,,Translated
1541,あゆみ,…………, , ,Ayumi,...,,,아유미,…………,,,あゆみ,…………,,,1,125,32,1,0,0,0,0,0,,Translated
1542,良樹,…………, , ,Yoshiki,...,,,요시키,…………,,,良樹,…………,,,1,170,31,1,0,0,0,0,0,,Translated
1543,あゆみ,っ…………, , ,Ayumi,Ah...,,,아유미,아…………,,,あゆみ,…………,,,1,126,32,1,0,0,0,0,0,,Translated
1544,良樹,はは……んだよ。,……俺もう……死んでたのか……, ,Yoshiki,Haha... Dammit. Looks like I checked out already...,,,요시키,하……참. ……나 이미……죽어 있었던건가……,,,良樹,哈哈……真是的。,……我已經……死了嗎……,,1,171,31,1,0,0,0,0,0,,Translated
1545,あゆみ,ごめん……ごめんね、岸沼くん。,私のせいで……, ,Ayumi,"I'm sorry... I'm so sorry, Kishinuma. ",This is all my fault...,,아유미,"미안……미안해, 키시누마, ",나 때문에……,,あゆみ,對不起……對不起，岸沼同學。,都是我的錯……,,1,127,32,1,0,0,0,0,0,,Translated
1546,あゆみ,痛かったよね……熱かったよね……, , ,Ayumi,I know that must've hurt... ,The heat must've been excruciating...,,아유미,많이 아팠지……너무 힘들었을거야……,,,あゆみ,一定很痛吧……很熱吧……,,,1,128,32,1,0,0,0,0,0,,Translated
1547,良樹,お前、俺の声が聞こえるのか？,姿が見えるのか！？, ,Yoshiki,"Wait, you can hear me now? And see me, too?!",,,요시키,"너, 내 목소리가 들려? 내가 보이는거니!?",,,良樹,妳、聽得到我的聲音嗎？　看得到我嗎！？,,,1,172,31,1,0,0,0,0,0,,Translated
1548,あゆみ,うん……, , ,Ayumi,Uh-huh...,,,아유미,응……,,,あゆみ,嗯……,,,1,129,32,1,0,0,0,0,0,,Translated
1549,良樹,……そっか, , ,Yoshiki,...Ah. I get it now.,,,요시키,……그렇구나,,,良樹,……是嗎,,,1,173,31,1,0,0,0,0,0,,Translated
1550,良樹,（死んだことを思い出したから,　こいつにも見えるようになったのか）, ,Yoshiki,(So she can see me because I've realized I'm dead.),,,요시키,（죽은 기억이 들어서부터 얘한테도 보이게 된 건가.）,,,良樹,（因為想起了自己已經死了，,所以才看得到這傢伙嗎）,,1,0,0,0,0,0,0,0,0,,Translated
1551,良樹,ばっか……謝んなよ。,こうなったのは、俺が自分で選んだ結果,なんだからよ,Yoshiki,"C'mon, don't start apologizing now. ",I'm the one who decided to do it... ,I brought this on myself.,요시키,바보……사과는. ,이렇게 된 건 다 내 자신이 선택한 결과니까.,,良樹,別……道歉啊。,會變成這樣，是我自己選擇的結果,,1,174,31,1,0,0,0,0,0,,Translated
1552,あゆみ,でも……私が捕まらなければ……, , ,Ayumi,"But if it hadn't caught hold of me, ",then you wouldn't be...,,아유미,그래도……내가 잡히지만 않았어도……,,,あゆみ,可是……如果沒有我被抓住的話……,,,1,130,32,1,0,0,0,0,0,,Translated
1553,良樹,気にすんなって。,俺は……お前を守れて良かったよ, ,Yoshiki,"I'm telling you, don't worry about it.",I'm just...glad that I could save you.,,요시키,"괜찮아, 난……널 지킬 수 있게 돼 행운이라 생각해.",,,良樹,別在意了。,我……能保護妳真是太好了,,1,175,31,1,0,0,0,0,0,,Translated
1554,良樹,守れなかった方が俺は……,今よりずっとキツかったと思う, ,Yoshiki,I'd be feeling a lot worse if I hadn't. Trust me.,,,요시키,만약 널 지킬 수 없었더라면……,지금보다 더 힘들었을꺼야,,良樹,要是沒能保護妳的話……,我覺得會比現在更痛苦,,1,176,31,1,0,0,0,0,0,,Translated
1555,あゆみ,岸沼くん……（ズルっ）,どうして私を責めないの？,あなたにはその資格があるのに！,Ayumi,Kishinuma... *sniffle* ,Why aren't you taking it out on me? ,"You're entitled to that, at the very least!",아유미,키시누마……(훌쩍),왜 날 탓하지 않는거야? ,너한텐 분명 그럴 자격이 있잖아!,あゆみ,岸沼同學……（吸鼻子）,為什麼不責怪我？,你明明有那個資格！,1,131,32,1,0,0,0,0,0,,Translated
1556,良樹,……鼻水出てんぞ, , ,Yoshiki,...You've got snot all over your face.,,,요시키,……너 콧물 나는데,,,良樹,……妳流鼻涕了,,,1,177,31,1,0,0,0,0,0,,Translated
1557,あゆみ,っ……茶化さないで！　もう！, , ,Ayumi,"Ah, geez! Don't tease me like that!",,,아유미,……말 돌리지마! 좀!,,,あゆみ,……別岔開話題啦！　真是！,,,1,132,32,1,0,0,0,0,0,,Translated
1558,良樹,はは。篠崎、お前のそういう,感情全力なとこ……俺は、好――, ,Yoshiki,"Haha, you've always worn your heart on your sleeve.",It's one of the things I lo--,,요시키,"하하. 시노자키, 너의 이런 느낌……",난 너무 좋아――,,良樹,哈哈。篠崎，妳那種,全力投入感情的樣子……我，很喜――,,1,178,31,1,0,0,0,0,0,,Translated
1559,あゆみ,え？, , ,Ayumi,Huh?,,,아유미,어?,,,あゆみ,咦？,,,1,133,32,1,0,0,0,0,0,,Translated
1560,良樹,…………, , ,Yoshiki,...,,,요시키,…………,,,良樹,…………,,,1,179,31,1,0,0,0,0,0,,Translated
1561,良樹,……いや。なんでもない,――もう俺は……, ,Yoshiki,...Nothing. It's just that now...,,,요시키,"……아, 아무것도 아냐. ――나 이젠……",,,良樹,……不。沒什麼,――我已經……,,1,180,31,1,0,0,0,0,0,,Translated
1562,良樹,（おまえの頭、撫でることも出来ない……）, , ,Yoshiki,(...I can't even touch you anymore.),,,요시키,（너의 머리 쓰다듬는 것 조차 바랄 수 없어……）,,,良樹,（連摸妳的頭……也做不到了……）,,,1,0,0,0,0,0,0,0,0,,Translated
1563,あゆみ,ねえ……, , ,Ayumi,Hey...,,,아유미,저기……,,,あゆみ,喂……,,,1,134,32,1,0,0,0,0,0,,Translated
1564,良樹,ん？, , ,Yoshiki,Yeah?,,,요시키,응?,,,良樹,嗯？,,,1,181,31,1,0,0,0,0,0,,Translated
1565,あゆみ,私のお願い聞いてくれる？, , ,Ayumi,Can I ask you a favor?,,,아유미,내 부탁 하나 들어줄 수 있어?,,,あゆみ,你願意聽我的請求嗎？,,,1,135,32,1,0,0,0,0,0,,Translated
1566,良樹,お、おう。,なんだよ、お願いって, ,Yoshiki,"F-Favor? Sure, anything.",,,요시키,"으, 응. 근데 뭐지, 부탁이라니",,,良樹,喔、喔。,什麼請求？,,1,182,31,1,0,0,0,0,0,,Translated
1567,あゆみ,幽霊でもなんでもいいから、,私と一緒にいてくれないかな？, ,Ayumi,"I don't care if you're a ghost, ",so could you please...stay with me?,,아유미,유령이든 뭐든 상관없으니 나랑 함께 ,있어주지 않을래?,,あゆみ,不管是幽靈還是什麼都好，,你能陪在我身邊嗎？,,1,136,32,1,0,0,0,0,0,,Translated
1568,良樹,ははっ、なんだよそれ？, , ,Yoshiki,Haha! Did you really just say that?,,,요시키,"하하, 뭐야?",,,良樹,哈哈，什麼啊那是？,,,1,183,31,1,0,0,0,0,0,,Translated
1569,あゆみ,……真剣だよ？　わたし, , ,Ayumi,"I'm being serious, you know...!",,,아유미,……나 지금 진지하거든?,,,あゆみ,……我是認真的喔？,,,1,137,32,1,0,0,0,0,0,,Translated
1570,良樹,……はははは……！, , ,Yoshiki,Hahaha...,,,요시키,……하하하하……!,,,良樹,……哈哈哈……！,,,1,184,31,1,0,0,0,0,0,,Translated
1571,あゆみ,……っ, , ,Ayumi,Heehee...,,,아유미,……윽,,,あゆみ,……,,,1,138,32,1,0,0,0,0,0,,Translated
1572,良樹,（俺だってお前と一緒にいたかった）, , ,Yoshiki,(I wanted to be with you too.),,,요시키,（나 당연히 너랑 함께 있고 싶었어）,,,良樹,（我也想和妳在一起啊）,,,1,0,0,0,0,0,0,0,0,,Translated
1573,良樹,（けどさ。なんか無理っぽいんだよな）, , ,Yoshiki,(But that's just not possible now...),,,요시키,"（그런데 있잖아, 그렇게는 안될 것 같은 기분이 든단 말이야.）",,,良樹,（但是啊。總覺得好像不太可能）,,,1,0,0,0,0,0,0,0,0,,Translated
1574,良樹,（この天神小を彷徨っている奴らと,　俺の魂は違うみたいだ）, ,Yoshiki,(It seems like something about my soul is different ,from the other ones trapped here at Heavenly Host.),,요시키,（이 텐진초를 떠도는 녀석들이랑 내 ,영혼은 뭔가 다른 듯 해.）,,良樹,（我的靈魂和那些徘徊在天神小學校的傢伙們,　好像不太一樣）,,1,0,0,0,0,0,0,0,0,,Translated
1575,良樹,（どんどん、変わっていってるのが,　わかる……）, ,Yoshiki,"(I can feel myself changing, and fast...)",,,요시키,（점점 변하고 있는게 느껴져……）,,,良樹,（我能感覺到，自己正在逐漸改變……）,,,1,0,0,0,0,0,0,0,0,,Translated
1576,良樹,（きっと、俺はもう……）, , ,Yoshiki,(How much time do I even have le--),,,요시키,（나도 오래지 않아 꼭……）,,,良樹,（我一定，已經……）,,,1,0,0,0,0,0,0,0,0,,Translated
1577,あゆみ,ちょっと岸沼くん、聞いてるの？, , ,Ayumi,Kishinuma! Are you listening to me?!,,,아유미,"키시누마, 내 말 제대로 듣긴 한 거야?",,,あゆみ,喂岸沼同學，你有在聽嗎？,,,1,139,32,1,0,0,0,0,0,,Translated
1578,良樹,大丈夫、心配するなよ。,お前のことはちゃんと見守っててやるから,安心しろって,Yoshiki,"Yeah, I hear you loud and clear. Don't worry, ",I'll be watching over you.,,요시키,"괜찮아, 걱정 마. 너만은 꼭 지켜 줄 테니까 마음 놓아.",,,良樹,沒事的，別擔心。,我會好好守護妳的，放心吧,,1,185,31,1,0,0,0,0,0,,Translated
1579,あゆみ,……うん, , ,Ayumi,...Okay.,,,아유미,……응,,,あゆみ,……嗯,,,1,140,32,1,0,0,0,0,0,,Translated
1580,良樹,けどよ、たぶんこうして話が出来るのは,これが最後だと思う……, ,Yoshiki,"But just so you know, I think this is the last time ",we'll be able to talk like this.,,요시키,"그런데 있잖아, 이렇게 얘기 나눌 수 ",있는 건 지금이 마지막일 듯 해……,,良樹,不過啊，像這樣說話，,我想這應該是最後一次了……,,1,186,31,1,0,0,0,0,0,,Translated
1581,あゆみ,えっ！？　なんで！？　どうして！？,そんなの……そんなの嫌！, ,Ayumi,"What?! But why?! No... No, I don't want that!",,,아유미,뭐!?　왜!? 왜인데!?　그건……너무하잖아!,,,あゆみ,咦！？　為什麼！？　怎麼會！？,那種事……那種事我不要！,,1,141,32,1,0,0,0,0,0,,Translated
1582,良樹,しょうがねぇだろ。,俺だって話せるもんなら話してぇよ, ,Yoshiki,"Trust me, I'm not thrilled about it either. ",I'd keep talking if I had a choice in the matter.,,요시키,어쩔 수 없어. ,나도 이런 걸 원하지 않지만.,,良樹,我也沒辦法啊。,要是能說的話我也想說啊,,1,187,31,1,0,0,0,0,0,,Translated
1583,良樹,だからよ、わりぃけど俺はいないものだと,思ってほしい, ,Yoshiki,"So this is gonna suck, but...I'd like you to act",like I'm not even here.,,요시키,"그러니깐, 미안하지만 내가 존재하지 ",않는걸로 생각해 주었으면 해.,,良樹,所以啊，抱歉，但請妳當作,我不存在吧,,1,188,31,1,0,0,0,0,0,,Translated
1584,あゆみ,嫌！,, ,Ayumi,"No, please!",,,아유미,싫어!,,,あゆみ,不要！,,,1,142,32,1,0,0,0,0,0,,Translated
1585,良樹,泣いたってどうにもならねぇんだって。,……悪いな, ,Yoshiki,Crying's not gonna help either of us.,...I'm sorry.,,요시키,우는 건 아무런 도움도 안돼.,……미안해,,良樹,哭也沒用啊。,……對不起,,1,189,31,1,0,0,0,0,0,,Translated
1586,良樹,なあ、篠崎。,こんな姿になった以上、どこまで守れるか,分からない,Yoshiki,"Shinozaki, I'm not sure how much I can protect you ",now that I'm like this.,,요시키,"있잖아, 시노자키. ","나 이런 모습으로 돼 버린 이상, ",언제까지 지켜줄 수 있을지 알 수 없어.,良樹,吶，篠崎。,變成這個樣子之後，我也不知道能保護妳到什麼時候,,1,190,31,1,0,0,0,0,0,,Translated
1587,あゆみ,…………, , ,Ayumi,...,,,아유미,…………,,,あゆみ,…………,,,1,143,32,1,0,0,0,0,0,,Translated
1588,良樹,とにかく、お前は前を向いて,哲志たちと合流することを一番に考えろ, ,Yoshiki,So I want you to hang in there and focus on finding,Satoshi and the others for now.,,요시키,"어쨌든, 넌 앞을 향해 사토시 일행이랑 ",합류하는 걸 우선으로 생각해.,,良樹,總之，妳要向前看,把和哲志他們會合放在最優先,,1,191,31,1,0,0,0,0,0,,Translated
1589,あゆみ,……うん, , ,Ayumi,...Okay.,,,아유미,……응,,,あゆみ,……嗯,,,1,144,32,1,0,0,0,0,0,,Translated
1590,良樹,篠崎……, , ,Yoshiki,Shinozaki...,,,요시키,시노자키……,,,良樹,篠崎……,,,1,192,31,1,0,0,0,0,0,,Translated
1591,良樹,心配すんな。言葉は交わせなくなっても,お前の後ろには俺がいる。, ,Yoshiki,"Don't worry. Even if you don't see me, I'll always",be right behind you.,,요시키,걱정 마. 서로 말도 할 수 없게 되더라도 ,너의 뒤엔 내가 있어줄께.,,良樹,別擔心。就算無法交談，,我也會在妳身後。,,1,193,31,1,0,0,0,0,0,,Translated
1592,あゆみ,わかった……。,こんなところで私を一人にしたら,許さないんだから！,Ayumi,Okay...but I'll never forgive you if you leave me,here all alone!,,아유미,알았어……이런 곳에 날 홀로 ,두면 너 용서 안할테니까!,,あゆみ,我知道了……。,如果你在這種地方丟下我一個人，,我不會原諒你的！,1,145,32,1,0,0,0,0,0,,Translated
1593,あゆみ,絶対ついて来てよね！, , ,Ayumi,So you better stay with me!,,,아유미,꼭 따라와야 해!,,,あゆみ,絕對要跟著我喔！,,,1,146,32,1,0,0,0,0,0,,Translated
1594,良樹,っ……ううぅ……げっほ！,げほっ……！, ,Yoshiki,Rgh... *cough* *hack*,,,요시키,으……으윽……크헥!　켁……!,,,良樹,……嗚嗚……咳咳！,咳咳……！,,1,194,31,1,0,0,0,0,0,,Translated
1595,良樹,いってぇ……はあ、はあ……, , ,Yoshiki,Goddamn. It hurts... *pant* *wheeze*,,,요시키,"아파……아, 앗……",,,良樹,好痛……哈啊、哈啊……,,,1,195,31,1,0,0,0,0,0,,Translated
1596,良樹,これが死んでからも残る痛みってやつか。,結構きついな。ううっ！, ,Yoshiki,So this is the kind of pain that lingers even,after death. It ain't exactly a day at the spa...,Grk!,요시키,이게 바로 죽어서도 사라지지 ,않는 통증 이란건가. 꽤나 힘들잖아. ,으윽!,良樹,這就是死後也會殘留的疼痛嗎。,還真難受啊。嗚嗚！,,1,196,31,1,0,0,0,0,0,,Translated
1597,良樹,……篠崎……っ……絶対に、生き残るんだぞ？, , ,Yoshiki,Shinozaki... You better make it out of here alive.,Got that?,,요시키,"……시노자키……윽……꼭, ",살아 남아야 한다?,,良樹,……篠崎……一定……要活下去喔？,,,1,197,31,1,0,0,0,0,0,,Translated
1598,良樹,哲志たちと一緒に……絶対に……っ……, , ,Yoshiki,You... Satoshi...and everyone else...,,,요시키,사토시 일행이랑 함께……꼭……윽……,,,良樹,和哲志他們一起……一定要……,,,1,198,31,1,0,0,0,0,0,,Translated
1599,良樹,篠崎……, , ,Yoshiki,Shinozaki...,,,요시키,시노자키……,,,良樹,篠崎……,,,1,199,31,1,0,0,0,0,0,,Translated
1600,良樹,今まで……サンキュー……な……, , ,Yoshiki,Thanks...for everything...,,,요시키,지금까지……고마웠……어……,,,良樹,至今為止……謝謝……,,,1,200,31,1,0,0,0,0,0,,Translated
1601,哲志,……っ、何だここは？　凄い臭いだぞ。, , ,哲志,......っ、何だここは？　凄い臭いだぞ。, , ,哲志,―,,,哲志,……、這裡是哪裡？　好臭啊。,,,1,69,17,1,0,0,0,0,0,,Translated
1602,哲志,うッ……, , ,哲志,うッ......, , ,哲志,―,,,哲志,嗚……,,,1,70,17,1,0,0,0,0,0,,Translated
1603,直美,これって……, , ,直美,これって......, , ,直美,―,,,直美,這是……,,,1,146,12,1,0,0,0,0,0,,Translated
1604,由香,トイレ？, , ,由香,トイレ？, , ,由香,―,,,由香,廁所？,,,1,37,29,1,0,0,0,0,0,,Translated
1605,直美,……梯子……, , ,直美,......梯子......, , ,直美,―,,,直美,……梯子……,,,1,147,12,1,0,0,0,0,0,,Translated
1606,哲志,どこに出るんだろうな……？, , ,哲志,どこに出るんだろうな......？, , ,哲志,―,,,哲志,會通向哪裡呢……？,,,1,71,17,1,0,0,0,0,0,,Translated
1607,哲志,おい！　直美？, , ,哲志,おい！　直美？, , ,哲志,―,,,哲志,喂！　直美？,,,1,72,17,1,0,0,0,0,0,,Translated
1608,由香,お姉ちゃん！, , ,由香,お姉ちゃん！, , ,由香,―,,,由香,姊姊！,,,1,38,29,1,0,0,0,0,0,,Translated
1609,哲志,いっぺんに使うと壊れそうだな……。,由香、直美が登りきったらお前先に登りな。, ,哲志,いっぺんに使うと壊れそうだな......。,由香、直美が登りきったらお前先に登りな。, ,哲志,―,,,哲志,如果大家一起用的話好像會壞掉……。,由香，直美爬上去之後妳先爬。,,1,73,17,1,0,0,0,0,0,,Translated
1610,由香,うん……！　あ、ええと……, , ,由香,うん......！　あ、ええと......, , ,由香,―,,,由香,嗯……！　啊、呃……,,,1,39,29,1,0,0,0,0,0,,Translated
1611,哲志,ん？, , ,哲志,ん？, , ,哲志,―,,,哲志,嗯？,,,1,74,17,1,0,0,0,0,0,,Translated
1612,由香,由香、最後がいい。, , ,由香,由香、最後がいい。, , ,由香,―,,,由香,由香想最後一個。,,,1,40,29,1,0,0,0,0,0,,Translated
1613,哲志,？　……ああ……, , ,哲志,？　......ああ......, , ,哲志,―,,,哲志,？　……啊啊……,,,1,75,17,1,0,0,0,0,0,,Translated
1614,哲志,でも、大丈夫か？　俺が登りきるまで、,一人でここにいても。, ,哲志,でも、大丈夫か？　俺が登りきるまで、,一人でここにいても。, ,哲志,―,,,哲志,但是，沒事吧？　在我爬上去之前，,妳一個人在這裡。,,1,76,17,1,0,0,0,0,0,,Translated
1615,由香,（ぶるっ……）ん、うん、平気……, , ,由香,（ぶるっ......）ん、うん、平気......, , ,由香,―,,,由香,（抖……）嗯、嗯，沒事的……,,,1,41,29,1,0,0,0,0,0,,Translated
1616,,自分が先に登る,由香を先に登らせる,,,自分が先に登る,由香を先に登らせる,,,―,,,,自己先爬,讓由香先爬,,0,255,255,255,255,255,255,255,255,,Translated
1617,哲志,よし、じゃぁ俺も急いで登るから、,声をかけたらお前も, ,哲志,よし、じゃぁ俺も急いで登るから、,声をかけたらお前も, ,哲志,―,,,哲志,好，那我也快點爬上去，,叫妳的時候妳也,,1,77,17,1,0,0,0,0,0,,Translated
1618,哲志,すぐに登ってくるんだぞ。, , ,哲志,すぐに登ってくるんだぞ。, , ,哲志,―,,,哲志,要馬上爬上來喔。,,,1,78,17,1,0,0,0,0,0,,Translated
1619,由香,うん。, , ,由香,うん。, , ,由香,―,,,由香,嗯。,,,1,42,29,1,0,0,0,0,0,,Translated
1620,由香,イヤ！, , ,由香,イヤ！, , ,由香,―,,,由香,不要！,,,1,43,29,1,0,0,0,0,0,,Translated
1621,哲志,お前ひとり残してて、何かが急に襲って来たら,どうするんだ？, ,哲志,お前ひとり残してて、何かが急に襲って来たら,どうするんだ？, ,哲志,―,,,哲志,把妳一個人留在這裡，要是突然有什麼襲擊妳,該怎麼辦？,,1,79,17,1,0,0,0,0,0,,Translated
1622,哲志,お前のパンツなんかいつも見てるんだから平気だって。, , ,哲志,お前のパンツなんかいつも見てるんだから平気だって。, , ,哲志,―,,,哲志,妳的內褲我平常就看慣了，沒關係的。,,,1,80,17,1,0,0,0,0,0,,Translated
1623,由香,今日はヤなの！, , ,由香,今日はヤなの！, , ,由香,―,,,由香,今天不要！,,,1,44,29,1,0,0,0,0,0,,Translated
1624,哲志,仕方ないなぁ……じゃぁ上で声をかけたら、, , ,哲志,仕方ないなぁ......じゃぁ上で声をかけたら、, , ,哲志,―,,,哲志,真拿妳沒辦法……那我在上面叫妳的時候，,,,1,81,17,1,0,0,0,0,0,,Translated
1625,哲志,お前もすぐに登ってくるんだぞ。, , ,哲志,お前もすぐに登ってくるんだぞ。, , ,哲志,―,,,哲志,妳也要馬上爬上來喔。,,,1,82,17,1,0,0,0,0,0,,Translated
1626,由香,うん。, , ,由香,うん。, , ,由香,―,,,由香,嗯。,,,1,45,29,1,0,0,0,0,0,,Translated
1627,哲志,由香、いいぞー！　登ってくるんだー！, , ,哲志,由香、いいぞー！　登ってくるんだー！, , ,哲志,―,,,哲志,由香，好了～！　快爬上來～！,,,1,83,17,1,0,0,0,0,0,,Translated
1628,由香,うーん！, , ,由香,うーん！, , ,由香,―,,,由香,嗯～！,,,1,46,29,1,0,0,0,0,0,,Translated
1629,哲志,直美？　どこだ？, , ,哲志,直美？　どこだ？, , ,哲志,―,,,哲志,直美？　在哪裡？,,,1,84,17,1,0,0,0,0,0,,Translated
1630,良樹,あちこちに紙が散乱してやがる。,誰かに荒らされた後みたいだ, ,Yoshiki,There're papers everywhere. It's almost like,someone ransacked the place or something.,,요시키,여기저기 종이가 널려 있는걸로 보아선 ,누군가 소란을 피운 듯.,,良樹,到處都是散落的紙張。,看起來像是被誰翻過一樣,,1,131,31,1,0,0,0,0,0,,Translated
1631,,なにをしてもムダである,どうせシヌのだから, ,,"No matter what you do, it's useless, ",because you're dead anyway.,,,"""방의 여기저기에 """"검은 그을음""""같은 무언가가 붙어 있는것이 보인다……""",,,,不管做什麼都是徒勞的,反正都是要死的,,0,0,0,0,0,0,0,0,0,,Translated
1632,,部屋のあちこちに『黒いすす』のようなものが,こびりついています……, ,,Some sort of black soot is strewn across the room...,,,,"""방의 여기저기에 """"검은 그을음""""같은 무언가가 붙어 있는것이 보인다……""",,,,房間各處黏著像是『黑色煤灰』般的東西……,,,0,0,0,0,0,0,0,0,0,,Translated
1633,良樹,あちこちに紙が散乱してやがる。,誰かに荒らされた後みたいだ, ,Yoshiki,There're papers everywhere. It's almost like,someone ransacked the place or something.,,요시키,여기저기 종이가 널려 있는걸로 보아선 ,누군가 소란을 피운 듯.,,良樹,到處都是散落的紙張。,看起來像是被誰翻過一樣,,1,131,31,1,0,0,0,0,0,,Translated
1634,良樹,なんだよこれ、何があったんだよ！？, , ,Yoshiki,What the hell happened here?!,,,요시키,"뭐야 이거, 대체 무슨 일이!?",,,良樹,這是怎麼回事，發生了什麼！？,,,1,132,31,1,0,0,0,0,0,,Translated
1635,良樹,まさか篠崎が巻き込まれたりしてねぇよな？！, , ,Yoshiki,"Oh God, please tell me Shinozaki wasn't here when",whatever the hell this is happened!,,요시키,설마 시노자키가 이상한 일에 ,휘말린 건 아니겠지?!,,良樹,該不會篠崎被捲進什麼事裡了吧？！,,,1,133,31,1,0,0,0,0,0,,Translated
1636,良樹,あれは……,……篠崎？　おい、篠崎！！, ,Yoshiki,"...Shinozaki? Hey, Shinozaki!",,,요시키,"저건…… ……시노자키? 이봐, 시노자키!!",,,良樹,那是……,……篠崎？　喂，篠崎！！,,1,134,31,1,0,0,0,0,0,,Translated
1637,良樹,！？, , ,Yoshiki,Ah?!,,,요시키,!?,,,良樹,!？,,,1,135,31,1,0,0,0,0,0,,Translated
1638,良樹,なんだてめぇら！, , ,Yoshiki,What the hell is your problem?!,,,요시키,"뭐야, 저 녀석!",,,良樹,你們這些傢伙！,,,1,136,31,1,0,0,0,0,0,,Translated
1639,赤い人魂,悪あがきはやめなよ, , ,Red Spirit,Stop delaying the inevitable.,,,붉은 혼령,나쁜 아이 하는 건 그만두렴,,,赤い人魂,別再做無謂的掙扎了,,,1,208,32,1,0,0,0,0,0,,Translated
1640,赤い人魂,仲間になれ……, , ,Red Spirit,"C'mon, just give up and join us...",,,붉은 혼령,사이좋게 지내자……,,,赤い人魂,成為同伴吧……,,,1,214,32,1,0,0,0,0,0,,Translated
1641,赤い人魂,あの子を追いかけても無駄。,もう死んでるよ, ,Red Spirit,No point in going after her now. Death has already,claimed another victim...,,붉은 혼령,저 애 쫓아가 봤자 의미 없어. ,이미 죽어 있으니까.,,赤い人魂,就算追那孩子也沒用。,她已經死了喔,,1,218,32,1,0,0,0,0,0,,Translated
1642,良樹,……あ？, , ,Yoshiki,What are you talking about?!,,,요시키,……뭐?,,,良樹,……啊？,,,1,137,31,1,0,0,0,0,0,,Translated
1643,赤い人魂,さあ、触れ合おう？,お前もこっちにおいで……！, ,Red Spirit,"Don't be shy, let's be friends! Get over here!",,,붉은 혼령,"자, 일로 와,　너도 이쪽으로 오렴……!",,,赤い人魂,來，讓我們接觸吧？,你也過來這邊……！,,1,209,32,1,0,0,0,0,0,,Translated
1644,良樹,チッ！　触られっとヤバそうだな……,――邪魔だ、どけ！, ,Yoshiki,Dammit! Touching them seems like a bad idea...,Get the hell out of my way!,,요시키,쳇!　닿이면 큰일 날 듯……　,"――시끄러, 비켜!",,良樹,嘖！　碰到似乎不太妙……,――礙事，滾開！,,1,138,31,1,0,0,0,0,0,,Translated
1645,良樹,あちこちに紙が散乱してやがる。,誰かに荒らされた後みたいだ, ,Yoshiki,There're papers everywhere. It's almost like,someone ransacked the place or something.,,요시키,여기저기 종이가 널려 있는걸로 보아선 ,누군가 소란을 피운 듯.,,良樹,到處都是散落的紙張。,看起來像是被誰翻過一樣,,1,131,31,1,0,0,0,0,0,,Translated
1646,良樹,あちこちに紙が散乱してやがる。,誰かに荒らされた後みたいだ, ,Yoshiki,There're papers everywhere. It's almost like,someone ransacked the place or something.,,요시키,여기저기 종이가 널려 있는걸로 보아선 ,누군가 소란을 피운 듯.,,良樹,到處都是散落的紙張。,看起來像是被誰翻過一樣,,1,131,31,1,0,0,0,0,0,,Translated
1647,良樹,あちこちに紙が散乱してやがる。,誰かに荒らされた後みたいだ, ,Yoshiki,There're papers everywhere. It's almost like,someone ransacked the place or something.,,요시키,여기저기 종이가 널려 있는걸로 보아선 ,누군가 소란을 피운 듯.,,良樹,到處都是散落的紙張。,看起來像是被誰翻過一樣,,1,131,31,1,0,0,0,0,0,,Translated
1648,あゆみ,きゃーっ！, , ,あゆみ,きゃーっ！, , ,あゆみ,―,,,あゆみ,呀～！,,,1,214,3,1,0,0,0,0,0,,Translated
1649,結衣,早く！私につかまって！　私の身体を登りなさい！, , ,結衣,早く！私につかまって！　私の身体を登りなさい！, , ,結衣,―,,,結衣,快點！　抓住我！　爬上我的身體！,,,1,148,27,1,0,0,0,0,0,,Translated
1650,あゆみ,先生！　……だけど……！, , ,あゆみ,先生！　......だけど......！, , ,あゆみ,―,,,あゆみ,老師！　……但是……！,,,1,215,3,1,0,0,0,0,0,,Translated
1651,結衣,早く！, , ,結衣,早く！, , ,結衣,―,,,結衣,快點！,,,1,149,27,1,0,0,0,0,0,,Translated
1652,あゆみ,……っ！, , ,あゆみ,......っ！, , ,あゆみ,―,,,あゆみ,……！,,,1,216,3,1,0,0,0,0,0,,Translated
1653,結衣,（ううっ……か、片腕では二人の体重を,　支えきれないわ……指が……）, ,結衣,（ううっ......か、片腕では二人の体重を,　支えきれないわ......指が......）, ,結衣,―,,,結衣,（嗚……一、一隻手撐不住兩個人的體重……手指……）,,,1,150,27,1,0,0,0,0,0,,Translated
1654,結衣,……急いで……篠崎さん！,あなたまで落ちちゃうわよ！, ,結衣,......急いで......篠崎さん！,あなたまで落ちちゃうわよ！, ,結衣,―,,,結衣,……快點……篠崎同學！,連妳也會掉下去的！,,1,151,27,1,0,0,0,0,0,,Translated
1655,あゆみ,う……うん！, , ,あゆみ,う......うん！, , ,あゆみ,―,,,あゆみ,嗚……嗯！,,,1,217,3,1,0,0,0,0,0,,Translated
1656,結衣,（駄目……指が……離れる！）, , ,結衣,（駄目......指が......離れる！）, , ,結衣,―,,,結衣,（不行……手指……要鬆開了！）,,,1,152,27,1,0,0,0,0,0,,Translated
1657,結衣,アアアアァァーーッ！！, , ,結衣,アアアアァァーーッ！！, , ,結衣,―,,,結衣,啊啊啊啊～～！！,,,1,153,27,1,0,0,0,0,0,,Translated
1658,あゆみ,ああー！　先生！　先生！, , ,あゆみ,ああー！　先生！　先生！, , ,あゆみ,―,,,あゆみ,啊啊～！　老師！　老師！,,,1,218,3,1,0,0,0,0,0,,Translated
1659,結衣,んんん……ッ　早く……上へ……, , ,結衣,んんん......ッ　早く......上へ......, , ,結衣,―,,,結衣,嗯嗯嗯……　快點……往上……,,,1,154,27,1,0,0,0,0,0,,Translated
1660,あゆみ,ううっ、ううっ！, , ,あゆみ,ううっ、ううっ！, , ,あゆみ,―,,,あゆみ,嗚嗚、嗚嗚！,,,1,219,3,1,0,0,0,0,0,,Translated
1661,良樹,けあッ！　ハァッ……ハァッ　篠崎！！, , ,良樹,けあッ！　ハァッ......ハァッ　篠崎！！, , ,良樹,―,,,良樹,呃啊！　哈啊……哈啊　篠崎！！,,,1,185,25,1,0,0,0,0,0,,Translated
1662,良樹,！？　結衣先生！！, , ,良樹,！？　結衣先生！！, , ,良樹,―,,,良樹,！？　結衣老師！！,,,1,186,25,1,0,0,0,0,0,,Translated
1663,あゆみ,先生つかまって！, , ,あゆみ,先生つかまって！, , ,あゆみ,―,,,あゆみ,抓住老師！,,,1,220,3,1,0,0,0,0,0,,Translated
1664,結衣,大丈夫！　すぐ上がるから！,そこもいつ崩れるかわからないわ！,外に出ていなさい！,結衣,大丈夫！　すぐ上がるから！,そこもいつ崩れるかわからないわ！,外に出ていなさい！,結衣,―,,,結衣,沒事的！　我馬上爬上去！,那裡也不知道什麼時候會崩塌！,到外面去！,1,155,27,1,0,0,0,0,0,,Translated
1665,あゆみ,だけど！, , ,あゆみ,だけど！, , ,あゆみ,―,,,あゆみ,可是！,,,1,221,3,1,0,0,0,0,0,,Translated
1666,結衣,早く！――岸沼くん！　篠崎さんを！, , ,結衣,早く！――岸沼くん！　篠崎さんを！, , ,結衣,―,,,結衣,快點！――岸沼同學！　照顧好篠崎同學！,,,1,180,27,1,0,0,0,0,0,,Translated
1667,良樹,先生！　……くっ、……篠崎！　来い！, , ,良樹,先生！　......くっ、......篠崎！　来い！, , ,良樹,―,,,良樹,老師！　……可惡、……篠崎！　過來！,,,1,187,25,1,0,0,0,0,0,,Translated
1668,結衣,……篠崎さん……！, , ,結衣,......篠崎さん......！, , ,結衣,―,,,結衣,……篠崎同學……！,,,1,157,27,1,0,0,0,0,0,,Translated
1669,あゆみ,うううう……うう, , ,あゆみ,うううう......うう, , ,あゆみ,―,,,あゆみ,嗚嗚嗚……嗚嗚,,,1,223,3,1,0,0,0,0,0,,Translated
1670,結衣,篠崎さん……強く！　強くなりなさい。, , ,結衣,篠崎さん......強く！　強くなりなさい。, , ,結衣,―,,,結衣,篠崎同學……要堅強！　要變得更堅強。,,,1,158,27,1,0,0,0,0,0,,Translated
1671,結衣,あなたは……誰にも負けない。才能を持ってる！, , ,結衣,あなたは......誰にも負けない。才能を持ってる！, , ,結衣,―,,,結衣,妳……不會輸給任何人。擁有才能！,,,1,159,27,1,0,0,0,0,0,,Translated
1672,結衣,ここを出たら……叶えるのよ？, , ,結衣,ここを出たら......叶えるのよ？, , ,結衣,―,,,結衣,離開這裡之後……要實現喔？,,,1,160,27,1,0,0,0,0,0,,Translated
1673,結衣,話してくれた、夢。, , ,結衣,話してくれた、夢。, , ,結衣,―,,,結衣,你跟我說過的，夢想。,,,1,161,27,1,0,0,0,0,0,,Translated
1674,あゆみ,ううう……！, , ,あゆみ,ううう......！, , ,あゆみ,―,,,あゆみ,嗚嗚……！,,,1,224,3,1,0,0,0,0,0,,Translated
1675,結衣,行きなさい！, , ,結衣,行きなさい！, , ,結衣,―,,,結衣,快走！,,,1,162,27,1,0,0,0,0,0,,Translated
1676,結衣,これだけ言ってもわからないの？！,早く行きなさいっ！, ,結衣,これだけ言ってもわからないの？！,早く行きなさいっ！, ,結衣,―,,,結衣,說到這個程度還不懂嗎？！,快點走！,,1,163,27,1,0,0,0,0,0,,Translated
1677,あゆみ,ううううー……, , ,あゆみ,ううううー......, , ,あゆみ,―,,,あゆみ,嗚嗚嗚～……,,,1,225,3,1,0,0,0,0,0,,Translated
1678,良樹,篠崎！, , ,良樹,篠崎！, , ,良樹,―,,,良樹,篠崎！,,,1,188,25,1,0,0,0,0,0,,Translated
1679,あゆみ,ううっ、いや、いやぁ！, , ,あゆみ,ううっ、いや、いやぁ！, , ,あゆみ,―,,,あゆみ,嗚嗚、不要、不要！,,,1,226,3,1,0,0,0,0,0,,Translated
1680,あゆみ,なんだろう、この部屋……呪術っぽい。, , ,あゆみ,なんだろう、この部屋......呪術っぽい。, , ,あゆみ,―,,,あゆみ,這是什麼房間……感覺像咒術。,,,1,198,3,1,0,0,0,0,0,,Translated
1681,あゆみ,なに？　何？, , ,あゆみ,なに？　何？, , ,あゆみ,―,,,あゆみ,什麼？　什麼？,,,1,199,3,1,0,0,0,0,0,,Translated
1682,あゆみ,……っ！　痛っ……！　あたま……頭がいたい！, , ,あゆみ,......っ！　痛っ......！　あたま......頭がいたい！, , ,あゆみ,―,,,あゆみ,……！　好痛……！　頭……頭好痛！,,,1,201,3,1,0,0,0,0,0,,Translated
1683,あゆみ,うううぅぅ……！　なんで誰も助けてくれないの！！, , ,あゆみ,うううぅぅ......！　なんで誰も助けてくれないの！！, , ,あゆみ,―,,,あゆみ,嗚嗚嗚……！　為什麼沒有人來救我！！,,,1,202,3,1,0,0,0,0,0,,Translated
1684,あゆみ,……！　鼻血が……！　やだ……！, , ,あゆみ,......！　鼻血が......！　やだ......！, , ,あゆみ,―,,,あゆみ,……！　流鼻血了……！　不要……！,,,1,203,3,1,0,0,0,0,0,,Translated
1685,あゆみ,ティッシュを……, , ,あゆみ,ティッシュを......, , ,あゆみ,―,,,あゆみ,面紙……,,,1,204,3,1,0,0,0,0,0,,Translated
1686,あゆみ,あっ……！, , ,あゆみ,あっ......！, , ,あゆみ,―,,,あゆみ,啊……！,,,1,205,3,1,0,0,0,0,0,,Translated
1687,,ティッシュを取り出した拍子に、ポケットから,あゆみの学生証が落ちてしまい……, ,,ティッシュを取り出した拍子に、ポケットから,あゆみの学生証が落ちてしまい......, ,,―,,,,在拿出面紙的同時，,あゆみ的學生證從口袋裡掉了出來……,,0,0,0,1,0,0,0,0,0,,Translated
1688,,そのまま、床の穴に吸い込まれて行きました……, , ,,そのまま、床の穴に吸い込まれて行きました......, , ,,―,,,,就這樣，被地上的洞吸了進去……,,,0,0,0,1,0,0,0,0,0,,Translated
1689,あゆみ,ああ……あぁ！！, , ,あゆみ,ああ......あぁ！！, , ,あゆみ,―,,,あゆみ,啊啊……啊啊！！,,,1,206,3,1,0,0,0,0,0,,Translated
1690,あゆみ,そんな……そんな……っ！, , ,あゆみ,そんな......そんな......っ！, , ,あゆみ,―,,,あゆみ,怎麼會……怎麼會……！,,,1,207,3,1,0,0,0,0,0,,Translated
1691,あゆみ,私の学生証！　……切れ端入ってたのに……！, , ,あゆみ,私の学生証！　......切れ端入ってたのに......！, , ,あゆみ,―,,,あゆみ,我的學生證！　……裡面明明放著碎片……！,,,1,208,3,1,0,0,0,0,0,,Translated
1692,結衣,篠崎さん！, , ,結衣,篠崎さん！, , ,結衣,―,,,結衣,篠崎同學！,,,1,140,27,1,0,0,0,0,0,,Translated
1693,結衣,――！, , ,結衣,――！, , ,結衣,―,,,結衣,――！,,,1,144,27,1,0,0,0,0,0,,Translated
1694,結衣,アアアアァァーーッ！！, , ,結衣,アアアアァァーーッ！！, , ,結衣,―,,,結衣,啊啊啊啊～～！！,,,1,153,27,1,0,0,0,0,0,,Translated
1695,あゆみ,ああー！　先生！　先生！, , ,あゆみ,ああー！　先生！　先生！, , ,あゆみ,―,,,あゆみ,啊啊～！　老師！　老師！,,,1,218,3,1,0,0,0,0,0,,Translated
1696,良樹,なんだここ……他の教室と違って、,前後の黒板が逆についてるな……, ,良樹,なんだここ......他の教室と違って、,前後の黒板が逆についてるな......, ,良樹,―,,,良樹,這裡是什麼……和其他教室不同，,前後的黑板是反的……,,1,179,25,1,0,0,0,0,0,,Translated
1697,あゆみ,時々七不思議で耳にするけどね……。,この向きにしないと、鬼が教室を通るから、,不幸が起こるとか。,あゆみ,時々七不思議で耳にするけどね......。,この向きにしないと、鬼が教室を通るから、,不幸が起こるとか。,あゆみ,―,,,あゆみ,雖然偶爾會在七大不可思議中聽到……。,據說不擺成這個方向，鬼會穿過教室，,會發生不幸之類的。,1,42,4,1,0,0,0,0,0,,Translated
1698,良樹,……学校の七不思議とかって、,みんなネガティブなのな。, ,良樹,......学校の七不思議とかって、,みんなネガティブなのな。, ,良樹,―,,,良樹,……學校的七大不可思議，,全都是負面的啊。,,1,180,25,1,0,0,0,0,0,,Translated
1699,あゆみ,……いい視点かもね。, , ,あゆみ,......いい視点かもね。, , ,あゆみ,―,,,あゆみ,……也許是個好觀點。,,,1,43,4,1,0,0,0,0,0,,Translated
1700,,　　　　Ⅰ　Ⅰ　Ⅰ,　　　　　　／　／,　　　　Ⅰ―Ⅱ―Ⅰ,,　　　　Ⅰ　Ⅰ　Ⅰ,　　　　　　／　／,　　　　Ⅰ―Ⅱ―Ⅰ,,―,,,,　　　　Ⅰ　Ⅰ　Ⅰ,　　　　　　／　／,　　　　Ⅰ―Ⅱ―Ⅰ,0,0,0,1,0,0,0,0,0,,Translated
1701,良樹,どうした？, , ,良樹,どうした？, , ,良樹,―,,,良樹,怎麼了？,,,1,181,25,1,0,0,0,0,0,,Translated
1702,あゆみ,なんだろう、この部屋……呪術っぽい。, , ,あゆみ,なんだろう、この部屋......呪術っぽい。, , ,あゆみ,―,,,あゆみ,這是什麼房間……感覺像咒術。,,,1,44,4,1,0,0,0,0,0,,Translated
1703,良樹,……眺めててもわかんねぇよ。,それより、外の焼却炉のほうになんかいるんだろ？,進もうぜ先に。,良樹,......眺めててもわかんねぇよ。,それより、外の焼却炉のほうになんかいるんだろ？,進もうぜ先に。,良樹,―,,,良樹,……光看也看不出來吧。,比起那個，外面的焚化爐那邊有什麼吧？,先往前走。,1,182,25,1,0,0,0,0,0,,Translated
1704,,わかった、行こう,先に出てて,,,わかった、行こう,先に出てて,,,―,,,,知道了、走吧,你先出去,,0,255,255,255,255,255,255,255,255,,Translated
1705,あゆみ,わかった、先に出てて。, , ,あゆみ,わかった、先に出てて。, , ,あゆみ,―,,,あゆみ,知道了，你先出去。,,,1,45,4,1,0,0,0,0,0,,Translated
1706,良樹,おう。……早くこいよ？, , ,良樹,おう。......早くこいよ？, , ,良樹,―,,,良樹,喔。……快點來啊？,,,1,183,25,1,0,0,0,0,0,,Translated
1707,あゆみ,えっ？, , ,あゆみ,えっ？, , ,あゆみ,―,,,あゆみ,咦？,,,1,46,4,1,0,0,0,0,0,,Translated
1708,あゆみ,……なに今の声……　私、喋ってないのに。, , ,あゆみ,......なに今の声......　私、喋ってないのに。, , ,あゆみ,―,,,あゆみ,……剛才那聲音是什麼……　我沒有說話。,,,1,47,4,1,0,0,0,0,0,,Translated
1709,良樹,！？　篠崎……！　おい篠崎！, , ,良樹,！？　篠崎......！　おい篠崎！, , ,良樹,―,,,良樹,!？　篠崎……！　喂篠崎！,,,1,184,25,1,0,0,0,0,0,,Translated
1710,あゆみ,なに？　何？, , ,あゆみ,なに？　何？, , ,あゆみ,―,,,あゆみ,什麼？　什麼？,,,1,48,4,1,0,0,0,0,0,,Translated
1711,あゆみ,うそ……やだ！　岸沼くん！　……岸沼くん！, , ,あゆみ,うそ......やだ！　岸沼くん！　......岸沼くん！, , ,あゆみ,―,,,あゆみ,騙人……不要！　岸沼同學！　……岸沼同學！,,,1,49,4,1,0,0,0,0,0,,Translated
1712,あゆみ,……閉じこめられたの……？, , ,あゆみ,......閉じこめられたの......？, , ,あゆみ,―,,,あゆみ,……被關起來了……？,,,1,50,4,1,0,0,0,0,0,,Translated
1713,あゆみ,開けてー！　ねぇ！, , ,あゆみ,開けてー！　ねぇ！, , ,あゆみ,―,,,あゆみ,開門～！　喂！,,,1,51,4,1,0,0,0,0,0,,Translated
1714,あゆみ,岸沼くん！, , ,あゆみ,岸沼くん！, , ,あゆみ,―,,,あゆみ,岸沼同學！,,,1,52,4,1,0,0,0,0,0,,Translated
1715,あゆみ,開けてー！　誰かー！, , ,あゆみ,開けてー！　誰かー！, , ,あゆみ,―,,,あゆみ,開門～！　誰來～！,,,1,53,4,1,0,0,0,0,0,,Translated
1716,あゆみ,お願ーい……！（ぐすっ）,……やだぁ……, ,あゆみ,お願ーい......！（ぐすっ）,......やだぁ......, ,あゆみ,―,,,あゆみ,拜託～……！（吸泣）,……不要……,,1,54,4,1,0,0,0,0,0,,Translated
1717,結衣,！？　篠崎さん！, , ,結衣,！？　篠崎さん！, , ,結衣,―,,,結衣,!？　篠崎同學！,,,1,140,27,1,0,0,0,0,0,,Translated
1718,結衣,良かった……無事ね！　生きてるね！, , ,結衣,良かった......無事ね！　生きてるね！, , ,結衣,―,,,結衣,太好了……妳沒事！　還活著！,,,1,141,27,1,0,0,0,0,0,,Translated
1719,あゆみ,先生の声がする……これも、嘘の声だったら,泣くから……！, ,あゆみ,先生の声がする......これも、嘘の声だったら,泣くから......！, ,あゆみ,―,,,あゆみ,我聽到了老師的聲音……如果這也是假的話,我會哭的……！,,1,55,4,1,0,0,0,0,0,,Translated
1720,結衣,何を言ってるの？　……さぁ、おいで？,もう怖くないよ。, ,結衣,何を言ってるの？　......さぁ、おいで？,もう怖くないよ。, ,結衣,―,,,結衣,妳在說什麼啊？　……來，過來吧？,已經不用害怕了。,,1,142,27,1,0,0,0,0,0,,Translated
1721,あゆみ,先生……。どこにいってたの？　会いたかったよ……, , ,あゆみ,先生......。どこにいってたの？　会いたかったよ......, , ,あゆみ,―,,,あゆみ,老師……。你去哪裡了？　我好想你……,,,1,56,4,1,0,0,0,0,0,,Translated
1722,結衣,ごめんね……怖い思い、させたね。, , ,結衣,ごめんね......怖い思い、させたね。, , ,結衣,―,,,結衣,對不起……讓你害怕了。,,,1,143,27,1,0,0,0,0,0,,Translated
1723,あゆみ,？　……あれ、先生……　先生ひどいケガ。, , ,あゆみ,？　......あれ、先生......　先生ひどいケガ。, , ,あゆみ,―,,,あゆみ,？　……咦，老師……老師傷得好重。,,,1,57,4,1,0,0,0,0,0,,Translated
1724,結衣,――！, , ,結衣,――！, , ,結衣,―,,,結衣,――！,,,1,144,27,1,0,0,0,0,0,,Translated
1725,結衣,篠ざ……（ズキッ）　……あうッ！, , ,結衣,篠ざ......（ズキッ）　......あうッ！, , ,結衣,―,,,結衣,篠ざ……（刺痛）　……啊！,,,1,145,27,1,0,0,0,0,0,,Translated
1726,結衣,（痛……！　骨折した腕が……）, , ,結衣,（痛......！　骨折した腕が......）, , ,結衣,―,,,結衣,（好痛……！　骨折的手臂……）,,,1,146,27,1,0,0,0,0,0,,Translated
1727,結衣,――！　篠崎さん！　さぁ、立って！,ここを出るわよ！, ,結衣,――！　篠崎さん！　さぁ、立って！,ここを出るわよ！, ,結衣,―,,,結衣,――！　篠崎同學！　來，站起來！,我們離開這裡！,,1,147,27,1,0,0,0,0,0,,Translated
1728,あゆみ,あ……ああぁ……, , ,あゆみ,あ......ああぁ......, , ,あゆみ,―,,,あゆみ,啊……啊啊……,,,1,58,4,1,0,0,0,0,0,,Translated
1729,由香,あっ！, , ,由香,あっ！, , ,由香,―,,,由香,啊！,,,1,0,0,1,0,0,0,3,0,,Translated
1730,由香,痛い……痛いぃ……, , ,由香,痛い......痛いぃ......, , ,由香,―,,,由香,好痛……好痛……,,,1,241,28,1,0,0,0,0,0,,Translated
1731,由香,お兄ちゃん……お兄ちゃぁん……　,グスッ　グスッ, ,由香,お兄ちゃん......お兄ちゃぁん......　,グスッ　グスッ, ,由香,―,,,由香,哥哥……哥哥……　,吸泣　吸泣,,1,242,28,1,0,0,0,0,0,,Translated
1732,刻命,……由香ちゃん。, , ,刻命,......由香ちゃん。, , ,刻命,―,,,刻命,……由香。,,,1,43,7,1,0,0,0,0,0,,Translated
1733,由香,！　うう～、ううぅぅ～……, , ,由香,！　うう～、ううぅぅ～......, , ,由香,―,,,由香,！　嗚嗚～、嗚嗚嗚～……,,,1,0,0,1,0,0,0,0,0,,Translated
1734,刻命,由香ちゃん、ごめんね。    ,びっくりさせてしまった……, ,刻命,由香ちゃん、ごめんね。    ,びっくりさせてしまった......, ,刻命,―,,,刻命,由香，對不起。,嚇到妳了……,,1,44,7,1,0,0,0,0,0,,Translated
1735,由香,ひっく……ひっく……, , ,由香,ひっく......ひっく......, , ,由香,―,,,由香,吸泣……吸泣……,,,1,244,28,1,0,0,0,0,0,,Translated
1736,刻命,さぁ、立って……一緒に行こう？, , ,刻命,さぁ、立って......一緒に行こう？, , ,刻命,―,,,刻命,來，站起來……一起走吧？,,,1,45,7,1,0,0,0,0,0,,Translated
1737,由香,ひっく……お兄ちゃんを……探しに？　……ひっく, , ,由香,ひっく......お兄ちゃんを......探しに？　......ひっく, , ,由香,―,,,由香,吸泣……去找哥哥……？　……吸泣,,,1,245,28,1,0,0,0,0,0,,Translated
1738,刻命,お兄さんは、　　　　……僕だろ？, , ,刻命,お兄さんは、　　　　......僕だろ？, , ,刻命,―,,,刻命,哥哥是　　　　……我吧？,,,1,46,7,1,0,0,0,0,0,,Translated
1739,由香,！　……うああぁぁぁん, , ,由香,！　......うああぁぁぁん, , ,由香,―,,,由香,！　……嗚啊啊啊,,,1,246,28,1,0,0,0,0,0,,Translated
1740,刻命,おいで、一緒に行こう。,……黒崎が行けって言うんだ、あの部屋に。, ,刻命,おいで、一緒に行こう。,......黒崎が行けって言うんだ、あの部屋に。, ,刻命,―,,,刻命,過來，一起走吧。,……黒崎說要去，那個房間。,,1,47,7,1,1,0,0,0,0,,Translated
1741,,　玄関扉は、ピタリと空間に固定され、開きません。, , ,,　玄関扉は、ピタリと空間に固定され、開きません。, , ,,―,,,,　玄關門像被牢牢固定在空中一樣無法打開。,,,0,0,0,0,0,0,0,0,0,,Translated
1742,由香,あっ！, , ,由香,あっ！, , ,由香,―,,,由香,啊！,,,1,0,0,1,0,0,0,3,0,,Translated
1743,由香,痛い……痛いぃ……, , ,由香,痛い......痛いぃ......, , ,由香,―,,,由香,好痛……好痛……,,,1,241,28,1,0,0,0,0,0,,Translated
1744,由香,お兄ちゃん……お兄ちゃぁん……,グスッ　グスッ, ,由香,お兄ちゃん......お兄ちゃぁん......,グスッ　グスッ, ,由香,―,,,由香,哥哥……哥哥……　,吸泣　吸泣,,1,242,28,1,0,0,0,0,0,,Translated
1745,刻命,……由香ちゃん。, , ,刻命,......由香ちゃん。, , ,刻命,―,,,刻命,……由香。,,,1,43,7,1,0,0,0,0,0,,Translated
1746,由香,！　うう～、ううぅぅ～……, , ,由香,！　うう～、ううぅぅ～......, , ,由香,―,,,由香,！　嗚嗚～、嗚嗚嗚～……,,,1,0,0,1,0,0,0,0,0,,Translated
1747,刻命,由香ちゃん、ごめんね。,びっくりさせてしまった……, ,刻命,由香ちゃん、ごめんね。,びっくりさせてしまった......, ,刻命,―,,,刻命,由香，對不起。,嚇到妳了……,,1,44,7,1,0,0,0,0,0,,Translated
1748,由香,ひっく……ひっく……, , ,由香,ひっく......ひっく......, , ,由香,―,,,由香,吸泣……吸泣……,,,1,244,28,1,0,0,0,0,0,,Translated
1749,刻命,さぁ、立って……一緒に行こう？, , ,刻命,さぁ、立って......一緒に行こう？, , ,刻命,―,,,刻命,來，站起來……一起走吧？,,,1,45,7,1,0,0,0,0,0,,Translated
1750,由香,ひっく……お兄ちゃんを……探しに？　……ひっく, , ,由香,ひっく......お兄ちゃんを......探しに？　......ひっく, , ,由香,―,,,由香,吸泣……去找哥哥……？　……吸泣,,,1,245,28,1,0,0,0,0,0,,Translated
1751,刻命,お兄さんは、　　　　……僕だろ？, , ,刻命,お兄さんは、　　　　......僕だろ？, , ,刻命,―,,,刻命,哥哥是　　　　……我吧？,,,1,46,7,1,0,0,0,0,0,,Translated
1752,由香,！　……うああぁぁぁん, , ,由香,！　......うああぁぁぁん, , ,由香,―,,,由香,！　……嗚啊啊啊,,,1,246,28,1,0,0,0,0,0,,Translated
1753,刻命,おいで、一緒に行こう。,……黒崎が行けって言うんだ、あの部屋に。, ,刻命,おいで、一緒に行こう。,......黒崎が行けって言うんだ、あの部屋に。, ,刻命,―,,,刻命,過來，一起走吧。,……黒崎說要去，那個房間。,,1,47,7,1,1,0,0,0,0,,Translated
1754,由香,はぁ！　はぁ！……っ　はぁ、はぁ……！, , ,由香,はぁ！　はぁ！......っ　はぁ、はぁ......！, , ,由香,―,,,由香,哈啊！　哈啊！……　哈啊、哈啊……！,,,1,238,28,1,0,0,0,0,0,,Translated
1755,刻命,ラン！　ラビット！　ラーン！　あはははははっ, , ,刻命,ラン！　ラビット！　ラーン！　あはははははっ, , ,刻命,―,,,刻命,跑！　兔子！　跑！　啊哈哈哈哈,,,1,39,7,1,0,0,0,0,0,,Translated
1756,ヨシカズ,ウアアァァ！, , ,ヨシカズ,ウアアァァ！, , ,ヨシカズ,―,,,ヨシカズ,嗚啊啊！,,,1,172,26,1,0,0,0,0,0,,Translated
1757,刻命,グァッ！！！, , ,刻命,グァッ！！！, , ,刻命,―,,,刻命,呃啊！！！,,,1,0,0,1,0,0,0,6,0,,Translated
1758,由香,痛い！, , ,由香,痛い！, , ,由香,―,,,由香,好痛！,,,1,0,0,1,0,0,0,0,0,,Translated
1759,由香,んん～、血が出ちゃった。……靴どこに脱げちゃったんだろ……, , ,由香,んん～、血が出ちゃった。......靴どこに脱げちゃったんだろ......, , ,由香,―,,,由香,嗯嗯～、流血了。,……鞋子是掉到哪裡去了呢……,,1,0,0,1,0,0,0,0,0,,Translated
1760,サチコ,可愛ィ……クスクスクス, , ,サチコ,可愛ィ......クスクスクス, , ,サチコ,―,,,サチコ,真可愛……呵呵呵,,,1,0,0,1,0,0,0,0,0,,Translated
1761,由香,ひゃっ！？, , ,由香,ひゃっ！？, , ,由香,―,,,由香,嚇！？,,,1,0,0,1,0,0,0,0,0,,Translated
1762,サチコ,…………, , ,サチコ,............, , ,サチコ,―,,,サチコ,…………,,,1,0,0,1,0,0,0,0,0,,Translated
1763,由香,あっ……あなたは, , ,由香,あっ......あなたは, , ,由香,―,,,由香,啊……你是。,,,1,0,0,1,0,0,0,0,0,,Translated
1764,由香,……さっき……助けてくれたの？　怖い人から、逃げられたよ, , ,由香,......さっき......助けてくれたの？　怖い人から、逃げられたよ, , ,由香,―,,,由香,……剛才……是你救了我嗎？　讓我逃離了那個可怕的人。,,,1,0,0,1,0,0,0,0,0,,Translated
1765,サチコ,……プッ、クスクスクスクス, , ,サチコ,......プッ、クスクスクスクス, , ,サチコ,―,,,サチコ,……噗、呵呵呵呵,,,1,0,0,1,0,0,0,0,0,,Translated
1766,由香,ん？, , ,由香,ん？, , ,由香,―,,,由香,嗯？,,,1,0,0,1,0,0,0,0,0,,Translated
1767,サチコ,……可愛ィ……無茶苦茶したィ, , ,サチコ,......可愛ィ......無茶苦茶したィ, , ,サチコ,―,,,サチコ,……真可愛……好想弄得一團亂啊,,,1,0,0,1,0,0,0,0,0,,Translated
1768,由香,えっ？, , ,由香,えっ？, , ,由香,―,,,由香,咦？,,,1,0,0,1,0,0,0,0,0,,Translated
1769,サチコ,私の言ウ事、聞く？, , ,サチコ,私の言ウ事、聞く？, , ,サチコ,―,,,サチコ,你願意聽我的話嗎？,,,1,0,0,1,0,0,0,0,0,,Translated
1770,由香,えっと……お姉ちゃんね、あなたのお話なら聞くよ, , ,由香,えっと......お姉ちゃんね、あなたのお話なら聞くよ, , ,由香,―,,,由香,呃……姊姊的話，我會聽的。,,,1,0,0,1,0,0,0,0,0,,Translated
1771,由香,幽霊、怖いけど……なんだか、あなたは怖くない気がするの, , ,由香,幽霊、怖いけど......なんだか、あなたは怖くない気がするの, , ,由香,―,,,由香,雖然幽靈很可怕……但不知為何，,我覺得你不那麼可怕。,,1,0,0,1,0,0,0,0,0,,Translated
1772,サチコ,ッククククク……, , ,サチコ,ッククククク......, , ,サチコ,―,,,サチコ,庫庫庫庫庫……,,,1,0,0,1,0,0,0,0,0,,Translated
1773,サチコ,誰にものを言っている！　この小娘がァ！, , ,サチコ,誰にものを言っている！　この小娘がァ！, , ,サチコ,―,,,サチコ,你在跟誰說話！　你這個小丫頭！,,,1,0,0,1,0,0,0,0,0,,Translated
1774,サチコ,くびり殺してやるぞッ！！！, , ,サチコ,くびり殺してやるぞッ！！！, , ,サチコ,―,,,サチコ,我要勒死你！！！,,,1,0,0,1,0,0,0,0,0,,Translated
1775,由香,ひっ！？, , ,由香,ひっ！？, , ,由香,―,,,由香,嚇！？,,,1,0,0,1,0,0,0,0,0,,Translated
1776,由香,あ……あぁ～……！, , ,由香,あ......あぁ～......！, , ,由香,―,,,由香,啊……啊啊……！,,,1,0,0,1,0,0,0,0,0,,Translated
1777,サチコ,ゲハハハハハ！　アハハハハハ！　ゲヒヒヒヒヒ！！, , ,サチコ,ゲハハハハハ！　アハハハハハ！　ゲヒヒヒヒヒ！！, , ,サチコ,―,,,サチコ,嘎哈哈哈哈！　啊哈哈哈哈！　格嘻嘻嘻嘻！！,,,1,0,0,1,0,0,0,0,0,,Translated
1778,刻命,ヒァー♪　アイゲッチュウ～♪, , ,刻命,ヒァー♪　アイゲッチュウ～♪, , ,刻命,―,,,刻命,嘻～♪　抓到妳了～♪,,,1,41,7,1,0,0,0,0,0,,Translated
1779,由香,！！　いや！いやぁ！　放してください！, , ,由香,！！　いや！いやぁ！　放してください！, , ,由香,―,,,由香,！！　不要！不要啊！　放開我！,,,1,239,28,1,0,0,0,0,0,,Translated
1780,刻命,……生きているウサギは、五月蝿（うるさ）いな。, , ,刻命,......生きているウサギは、五月蝿（うるさ）いな。, , ,刻命,―,,,刻命,……活著的兔子，真是吵鬧呢。,,,1,42,7,1,0,0,0,0,0,,Translated
1781,良樹,！　……やばい, , ,良樹,！　......やばい, , ,良樹,―,,,良樹,！　……糟了,,,1,0,0,1,0,0,0,0,0,,Translated
1782,あゆみ,なに？, , ,あゆみ,なに？, , ,あゆみ,―,,,あゆみ,什麼？,,,1,0,0,1,0,0,0,0,0,,Translated
1783,良樹,隠れろ！　早く！, , ,良樹,隠れろ！　早く！, , ,良樹,―,,,良樹,躲起來！　快點！,,,1,0,0,1,0,0,0,0,0,,Translated
1784,あゆみ,どうしよう、　あの子が来る……, , ,あゆみ,どうしよう、　あの子が来る......, , ,あゆみ,―,,,あゆみ,怎麼辦，　那孩子來了……,,,1,0,0,1,0,0,0,0,0,,Translated
1785,良樹,サチコだよな？, , ,良樹,サチコだよな？, , ,良樹,―,,,良樹,是サチコ吧？,,,1,0,0,1,0,0,0,0,0,,Translated
1786,あゆみ,うん……！, , ,あゆみ,うん......！, , ,あゆみ,―,,,あゆみ,嗯……！,,,1,0,0,1,0,0,0,0,0,,Translated
1787,良樹,くそ、とにかく上に逃げるか……っ、？！, , ,良樹,くそ、とにかく上に逃げるか......っ、？！, , ,良樹,―,,,良樹,可惡，總之先往上逃吧……、？！,,,1,0,0,1,0,0,0,0,0,,Translated
1788,あゆみ,（！　身体が動かない……！,　声も……出ない……金縛りだ……！）, ,あゆみ,（！　身体が動かない......！,　声も......出ない......金縛りだ......！）, ,あゆみ,―,,,あゆみ,（！　身體動不了……！,聲音也……發不出……被鬼壓床了……！）,,1,0,0,1,0,0,0,0,0,,Translated
1789,あゆみ,――っ！, , ,Ayumi,*gasp*,,,あゆみ,―,,,あゆみ,――！,,,1,0,0,1,0,0,0,0,0,,Translated
1790,校長,待て！　待ちなさい！, , ,校長,待て！　待ちなさい！, , ,校長,―,,,校長,站住！　等一下！,,,1,0,0,1,0,0,0,0,0,,Translated
1791,ヨシヱ,いけません！　離して下さい！, , ,ヨシヱ,いけません！　離して下さい！, , ,ヨシヱ,―,,,ヨシヱ,不行！　放開我！,,,1,0,0,1,0,0,0,0,0,,Translated
1792,校長,待たんかァーーーーッ！, , ,校長,待たんかァーーーーッ！, , ,校長,―,,,校長,給我站住～～～～！,,,1,0,0,1,0,0,0,0,0,,Translated
1793,校長,…………あ、　しの……篠崎君, , ,校長,............あ、　しの......篠崎君, , ,校長,―,,,校長,…………啊、　篠……篠崎同學,,,1,0,0,1,0,0,0,0,0,,Translated
1794,校長,あ……すみません篠崎君、押すつもりは……, , ,校長,あ......すみません篠崎君、押すつもりは......, , ,校長,―,,,校長,啊……對不起篠崎同學，我不是故意要推妳的……,,,1,0,0,1,0,0,0,0,0,,Translated
1795,校長,立って……立って下さい, , ,校長,立って......立って下さい, , ,校長,―,,,校長,站起來……請站起來,,,1,0,0,1,0,0,0,0,0,,Translated
1796,校長,あ……あぁ……　ああ！　……ああぁ……, , ,校長,あ......あぁ......　ああ！　......ああぁ......, , ,校長,―,,,校長,啊……啊啊……　啊啊！　……啊啊……,,,1,0,0,1,0,0,0,0,0,,Translated
1797,サチコ,お母さん……, , ,サチコ,お母さん......, , ,サチコ,―,,,サチコ,媽媽……,,,1,0,0,1,0,0,0,0,0,,Translated
1798,校長,やぁ……サチコ君, , ,校長,やぁ......サチコ君, , ,校長,―,,,校長,哎呀……サチコ同學,,,1,0,0,1,0,0,0,0,0,,Translated
1799,校長,……見たんだね？, , ,校長,......見たんだね？, , ,校長,―,,,校長,……你看到了吧？,,,1,0,0,1,0,0,0,0,0,,Translated
1800,あゆみ,くっ！　……ッ逃げなさい！, , ,あゆみ,くっ！　......ッ逃げなさい！, , ,あゆみ,―,,,あゆみ,可惡！　……快逃！,,,1,0,0,1,0,0,0,0,0,,Translated
1801,サチコ,はっ、はっ、はっ、はっ……！, , ,サチコ,はっ、はっ、はっ、はっ......！, , ,サチコ,―,,,サチコ,哈、哈、哈、哈……！,,,1,0,0,1,0,0,0,0,0,,Translated
1802,サチコ,ッハッ、はっ、はっ、はっ！, , ,サチコ,ッハッ、はっ、はっ、はっ！, , ,サチコ,―,,,サチコ,哈、哈、哈、哈！,,,1,0,0,1,0,0,0,0,0,,Translated
1803,校長,はッ、はッ！……ッ、はッ、はッ！, , ,校長,はッ、はッ！......ッ、はッ、はッ！, , ,校長,―,,,校長,哈、哈！……、哈、哈！,,,1,0,0,1,0,0,0,0,0,,Translated
1804,サチコ,ハァ、ハァ、ハァ、ハァ……！, , ,サチコ,ハァ、ハァ、ハァ、ハァ......！, , ,サチコ,―,,,サチコ,哈啊、哈啊、哈啊、哈啊……！,,,1,0,0,1,0,0,0,0,0,,Translated
1805,校長,……おいで, , ,校長,......おいで, , ,校長,―,,,校長,……過來,,,1,0,0,1,0,0,0,0,0,,Translated
1806,サチコ,キャーーーーッ！, , ,サチコ,キャーーーーッ！, , ,サチコ,―,,,サチコ,呀～～～～！,,,1,0,0,1,0,0,0,0,0,,Translated
1807,校長,見てしまったんだね……, , ,校長,見てしまったんだね......, , ,校長,―,,,校長,你看到了吧……,,,1,0,0,1,0,0,0,0,0,,Translated
1808,サチコ,んっ、……キャー！, , ,サチコ,んっ、......キャー！, , ,サチコ,―,,,サチコ,嗯、……呀～！,,,1,0,0,1,0,0,0,0,0,,Translated
1809,サチコ,ぐッ……　キュ……ッ　クフッ, , ,サチコ,ぐッ......　キュ......ッ　クフッ, , ,サチコ,―,,,サチコ,呃……　咕……　咳呼,,,1,0,0,1,0,0,0,0,0,,Translated
1810,サチコ,……く……ッ、　……、　グッ……, , ,サチコ,......く......ッ、　......、　グッ......, , ,サチコ,―,,,サチコ,……可……、　……、　呃……,,,1,0,0,1,0,0,0,0,0,,Translated
1811,校長,……見たんだね？, , ,校長,......見たんだね？, , ,校長,―,,,校長,……你看到了吧？,,,1,0,0,1,0,0,0,0,0,,Translated
1812,あゆみ,ううううぅ……ッ！, , ,あゆみ,ううううぅ......ッ！, , ,あゆみ,―,,,あゆみ,嗚嗚嗚嗚……！,,,1,0,0,1,0,0,0,0,0,,Translated
1813,良樹,……ッくはッ！, , ,良樹,......ッくはッ！, , ,良樹,―,,,良樹,……呃哈！,,,1,0,0,1,0,0,0,0,0,,Translated
1814,良樹,篠崎！　逃げるぞ！　来い！, , ,良樹,篠崎！　逃げるぞ！　来い！, , ,良樹,―,,,良樹,篠崎！　快逃！　過來！,,,1,0,0,1,0,0,0,0,0,,Translated
1815,あゆみ,岸沼くん！, , ,あゆみ,岸沼くん！, , ,あゆみ,―,,,あゆみ,岸沼同學！,,,1,0,0,1,0,0,0,0,0,,Translated
1816,良樹,はぁ、はぁ、はぁ、篠崎、待て……, , ,良樹,はぁ、はぁ、はぁ、篠崎、待て......, , ,良樹,―,,,良樹,哈啊、哈啊、哈啊、篠崎，等等……,,,1,0,0,1,0,0,0,0,0,,Translated
1817,あゆみ,はっ、はっ、はっ……なに？, , ,あゆみ,はっ、はっ、はっ......なに？, , ,あゆみ,―,,,あゆみ,哈、哈、哈……什麼？,,,1,0,0,1,0,0,0,0,0,,Translated
1818,良樹,追いかけて、来ないぞ……はぁ、はぁ, , ,良樹,追いかけて、来ないぞ......はぁ、はぁ, , ,良樹,―,,,良樹,沒有追上來……　哈啊、哈啊,,,1,0,0,1,0,0,0,0,0,,Translated
1819,あゆみ,？　……はぁ、はぁ, , ,あゆみ,？　......はぁ、はぁ, , ,あゆみ,―,,,あゆみ,？　……哈啊、哈啊,,,1,0,0,1,0,0,0,0,0,,Translated
1820,良樹,ヨシヱの事故とサチコの失踪……早速見えて来たな, , ,良樹,ヨシヱの事故とサチコの失踪......早速見えて来たな, , ,良樹,―,,,良樹,ヨシヱ的事故和サチコ的失蹤……很快就看到了,,,1,0,0,1,0,0,0,0,0,,Translated
1821,あゆみ,あいつ……あの子の亡骸、どうするつもりなのかしら……, , ,あゆみ,あいつ......あの子の亡骸、どうするつもりなのかしら......, , ,あゆみ,―,,,あゆみ,那傢伙……打算怎麼處理那孩子的遺體……,,,1,0,0,1,0,0,0,0,0,,Translated
1822,良樹,……隠す、んじゃないか……？, , ,良樹,......隠す、んじゃないか......？, , ,良樹,―,,,良樹,……是要藏起來吧……？,,,1,0,0,1,0,0,0,0,0,,Translated
1823,良樹,古い新聞記事では、母親の方は【事故】として出ていたけど, , ,良樹,古い新聞記事では、母親の方は【事故】として出ていたけど, , ,良樹,―,,,良樹,舊報紙上，母親那邊是被當作【事故】報導的,,,1,0,0,1,0,0,0,0,0,,Translated
1824,良樹,娘の方は【失踪】となっていたからな……, , ,良樹,娘の方は【失踪】となっていたからな......, , ,良樹,―,,,良樹,但女兒那邊是【失蹤】……,,,1,0,0,1,0,0,0,0,0,,Translated
1825,あゆみ,……許せないわ、あいつ……, , ,あゆみ,......許せないわ、あいつ......, , ,あゆみ,―,,,あゆみ,……不可原諒，那傢伙……,,,1,0,0,1,0,0,0,0,0,,Translated
1826,あゆみ,ねぇ、サチコの遺体を隠すとしたら……何処だと思う？, , ,あゆみ,ねぇ、サチコの遺体を隠すとしたら......何処だと思う？, , ,あゆみ,―,,,あゆみ,喂，如果要藏サチコ的遺體……你覺得會在哪裡？,,,1,0,0,1,0,0,0,0,0,,Translated
1827,良樹,見当もつかねぇよ……, , ,良樹,見当もつかねぇよ......, , ,良樹,―,,,良樹,完全沒有頭緒……,,,1,0,0,1,0,0,0,0,0,,Translated
1828,あゆみ,持田君が言ってたよね。鬼碑忌先生の書いた記事……, , ,あゆみ,持田君が言ってたよね。鬼碑忌先生の書いた記事......, , ,あゆみ,―,,,あゆみ,持田同學說過吧。鬼碑忌老師寫的文章……,,,1,0,0,1,0,0,0,0,0,,Translated
1829,あゆみ,”開校当初より閉鎖されていた、天神小学校の地下室に関する何か大きな呪いの存在……”, , ,あゆみ,”開校当初より閉鎖されていた、天神小学校の地下室に関する何か大きな呪いの存在......”, , ,あゆみ,―,,,あゆみ,「從創校之初就被封鎖的，天神小學校地下室有關的某個巨大詛咒的存在……」,,,1,0,0,1,0,0,0,0,0,,Translated
1830,あゆみ,――って一文のこと, , ,あゆみ,――って一文のこと, , ,あゆみ,―,,,あゆみ,――就是那一段,,,1,0,0,1,0,0,0,0,0,,Translated
1831,良樹,言ってたな……、……調べてみるか、地下室, , ,良樹,言ってたな......、......調べてみるか、地下室, , ,良樹,―,,,良樹,說過啊……、……去調查看看吧，地下室,,,1,0,0,1,0,0,0,0,0,,Translated
1832,あゆみ,……うん, , ,Ayumi,...Okay.,,,あゆみ,―,,,あゆみ,……嗯,,,1,0,0,1,0,0,0,0,0,,Translated
1833,,床に、小さな手帳が落ちています。……拾いますか？, , ,,床に、小さな手帳が落ちています。......拾いますか？, , ,,―,,,,地板上，掉了一本小手冊。……要撿起來嗎？,,,0,0,0,1,0,0,0,0,0,,Translated
1834,,拾う,拾わない,,,拾う,拾わない,,,―,,,,撿,不撿,,0,255,255,255,255,255,255,255,255,,Translated
1835,あゆみ,ん……？　！　こ、これ……！, , ,あゆみ,ん......？　！　こ、これ......！, , ,あゆみ,―,,,あゆみ,嗯……？　！　這、這個……！,,,1,17,3,1,0,0,0,0,0,,Translated
1836,あゆみ,裏のこのサイン……七星さんの手帳だわ！, , ,あゆみ,裏のこのサイン......七星さんの手帳だわ！, , ,あゆみ,―,,,あゆみ,背面這個簽名……是七星小姐的手冊！,,,1,18,3,1,0,0,0,0,0,,Translated
1837,,七星の手帳　を取りました。, , ,,七星の手帳　を取りました。, , ,,―,,,,取得了七星的手冊。,,,0,0,0,1,0,0,0,0,0,,Translated
1838,あゆみ,“調査メモ”……？,　気がひけるけど、読ませてもらおう, ,あゆみ,“調査メモ”......？,　気がひけるけど、読ませてもらおう, ,あゆみ,―,,,あゆみ,「調查筆記」……？,雖然有點顧忌，但還是看看吧,,1,19,3,1,0,0,0,0,0,,Translated
1839,,―小さな手帳はリングノートになっており、, , ,,―小さな手帳はリングノートになっており、, , ,,―,,,,―小手冊是活頁筆記本，,,,0,0,0,1,0,0,0,0,0,,Translated
1840,,―中身がほとんど千切られてしまっています。, , ,,―中身がほとんど千切られてしまっています。, , ,,―,,,,―裡面的內容幾乎都被撕掉了。,,,0,0,0,1,0,0,0,0,0,,Translated
1841,,【七星の手記】1／5, , ,,【七星の手記】1／5, , ,,―,,,,【七星的筆記】1／5,,,0,0,0,1,0,0,0,0,0,,Translated
1842,七星,“霊場調査ファイル01、,“心霊医療心臓外科病棟”,　【未調査】”,七星,“霊場調査ファイル01、,“心霊医療心臓外科病棟”,　【未調査】”,七星,―,,,七星,「靈場調查檔案01，,「靈療心臟外科病房」,　【未調查】」,1,81,9,1,0,0,0,0,0,,Translated
1843,七星,“霊場調査ファイル02、“Ｋ県『天神小学校』”,　【現在調査中】”, ,七星,“霊場調査ファイル02、“Ｋ県『天神小学校』”,　【現在調査中】”, ,七星,―,,,七星,「靈場調查檔案02、「Ｋ縣『天神小學校』」,　【目前調查中】」,,1,82,9,1,0,0,0,0,0,,Translated
1844,七星,“　・実地調査方法：入手、（要二名以上）”, , ,七星,“　・実地調査方法：入手、（要二名以上）”, , ,七星,―,,,七星,「　・實地調查方法：已取得、（需兩名以上）」,,,1,83,9,1,0,0,0,0,0,,Translated
1845,七星,“　・帰還方法：入手、情報を更に収集し、,　　　退路の補完を行なう必要有り。”, ,七星,“　・帰還方法：入手、情報を更に収集し、,　　　退路の補完を行なう必要有り。”, ,七星,―,,,七星,「　・歸還方法：已取得，需要進一步收集情報，,　　　以完善退路。」,,1,84,9,1,0,0,0,0,0,,Translated
1846,七星,“現地で篠崎家の調査を進めるだけで、,　強い霊障を受けた。”, ,七星,“現地で篠崎家の調査を進めるだけで、,　強い霊障を受けた。”, ,七星,―,,,七星,「僅在當地進行篠崎家的調查，,就受到了強烈的靈障。」,,1,85,9,1,0,0,0,0,0,,Translated
1847,七星,“体の右半分が麻痺、左鼓膜に異常、,　姿写真にオーブ・影響有。”, ,七星,“体の右半分が麻痺、左鼓膜に異常、,　姿写真にオーブ・影響有。”, ,七星,―,,,七星,「身體右半邊麻痺，左耳鼓膜異常，,　照片中出現光球・有影響。」,,1,86,9,1,0,0,0,0,0,,Translated
1848,七星,“数週間に渡る頭重（ずおも）感、吐気、下血。”, , ,七星,“数週間に渡る頭重（ずおも）感、吐気、下血。”, , ,七星,―,,,七星,「長達數週的頭重感、噁心、便血。」,,,1,87,9,1,0,0,0,0,0,,Translated
1849,七星,“危険なので今回、天神小学校の実地調査には、”, , ,七星,“危険なので今回、天神小学校の実地調査には、”, , ,七星,―,,,七星,「因為危險，這次天神小學校的實地調查，」,,,1,88,9,1,0,0,0,0,0,,Translated
1850,七星,“先生は同行させない方が良いかも知れない。”, , ,七星,“先生は同行させない方が良いかも知れない。”, , ,七星,―,,,七星,「也許最好別讓老師同行。」,,,1,89,9,1,0,0,0,0,0,,Translated
1851,七星,“……先生、今日も持ち込み、駄目だったようだ。”, , ,七星,“......先生、今日も持ち込み、駄目だったようだ。”, , ,七星,―,,,七星,「……老師，今天帶去的東西，似乎也沒成功。」,,,1,90,9,1,0,0,0,0,0,,Translated
1852,七星,“この出版社で何度目だろうか。,　こんなに面白い作品なのに。”, ,七星,“この出版社で何度目だろうか。,　こんなに面白い作品なのに。”, ,七星,―,,,七星,「這已經是第幾次被這家出版社拒絕了。,明明是這麼有趣的作品。」,,1,91,9,1,0,0,0,0,0,,Translated
1853,七星,“尖り過ぎていて、判って貰えないのか、”, , ,七星,“尖り過ぎていて、判って貰えないのか、”, , ,七星,―,,,七星,「也許是因為太尖銳了，無法被理解吧，」,,,1,92,9,1,0,0,0,0,0,,Translated
1854,七星,“先生が背中を丸めてしまって可哀相だ。”, , ,七星,“先生が背中を丸めてしまって可哀相だ。”, , ,七星,―,,,七星,「看到老師垂頭喪氣的樣子真可憐。」,,,1,93,9,1,0,0,0,0,0,,Translated
1855,七星,“しかし、今の猟奇事件ルポ記事の連載は、,　絶対に化けると思う。”, ,七星,“しかし、今の猟奇事件ルポ記事の連載は、,　絶対に化けると思う。”, ,七星,―,,,七星,「但是，現在連載的獵奇事件報導，,我覺得一定會大賣。」,,1,94,9,1,0,0,0,0,0,,Translated
1856,七星,“私も、出来る事は何であっても協力する。”, , ,七星,“私も、出来る事は何であっても協力する。”, , ,七星,―,,,七星,「我也會盡我所能提供協助。」,,,1,95,9,1,0,0,0,0,0,,Translated
1857,あゆみ,……, , ,あゆみ,......, , ,あゆみ,―,,,あゆみ,……,,,1,20,3,1,0,0,0,0,0,,Translated
1858,あゆみ,七星さんがブログで公開している霊界調査……,そのメモノートを, ,あゆみ,七星さんがブログで公開している霊界調査......,そのメモノートを, ,あゆみ,―,,,あゆみ,七星小姐在部落格上公開的靈界調查……,那個筆記本，,,1,21,3,1,0,0,0,0,0,,Translated
1859,あゆみ,……こんな形で、読む日が来るなんて、, , ,あゆみ,......こんな形で、読む日が来るなんて、, , ,あゆみ,―,,,あゆみ,……會以這樣的形式，迎來閱讀的一天，,,,1,22,3,1,0,0,0,0,0,,Translated
1860,あゆみ,ちゃんと普通に出逢って……　お友達に……なれたら、, , ,あゆみ,ちゃんと普通に出逢って......　お友達に......なれたら、, , ,あゆみ,―,,,あゆみ,如果能普通地相遇……　成為朋友的話，,,,1,23,3,1,0,0,0,0,0,,Translated
1861,あゆみ,それから、　……読ませて貰いたかった……, , ,あゆみ,それから、　......読ませて貰いたかった......, , ,あゆみ,―,,,あゆみ,然後，　……想請她讓我看……,,,1,24,3,1,0,0,0,0,0,,Translated
1862,あゆみ,七星さん……　私の、憧れの人……, , ,あゆみ,七星さん......　私の、憧れの人......, , ,あゆみ,―,,,あゆみ,七星小姐……　我，憧憬的人……,,,1,25,3,1,0,0,0,0,0,,Translated
1863,,　大日本帝国秘密諜報基地,　押入　絶対反対！, ,,　大日本帝国秘密諜報基地,　押入　絶対反対！, ,,―,,,,　大日本帝國秘密諜報基地,　推入　絕對反對！,,0,0,0,1,0,0,0,0,0,,Translated
1864,哲志,これは……！　隠し通路か？　……梯子がある。, , ,哲志,これは......！　隠し通路か？　......梯子がある。, , ,哲志,これは……！　隠し通路か？　……梯子がある。, , ,哲志,這是……！　隱藏通道嗎？　……有梯子。,,,1,253,17,1,0,0,0,0,0,,Translated
1865,由香,お兄ちゃん……, , ,由香,お兄ちゃん......, , ,由香,お兄ちゃん……, , ,由香,哥哥……,,,1,81,29,1,0,0,0,0,0,,Translated
1866,直美,ここにも、お札（ふだ）がびっしり……怖い……, , ,直美,ここにも、お札（ふだ）がびっしり......怖い......, , ,直美,ここにも、お札（ふだ）がびっしり……怖い……, , ,直美,這裡也有，滿滿的符咒……好可怕……,,,1,43,13,1,0,0,0,0,0,,Translated
1867,哲志,ああ……相当恐れていたんだ,この下にあるものを……よし、下りてみるか。, ,哲志,ああ......相当恐れていたんだ,この下にあるものを......よし、下りてみるか。, ,哲志,ああ……相当恐れていたんだ,この下にあるものを……よし、下りてみるか。, ,哲志,嗯……可見校長有多害怕,這下面的東西……好，下去看看吧。,,1,254,17,1,0,0,0,0,0,,Translated
1868,直美,……っ, , ,直美,......っ, , ,直美,……っ, , ,直美,……,,,1,44,13,1,0,0,0,0,0,,Translated
1869,哲志,俺から下りるから……直美と由香は、後から続いてくれ。, , ,哲志,俺から下りるから......直美と由香は、後から続いてくれ。, , ,哲志,俺から下りるから……直美と由香は、後から続いてくれ。, , ,哲志,我先下去……直美和由香，你們隨後跟上。,,,1,255,17,1,0,0,0,0,0,,Translated
1870,由香,お兄ちゃん……, , ,由香,お兄ちゃん......, , ,由香,お兄ちゃん……, , ,由香,哥哥……,,,1,82,29,1,0,0,0,0,0,,Translated
1871,直美,哲志、気をつけてね……, , ,直美,哲志、気をつけてね......, , ,直美,哲志、気をつけてね……, , ,直美,哲志，小心點……,,,1,45,13,1,0,0,0,0,0,,Translated
1872,哲志,ああ。, , ,哲志,ああ。, , ,哲志,ああ。, , ,哲志,嗯。,,,1,0,18,1,0,0,0,0,0,,Translated
1873,,　たなのなかはからっぽで　す, , ,,　たなのなかはからっぽで　す, , ,,　たなのなかはからっぽで　す, , ,,　櫃　子　裡　面　是　空　的,,,0,0,0,1,0,0,0,0,0,,Translated
1874,哲志,う……っ　なんだ、ここは。, , ,哲志,う......っ　なんだ、ここは。, , ,哲志,う……っ　なんだ、ここは。, , ,哲志,嗚……　這裡是哪裡。,,,1,1,18,1,0,0,0,0,0,,Translated
1875,隆峰,そんなつもりはなかったのだ, , ,隆峰,そんなつもりはなかったのだ, , ,隆峰,そんなつもりはなかったのだ, , ,隆峰,我不是故意的,,,1,241,20,1,1,0,0,0,0,,Translated
1876,隆峰,ただの一時の気の迷いだ, , ,隆峰,ただの一時の気の迷いだ, , ,隆峰,ただの一時の気の迷いだ, , ,隆峰,只是一時的迷惘,,,1,242,20,1,1,0,0,0,0,,Translated
1877,隆峰,あいつが悪いんだ, , ,隆峰,あいつが悪いんだ, , ,隆峰,あいつが悪いんだ, , ,隆峰,是那傢伙不好,,,1,243,20,1,1,0,0,0,0,,Translated
1878,隆峰,あんな事であんなに驚く方がおかしい, , ,隆峰,あんな事であんなに驚く方がおかしい, , ,隆峰,あんな事であんなに驚く方がおかしい, , ,隆峰,為那種事嚇成那樣才奇怪,,,1,244,20,1,1,0,0,0,0,,Translated
1879,由香,寒い……！, , ,由香,寒い......！, , ,由香,寒い……！, , ,由香,好冷……！,,,1,83,29,1,0,0,0,0,0,,Translated
1880,直美,なに、この張り紙の数……異常だわ。, , ,直美,なに、この張り紙の数......異常だわ。, , ,直美,なに、この張り紙の数……異常だわ。, , ,直美,什麼，這些紙的數量……太異常了。,,,1,46,13,1,0,0,0,0,0,,Translated
1881,哲志,校長は、死ぬ間際に精神を病んでいたって,話だったからな……, ,哲志,校長は、死ぬ間際に精神を病んでいたって,話だったからな......, ,哲志,校長は、死ぬ間際に精神を病んでいたって,話だったからな……, ,哲志,據說校長在臨死之際精神失常了……,,,1,2,18,1,0,0,0,0,0,,Translated
1882,直美,……何……これ？, , ,直美,......何......これ？, , ,直美,……何……これ？, , ,直美,……什麼……這個？,,,1,47,13,1,0,0,0,0,0,,Translated
1883,,……引き出しの中には、血まみれの小さな麻袋が,入っていました……, ,,......引き出しの中には、血まみれの小さな麻袋が,入っていました......, ,,……引き出しの中には、血まみれの小さな麻袋が,入っていました……, ,,……抽屜裡，放著一個沾滿鮮血的小麻袋……,,,0,0,0,1,0,0,0,0,0,,Translated
1884,由香,……おにいちゃん……, , ,由香,......おにいちゃん......, , ,由香,……おにいちゃん……, , ,由香,……哥哥……,,,1,84,29,1,0,0,0,0,0,,Translated
1885,哲志,いやな予感がする……由香、見るな。, , ,哲志,いやな予感がする......由香、見るな。, , ,哲志,いやな予感がする……由香、見るな。, , ,哲志,有不好的預感……由香，不要看。,,,1,6,18,1,0,0,0,0,0,,Translated
1886,,……袋の口を覗くと、中には干からびた,人間の舌が入っていました……, ,,......袋の口を覗くと、中には干からびた,人間の舌が入っていました......, ,,……袋の口を覗くと、中には干からびた,人間の舌が入っていました……, ,,……往袋子口一看，裡面裝著乾枯的,人類舌頭……,,0,0,0,1,0,0,0,0,0,,Translated
1887,哲志,！！　うわぁ！, , ,哲志,！！　うわぁ！, , ,哲志,！！　うわぁ！, , ,哲志,！！　哇啊！,,,1,7,18,1,1,0,0,0,0,,Translated
1888,直美,どうしたの？　……何？, , ,直美,どうしたの？　......何？, , ,直美,どうしたの？　……何？, , ,直美,怎麼了？　……什麼？,,,1,48,13,1,0,0,0,0,0,,Translated
1889,隆峰,はぁ、ハァ、ハァ……ゼィ……ゼィ……！, , ,隆峰,はぁ、ハァ、ハァ......ゼィ......ゼィ......！, , ,隆峰,はぁ、ハァ、ハァ……ゼィ……ゼィ……！, , ,隆峰,哈啊、哈啊、哈啊……嘶……嘶……！,,,1,245,20,1,1,1,1,0,0,,Translated
1890,隆峰,……毎晩……毎晩！　夢に出て来やがって！, , ,隆峰,......毎晩......毎晩！　夢に出て来やがって！, , ,隆峰,……毎晩……毎晩！　夢に出て来やがって！, , ,隆峰,……每晚……每晚！　都在夢中出現！,,,1,246,20,1,1,0,0,0,0,,Translated
1891,隆峰,こんなに、私が罪を悔いているのに！, , ,隆峰,こんなに、私が罪を悔いているのに！, , ,隆峰,こんなに、私が罪を悔いているのに！, , ,隆峰,我都已經這麼深刻地悔罪了！,,,1,247,20,1,1,0,0,0,0,,Translated
1892,隆峰,どこまでわたしを苦しめるんだ！, , ,隆峰,どこまでわたしを苦しめるんだ！, , ,隆峰,どこまでわたしを苦しめるんだ！, , ,隆峰,你到底要折磨我到什麼程度！,,,1,248,20,1,1,0,0,0,0,,Translated
1893,隆峰,……ウフエヘヘヘヘヘヘ。, , ,隆峰,......ウフエヘヘヘヘヘヘ。, , ,隆峰,……ウフエヘヘヘヘヘヘ。, , ,隆峰,……嗚呵呵呵呵呵。,,,1,249,20,1,1,0,0,0,0,,Translated
1894,隆峰,わかっているよ。お前は本当は死んではいない。, , ,隆峰,わかっているよ。お前は本当は死んではいない。, , ,隆峰,わかっているよ。お前は本当は死んではいない。, , ,隆峰,我知道。你其實沒有死。,,,1,250,20,1,1,0,0,0,0,,Translated
1895,隆峰,死んだフリをしているんだ。, , ,隆峰,死んだフリをしているんだ。, , ,隆峰,死んだフリをしているんだ。, , ,隆峰,只是在裝死。,,,1,251,20,1,1,0,0,0,0,,Translated
1896,隆峰,フフフヒヒヒ、だがね、私には立場があるんだ。, , ,隆峰,フフフヒヒヒ、だがね、私には立場があるんだ。, , ,隆峰,フフフヒヒヒ、だがね、私には立場があるんだ。, , ,隆峰,呵呵呵嘻嘻嘻，但是啊，我有我的立場。,,,1,252,20,1,1,0,0,0,0,,Translated
1897,隆峰,お前に、あの事を誰かに喋らせるわけにはいかないよ。, , ,隆峰,お前に、あの事を誰かに喋らせるわけにはいかないよ。, , ,隆峰,お前に、あの事を誰かに喋らせるわけにはいかないよ。, , ,隆峰,我不能讓你把那件事告訴任何人。,,,1,253,20,1,1,0,0,0,0,,Translated
1898,隆峰,悪いが、喋れないようにさせてもらうからね。, , ,隆峰,悪いが、喋れないようにさせてもらうからね。, , ,隆峰,悪いが、喋れないようにさせてもらうからね。, , ,隆峰,抱歉，我要讓你開不了口。,,,1,254,20,1,0,0,0,0,0,,Translated
1899,隆峰,ハァ……ハァ……　ぜぇ……ぜぇ, , ,隆峰,ハァ......ハァ......　ぜぇ......ぜぇ, , ,隆峰,ハァ……ハァ……　ぜぇ……ぜぇ, , ,隆峰,哈啊……哈啊……　嘶……嘶,,,1,255,20,1,0,0,0,0,0,,Translated
1900,隆峰,ハァッ、このッ！　このッ！　このッ！, , ,隆峰,ハァッ、このッ！　このッ！　このッ！, , ,隆峰,ハァッ、このッ！　このッ！　このッ！, , ,隆峰,哈啊、這個！　這個！　這個！,,,1,0,21,1,1,0,0,0,0,,Translated
1901,隆峰,……お前が夢枕に立つたびに、,また殺しに来てあげるからね。, ,隆峰,......お前が夢枕に立つたびに、,また殺しに来てあげるからね。, ,隆峰,……お前が夢枕に立つたびに、,また殺しに来てあげるからね。, ,隆峰,……每次你出現在我夢中，,我都會再來殺你一次。,,1,1,21,1,0,0,0,0,0,,Translated
1902,直美,哲志！　……哲志！, , ,直美,哲志！　......哲志！, , ,直美,哲志！　……哲志！, , ,直美,哲志！　……哲志！,,,1,49,13,1,0,0,0,0,0,,Translated
1903,由香,お兄ちゃん！, , ,由香,お兄ちゃん！, , ,由香,お兄ちゃん！, , ,由香,哥哥！,,,1,85,29,1,0,0,0,0,0,,Translated
1904,哲志,うッ！, , ,哲志,うッ！, , ,哲志,うッ！, , ,哲志,嗚！,,,1,8,18,1,0,0,0,0,0,,Translated
1905,直美,大丈夫……？　急に返事しなくなったから、,びっくりしたよ。, ,直美,大丈夫......？　急に返事しなくなったから、,びっくりしたよ。, ,直美,大丈夫……？　急に返事しなくなったから、,びっくりしたよ。, ,直美,沒事吧……？　突然不說話了，,嚇我一跳。,,1,50,13,1,0,0,0,0,0,,Translated
1906,哲志,ああ……すまない。嫌な、記憶を見た……, , ,哲志,ああ......すまない。嫌な、記憶を見た......, , ,哲志,ああ……すまない。嫌な、記憶を見た……, , ,哲志,嗯……對不起。看到了，不愉快的記憶……,,,1,9,18,1,0,0,0,0,0,,Translated
1907,直美,？, , ,直美,？, , ,直美,？, , ,直美,？,,,1,51,13,1,0,0,0,0,0,,Translated
1908,哲志,これは……恐らく、サチコの舌だ。, , ,哲志,これは......恐らく、サチコの舌だ。, , ,哲志,これは……恐らく、サチコの舌だ。, , ,哲志,這……恐怕是サチコ的舌頭。,,,1,10,18,1,0,0,0,0,0,,Translated
1909,直美,えっ！？, , ,直美,えっ！？, , ,直美,えっ！？, , ,直美,咦！？,,,1,52,13,1,0,0,0,0,0,,Translated
1910,由香,ひっ！, , ,由香,ひっ！, , ,由香,ひっ！, , ,由香,嚇！,,,1,86,29,1,0,0,0,0,0,,Translated
1911,哲志,心を病んだ校長が、ヨシヱの事件を,誰かに喋られては困る……って、, ,哲志,心を病んだ校長が、ヨシヱの事件を,誰かに喋られては困る......って、, ,哲志,心を病んだ校長が、ヨシヱの事件を,誰かに喋られては困る……って、, ,哲志,精神失常的校長，擔心ヨシヱ的事,會被別人說出去……,,1,11,18,1,0,0,0,0,0,,Translated
1912,哲志,サチコの亡骸を掘り起こして、舌を切り取ったんだ。, , ,哲志,サチコの亡骸を掘り起こして、舌を切り取ったんだ。, , ,哲志,サチコの亡骸を掘り起こして、舌を切り取ったんだ。, , ,哲志,於是挖出了サチコ的遺體，切下了舌頭。,,,1,12,18,1,0,0,0,0,0,,Translated
1913,直美,……ひどい……！, , ,直美,......ひどい......！, , ,直美,……ひどい……！, , ,直美,……太殘忍了……！,,,1,53,13,1,0,0,0,0,0,,Translated
1914,哲志,これを……サチコに返してやろう……,きっと、探しているはずだ。, ,哲志,これを......サチコに返してやろう......,きっと、探しているはずだ。, ,哲志,これを……サチコに返してやろう……,きっと、探しているはずだ。, ,哲志,把這個……還給サチコ吧……,她一定在找。,,1,13,18,1,0,0,0,0,0,,Translated
1915,直美,サチコに……, , ,直美,サチコに......, , ,直美,サチコに……, , ,直美,還給サチコ……,,,1,54,13,1,0,0,0,0,0,,Translated
1916,,サチコの舌　を取りました。, , ,,サチコの舌　を取りました。, , ,,サチコの舌　を取りました。, , ,,取得了サチコ的舌頭。,,,0,0,0,1,0,0,0,0,0,,Translated
1917,,　棚の中一面に、意味のわからない文字が、,　筆で書き殴られています……, ,,　棚の中一面に、意味のわからない文字が、,　筆で書き殴られています......, ,,　棚の中一面に、意味のわからない文字が、,　筆で書き殴られています……, ,,　櫃子內部的一面，,用毛筆塗鴉著意義不明的文字……,,0,0,0,1,0,0,0,0,0,,Translated
1918,,“入る反対！　反対！　反対！”, , ,,“入る反対！　反対！　反対！”, , ,,“入る反対！　反対！　反対！”, , ,,「反對進入！　反對！　反對！」,,,0,0,0,1,0,0,0,0,0,,Translated
1919,,　棚の中一面に、意味のわからない文字が、,　筆で書き殴られています……, ,,　棚の中一面に、意味のわからない文字が、,　筆で書き殴られています......, ,,　棚の中一面に、意味のわからない文字が、,　筆で書き殴られています……, ,,　櫃子內部的一面，,用毛筆塗鴉著意義不明的文字……,,0,0,0,1,0,0,0,0,0,,Translated
1920,,“あなたの明日について,　明るい未来をいのりましょう”, ,,“あなたの明日について,　明るい未来をいのりましょう”, ,,“あなたの明日について,　明るい未来をいのりましょう”, ,,「關於你的明天，,讓我們祈禱光明的未來吧」,,0,0,0,1,0,0,0,0,0,,Translated
1921,,　机の表面に、意味のわからない文字が、,　筆で書き殴られています……, ,,　机の表面に、意味のわからない文字が、,　筆で書き殴られています......, ,,　机の表面に、意味のわからない文字が、,　筆で書き殴られています……, ,,　桌子表面，,用毛筆塗鴉著意義不明的文字……,,0,0,0,1,0,0,0,0,0,,Translated
1922,,“極めて日本お大事にするこの地蔵さんを撫でて,　下さいなでて下さい　押入反対！”, ,,“極めて日本お大事にするこの地蔵さんを撫でて,　下さいなでて下さい　押入反対！”, ,,“極めて日本お大事にするこの地蔵さんを撫でて,　下さいなでて下さい　押入反対！”, ,,「請撫摸這個極其珍視日本的地藏菩薩,請撫摸　反對推入！」,,0,0,0,1,0,0,0,0,0,,Translated
1923,,　扉はがちりと固定されて、開きそうにありません……, , ,,　扉はがちりと固定されて、開きそうにありません......, , ,,　扉はがちりと固定されて、開きそうにありません……, , ,,　門被牢牢固定住，似乎打不開……,,,0,0,0,1,0,0,0,0,0,,Translated
1924,,“1953年4月寄贈・,　　　海江田ピアノ教室”, ,,“1953年4月寄贈・,　　　海江田ピアノ教室”, ,,“1953年4月寄贈・,　　　海江田ピアノ教室”, ,,「1953年4月捐贈・,　　　海江田鋼琴教室」,,0,0,0,1,0,0,0,0,0,,Translated
1925,,ピアノの前には、誰もいません……, , ,,ピアノの前には、誰もいません......, , ,,ピアノの前には、誰もいません……, , ,,鋼琴前，沒有人……,,,0,0,0,1,0,0,0,0,0,,Translated
1926,,白骨死体が床に横たわっています……, , ,,白骨死体が床に横たわっています......, , ,,白骨死体が床に横たわっています……, , ,,白骨屍體躺在地板上……,,,0,0,0,1,0,0,0,0,0,,Translated
1927,あゆみ,……じゃぁ、爪を使ってしっかり掴んだら、,みんなで千切っちゃって！　せーのっ……！, ,あゆみ,......じゃぁ、爪を使ってしっかり掴んだら、,みんなで千切っちゃって！　せーのっ......！, ,あゆみ,……じゃぁ、爪を使ってしっかり掴んだら、,みんなで千切っちゃって！　せーのっ……！, ,あゆみ,……那就用指甲緊緊抓住，,大家一起撕破！　預備……！,,1,196,4,1,0,0,0,0,0,,Translated
1928,哲志,駄目だ！　……みんな！駄目だ！, , ,哲志,駄目だ！　......みんな！駄目だ！, , ,哲志,駄目だ！　……みんな！駄目だ！, , ,哲志,不行！　……大家！不行！,,,1,169,18,1,0,0,0,0,0,,Translated
1929,あゆみ,持田君、どうしたの？　輪に入りたくなった？, , ,あゆみ,持田君、どうしたの？　輪に入りたくなった？, , ,あゆみ,持田君、どうしたの？　輪に入りたくなった？, , ,あゆみ,持田同學，怎麼了？　想加入了嗎？,,,1,197,4,1,0,0,0,0,0,,Translated
1930,哲志,違う、そうじゃない……これは、みんな、,やっちゃ駄目なんだよ……,どうしてわかってくれないんだ……！,哲志,違う、そうじゃない......これは、みんな、,やっちゃ駄目なんだよ......,どうしてわかってくれないんだ......！,哲志,違う、そうじゃない……これは、みんな、,やっちゃ駄目なんだよ……,どうしてわかってくれないんだ……！,哲志,不是，不是那樣的……這個，大家,絕對不能做啊……,為什麼你們就是不明白……！,1,170,18,1,0,0,0,0,0,,Translated
1931,良樹,お前がそこまで意地張るなんて珍しいな。, , ,良樹,お前がそこまで意地張るなんて珍しいな。, , ,良樹,お前がそこまで意地張るなんて珍しいな。, , ,良樹,你會這麼堅持己見還真難得。,,,1,40,26,1,0,0,0,0,0,,Translated
1932,あゆみ,ふふっ、もう終わるから、いい子で待ってて持田君。, , ,あゆみ,ふふっ、もう終わるから、いい子で待ってて持田君。, , ,あゆみ,ふふっ、もう終わるから、いい子で待ってて持田君。, , ,あゆみ,呵呵，快結束了，乖乖等著喔持田同學。,,,1,198,4,1,0,0,0,0,0,,Translated
1933,哲志,――！,（……みんな行ってしまう……！,　俺も行かなきゃ、直美達は……！）,哲志,――！,（......みんな行ってしまう......！,　俺も行かなきゃ、直美達は......！）,哲志,――！,（……みんな行ってしまう……！,　俺も行かなきゃ、直美達は……！）,哲志,――！,（……大家都要走了……！,　我也得去，直美她們……！）,1,171,18,1,0,0,0,0,0,,Translated
1934,哲志,っ！, , ,哲志,っ！, , ,哲志,っ！, , ,哲志,！,,,1,172,18,1,0,0,0,0,0,,Translated
1935,あゆみ,はーい、一名様、追加でごあんな～い♪, , ,あゆみ,はーい、一名様、追加でごあんな～い♪, , ,あゆみ,はーい、一名様、追加でごあんな~い♪, , ,あゆみ,好～，一名客人，追加～♪,,,1,199,4,1,0,0,0,0,0,,Translated
1936,哲志,　,どうすれば……どうすればみんなを護れるんだ……ッ！, ,哲志,　,どうすれば......どうすればみんなを護れるんだ......ッ！, ,哲志,　,どうすれば……どうすればみんなを護れるんだ……ッ！, ,哲志,　,該怎麼做……該怎麼做才能保護大家……！,,1,173,18,1,0,0,0,0,0,,Translated
1937,直美,……ん……っ　　　,……？　……あれ……？, ,直美,......ん......っ　　　,......？　......あれ......？, ,直美,……ん……っ　　　,……？　……あれ……？, ,直美,……嗯……　　　,……？　……咦……？,,1,103,13,1,0,0,0,0,0,,Translated
1938,直美,…………っ, , ,直美,............っ, , ,直美,…………っ, , ,直美,…………,,,1,0,0,1,0,0,0,0,0,,Translated
1939,哲志,う……っ？, , ,哲志,う......っ？, , ,哲志,う……っ？, , ,哲志,嗚……？,,,1,0,0,1,0,0,0,0,0,,Translated
1940,あゆみ,……んん……っ          ,……！　あっ！, ,あゆみ,......んん......っ          ,......！　あっ！, ,あゆみ,……んん……っ          ,……！　あっ！, ,あゆみ,……嗯嗯……          ,……！　啊！,,1,0,0,1,0,0,0,0,0,,Translated
1941,良樹,おいおい……！　ここは！, , ,良樹,おいおい......！　ここは！, , ,良樹,おいおい……！　ここは！, , ,良樹,喂喂……！　這裡是！,,,1,0,0,1,0,0,0,0,0,,Translated
1942,哲志,ああ！　帰ってきたんだ！, , ,哲志,ああ！　帰ってきたんだ！, , ,哲志,ああ！　帰ってきたんだ！, , ,哲志,嗯！　回來了！,,,1,110,18,1,0,0,0,0,0,,Translated
1943,由香,おにいちゃん！……, , ,由香,おにいちゃん！......, , ,由香,おにいちゃん！……, , ,由香,哥哥！……,,,1,119,29,1,0,0,0,0,0,,Translated
1944,哲志,由香……！, , ,哲志,由香......！, , ,哲志,由香……！, , ,哲志,由香……！,,,1,111,18,1,0,0,0,0,0,,Translated
1945,直美,帰ってこれた……！, , ,直美,帰ってこれた......！, , ,直美,帰ってこれた……！, , ,直美,回來了……！,,,1,104,13,1,0,0,0,0,0,,Translated
1946,あゆみ,ゆきちゃん……！　ありがとう……！　ぐすっ, , ,あゆみ,ゆきちゃん......！　ありがとう......！　ぐすっ, , ,あゆみ,ゆきちゃん……！　ありがとう……！　ぐすっ, , ,あゆみ,由紀……！　謝謝……！　吸泣,,,1,187,4,1,0,0,0,0,0,,Translated
1947,哲志,こうして……, , ,哲志,こうして......, , ,哲志,こうして……, , ,哲志,就這樣……,,,1,112,18,1,1,0,0,0,0,,Translated
1948,哲志,生き残った俺たち５人は, , ,哲志,生き残った俺たち５人は, , ,哲志,生き残った俺たち５人は, , ,哲志,存活下來的我們五人，,,,1,113,18,1,1,0,0,0,0,,Translated
1949,哲志,如月学園に……現代に、戻ってくる事が出来た。, , ,哲志,如月学園に......現代に、戻ってくる事が出来た。, , ,哲志,如月学園に……現代に、戻ってくる事が出来た。, , ,哲志,成功回到了如月學園……現代。,,,1,116,18,1,1,0,0,0,0,,Translated
1950,哲志,みんな、しばらくは生還した喜びを,かみしめていたけれど……, ,哲志,みんな、しばらくは生還した喜びを,かみしめていたけれど......, ,哲志,みんな、しばらくは生還した喜びを,かみしめていたけれど……, ,哲志,一開始，大家都沉浸在生還的喜悅中……,,,1,117,18,1,1,0,0,0,0,,Translated
1951,哲志,すぐに、重たい現実が笑顔を引き剥がした。, , ,哲志,すぐに、重たい現実が笑顔を引き剥がした。, , ,哲志,すぐに、重たい現実が笑顔を引き剥がした。, , ,哲志,但馬上，沉重的現實就剝奪了笑容。,,,1,118,18,1,1,0,0,0,0,,Translated
1952,哲志,先生も、篠原も……　　　,森繁も……　鈴本も……, ,哲志,先生も、篠原も......　　　,森繁も......　鈴本も......, ,哲志,先生も、篠原も……　　　,森繁も……　鈴本も……, ,哲志,老師、篠原……　　　,森繁……鈴本……,,1,119,18,1,1,0,0,0,0,,Translated
1953,哲志,その場にいなかったからだ……, , ,哲志,その場にいなかったからだ......, , ,哲志,その場にいなかったからだ……, , ,哲志,因為他們不在那裡……,,,1,120,18,1,0,0,1,24,0,,Translated
1954,あゆみ,じゃ……気をつけてね。, , ,あゆみ,じゃ......気をつけてね。, , ,あゆみ,じゃ……気をつけてね。, , ,あゆみ,那……小心點喔。,,,1,188,4,1,0,0,0,0,0,,Translated
1955,哲志,ああ……, , ,哲志,ああ......, , ,哲志,ああ……, , ,哲志,嗯……,,,1,121,18,1,0,0,0,0,0,,Translated
1956,由香,さようなら……, , ,由香,さようなら......, , ,由香,さようなら……, , ,由香,再見……,,,1,120,29,1,0,0,0,0,0,,Translated
1957,良樹,おー……, , ,良樹,おー......, , ,良樹,おー……, , ,良樹,喔……,,,1,35,26,1,0,0,0,0,0,,Translated
1958,あゆみ,みんな、お願い。, , ,あゆみ,みんな、お願い。, , ,あゆみ,みんな、お願い。, , ,あゆみ,大家，拜託。,,,1,189,4,1,0,0,0,0,0,,Translated
1959,哲志,ん？, , ,哲志,ん？, , ,哲志,ん？, , ,哲志,嗯？,,,1,122,18,1,0,0,0,0,0,,Translated
1960,あゆみ,明日も……顔、みせてね。, , ,あゆみ,明日も......顔、みせてね。, , ,あゆみ,明日も……顔、みせてね。, , ,あゆみ,明天也……要讓我看見你們的臉喔。,,,1,190,4,1,0,0,0,0,0,,Translated
1961,哲志,……ああ。, , ,哲志,......ああ。, , ,哲志,……ああ。, , ,哲志,……嗯。,,,1,123,18,1,0,0,0,0,0,,Translated
1962,哲志,信じられない事が起こり過ぎて、眠れないと思ったが、, , ,哲志,信じられない事が起こり過ぎて、眠れないと思ったが、, , ,哲志,信じられない事が起こり過ぎて、眠れないと思ったが、, , ,哲志,雖然以為發生了太多難以置信的事會睡不著，,,,1,124,18,1,0,0,0,0,0,,Translated
1963,哲志,その晩は、それでも眠った――, , ,哲志,その晩は、それでも眠った――, , ,哲志,その晩は、それでも眠った――, , ,哲志,但那天晚上，還是睡著了――,,,1,125,18,1,0,0,0,0,0,,Translated
1964,哲志,（次の日）, , ,哲志,（次の日）, , ,哲志,（次の日）, , ,哲志,（第二天）,,,1,136,18,1,0,0,0,0,0,,Translated
1965,哲志,（結衣先生たちのいない学校に、憂鬱な気持ちで,　登校した俺たちは……心底驚く事になる）, ,哲志,（結衣先生たちのいない学校に、憂鬱な気持ちで,　登校した俺たちは......心底驚く事になる）, ,哲志,（結衣先生たちのいない学校に、憂鬱な気持ちで,　登校した俺たちは……心底驚く事になる）, ,哲志,（我們懷著鬱悶的心情，,　前往沒有結衣老師等人的學校上學……,　然後將會大吃一驚）,1,137,18,1,0,0,0,0,0,,Translated
1966,生徒,篠原？　森繁？　……誰だそれ？　　　　　, , ,生徒,篠原？　森繁？　......誰だそれ？　　　　　, , ,生徒,篠原？　森繁？　……誰だそれ？　　　　　, , ,學生,篠原？　森繁？　……那是誰？　　　　　,,,1,133,20,1,0,1,0,0,0,,Translated
1967,生徒,ウチの副担は松戸じゃん、寝ぼけ過ぎじゃね？, , ,生徒,ウチの副担は松戸じゃん、寝ぼけ過ぎじゃね？, , ,生徒,ウチの副担は松戸じゃん、寝ぼけ過ぎじゃね？, , ,學生,我們的副導師是松戶啊，你是還沒睡醒嗎？,,,1,134,20,1,0,1,0,0,0,,Translated
1968,生徒,転校生？　　　　,……誰か来んの？, ,生徒,転校生？　　　　,......誰か来んの？, ,生徒,転校生？　　　　,……誰か来んの？, ,學生,轉學生？　　　　,……有人要來嗎？,,1,135,20,1,0,1,0,0,0,,Translated
1969,直美,……っ, , ,直美,......っ, , ,直美,……っ, , ,直美,……,,,1,108,13,1,0,0,0,0,0,,Translated
1970,哲志,（はじめから……）, , ,哲志,（はじめから......）, , ,哲志,（はじめから……）, , ,哲志,（從一開始……）,,,1,138,18,1,0,0,0,0,0,,Translated
1971,哲志,（死んでしまったみんなが……,　はじめから、いなかった事にされていたんだ）, ,哲志,（死んでしまったみんなが......,　はじめから、いなかった事にされていたんだ）, ,哲志,（死んでしまったみんなが……,　はじめから、いなかった事にされていたんだ）, ,哲志,（死去的大家……,　就像是從一開始就不存在一樣）,,1,139,18,1,0,0,0,0,0,,Translated
1972,直美,やだよ……こんなの……！, , ,直美,やだよ......こんなの......！, , ,直美,やだよ……こんなの……！, , ,直美,不要啊……怎麼這樣……！,,,1,109,13,1,0,0,0,0,0,,Translated
1973,直美,みんなの記憶にさえ、残っていないなんて……, , ,直美,みんなの記憶にさえ、残っていないなんて......, , ,直美,みんなの記憶にさえ、残っていないなんて……, , ,直美,竟然連大家的記憶中，都沒有留下……,,,1,110,13,1,0,0,0,0,0,,Translated
1974,直美,世以子達の生きてきた今までって……,なんだったの？！, ,直美,世以子達の生きてきた今までって......,なんだったの？！, ,直美,世以子達の生きてきた今までって……,なんだったの？！, ,直美,世以子她們一直以來的人生……,到底是什麼？！,,1,111,13,1,0,0,0,0,0,,Translated
1975,あゆみ,結衣先生も……鈴本さんも、森繁君も篠原さんも、, , ,あゆみ,結衣先生も......鈴本さんも、森繁君も篠原さんも、, , ,あゆみ,結衣先生も……鈴本さんも、森繁君も篠原さんも、, , ,あゆみ,結衣老師也是……鈴本同學也是、森繁同學和篠原同學也是，,,,1,191,4,1,0,0,0,0,0,,Translated
1976,良樹,俺たちの、記憶にしか存在しないってのか……, , ,良樹,俺たちの、記憶にしか存在しないってのか......, , ,良樹,俺たちの、記憶にしか存在しないってのか……, , ,良樹,只存在於我們的記憶中嗎……,,,1,36,26,1,0,0,0,0,0,,Translated
1977,良樹,悲しすぎるじゃねぇかよ……！, , ,良樹,悲しすぎるじゃねぇかよ......！, , ,良樹,悲しすぎるじゃねぇかよ……！, , ,良樹,這也太悲傷了吧……！,,,1,37,26,1,0,0,0,0,0,,Translated
1978,直美,うううっ……！, , ,直美,うううっ......！, , ,直美,うううっ……！, , ,直美,嗚嗚……！,,,1,112,13,1,0,0,0,0,0,,Translated
1979,哲志,（沢山の魂と、人の想いを呑み込んで）, , ,哲志,（沢山の魂と、人の想いを呑み込んで）, , ,哲志,（沢山の魂と、人の想いを呑み込んで）, , ,哲志,（吞噬了無數的靈魂和人們的心意）,,,1,140,18,1,1,0,0,0,0,,Translated
1980,哲志,（新しいサチコを得た天神小学校は、,　今もあの場所に存在している）, ,哲志,（新しいサチコを得た天神小学校は、,　今もあの場所に存在している）, ,哲志,（新しいサチコを得た天神小学校は、,　今もあの場所に存在している）, ,哲志,（獲得了新的サチコ的天神小學校，,　現在依然存在於那個地方）,,1,141,18,1,1,0,0,0,0,,Translated
1981,哲志,（生き残った者……命を落とした者……,　黒き呪いに取り憑かれた者）, ,哲志,（生き残った者......命を落とした者......,　黒き呪いに取り憑かれた者）, ,哲志,（生き残った者……命を落とした者……,　黒き呪いに取り憑かれた者）, ,哲志,（倖存者……喪命者……,　被黑色詛咒附身者）,,1,142,18,1,1,0,0,0,0,,Translated
1982,哲志,（傷つけられた魂たちは、,　それぞれの痛みを抱えながら……,　悲しみを癒す旅を続けるのだ）,哲志,（傷つけられた魂たちは、,　それぞれの痛みを抱えながら......,　悲しみを癒す旅を続けるのだ）,哲志,（傷つけられた魂たちは、,　それぞれの痛みを抱えながら……,　悲しみを癒す旅を続けるのだ）,哲志,（受傷的靈魂們，,　懷抱著各自的痛苦……,　繼續著治癒悲傷的旅程）,1,143,18,1,1,0,0,0,0,,Translated
1983,哲志,（還るべき場所を……探して）, , ,哲志,（還るべき場所を......探して）, , ,哲志,（還るべき場所を……探して）, , ,哲志,（尋找著……該回去的地方）,,,1,144,18,1,1,0,0,0,0,,Translated
1984,,Chapter5　完, , ,,Chapter5　完, , ,,Chapter5　完, , ,,第五章　完,,,0,0,0,1,0,0,0,13,0,,Translated
1985,直美,……ん……っ　　　,……？　……あれ……？, ,直美,......ん......っ　　　,......？　......あれ......？, ,直美,……ん……っ　　　,……？　……あれ……？, ,直美,……嗯……　　　,……？　……咦……？,,1,103,13,1,0,0,0,0,0,,Translated
1986,直美,…………っ, , ,直美,............っ, , ,直美,…………っ, , ,直美,…………,,,1,0,0,1,0,0,0,0,0,,Translated
1987,哲志,う……っ？, , ,哲志,う......っ？, , ,哲志,う……っ？, , ,哲志,嗚……？,,,1,0,0,1,0,0,0,0,0,,Translated
1988,あゆみ,……んん……っ          ,……！　あっ！, ,あゆみ,......んん......っ          ,......！　あっ！, ,あゆみ,……んん……っ          ,……！　あっ！, ,あゆみ,……嗯嗯……          ,……！　啊！,,1,0,0,1,0,0,0,0,0,,Translated
1989,良樹,おいおい……！　ここは！, , ,良樹,おいおい......！　ここは！, , ,良樹,おいおい……！　ここは！, , ,良樹,喂喂……！　這裡是！,,,1,0,0,1,0,0,0,0,0,,Translated
1990,哲志,ああ！　帰ってきたんだ！, , ,哲志,ああ！　帰ってきたんだ！, , ,哲志,ああ！　帰ってきたんだ！, , ,哲志,嗯！　回來了！,,,1,110,18,1,0,0,0,0,0,,Translated
1991,由香,おにいちゃん！……, , ,由香,おにいちゃん！......, , ,由香,おにいちゃん！……, , ,由香,哥哥！……,,,1,119,29,1,0,0,0,0,0,,Translated
1992,哲志,由香……！, , ,哲志,由香......！, , ,哲志,由香……！, , ,哲志,由香！,,,1,111,18,1,0,0,0,0,0,,Translated
1993,直美,帰ってこれた……！, , ,直美,帰ってこれた......！, , ,直美,帰ってこれた……！, , ,直美,回來了……！,,,1,104,13,1,0,0,0,0,0,,Translated
1994,あゆみ,ゆきちゃん……！　ありがとう……！　ぐすっ, , ,あゆみ,ゆきちゃん......！　ありがとう......！　ぐすっ, , ,あゆみ,ゆきちゃん……！　ありがとう……！　ぐすっ, , ,あゆみ,由紀……！　謝謝……！　吸泣,,,1,187,4,1,0,0,0,0,0,,Translated
1995,哲志,こうして……, , ,哲志,こうして......, , ,哲志,こうして……, , ,哲志,就這樣……,,,1,112,18,1,1,0,0,0,0,,Translated
1996,哲志,生き残った俺たち５人は、, , ,哲志,生き残った俺たち５人は、, , ,哲志,生き残った俺たち５人は、, , ,哲志,存活下來的我們五人，,,,1,113,18,1,1,0,0,0,0,,Translated
1997,哲志,如月学園に……現代に、戻ってくる事が出来た。, , ,哲志,如月学園に......現代に、戻ってくる事が出来た。, , ,哲志,如月学園に……現代に、戻ってくる事が出来た。, , ,哲志,成功回到了如月學園……現代。,,,1,116,18,1,1,0,0,0,0,,Translated
1998,哲志,みんな、しばらくは生還した喜びを,かみしめていたけれど……, ,哲志,みんな、しばらくは生還した喜びを,かみしめていたけれど......, ,哲志,みんな、しばらくは生還した喜びを,かみしめていたけれど……, ,哲志,一開始，大家都沉浸在生還的喜悅中……,,,1,117,18,1,1,0,0,0,0,,Translated
1999,哲志,すぐに、重たい現実が笑顔を引き剥がした。, , ,哲志,すぐに、重たい現実が笑顔を引き剥がした。, , ,哲志,すぐに、重たい現実が笑顔を引き剥がした。, , ,哲志,但馬上，沉重的現實就剝奪了笑容。,,,1,118,18,1,1,0,0,0,0,,Translated
2000,哲志,先生も、篠原も……　　　,森繁も……鈴本も……, ,哲志,先生も、篠原も......　　　,森繁も......鈴本も......, ,哲志,先生も、篠原も……　　　,森繁も……鈴本も……, ,哲志,老師、篠原……　　　,森繁……鈴本……,,1,119,18,1,1,0,0,0,0,,Translated
2001,哲志,その場にいなかったからだ。, , ,哲志,その場にいなかったからだ。, , ,哲志,その場にいなかったからだ。, , ,哲志,因為他們不在那裡……,,,1,120,18,1,0,0,1,24,0,,Translated
2002,あゆみ,じゃ……気をつけてね。, , ,あゆみ,じゃ......気をつけてね。, , ,あゆみ,じゃ……気をつけてね。, , ,あゆみ,那……小心點喔。,,,1,188,4,1,0,0,0,0,0,,Translated
2003,哲志,ああ……, , ,哲志,ああ......, , ,哲志,ああ……, , ,哲志,嗯……,,,1,121,18,1,0,0,0,0,0,,Translated
2004,由香,さようなら……, , ,由香,さようなら......, , ,由香,さようなら……, , ,由香,再見……,,,1,120,29,1,0,0,0,0,0,,Translated
2005,良樹,おー……, , ,良樹,おー......, , ,良樹,おー……, , ,良樹,喔……,,,1,35,26,1,0,0,0,0,0,,Translated
2006,あゆみ,みんな、お願い。, , ,あゆみ,みんな、お願い。, , ,あゆみ,みんな、お願い。, , ,あゆみ,大家，拜託。,,,1,189,4,1,0,0,0,0,0,,Translated
2007,哲志,ん？, , ,哲志,ん？, , ,哲志,ん？, , ,哲志,嗯？,,,1,122,18,1,0,0,0,0,0,,Translated
2008,あゆみ,明日も……　顔、みせてね。, , ,あゆみ,明日も......　顔、みせてね。, , ,あゆみ,明日も……　顔、みせてね。, , ,あゆみ,明天也……　讓我看見你們的臉喔。,,,1,190,4,1,0,0,0,0,0,,Translated
2009,哲志,……ああ。, , ,哲志,......ああ。, , ,哲志,……ああ。, , ,哲志,……嗯。,,,1,123,18,1,0,0,0,0,0,,Translated
2010,哲志,信じられない事が起こり過ぎて、眠れないと思ったが、, , ,哲志,信じられない事が起こり過ぎて、眠れないと思ったが、, , ,哲志,信じられない事が起こり過ぎて、眠れないと思ったが、, , ,哲志,雖然以為發生了太多難以置信的事會睡不著，,,,1,124,18,1,0,0,0,0,0,,Translated
2011,哲志,その晩は、それでも眠った――, , ,哲志,その晩は、それでも眠った――, , ,哲志,その晩は、それでも眠った――, , ,哲志,但那天晚上，還是睡著了――,,,1,125,18,1,0,0,0,0,0,,Translated
2012,哲志,（次の日）, , ,哲志,（次の日）, , ,哲志,（次の日）, , ,哲志,（第二天）,,,1,136,18,1,0,0,0,0,0,,Translated
2013,哲志,（結衣先生たちのいない学校に、憂鬱な気持ちで,　登校した俺たちは……心底驚く事になる）, ,哲志,（結衣先生たちのいない学校に、憂鬱な気持ちで,　登校した俺たちは......心底驚く事になる）, ,哲志,（結衣先生たちのいない学校に、憂鬱な気持ちで,　登校した俺たちは……心底驚く事になる）, ,哲志,（我們懷著鬱悶的心情，,　前往沒有結衣老師等人的學校上學……,　然後將會大吃一驚）,1,137,18,1,0,0,0,0,0,,Translated
2014,生徒,篠原？　森繁？　……誰だそれ？　　, , ,生徒,篠原？　森繁？　......誰だそれ？　　, , ,生徒,篠原？　森繁？　……誰だそれ？　　, , ,學生,篠原？　森繁？　……那是誰？　　,,,1,133,20,1,1,1,1,0,0,,Translated
2015,生徒,ウチの副担は松戸じゃん、寝ぼけ過ぎじゃね？, , ,生徒,ウチの副担は松戸じゃん、寝ぼけ過ぎじゃね？, , ,生徒,ウチの副担は松戸じゃん、寝ぼけ過ぎじゃね？, , ,學生,我們的副導師是松戶啊，你是還沒睡醒嗎？,,,1,134,20,1,1,1,1,0,0,,Translated
2016,生徒,転校生？　　　　,……誰か来んの？, ,生徒,転校生？　　　　,......誰か来んの？, ,生徒,転校生？　　　　,……誰か来んの？, ,學生,轉學生？　　　　,……有人要來嗎？,,1,135,20,1,1,1,1,0,0,,Translated
2017,直美,……っ, , ,直美,......っ, , ,直美,……っ, , ,直美,……,,,1,108,13,1,0,0,0,0,0,,Translated
2018,哲志,（はじめから……）, , ,哲志,（はじめから......）, , ,哲志,（はじめから……）, , ,哲志,（從一開始……）,,,1,138,18,1,0,0,0,0,0,,Translated
2019,哲志,（死んでしまったみんなが……,　はじめから、いなかった事にされていたんだ）, ,哲志,（死んでしまったみんなが......,　はじめから、いなかった事にされていたんだ）, ,哲志,（死んでしまったみんなが……,　はじめから、いなかった事にされていたんだ）, ,哲志,（死去的大家……,　就像是從一開始就不存在一樣）,,1,139,18,1,0,0,0,0,0,,Translated
2020,直美,やだよ……こんなの……！, , ,直美,やだよ......こんなの......！, , ,直美,やだよ……こんなの……！, , ,直美,不要啊……怎麼這樣……！,,,1,109,13,1,0,0,0,0,0,,Translated
2021,直美,みんなの記憶にさえ、残っていないなんて……, , ,直美,みんなの記憶にさえ、残っていないなんて......, , ,直美,みんなの記憶にさえ、残っていないなんて……, , ,直美,竟然連大家的記憶中，都沒有留下……,,,1,110,13,1,0,0,0,0,0,,Translated
2022,直美,世以子達の生きてきた今までって……,なんだったの？！, ,直美,世以子達の生きてきた今までって......,なんだったの？！, ,直美,世以子達の生きてきた今までって……,なんだったの？！, ,直美,世以子她們一直以來的人生……,到底是什麼？！,,1,111,13,1,0,0,0,0,0,,Translated
2023,あゆみ,結衣先生も……鈴本さんも、森繁君も篠原さんも、, , ,あゆみ,結衣先生も......鈴本さんも、森繁君も篠原さんも、, , ,あゆみ,結衣先生も……鈴本さんも、森繁君も篠原さんも、, , ,あゆみ,結衣老師也是……鈴本同學也是、森繁同學和篠原同學也是，,,,1,191,4,1,0,0,0,0,0,,Translated
2024,良樹,俺たちの、記憶にしか存在しないってのか……, , ,良樹,俺たちの、記憶にしか存在しないってのか......, , ,良樹,俺たちの、記憶にしか存在しないってのか……, , ,良樹,只存在於我們的記憶中嗎……,,,1,36,26,1,0,0,0,0,0,,Translated
2025,良樹,悲しすぎるじゃねぇかよ……！, , ,良樹,悲しすぎるじゃねぇかよ......！, , ,良樹,悲しすぎるじゃねぇかよ……！, , ,良樹,這也太悲傷了吧……！,,,1,37,26,1,0,0,0,0,0,,Translated
2026,直美,うううっ……！, , ,直美,うううっ......！, , ,直美,うううっ……！, , ,直美,嗚嗚……！,,,1,112,13,1,0,0,0,0,0,,Translated
2027,哲志,（沢山の魂と、人の想いを呑み込んで）, , ,哲志,（沢山の魂と、人の想いを呑み込んで）, , ,哲志,（沢山の魂と、人の想いを呑み込んで）, , ,哲志,（吞噬了無數的靈魂和人們的心意）,,,1,140,18,1,1,0,0,0,0,,Translated
2028,哲志,（新しいサチコを得た天神小学校は、,　今もあの場所に存在している）, ,哲志,（新しいサチコを得た天神小学校は、,　今もあの場所に存在している）, ,哲志,（新しいサチコを得た天神小学校は、,　今もあの場所に存在している）, ,哲志,（獲得了新的サチコ的天神小學校，,　現在依然存在於那個地方）,,1,141,18,1,1,0,0,0,0,,Translated
2029,哲志,（生き残った者……命を落とした者……,　黒き呪いに取り憑かれた者）, ,哲志,（生き残った者......命を落とした者......,　黒き呪いに取り憑かれた者）, ,哲志,（生き残った者……命を落とした者……,　黒き呪いに取り憑かれた者）, ,哲志,（倖存者……喪命者……,　被黑色詛咒附身者）,,1,142,18,1,1,0,0,0,0,,Translated
2030,哲志,（傷つけられた魂たちは、,　それぞれの痛みを抱えながら……,　悲しみを癒す旅を続けるのだ）,哲志,（傷つけられた魂たちは、,　それぞれの痛みを抱えながら......,　悲しみを癒す旅を続けるのだ）,哲志,（傷つけられた魂たちは、,　それぞれの痛みを抱えながら……,　悲しみを癒す旅を続けるのだ）,哲志,（受傷的靈魂們，,　懷抱著各自的痛苦……,　繼續著治癒悲傷的旅程）,1,143,18,1,1,0,0,0,0,,Translated
2031,哲志,（還るべき場所を……探して）, , ,哲志,（還るべき場所を......探して）, , ,哲志,（還るべき場所を……探して）, , ,哲志,（尋找著……該回去的地方）,,,1,144,18,1,1,0,0,0,0,,Translated
2032,,Chapter5　完, , ,,Chapter5　完, , ,,Chapter5　完, , ,,第五章　完,,,0,0,0,1,0,0,0,13,0,,Translated
2033,直美,哲志……ごめんね、呼び出して……, , ,直美,哲志......ごめんね、呼び出して......, , ,直美,哲志……ごめんね、呼び出して……, , ,直美,哲志……對不起，把你叫出來……,,,1,113,13,1,0,0,0,0,0,,Translated
2034,哲志,いや、いいさ……どうしたんだ？, , ,哲志,いや、いいさ......どうしたんだ？, , ,哲志,いや、いいさ……どうしたんだ？, , ,哲志,不會，沒關係……怎麼了？,,,1,145,18,1,0,0,0,0,0,,Translated
2035,直美,哲志に、見て欲しい……ものがあるんだ。, , ,直美,哲志に、見て欲しい......ものがあるんだ。, , ,直美,哲志に、見て欲しい……ものがあるんだ。, , ,直美,有……想讓哲志看的東西。,,,1,114,13,1,0,0,0,0,0,,Translated
2036,直美,……これ。, , ,直美,......これ。, , ,直美,……これ。, , ,直美,……這個。,,,1,115,13,1,0,0,0,0,0,,Translated
2037,哲志,…………？　これは……, , ,哲志,............？　これは......, , ,哲志,…………？　これは……, , ,哲志,…………？　這是……,,,1,146,18,1,0,0,0,0,0,,Translated
2038,哲志,篠原の携帯に残ってた、送信前のメール,じゃないか……, ,哲志,篠原の携帯に残ってた、送信前のメール,じゃないか......, ,哲志,篠原の携帯に残ってた、送信前のメール,じゃないか……, ,哲志,是篠原手機裡，那封未發送的郵件,不是嗎……,,1,147,18,1,0,0,0,0,0,,Translated
2039,直美,（こくっ）, , ,直美,（こくっ）, , ,直美,（こくっ）, , ,直美,（點頭）,,,1,116,13,1,0,0,0,0,0,,Translated
2040,直美,あのね……, , ,直美,あのね......, , ,直美,あのね……, , ,直美,那個啊……,,,1,117,13,2,0,0,0,0,0,,Translated
2041,哲志,……直美が？, , ,哲志,......直美が？, , ,哲志,……直美が？, , ,哲志,……是直美做的？,,,1,148,18,1,0,0,0,0,0,,Translated
2042,直美,……私が……動けない世以子の首に、ロープを……, , ,直美,......私が......動けない世以子の首に、ロープを......, , ,直美,……私が……動けない世以子の首に、ロープを……, , ,直美,……我……在動不了的世以子脖子上，套上了繩子……,,,1,118,13,1,0,0,0,0,0,,Translated
2043,哲志,記憶は、ないのか？, , ,哲志,記憶は、ないのか？, , ,哲志,記憶は、ないのか？, , ,哲志,沒有記憶嗎？,,,1,149,18,1,0,0,0,0,0,,Translated
2044,直美,……（コクリ）, , ,直美,......（コクリ）, , ,直美,……（コクリ）, , ,直美,……（點頭）,,,1,119,13,1,0,0,0,0,0,,Translated
2045,直美,あの映像を観たとき……私、,何も考える事が出来なくなって……,体が、真っ黒い霧みたいなものに包まれて……,直美,あの映像を観たとき......私、,何も考える事が出来なくなって......,体が、真っ黒い霧みたいなものに包まれて......,直美,あの映像を観たとき……私、,何も考える事が出来なくなって……,体が、真っ黒い霧みたいなものに包まれて……,直美,看到那個影像的時候……我，,什麼都無法思考了……,身體，被黑色的霧氣般的東西包圍……,1,120,13,1,0,0,0,0,0,,Translated
2046,直美,もう全部がいやになって……　　　　,死んじゃってもいいやって思ったの。, ,直美,もう全部がいやになって......　　　　,死んじゃってもいいやって思ったの。, ,直美,もう全部がいやになって……　　　　,死んじゃってもいいやって思ったの。, ,直美,已經厭倦了一切……　　　　,覺得死了也好。,,1,121,13,1,0,0,0,0,0,,Translated
2047,直美,ねぇ！　……世以子……世以子は、, , ,直美,ねぇ！　......世以子......世以子は、, , ,直美,ねぇ！　……世以子……世以子は、, , ,直美,喂！　……世以子……世以子她，,,,1,152,13,1,1,0,1,0,0,,Translated
2048,直美,存在したよね！　ちゃんと……あたしたちと,一緒にいたよね！, ,直美,存在したよね！　ちゃんと......あたしたちと,一緒にいたよね！, ,直美,存在したよね！　ちゃんと……あたしたちと,一緒にいたよね！, ,直美,是存在的對吧！　確實……和我們,在一起對吧！,,1,153,13,1,1,0,1,0,0,,Translated
2049,, , , ,, , , ,, , , ,,哲志, , ,0,0,0,1,0,0,0,255,0,,Translated
2050,哲志,いたさ……いたさ、直美……！, , ,哲志,いたさ......いたさ、直美......！, , ,哲志,いたさ……いたさ、直美……！, , ,哲志,她在的……她在的，直美……！,,,1,150,18,1,1,0,1,0,0,,Translated
2051,直美,先生も……みんなも……もう会えないなんて嫌だよ！, , ,直美,先生も......みんなも......もう会えないなんて嫌だよ！, , ,直美,先生も……みんなも……もう会えないなんて嫌だよ！, , ,直美,老師也是……大家也是……再也見不到了我不要！,,,1,154,13,1,1,0,1,0,0,,Translated
2052,直美,ううぅぅぅぅ……もういちど……, , ,直美,ううぅぅぅぅ......もういちど......, , ,直美,ううぅぅぅぅ……もういちど……, , ,直美,嗚嗚嗚嗚……再一次……,,,1,155,13,1,1,0,1,0,0,,Translated
2053,直美,もういちど世以子と……話したいよぅ……！, , ,直美,もういちど世以子と......話したいよぅ......！, , ,直美,もういちど世以子と……話したいよぅ……！, , ,直美,好想再和世以子……說一次話……！,,,1,156,13,1,1,0,1,0,0,,Translated
2054,, , , ,, , , ,, , , ,,哲志, , ,0,0,0,1,0,0,0,255,0,,Translated
2055,哲志,ああっ……！, , ,哲志,ああっ......！, , ,哲志,ああっ……！, , ,哲志,我知道……！,,,1,151,18,1,1,0,1,0,0,,Translated
2056,, , , ,, , , ,, , , ,,哲志, , ,0,0,0,1,0,0,0,255,0,,Translated
2057,,CorpseParty BloodCovered; ...RepeatedFear,　　　　　　　　　　　　　　　　　　　　,　　　　　　　　　　　　　　　　　- END -,,CorpseParty BloodCovered; ...RepeatedFear,　　　　　　　　　　　　　　　　　　　　,　　　　　　　　　　　　　　　　　- END -,,CorpseParty BloodCovered; ...RepeatedFear,　　　　　　　　　　　　　　　　　　　　,　　　　　　　　　　　　　　　　　- END -,,屍體派對 BloodCovered; ...RepeatedFear,　　　　　　　　　　　　　　　　　　　　,　　　　　　　　　　　　　　　　　- END -,0,0,0,1,0,1,1,48,0,,Translated
2058,,,,,,,,,,,,,,,,,-1,0,0,1,0,1,1,48,0,,Translated
2059,田久地,（女の子が……台のバケツを蹴り飛ばして……！,　ひ、人殺……）, ,田久地,（女の子が......台のバケツを蹴り飛ばして......！,　ひ、人殺......）, ,田久地,（女の子が……台のバケツを蹴り飛ばして……！,　ひ、人殺……）, ,田久地,（女孩……踢倒了桶子……！,　殺、殺人……）,,1,0,0,1,0,0,0,0,0,,Translated
2060,田久地,あぁ……！　あぁ！, , ,田久地,あぁ......！　あぁ！, , ,田久地,あぁ……！　あぁ！, , ,田久地,啊啊……！　啊啊！,,,1,204,20,1,0,0,0,0,0,,Translated
2061,田久地,うう……う、な、なんて事だ……！, , ,田久地,うう......う、な、なんて事だ......！, , ,田久地,うう……う、な、なんて事だ……！, , ,田久地,嗚嗚……嗚、怎、怎麼會……！,,,1,0,0,1,0,0,0,0,0,,Translated
2062,田久地,――！, , ,田久地,――！, , ,田久地,――！, , ,田久地,――！,,,1,206,20,1,0,0,0,0,0,,Translated
2063,田久地,う、うわあぁぁぁ, , ,田久地,う、うわあぁぁぁ, , ,田久地,う、うわあぁぁぁ, , ,田久地,嗚、嗚哇啊啊,,,1,207,20,1,0,0,0,0,0,,Translated
2064,,タッタッタッタッ……！, , ,,タッタッタッタッ......！, , ,,タッタッタッタッ……！, , ,,噠噠噠噠……！,,,0,0,0,1,0,0,0,6,0,,Translated
2065,田久地,――！　ヒィイイイッ！,助けて！　助けてェェェ！, ,田久地,――！　ヒィイイイッ！,助けて！　助けてェェェ！, ,田久地,――！　ヒィイイイッ！,助けて！　助けてェェェ！, ,田久地,――！　咿～～～～！,救命！　救命啊啊！,,1,0,0,1,0,0,0,13,0,,Translated
2066,田久地,―！, , ,田久地,―！, , ,田久地,―！, , ,田久地,―！,,,1,0,0,1,0,0,0,3,0,,Translated
2067,あゆみ,ん……んん……っ, , ,あゆみ,ん......んん......っ, , ,あゆみ,ん……んん……っ, , ,あゆみ,嗯……嗯嗯……,,,1,134,4,1,0,0,0,0,0,,Translated
2068,あゆみ,あれ……？, , ,あゆみ,あれ......？, , ,あゆみ,あれ……？, , ,あゆみ,咦……？,,,1,135,4,1,0,0,0,0,0,,Translated
2069,あゆみ,ここは？, , ,あゆみ,ここは？, , ,あゆみ,ここは？, , ,あゆみ,這裡是？,,,1,136,4,1,0,0,0,0,0,,Translated
2070,あゆみ,！！　なにこれ……！　死体が一杯浮いてる……, , ,あゆみ,！！　なにこれ......！　死体が一杯浮いてる......, , ,あゆみ,！！　なにこれ……！　死体が一杯浮いてる……, , ,あゆみ,！！　這是什麼……！　浮著好多屍體……,,,1,137,4,1,0,0,0,0,0,,Translated
2071,あゆみ,ううう……, , ,あゆみ,ううう......, , ,あゆみ,ううう……, , ,あゆみ,嗚嗚……,,,1,138,4,1,0,0,0,0,0,,Translated
2072,あゆみ,っ！　岸沼くん！？　どこ？, , ,あゆみ,っ！　岸沼くん！？　どこ？, , ,あゆみ,っ！　岸沼くん！？　どこ？, , ,あゆみ,！　岸沼同學！？　在哪裡？,,,1,140,4,1,0,0,0,0,0,,Translated
2073,あゆみ,やだ……岸沼くん！！, , ,あゆみ,やだ......岸沼くん！！, , ,あゆみ,やだ……岸沼くん！！, , ,あゆみ,不要……岸沼同學！！,,,1,141,4,1,0,0,0,0,0,,Translated
2074,あゆみ,うううう……なんで……なんで一人にするの！, , ,あゆみ,うううう......なんで......なんで一人にするの！, , ,あゆみ,うううう……なんで……なんで一人にするの！, , ,あゆみ,嗚嗚嗚……為什麼……為什麼要讓我一個人！,,,1,142,4,1,0,0,0,0,0,,Translated
2075,あゆみ,！　……まさか……まさかこの中に……！, , ,あゆみ,！　......まさか......まさかこの中に......！, , ,あゆみ,！　……まさか……まさかこの中に……！, , ,あゆみ,！　……難道……難道在這其中……！,,,1,143,4,1,0,0,0,0,0,,Translated
2076,あゆみ,ああ！, , ,あゆみ,ああ！, , ,あゆみ,ああ！, , ,あゆみ,啊啊！,,,1,144,4,1,0,0,0,0,0,,Translated
2077,良樹,おーい……, , ,良樹,おーい......, , ,良樹,おーい……, , ,良樹,喂～～……,,,1,252,25,1,0,0,0,0,0,,Translated
2078,あゆみ,……！？, , ,あゆみ,......！？, , ,あゆみ,……！？, , ,あゆみ,……！？,,,1,145,4,1,0,0,0,0,0,,Translated
2079,良樹,勝手に人を……, , ,良樹,勝手に人を......, , ,良樹,勝手に人を……, , ,良樹,別隨便把人……,,,1,253,25,1,1,0,0,0,0,,Translated
2080,良樹,殺すなっ！　……と！, , ,良樹,殺すなっ！　......と！, , ,良樹,殺すなっ！　……と！, , ,良樹,殺掉啊！　……嘿！,,,1,254,25,1,0,0,0,0,0,,Translated
2081,あゆみ,岸沼くん……！, , ,あゆみ,岸沼くん......！, , ,あゆみ,岸沼くん……！, , ,あゆみ,岸沼同學……！,,,1,146,4,1,0,0,0,0,0,,Translated
2082,良樹,気が付いたらそこの段差にはまっててよ。,……もう少しで、プールの方に落ちちまう所だったぜ……, ,良樹,気が付いたらそこの段差にはまっててよ。,......もう少しで、プールの方に落ちちまう所だったぜ......, ,良樹,気が付いたらそこの段差にはまっててよ。,……もう少しで、プールの方に落ちちまう所だったぜ……, ,良樹,回過神來就卡在那裡的落差裡了。,……差一點就要掉到游泳池那邊去了……,,1,255,25,1,0,0,0,0,0,,Translated
2083,良樹,くそ、大丈夫か？　篠崎。, , ,良樹,くそ、大丈夫か？　篠崎。, , ,良樹,くそ、大丈夫か？　篠崎。, , ,良樹,可惡，沒事吧？　篠崎。,,,1,0,26,1,0,0,0,0,0,,Translated
2084,あゆみ,うん……！, , ,あゆみ,うん......！, , ,あゆみ,うん……！, , ,あゆみ,嗯……！,,,1,147,4,1,0,0,0,0,0,,Translated
2085,あゆみ,ん……んん……っ, , ,あゆみ,ん......んん......っ, , ,あゆみ,ん……んん……っ, , ,あゆみ,嗯……嗯嗯……,,,1,134,4,1,0,0,0,0,0,,Translated
2086,あゆみ,あれ……？, , ,あゆみ,あれ......？, , ,あゆみ,あれ……？, , ,あゆみ,咦……？,,,1,135,4,1,0,0,0,0,0,,Translated
2087,あゆみ,ここは？, , ,あゆみ,ここは？, , ,あゆみ,ここは？, , ,あゆみ,這裡是？,,,1,136,4,1,0,0,0,0,0,,Translated
2088,あゆみ,！！　なにこれ……！　死体が一杯浮いてる……, , ,あゆみ,！！　なにこれ......！　死体が一杯浮いてる......, , ,あゆみ,！！　なにこれ……！　死体が一杯浮いてる……, , ,あゆみ,！！　這是什麼……！　浮著好多屍體……,,,1,137,4,1,0,0,0,0,0,,Translated
2089,あゆみ,ううう……, , ,あゆみ,ううう......, , ,あゆみ,ううう……, , ,あゆみ,嗚嗚……,,,1,138,4,1,0,0,0,0,0,,Translated
2090,あゆみ,……どこなのここ？, , ,あゆみ,......どこなのここ？, , ,あゆみ,……どこなのここ？, , ,あゆみ,……這裡是哪裡？,,,1,139,4,1,0,0,0,0,0,,Translated
2091,,無残な亡骸があります……, , ,,無残な亡骸があります......, , ,,無残な亡骸があります……, , ,,有殘忍的遺體……,,,0,0,0,1,0,0,0,0,0,,Translated
2092,,無残な亡骸があります……, , ,,無残な亡骸があります......, , ,,無残な亡骸があります……, , ,,有殘忍的遺體……,,,0,0,0,1,0,0,0,0,0,,Translated
2093,,無残な亡骸があります……, , ,,無残な亡骸があります......, , ,,無残な亡骸があります……, , ,,有殘忍的遺體……,,,0,0,0,1,0,0,0,0,0,,Translated
2094,,無残な亡骸があります……, , ,,無残な亡骸があります......, , ,,無残な亡骸があります……, , ,,有殘忍的遺體……,,,0,0,0,1,0,0,0,0,0,,Translated
2095,,無残な亡骸があります……, , ,,無残な亡骸があります......, , ,,無残な亡骸があります……, , ,,有殘忍的遺體……,,,0,0,0,1,0,0,0,0,0,,Translated
2096,,無残な亡骸があります……, , ,,無残な亡骸があります......, , ,,無残な亡骸があります……, , ,,有殘忍的遺體……,,,0,0,0,1,0,0,0,0,0,,Translated
2097,直美,っぷっ！　何これ……！, , ,直美,っぷっ！　何これ......！, , ,直美,っぷっ！　何これ……！, , ,直美,噗！　這是什麼……！,,,1,167,13,1,0,0,0,0,0,,Translated
2098,,……黒々と光る無数の昆虫や節足動物、,ミミズなどが、まるでプールの水のように,満たされています。,,......黒々と光る無数の昆虫や節足動物、,ミミズなどが、まるでプールの水のように,満たされています。,,……黒々と光る無数の昆虫や節足動物、,ミミズなどが、まるでプールの水のように,満たされています。,,……閃耀著黑色光芒的無數昆蟲和節肢動物、,蚯蚓等，就像游泳池的水一樣,滿滿地充斥著。,0,0,0,1,0,0,0,0,0,,Translated
2099,直美,ーっ！　……嫌！！,ギャアアアァァァ！, ,直美,ーっ！　......嫌！！,ギャアアアァァァ！, ,直美,ーっ！　……嫌！！,ギャアアアァァァ！, ,直美,―！　……不要！！,嘎啊啊啊啊！,,1,168,13,1,0,0,0,0,0,,Translated
2100,直美,いや！　嫌！,キャアアァァァァ！！,助けて！　助けて哲志！,直美,いや！　嫌！,キャアアァァァァ！！,助けて！　助けて哲志！,直美,いや！　嫌！,キャアアァァァァ！！,助けて！　助けて哲志！,直美,不要！　不要！,呀啊啊啊啊！！,救命！　救命哲志！,1,169,13,1,0,0,0,13,0,,Translated
2101,哲志,直美！　うあッ……！, , ,哲志,直美！　うあッ......！, , ,哲志,直美！　うあッ……！, , ,哲志,直美！　哇啊……！,,,1,179,18,1,0,0,0,0,0,,Translated
2102,哲志,直美！　こっちだ、来れるか？！, , ,哲志,直美！　こっちだ、来れるか？！, , ,哲志,直美！　こっちだ、来れるか？！, , ,哲志,直美！　這裡，能過來嗎？！,,,1,180,18,1,0,0,0,0,0,,Translated
2103,直美,うあッ！　ああッ！,いやあぁぁぁ……あああーん, ,直美,うあッ！　ああッ！,いやあぁぁぁ......あああーん, ,直美,うあッ！　ああッ！,いやあぁぁぁ……あああーん, ,直美,哇啊！　啊啊！,不要啊啊啊……啊啊～,,1,170,13,1,0,0,0,0,0,,Translated
2104,直美,いあああぁーー！, , ,直美,いあああぁーー！, , ,直美,いあああぁーー！, , ,直美,不要啊啊～～！,,,1,171,13,1,0,0,0,0,0,,Translated
2105,,硬く、かさかさとした虫の表面が,体中をまさぐります。, ,,硬く、かさかさとした虫の表面が,体中をまさぐります。, ,,硬く、かさかさとした虫の表面が,体中をまさぐります。, ,,昆蟲堅硬、乾燥的表皮,在全身爬行。,,0,0,0,1,0,0,0,0,0,,Translated
2106,,足を付くと虫を踏み潰し、足の裏が滑って,虫の海に転んでしまいます……, ,,足を付くと虫を踏み潰し、足の裏が滑って,虫の海に転んでしまいます......, ,,足を付くと虫を踏み潰し、足の裏が滑って,虫の海に転んでしまいます……, ,,腳一踩就會踩死蟲子，腳底打滑,跌入蟲海……,,0,0,0,1,0,0,0,0,0,,Translated
2107,,足を付くと虫を踏み潰し、足の裏が滑って,虫の海に転んでしまいます……, ,,足を付くと虫を踏み潰し、足の裏が滑って,虫の海に転んでしまいます......, ,,足を付くと虫を踏み潰し、足の裏が滑って,虫の海に転んでしまいます……, ,,腳一踩就會踩死蟲子，腳底打滑,跌入蟲海……,,0,0,0,1,0,0,0,0,0,,Translated
2108,,足を付くと虫を踏み潰し、足の裏が滑って,虫の海に転んでしまいます……, ,,足を付くと虫を踏み潰し、足の裏が滑って,虫の海に転んでしまいます......, ,,足を付くと虫を踏み潰し、足の裏が滑って,虫の海に転んでしまいます……, ,,腳一踩就會踩死蟲子，腳底打滑,跌入蟲海……,,0,0,0,1,0,0,0,0,0,,Translated
2109,直美,（ぐぶ……哲志……）, , ,直美,（ぐぶ......哲志......）, , ,直美,（ぐぶ……哲志……）, , ,直美,（咕咕……哲志……）,,,1,0,0,1,0,0,0,0,0,,Translated
2110,直美,あああううぅぅ！！　……うぅ……っ,ぐ……ヒゥッ……！, ,直美,あああううぅぅ！！　......うぅ......っ,ぐ......ヒゥッ......！, ,直美,あああううぅぅ！！　……うぅ……っ,ぐ……ヒゥッ……！, ,直美,啊啊嗚嗚！！　……嗚嗚……,咕……唏……！,,1,0,0,1,1,0,1,0,0,,Translated
2111,哲志,・・・直美！どこだ？, , ,哲志,・・・直美！どこだ？, , ,哲志,・・・直美！どこだ？, , ,哲志,・・・直美！在哪裡？,,,1,0,0,1,0,0,0,0,0,,Translated
2112,直美,ぶふァッ……！, , ,直美,ぶふァッ......！, , ,直美,ぶふァッ……！, , ,直美,噗哈……！,,,1,0,0,1,0,0,0,0,0,,Translated
2113,哲志,直美、掴まれ！よし、いいぞ……,もう少しだ……感覚を遮断しろ！,泳いで来るんだ！,哲志,直美、掴まれ！よし、いいぞ......,もう少しだ......感覚を遮断しろ！,泳いで来るんだ！,哲志,直美、掴まれ！よし、いいぞ……,もう少しだ……感覚を遮断しろ！,泳いで来るんだ！,哲志,直美，抓住！好，很好……,再差一點……切斷感覺！,游過來！,1,181,18,1,0,0,0,0,0,,Translated
2114,直美,ううー、ひううぅー！, , ,直美,ううー、ひううぅー！, , ,直美,ううー、ひううぅー！, , ,直美,嗚嗚～、唏嗚嗚～！,,,1,172,13,1,0,0,0,0,0,,Translated
2115,哲志,よし……よし……！,もう少しだ……, ,哲志,よし......よし......！,もう少しだ......, ,哲志,よし……よし……！,もう少しだ……, ,哲志,好……好……！,再差一點……,,1,182,18,1,0,0,0,0,0,,Translated
2116,哲志,よし……！,……っくっ！, ,哲志,よし......！,......っくっ！, ,哲志,よし……！,……っくっ！, ,哲志,好……！,……呃！,,1,183,18,1,0,0,0,0,0,,Translated
2117,直美,ううっ……ふうぅぅッ……取って……取ってぇ！, , ,直美,ううっ......ふうぅぅッ......取って......取ってぇ！, , ,直美,ううっ……ふうぅぅッ……取って……取ってぇ！, , ,直美,嗚嗚……呼嗚嗚……拿掉……拿掉！,,,1,173,13,1,0,0,0,0,0,,Translated
2118,哲志,ああ、じっとしてろ……全部取ってやる……！, , ,哲志,ああ、じっとしてろ......全部取ってやる......！, , ,哲志,ああ、じっとしてろ……全部取ってやる……！, , ,哲志,嗯，別動……我會全部拿掉的……！,,,1,184,18,1,0,0,0,0,0,,Translated
2119,直美,ううううぅぅ……！, , ,直美,ううううぅぅ......！, , ,直美,ううううぅぅ……！, , ,直美,嗚嗚嗚嗚……！,,,1,174,13,1,0,0,0,0,0,,Translated
2120,哲志,よし、もう大丈夫だ……,はぁ、はぁ……大丈夫だぞ, ,哲志,よし、もう大丈夫だ......,はぁ、はぁ......大丈夫だぞ, ,哲志,よし、もう大丈夫だ……,はぁ、はぁ……大丈夫だぞ, ,哲志,好了，沒事了……,哈啊、哈啊……沒事了,,1,185,18,1,0,0,0,0,0,,Translated
2121,直美,ひっく……ひっく, , ,直美,ひっく......ひっく, , ,直美,ひっく……ひっく, , ,直美,吸泣……吸泣,,,1,175,13,1,0,0,0,0,0,,Translated
2122,哲志,立てるか？,さぁ、肩を貸すから……, ,哲志,立てるか？,さぁ、肩を貸すから......, ,哲志,立てるか？,さぁ、肩を貸すから……, ,哲志,站得起來嗎？,來，我扶妳……,,1,186,18,1,0,0,0,0,0,,Translated
2123,直美,ぐすん、ぐすん, , ,直美,ぐすん、ぐすん, , ,直美,ぐすん、ぐすん, , ,直美,吸泣、吸泣,,,1,176,13,1,0,0,0,0,0,,Translated
2124,哲志,大丈夫か、由香？, , ,哲志,大丈夫か、由香？, , ,哲志,大丈夫か、由香？, , ,哲志,沒事吧，由香？,,,1,30,18,1,0,0,0,0,0,,Translated
2125,由香,うん, , ,由香,うん, , ,由香,うん, , ,由香,嗯,,,1,147,29,1,0,0,0,0,0,,Translated
2126,,高校生の亡骸があります……, , ,,高校生の亡骸があります......, , ,,高校生の亡骸があります……, , ,,有高中生的遺體……,,,0,0,0,1,0,0,0,0,0,,Translated
2127,直美,あああぁぁ……！,……うぷっ、んぐっ……！, ,直美,あああぁぁ......！,......うぷっ、んぐっ......！, ,直美,あああぁぁ……！,……うぷっ、んぐっ……！, ,直美,啊啊啊……！,……嗚噗、嗯……！,,1,177,13,1,0,0,0,0,0,,Translated
2128,直美,いあ……っぷ……嫌！,……助けて……！, ,直美,いあ......っぷ......嫌！,......助けて......！, ,直美,いあ……っぷ……嫌！,……助けて……！, ,直美,不要……噗……不要！,……救命……！,,1,178,13,1,0,0,0,0,0,,Translated
2129,直美,はぁ……はぁ……, , ,直美,はぁ......はぁ......, , ,直美,はぁ……はぁ……, , ,直美,哈啊……哈啊……,,,1,179,13,1,0,0,0,0,0,,Translated
2130,直美,―ヒッ！？,……痛！　痛い！！, ,直美,―ヒッ！？,......痛！　痛い！！, ,直美,―ヒッ！？,……痛！　痛い！！, ,直美,―嚇！？,……痛！　好痛！！,,1,180,13,1,0,0,0,0,0,,Translated
2131,直美,いやあぁぁ！！,痛い！　痛い！, ,直美,いやあぁぁ！！,痛い！　痛い！, ,直美,いやあぁぁ！！,痛い！　痛い！, ,直美,不要啊啊！！,好痛！　好痛！,,1,181,13,1,0,0,0,0,0,,Translated
2132,,……大量の虫が、直美の皮膚の表面を這いまわり……,柔らかい部分を食い破って,体内に侵入を始めました……,,......大量の虫が、直美の皮膚の表面を這いまわり......,柔らかい部分を食い破って,体内に侵入を始めました......,,……大量の虫が、直美の皮膚の表面を這いまわり……,柔らかい部分を食い破って,体内に侵入を始めました……,,……大量的蟲子，在直美的皮膚表面爬行……,咬破柔軟的部分,開始侵入體內……,0,0,0,1,0,0,0,0,0,,Translated
2133,直美,ああああ……！,んぐぐぐっ、やだっ！　こんなの, ,直美,ああああ......！,んぐぐぐっ、やだっ！　こんなの, ,直美,ああああ……！,んぐぐぐっ、やだっ！　こんなの, ,直美,啊啊啊……！,嗯咕咕咕、不要！　這種事,,1,182,13,1,0,0,0,0,0,,Translated
2134,直美,助けて……！,助けて！, ,直美,助けて......！,助けて！, ,直美,助けて……！,助けて！, ,直美,救命……！,救命！,,1,183,13,1,0,0,0,0,0,,Translated
2135,直美,哲志ぃ……！,ごぼごぼ……さと……んぅぅぅ……ッ！, ,直美,哲志ぃ......！,ごぼごぼ......さと......んぅぅぅ......ッ！, ,直美,哲志ぃ……！,ごぼごぼ……さと……んぅぅぅ……ッ！, ,直美,哲志……！,咕嚕咕嚕……さと……嗚嗚……！,,1,184,13,1,0,0,0,0,0,,Translated
2136,直美,やだ……や……ごぼっ……, , ,直美,やだ......や......ごぼっ......, , ,直美,やだ……や……ごぼっ……, , ,直美,不要……不……咕嚕……,,,1,185,13,1,0,0,0,0,0,,Translated
2137,,女生徒の亡骸が水に浮いています……, , ,,女生徒の亡骸が水に浮いています......, , ,,女生徒の亡骸が水に浮いています……, , ,,女學生的遺體浮在水面上……,,,0,0,0,1,0,0,0,0,0,,Translated
2138,,高校生の亡骸があります……, , ,,高校生の亡骸があります......, , ,,高校生の亡骸があります……, , ,,有高中生的遺體……,,,0,0,0,1,0,0,0,0,0,,Translated
2139,,高校生の亡骸があります……, , ,,高校生の亡骸があります......, , ,,高校生の亡骸があります……, , ,,有高中生的遺體……,,,0,0,0,1,0,0,0,0,0,,Translated
2140,,無残な亡骸があります……, , ,,無残な亡骸があります......, , ,,無残な亡骸があります……, , ,,有殘忍的遺體……,,,0,0,0,1,0,0,0,0,0,,Translated
2141,哲志,みんな！　サチコの切れ端を出すんだ！, , ,哲志,みんな！　サチコの切れ端を出すんだ！, , ,哲志,みんな！　サチコの切れ端を出すんだ！, , ,哲志,大家！　拿出サチコ的碎片！,,,1,92,18,1,0,0,0,0,0,,Translated
2142,直美・あゆみ・良樹・由香,ええ！,うん……！,おう……！,直美・あゆみ・良樹・由香,ええ！,うん......！,おう......！,直美・あゆみ・良樹・由香,ええ！,うん……！,おう……！,直美・あゆみ・良樹・由香,嗯！,嗯……！,喔……！,1,88,13,1,0,0,0,0,0,,Translated
2143,あゆみ,サチコさん……！　私たちの気持ちを受け取って！, , ,あゆみ,サチコさん......！　私たちの気持ちを受け取って！, , ,あゆみ,サチコさん……！　私たちの気持ちを受け取って！, , ,あゆみ,サチコ小姐……！　請接收我們的心意！,,,1,170,4,1,0,0,0,0,0,,Translated
2144,あゆみ,私たち、帰りたい！, , ,あゆみ,私たち、帰りたい！, , ,あゆみ,私たち、帰りたい！, , ,あゆみ,我們，想回去！,,,1,171,4,1,0,0,0,0,0,,Translated
2145,あゆみ,お呪（まじな）いとは、人が人を想うキモチ、,心、そのもの……, ,あゆみ,お呪（まじな）いとは、人が人を想うキモチ、,心、そのもの......, ,あゆみ,お呪（まじな）いとは、人が人を想うキモチ、,心、そのもの……, ,あゆみ,所謂詛咒，就是人對人的心意，,心，本身……,,1,172,4,1,0,0,0,0,0,,Translated
2146,あゆみ,悲しい目に遭った、あなたやお母さんを……,苦しみから、解放したいの！, ,あゆみ,悲しい目に遭った、あなたやお母さんを......,苦しみから、解放したいの！, ,あゆみ,悲しい目に遭った、あなたやお母さんを……,苦しみから、解放したいの！, ,あゆみ,經歷了悲慘遭遇的妳和媽媽……,我們想將你們，從痛苦中解放！,,1,173,4,1,0,0,0,0,0,,Translated
2147,哲志,サチコさんおねがいします！, , ,哲志,サチコさんおねがいします！, , ,哲志,サチコさんおねがいします！, , ,哲志,サチコ小姐拜託了！,,,1,93,18,1,0,0,0,0,0,,Translated
2148,直美,サチコさんおねがいします！, , ,直美,サチコさんおねがいします！, , ,直美,サチコさんおねがいします！, , ,直美,サチコ小姐拜託了！,,,1,90,13,1,0,0,0,0,0,,Translated
2149,由香,サチコさんおねがいします！, , ,由香,サチコさんおねがいします！, , ,由香,サチコさんおねがいします！, , ,由香,サチコ小姐拜託了！,,,1,115,29,1,0,0,0,0,0,,Translated
2150,あゆみ,サチコさんおねがいします！, , ,あゆみ,サチコさんおねがいします！, , ,あゆみ,サチコさんおねがいします！, , ,あゆみ,サチコ小姐拜託了！,,,1,174,4,1,0,0,0,0,0,,Translated
2151,良樹,サチコさんおねがいします！, , ,良樹,サチコさんおねがいします！, , ,良樹,サチコさんおねがいします！, , ,良樹,サチコ小姐拜託了！,,,1,24,26,1,0,0,0,0,0,,Translated
2152,哲志,はぁ、はぁ、はぁ、……みんな……,由香！　直美！　……大丈夫か！, ,哲志,はぁ、はぁ、はぁ、......みんな......,由香！　直美！　......大丈夫か！, ,哲志,はぁ、はぁ、はぁ、……みんな……,由香！　直美！　……大丈夫か！, ,哲志,哈啊、哈啊、哈啊、……大家……,由香！　直美！　……沒事吧！,,1,94,18,1,0,0,0,0,0,,Translated
2153,あゆみ,……大丈夫、ちゃんと止血するから。,私のリボンでいいかな？（シュルッ）, ,あゆみ,......大丈夫、ちゃんと止血するから。,私のリボンでいいかな？（シュルッ）, ,あゆみ,……大丈夫、ちゃんと止血するから。,私のリボンでいいかな？（シュルッ）, ,あゆみ,……沒事的，我會好好止血。,用我的緞帶可以吧？（唰）,,1,175,4,1,0,0,0,0,0,,Translated
2154,由香,あゆみお姉ちゃん……, , ,由香,あゆみお姉ちゃん......, , ,由香,あゆみお姉ちゃん……, , ,由香,あゆみ姊姊……,,,1,116,29,1,0,0,0,0,0,,Translated
2155,哲志,由香……？, , ,哲志,由香......？, , ,哲志,由香……？, , ,哲志,由香……？,,,1,95,18,1,0,0,0,0,0,,Translated
2156,由香,……ぶい。, , ,由香,......ぶい。, , ,由香,……ぶい。, , ,由香,……耶。,,,1,118,29,1,0,0,0,0,0,,Translated
2157,直美,はぁ、はぁ、はぁ……哲志。, , ,直美,はぁ、はぁ、はぁ......哲志。, , ,直美,はぁ、はぁ、はぁ……哲志。, , ,直美,哈啊、哈啊、哈啊……　哲志。,,,1,96,13,1,0,0,0,0,0,,Translated
2158,哲志,直美、無事でよかった……。篠原は、どうだった？, , ,哲志,直美、無事でよかった......。篠原は、どうだった？, , ,哲志,直美、無事でよかった……。篠原は、どうだった？, , ,哲志,直美，妳沒事真是太好了……。　篠原她，怎麼樣了？,,,1,96,18,1,0,0,0,0,0,,Translated
2159,直美,ふう……ッ……あとで、話す……, , ,直美,ふう......ッ......あとで、話す......, , ,直美,ふう……ッ……あとで、話す……, , ,直美,呼……　……晚點，再說……,,,1,97,13,1,0,0,0,0,0,,Translated
2160,哲志,？　……あ、あぁ……, , ,哲志,？　......あ、あぁ......, , ,哲志,？　……あ、あぁ……, , ,哲志,？……　啊、嗯……,,,1,97,18,1,0,0,0,0,0,,Translated
2161,あゆみ,雪ちゃん……！, , ,あゆみ,雪ちゃん......！, , ,あゆみ,雪ちゃん……！, , ,あゆみ,由紀……！,,,1,176,4,1,0,0,0,0,0,,Translated
2162,良樹,お前は……, , ,良樹,お前は......, , ,良樹,お前は……, , ,良樹,妳是……,,,1,25,26,1,0,0,0,0,0,,Translated
2163,雪,……, , ,雪,......, , ,雪,……, , ,雪,……,,,1,139,22,1,0,0,0,0,0,,Translated
2164,雪,みなさん、今です……天神小学校を包囲している,霊磁場のゲートが開いています。, ,雪,みなさん、今です......天神小学校を包囲している,霊磁場のゲートが開いています。, ,雪,みなさん、今です……天神小学校を包囲している,霊磁場のゲートが開いています。, ,雪,各位，就是現在……包圍天神小學校的,靈磁場的門打開了。,,1,165,22,1,0,0,0,0,0,,Translated
2165,雪,閉じてしまう前に……いそいで、校舎の外に出て、,おまじないをおこなってください。, ,雪,閉じてしまう前に......いそいで、校舎の外に出て、,おまじないをおこなってください。, ,雪,閉じてしまう前に……いそいで、校舎の外に出て、,おまじないをおこなってください。, ,雪,在關閉之前……快點到校舍外面，,進行詛咒。,,1,166,22,1,0,0,0,0,0,,Translated
2166,雪,ゲートが閉じてしまったら……,またこの多重閉鎖空間は元に戻ります。, ,雪,ゲートが閉じてしまったら......,またこの多重閉鎖空間は元に戻ります。, ,雪,ゲートが閉じてしまったら……,またこの多重閉鎖空間は元に戻ります。, ,雪,如果門關上了……,這個多重封閉空間又會恢復原狀。,,1,167,22,1,0,0,0,0,0,,Translated
2167,あゆみ,え……閉じたら、あなたたちはどうなるの？, , ,あゆみ,え......閉じたら、あなたたちはどうなるの？, , ,あゆみ,え……閉じたら、あなたたちはどうなるの？, , ,あゆみ,咦……關上的話，你們會怎麼樣？,,,1,177,4,1,0,0,0,0,0,,Translated
2168,雪,わたしたちはここの霊磁場に捕らえられているので……,成仏など出来ないようです。, ,雪,わたしたちはここの霊磁場に捕らえられているので......,成仏など出来ないようです。, ,雪,わたしたちはここの霊磁場に捕らえられているので……,成仏など出来ないようです。, ,雪,因為我們似乎被這裡的靈磁場束縛著……,除了サチコ以外，似乎都無法成佛。,,1,168,22,1,0,0,0,0,0,,Translated
2169,雪,今、ほんの少しの間だけ……自由になっていますが、,すぐに引き戻されて、またこの空間を,形成する事になるでしょう。,雪,今、ほんの少しの間だけ......自由になっていますが、,すぐに引き戻されて、またこの空間を,形成する事になるでしょう。,雪,今、ほんの少しの間だけ……自由になっていますが、,すぐに引き戻されて、またこの空間を,形成する事になるでしょう。,雪,現在，雖然只有短暫的一瞬間……恢復了自由，,但很快就會被拉回去，,繼續形成這個空間吧。,1,169,22,1,0,0,0,0,0,,Translated
2170,あゆみ,そんな……！, , ,あゆみ,そんな......！, , ,あゆみ,そんな……！, , ,あゆみ,怎麼會……！,,,1,178,4,1,0,0,0,0,0,,Translated
2171,雪,この学校は既に、第二のサチコを生み出そうとしています。, , ,雪,この学校は既に、第二のサチコを生み出そうとしています。, , ,雪,この学校は既に、第二のサチコを生み出そうとしています。, , ,雪,這所學校已經，開始孕育第二個サチコ了。,,,1,170,22,1,0,0,0,0,0,,Translated
2172,雪,ハヤク……いきなさい　外へ, , ,雪,ハヤク......いきなさい　外へ, , ,雪,ハヤク……いきなさい　外へ, , ,雪,快點……去外面吧,,,1,171,22,1,0,0,0,0,0,,Translated
2173,良樹,うおわあぁぁっ！, , ,良樹,うおわあぁぁっ！, , ,良樹,うおわあぁぁっ！, , ,良樹,嗚哇啊啊！,,,1,28,26,1,0,0,0,0,0,,Translated
2174,あゆみ,きゃぁっ！, , ,あゆみ,きゃぁっ！, , ,あゆみ,きゃぁっ！, , ,あゆみ,呀！,,,1,179,4,1,0,0,0,0,0,,Translated
2175,直美,急いで！　外に出ましょう！, , ,直美,急いで！　外に出ましょう！, , ,直美,急いで！　外に出ましょう！, , ,直美,快點！　到外面去吧！,,,1,98,13,1,0,0,0,0,0,,Translated
2176,,ここに行っている場合じゃない。, , ,,ここに行っている場合じゃない。, , ,,ここに行っている場合じゃない。, , ,,現在不是待在這裡的時候。,,,0,0,0,1,0,0,0,0,0,,Translated
2177,,７回目の鐘が鳴った。, , ,,７回目の鐘が鳴った。, , ,,７回目の鐘が鳴った。, , ,,第七次鐘聲響了。,,,0,0,0,1,0,0,0,0,0,,Translated
2178,,６回目の鐘が鳴った。, , ,,６回目の鐘が鳴った。, , ,,６回目の鐘が鳴った。, , ,,第六次鐘聲響了。,,,0,0,0,1,0,0,0,0,0,,Translated
2179,,５回目の鐘が鳴った。, , ,,５回目の鐘が鳴った。, , ,,５回目の鐘が鳴った。, , ,,第五次鐘聲響了。,,,0,0,0,1,0,0,0,0,0,,Translated
2180,,４回目の鐘が鳴った。, , ,,４回目の鐘が鳴った。, , ,,４回目の鐘が鳴った。, , ,,第四次鐘聲響了。,,,0,0,0,1,0,0,0,0,0,,Translated
2181,,３回目の鐘が鳴った。, , ,,３回目の鐘が鳴った。, , ,,３回目の鐘が鳴った。, , ,,第三次鐘聲響了。,,,0,0,0,1,0,0,0,0,0,,Translated
2182,,２回目の鐘が鳴った。, , ,,２回目の鐘が鳴った。, , ,,２回目の鐘が鳴った。, , ,,第二次鐘聲響了。,,,0,0,0,1,0,0,0,0,0,,Translated
2183,,１回目の鐘が鳴った。, , ,,１回目の鐘が鳴った。, , ,,１回目の鐘が鳴った。, , ,,第一次鐘聲響了。,,,0,0,0,1,0,0,0,0,0,,Translated
2184,,このま　お　らせな　よ, , ,,このま　お　らせな　よ, , ,,このま　お　らせな　よ, , ,,別　這　樣　以　為　你　能　逃　掉,,,0,0,0,1,0,0,0,0,0,,Translated
2185,,　扉はがちりと固定されて、開きそうにありません……, , ,,　扉はがちりと固定されて、開きそうにありません......, , ,,　扉はがちりと固定されて、開きそうにありません……, , ,,　門被牢牢固定住，似乎打不開……,,,0,0,0,1,0,0,0,0,0,,Translated
2186,,“1953年4月寄贈・,　　　海江田ピアノ教室”, ,,“1953年4月寄贈・,　　　海江田ピアノ教室”, ,,“1953年4月寄贈・,　　　海江田ピアノ教室”, ,,「1953年4月捐贈・,　　　海江田鋼琴教室」,,0,0,0,1,0,0,0,0,0,,Translated
2187,,ピアノの前には、誰もいません……, , ,,ピアノの前には、誰もいません......, , ,,ピアノの前には、誰もいません……, , ,,鋼琴前，沒有人……,,,0,0,0,1,0,0,0,0,0,,Translated
2188,,白骨死体が床に横たわっています……, , ,,白骨死体が床に横たわっています......, , ,,白骨死体が床に横たわっています……, , ,,白骨屍體躺在地板上……,,,0,0,0,1,0,0,0,0,0,,Translated
2189,あゆみ,……じゃぁ、爪を使ってしっかり掴んだら、,みんなで千切っちゃって！　せーのっ……！, ,あゆみ,......じゃぁ、爪を使ってしっかり掴んだら、,みんなで千切っちゃって！　せーのっ......！, ,あゆみ,……じゃぁ、爪を使ってしっかり掴んだら、,みんなで千切っちゃって！　せーのっ……！, ,あゆみ,……那就用指甲緊緊抓住，,大家一起撕破！　預備……！,,1,196,4,1,0,0,0,0,0,,Translated
2190,哲志,駄目だ！　……みんな！駄目だ！, , ,哲志,駄目だ！　......みんな！駄目だ！, , ,哲志,駄目だ！　……みんな！駄目だ！, , ,哲志,不行！　……大家！不行！,,,1,169,18,1,0,0,0,0,0,,Translated
2191,あゆみ,持田君、どうしたの？　輪に入りたくなった？, , ,あゆみ,持田君、どうしたの？　輪に入りたくなった？, , ,あゆみ,持田君、どうしたの？　輪に入りたくなった？, , ,あゆみ,持田同學，怎麼了？　想加入了嗎？,,,1,197,4,1,0,0,0,0,0,,Translated
2192,哲志,違う、そうじゃない……これは、みんな、,やっちゃ駄目なんだよ……,どうしてわかってくれないんだ……！,哲志,違う、そうじゃない......これは、みんな、,やっちゃ駄目なんだよ......,どうしてわかってくれないんだ......！,哲志,違う、そうじゃない……これは、みんな、,やっちゃ駄目なんだよ……,どうしてわかってくれないんだ……！,哲志,不是，不是那樣的……這個，大家,絕對不能做啊……,為什麼你們就是不明白……！,1,170,18,1,0,0,0,0,0,,Translated
2193,良樹,お前がそこまで意地張るなんて珍しいな。, , ,良樹,お前がそこまで意地張るなんて珍しいな。, , ,良樹,お前がそこまで意地張るなんて珍しいな。, , ,良樹,你會這麼堅持己見還真難得。,,,1,40,26,1,0,0,0,0,0,,Translated
2194,あゆみ,ふふっ、もう終わるから、いい子で待ってて持田君。, , ,あゆみ,ふふっ、もう終わるから、いい子で待ってて持田君。, , ,あゆみ,ふふっ、もう終わるから、いい子で待ってて持田君。, , ,あゆみ,呵呵，快結束了，乖乖等著喔持田同學。,,,1,198,4,1,0,0,0,0,0,,Translated
2195,哲志,――！,（……みんな行ってしまう……！,　俺も行かなきゃ、直美達は……！）,哲志,――！,（......みんな行ってしまう......！,　俺も行かなきゃ、直美達は......！）,哲志,――！,（……みんな行ってしまう……！,　俺も行かなきゃ、直美達は……！）,哲志,――！,（……大家都要走了……！,　我也得去，直美她們……！）,1,171,18,1,0,0,0,0,0,,Translated
2196,哲志,っ！, , ,哲志,っ！, , ,哲志,っ！, , ,哲志,！,,,1,172,18,1,0,0,0,0,0,,Translated
2197,あゆみ,はーい、一名様、追加でごあんな～い♪, , ,あゆみ,はーい、一名様、追加でごあんな～い♪, , ,あゆみ,はーい、一名様、追加でごあんな~い♪, , ,あゆみ,好～，一名客人，追加～♪,,,1,199,4,1,0,0,0,0,0,,Translated
2198,哲志,　,どうすれば……どうすればみんなを護れるんだ……ッ！, ,哲志,　,どうすれば......どうすればみんなを護れるんだ......ッ！, ,哲志,　,どうすれば……どうすればみんなを護れるんだ……ッ！, ,哲志,　,該怎麼做……該怎麼做才能保護大家……！,,1,173,18,1,0,0,0,0,0,,Translated
2199,直美,……ん……っ　　　,……？　……あれ……？, ,直美,......ん......っ　　　,......？　......あれ......？, ,直美,……ん……っ　　　,……？　……あれ……？, ,直美,……嗯……　　　,……？　……咦……？,,1,103,13,1,0,0,0,0,0,,Translated
2200,直美,…………っ, , ,直美,............っ, , ,直美,…………っ, , ,直美,…………,,,1,0,0,1,0,0,0,0,0,,Translated
2201,哲志,う……っ？, , ,哲志,う......っ？, , ,哲志,う……っ？, , ,哲志,嗚……？,,,1,0,0,1,0,0,0,0,0,,Translated
2202,あゆみ,……んん……っ          ,……！　あっ！, ,あゆみ,......んん......っ          ,......！　あっ！, ,あゆみ,……んん……っ          ,……！　あっ！, ,あゆみ,……嗯嗯……          ,……！　啊！,,1,0,0,1,0,0,0,0,0,,Translated
2203,良樹,おいおい……！　ここは！, , ,良樹,おいおい......！　ここは！, , ,良樹,おいおい……！　ここは！, , ,良樹,喂喂……！　這裡是！,,,1,0,0,1,0,0,0,0,0,,Translated
2204,哲志,ああ！　帰ってきたんだ！, , ,哲志,ああ！　帰ってきたんだ！, , ,哲志,ああ！　帰ってきたんだ！, , ,哲志,嗯！　回來了！,,,1,110,18,1,0,0,0,0,0,,Translated
2205,由香,おにいちゃん！……, , ,由香,おにいちゃん！......, , ,由香,おにいちゃん！……, , ,由香,哥哥！……,,,1,119,29,1,0,0,0,0,0,,Translated
2206,哲志,由香……！, , ,哲志,由香......！, , ,哲志,由香……！, , ,哲志,由香……！,,,1,111,18,1,0,0,0,0,0,,Translated
2207,直美,帰ってこれた……！, , ,直美,帰ってこれた......！, , ,直美,帰ってこれた……！, , ,直美,回來了……！,,,1,104,13,1,0,0,0,0,0,,Translated
2208,あゆみ,ゆきちゃん……！　ありがとう……！　ぐすっ, , ,あゆみ,ゆきちゃん......！　ありがとう......！　ぐすっ, , ,あゆみ,ゆきちゃん……！　ありがとう……！　ぐすっ, , ,あゆみ,由紀……！　謝謝……！　吸泣,,,1,187,4,1,0,0,0,0,0,,Translated
2209,哲志,こうして……, , ,哲志,こうして......, , ,哲志,こうして……, , ,哲志,就這樣……,,,1,112,18,1,1,0,0,0,0,,Translated
2210,哲志,生き残った俺たち５人は, , ,哲志,生き残った俺たち５人は, , ,哲志,生き残った俺たち５人は, , ,哲志,存活下來的我們五人，,,,1,113,18,1,1,0,0,0,0,,Translated
2211,哲志,如月学園に……現代に、戻ってくる事が出来た。, , ,哲志,如月学園に......現代に、戻ってくる事が出来た。, , ,哲志,如月学園に……現代に、戻ってくる事が出来た。, , ,哲志,成功回到了如月學園……現代。,,,1,116,18,1,1,0,0,0,0,,Translated
2212,哲志,みんな、しばらくは生還した喜びを,かみしめていたけれど……, ,哲志,みんな、しばらくは生還した喜びを,かみしめていたけれど......, ,哲志,みんな、しばらくは生還した喜びを,かみしめていたけれど……, ,哲志,一開始，大家都沉浸在生還的喜悅中……,,,1,117,18,1,1,0,0,0,0,,Translated
2213,哲志,すぐに、重たい現実が笑顔を引き剥がした。, , ,哲志,すぐに、重たい現実が笑顔を引き剥がした。, , ,哲志,すぐに、重たい現実が笑顔を引き剥がした。, , ,哲志,但馬上，沉重的現實就剝奪了笑容。,,,1,118,18,1,1,0,0,0,0,,Translated
2214,哲志,先生も、篠原も……　　　,森繁も……　鈴本も……, ,哲志,先生も、篠原も......　　　,森繁も......　鈴本も......, ,哲志,先生も、篠原も……　　　,森繁も……　鈴本も……, ,哲志,老師、篠原……　　　,森繁……鈴本……,,1,119,18,1,1,0,0,0,0,,Translated
2215,哲志,その場にいなかったからだ……, , ,哲志,その場にいなかったからだ......, , ,哲志,その場にいなかったからだ……, , ,哲志,因為他們不在那裡……,,,1,120,18,1,0,0,1,24,0,,Translated
2216,あゆみ,じゃ……気をつけてね。, , ,あゆみ,じゃ......気をつけてね。, , ,あゆみ,じゃ……気をつけてね。, , ,あゆみ,那……小心點喔。,,,1,188,4,1,0,0,0,0,0,,Translated
2217,哲志,ああ……, , ,哲志,ああ......, , ,哲志,ああ……, , ,哲志,嗯……,,,1,121,18,1,0,0,0,0,0,,Translated
2218,由香,さようなら……, , ,由香,さようなら......, , ,由香,さようなら……, , ,由香,再見……,,,1,120,29,1,0,0,0,0,0,,Translated
2219,良樹,おー……, , ,良樹,おー......, , ,良樹,おー……, , ,良樹,喔……,,,1,35,26,1,0,0,0,0,0,,Translated
2220,あゆみ,みんな、お願い。, , ,あゆみ,みんな、お願い。, , ,あゆみ,みんな、お願い。, , ,あゆみ,大家，拜託。,,,1,189,4,1,0,0,0,0,0,,Translated
2221,哲志,ん？, , ,哲志,ん？, , ,哲志,ん？, , ,哲志,嗯？,,,1,122,18,1,0,0,0,0,0,,Translated
2222,あゆみ,明日も……顔、みせてね。, , ,あゆみ,明日も......顔、みせてね。, , ,あゆみ,明日も……顔、みせてね。, , ,あゆみ,明天也……　讓我看見你們的臉喔。,,,1,190,4,1,0,0,0,0,0,,Translated
2223,哲志,……ああ。, , ,哲志,......ああ。, , ,哲志,……ああ。, , ,哲志,……嗯。,,,1,123,18,1,0,0,0,0,0,,Translated
2224,哲志,信じられない事が起こり過ぎて、眠れないと思ったが、, , ,哲志,信じられない事が起こり過ぎて、眠れないと思ったが、, , ,哲志,信じられない事が起こり過ぎて、眠れないと思ったが、, , ,哲志,雖然以為發生了太多難以置信的事會睡不著，,,,1,124,18,1,0,0,0,0,0,,Translated
2225,哲志,その晩は、それでも眠った――, , ,哲志,その晩は、それでも眠った――, , ,哲志,その晩は、それでも眠った――, , ,哲志,但那天晚上，還是睡著了――,,,1,125,18,1,0,0,0,0,0,,Translated
2226,哲志,（次の日）, , ,哲志,（次の日）, , ,哲志,（次の日）, , ,哲志,（第二天）,,,1,136,18,1,0,0,0,0,0,,Translated
2227,哲志,（結衣先生たちのいない学校に、憂鬱な気持ちで,　登校した俺たちは……心底驚く事になる）, ,哲志,（結衣先生たちのいない学校に、憂鬱な気持ちで,　登校した俺たちは......心底驚く事になる）, ,哲志,（結衣先生たちのいない学校に、憂鬱な気持ちで,　登校した俺たちは……心底驚く事になる）, ,哲志,（我們懷著鬱悶的心情，,　前往沒有結衣老師等人的學校上學……,　然後將會大吃一驚）,1,137,18,1,0,0,0,0,0,,Translated
2228,生徒,篠原？　森繁？　……誰だそれ？　　　　　, , ,生徒,篠原？　森繁？　......誰だそれ？　　　　　, , ,生徒,篠原？　森繁？　……誰だそれ？　　　　　, , ,學生,篠原？　森繁？　……那是誰？　　　　　,,,1,133,20,1,0,1,0,0,0,,Translated
2229,生徒,ウチの副担は松戸じゃん、寝ぼけ過ぎじゃね？, , ,生徒,ウチの副担は松戸じゃん、寝ぼけ過ぎじゃね？, , ,生徒,ウチの副担は松戸じゃん、寝ぼけ過ぎじゃね？, , ,學生,我們的副導師是松戶啊，你是還沒睡醒嗎？,,,1,134,20,1,0,1,0,0,0,,Translated
2230,生徒,転校生？　　　　,……誰か来んの？, ,生徒,転校生？　　　　,......誰か来んの？, ,生徒,転校生？　　　　,……誰か来んの？, ,學生,轉學生？　　　　,……有人要來嗎？,,1,135,20,1,0,1,0,0,0,,Translated
2231,直美,……っ, , ,直美,......っ, , ,直美,……っ, , ,直美,……,,,1,108,13,1,0,0,0,0,0,,Translated
2232,哲志,（はじめから……）, , ,哲志,（はじめから......）, , ,哲志,（はじめから……）, , ,哲志,（從一開始……）,,,1,138,18,1,0,0,0,0,0,,Translated
2233,哲志,（死んでしまったみんなが……,　はじめから、いなかった事にされていたんだ）, ,哲志,（死んでしまったみんなが......,　はじめから、いなかった事にされていたんだ）, ,哲志,（死んでしまったみんなが……,　はじめから、いなかった事にされていたんだ）, ,哲志,（死去的大家……,　就像是從一開始就不存在一樣）,,1,139,18,1,0,0,0,0,0,,Translated
2234,直美,やだよ……こんなの……！, , ,直美,やだよ......こんなの......！, , ,直美,やだよ……こんなの……！, , ,直美,不要啊……怎麼這樣……！,,,1,109,13,1,0,0,0,0,0,,Translated
2235,直美,みんなの記憶にさえ、残っていないなんて……, , ,直美,みんなの記憶にさえ、残っていないなんて......, , ,直美,みんなの記憶にさえ、残っていないなんて……, , ,直美,竟然連大家的記憶中，都沒有留下……,,,1,110,13,1,0,0,0,0,0,,Translated
2236,直美,世以子達の生きてきた今までって……,なんだったの？！, ,直美,世以子達の生きてきた今までって......,なんだったの？！, ,直美,世以子達の生きてきた今までって……,なんだったの？！, ,直美,世以子她們一直以來的人生……,到底是什麼？！,,1,111,13,1,0,0,0,0,0,,Translated
2237,あゆみ,結衣先生も……鈴本さんも、森繁君も篠原さんも、, , ,あゆみ,結衣先生も......鈴本さんも、森繁君も篠原さんも、, , ,あゆみ,結衣先生も……鈴本さんも、森繁君も篠原さんも、, , ,あゆみ,結衣老師也是……鈴本同學也是、森繁同學和篠原同學也是，,,,1,191,4,1,0,0,0,0,0,,Translated
2238,良樹,俺たちの、記憶にしか存在しないってのか……, , ,良樹,俺たちの、記憶にしか存在しないってのか......, , ,良樹,俺たちの、記憶にしか存在しないってのか……, , ,良樹,只存在於我們的記憶中嗎……,,,1,36,26,1,0,0,0,0,0,,Translated
2239,良樹,悲しすぎるじゃねぇかよ……！, , ,良樹,悲しすぎるじゃねぇかよ......！, , ,良樹,悲しすぎるじゃねぇかよ……！, , ,良樹,這也太悲傷了吧……！,,,1,37,26,1,0,0,0,0,0,,Translated
2240,直美,うううっ……！, , ,直美,うううっ......！, , ,直美,うううっ……！, , ,直美,嗚嗚……！,,,1,112,13,1,0,0,0,0,0,,Translated
2241,哲志,（沢山の魂と、人の想いを呑み込んで）, , ,哲志,（沢山の魂と、人の想いを呑み込んで）, , ,哲志,（沢山の魂と、人の想いを呑み込んで）, , ,哲志,（吞噬了無數的靈魂和人們的心意）,,,1,140,18,1,1,0,0,0,0,,Translated
2242,哲志,（新しいサチコを得た天神小学校は、,　今もあの場所に存在している）, ,哲志,（新しいサチコを得た天神小学校は、,　今もあの場所に存在している）, ,哲志,（新しいサチコを得た天神小学校は、,　今もあの場所に存在している）, ,哲志,（獲得了新的サチコ的天神小學校，,　現在依然存在於那個地方）,,1,141,18,1,1,0,0,0,0,,Translated
2243,哲志,（生き残った者……命を落とした者……,　黒き呪いに取り憑かれた者）, ,哲志,（生き残った者......命を落とした者......,　黒き呪いに取り憑かれた者）, ,哲志,（生き残った者……命を落とした者……,　黒き呪いに取り憑かれた者）, ,哲志,（倖存者……喪命者……,　被黑色詛咒附身者）,,1,142,18,1,1,0,0,0,0,,Translated
2244,哲志,（傷つけられた魂たちは、,　それぞれの痛みを抱えながら……,　悲しみを癒す旅を続けるのだ）,哲志,（傷つけられた魂たちは、,　それぞれの痛みを抱えながら......,　悲しみを癒す旅を続けるのだ）,哲志,（傷つけられた魂たちは、,　それぞれの痛みを抱えながら……,　悲しみを癒す旅を続けるのだ）,哲志,（受傷的靈魂們，,　懷抱著各自的痛苦……,　繼續著治癒悲傷的旅程）,1,143,18,1,1,0,0,0,0,,Translated
2245,哲志,（還るべき場所を……探して）, , ,哲志,（還るべき場所を......探して）, , ,哲志,（還るべき場所を……探して）, , ,哲志,（尋找著……該回去的地方）,,,1,144,18,1,1,0,0,0,0,,Translated
2246,,Chapter5　完, , ,,Chapter5　完, , ,,Chapter5　完, , ,,第五章　完,,,0,0,0,1,0,0,0,13,0,,Translated
2247,直美,……ん……っ　　　,……？　……あれ……？, ,直美,......ん......っ　　　,......？　......あれ......？, ,直美,……ん……っ　　　,……？　……あれ……？, ,直美,……嗯……　　　,……？　……咦……？,,1,103,13,1,0,0,0,0,0,,Translated
2248,直美,…………っ, , ,直美,............っ, , ,直美,…………っ, , ,直美,…………,,,1,0,0,1,0,0,0,0,0,,Translated
2249,哲志,う……っ？, , ,哲志,う......っ？, , ,哲志,う……っ？, , ,哲志,嗚……？,,,1,0,0,1,0,0,0,0,0,,Translated
2250,あゆみ,……んん……っ          ,……！　あっ！, ,あゆみ,......んん......っ          ,......！　あっ！, ,あゆみ,……んん……っ          ,……！　あっ！, ,あゆみ,……嗯嗯……          ,……！　啊！,,1,0,0,1,0,0,0,0,0,,Translated
2251,良樹,おいおい……！　ここは！, , ,良樹,おいおい......！　ここは！, , ,良樹,おいおい……！　ここは！, , ,良樹,喂喂……！　這裡是！,,,1,0,0,1,0,0,0,0,0,,Translated
2252,哲志,ああ！　帰ってきたんだ！, , ,哲志,ああ！　帰ってきたんだ！, , ,哲志,ああ！　帰ってきたんだ！, , ,哲志,嗯！　回來了！,,,1,110,18,1,0,0,0,0,0,,Translated
2253,由香,おにいちゃん！……, , ,由香,おにいちゃん！......, , ,由香,おにいちゃん！……, , ,由香,哥哥！……,,,1,119,29,1,0,0,0,0,0,,Translated
2254,哲志,由香……！, , ,哲志,由香......！, , ,哲志,由香……！, , ,哲志,由香……！,,,1,111,18,1,0,0,0,0,0,,Translated
2255,直美,帰ってこれた……！, , ,直美,帰ってこれた......！, , ,直美,帰ってこれた……！, , ,直美,回來了……！,,,1,104,13,1,0,0,0,0,0,,Translated
2256,あゆみ,ゆきちゃん……！　ありがとう……！　ぐすっ, , ,あゆみ,ゆきちゃん......！　ありがとう......！　ぐすっ, , ,あゆみ,ゆきちゃん……！　ありがとう……！　ぐすっ, , ,あゆみ,由紀……！　謝謝……！　吸泣,,,1,187,4,1,0,0,0,0,0,,Translated
2257,哲志,こうして……, , ,哲志,こうして......, , ,哲志,こうして……, , ,哲志,就這樣……,,,1,112,18,1,1,0,0,0,0,,Translated
2258,哲志,生き残った俺たち５人は、, , ,哲志,生き残った俺たち５人は、, , ,哲志,生き残った俺たち５人は、, , ,哲志,存活下來的我們五人，,,,1,113,18,1,1,0,0,0,0,,Translated
2259,哲志,如月学園に……現代に、戻ってくる事が出来た。, , ,哲志,如月学園に......現代に、戻ってくる事が出来た。, , ,哲志,如月学園に……現代に、戻ってくる事が出来た。, , ,哲志,成功回到了如月學園……現代。,,,1,116,18,1,1,0,0,0,0,,Translated
2260,哲志,みんな、しばらくは生還した喜びを,かみしめていたけれど……, ,哲志,みんな、しばらくは生還した喜びを,かみしめていたけれど......, ,哲志,みんな、しばらくは生還した喜びを,かみしめていたけれど……, ,哲志,一開始，大家都沉浸在生還的喜悅中……,,,1,117,18,1,1,0,0,0,0,,Translated
2261,哲志,すぐに、重たい現実が笑顔を引き剥がした。, , ,哲志,すぐに、重たい現実が笑顔を引き剥がした。, , ,哲志,すぐに、重たい現実が笑顔を引き剥がした。, , ,哲志,但馬上，沉重的現實就剝奪了笑容。,,,1,118,18,1,1,0,0,0,0,,Translated
2262,哲志,先生も、篠原も……　　　,森繁も……鈴本も……, ,哲志,先生も、篠原も......　　　,森繁も......鈴本も......, ,哲志,先生も、篠原も……　　　,森繁も……鈴本も……, ,哲志,老師、篠原……　　　,森繁……鈴本……,,1,119,18,1,1,0,0,0,0,,Translated
2263,哲志,その場にいなかったからだ。, , ,哲志,その場にいなかったからだ。, , ,哲志,その場にいなかったからだ。, , ,哲志,因為他們不在那裡……,,,1,120,18,1,0,0,1,24,0,,Translated
2264,あゆみ,じゃ……気をつけてね。, , ,あゆみ,じゃ......気をつけてね。, , ,あゆみ,じゃ……気をつけてね。, , ,あゆみ,那……小心點喔。,,,1,188,4,1,0,0,0,0,0,,Translated
2265,哲志,ああ……, , ,哲志,ああ......, , ,哲志,ああ……, , ,哲志,嗯……,,,1,121,18,1,0,0,0,0,0,,Translated
2266,由香,さようなら……, , ,由香,さようなら......, , ,由香,さようなら……, , ,由香,再見……,,,1,120,29,1,0,0,0,0,0,,Translated
2267,良樹,おー……, , ,良樹,おー......, , ,良樹,おー……, , ,良樹,喔……,,,1,35,26,1,0,0,0,0,0,,Translated
2268,あゆみ,みんな、お願い。, , ,あゆみ,みんな、お願い。, , ,あゆみ,みんな、お願い。, , ,あゆみ,大家，拜託。,,,1,189,4,1,0,0,0,0,0,,Translated
2269,哲志,ん？, , ,哲志,ん？, , ,哲志,ん？, , ,哲志,嗯？,,,1,122,18,1,0,0,0,0,0,,Translated
2270,あゆみ,明日も……　顔、みせてね。, , ,あゆみ,明日も......　顔、みせてね。, , ,あゆみ,明日も……　顔、みせてね。, , ,あゆみ,明天也……　讓我看見你們的臉喔。,,,1,190,4,1,0,0,0,0,0,,Translated
2271,哲志,……ああ。, , ,哲志,......ああ。, , ,哲志,……ああ。, , ,哲志,……嗯。,,,1,123,18,1,0,0,0,0,0,,Translated
2272,哲志,信じられない事が起こり過ぎて、眠れないと思ったが、, , ,哲志,信じられない事が起こり過ぎて、眠れないと思ったが、, , ,哲志,信じられない事が起こり過ぎて、眠れないと思ったが、, , ,哲志,雖然以為發生了太多難以置信的事會睡不著，,,,1,124,18,1,0,0,0,0,0,,Translated
2273,哲志,その晩は、それでも眠った――, , ,哲志,その晩は、それでも眠った――, , ,哲志,その晩は、それでも眠った――, , ,哲志,但那天晚上，還是睡著了――,,,1,125,18,1,0,0,0,0,0,,Translated
2274,哲志,（次の日）, , ,哲志,（次の日）, , ,哲志,（次の日）, , ,哲志,（第二天）,,,1,136,18,1,0,0,0,0,0,,Translated
2275,哲志,（結衣先生たちのいない学校に、憂鬱な気持ちで,　登校した俺たちは……心底驚く事になる）, ,哲志,（結衣先生たちのいない学校に、憂鬱な気持ちで,　登校した俺たちは......心底驚く事になる）, ,哲志,（結衣先生たちのいない学校に、憂鬱な気持ちで,　登校した俺たちは……心底驚く事になる）, ,哲志,（我們懷著鬱悶的心情，,　前往沒有結衣老師等人的學校上學……,　然後將會大吃一驚）,1,137,18,1,0,0,0,0,0,,Translated
2276,生徒,篠原？　森繁？　……誰だそれ？　　, , ,生徒,篠原？　森繁？　......誰だそれ？　　, , ,生徒,篠原？　森繁？　……誰だそれ？　　, , ,學生,篠原？　森繁？　……那是誰？　　,,,1,133,20,1,1,1,1,0,0,,Translated
2277,生徒,ウチの副担は松戸じゃん、寝ぼけ過ぎじゃね？, , ,生徒,ウチの副担は松戸じゃん、寝ぼけ過ぎじゃね？, , ,生徒,ウチの副担は松戸じゃん、寝ぼけ過ぎじゃね？, , ,學生,我們的副導師是松戶啊，你是還沒睡醒嗎？,,,1,134,20,1,1,1,1,0,0,,Translated
2278,生徒,転校生？　　　　,……誰か来んの？, ,生徒,転校生？　　　　,......誰か来んの？, ,生徒,転校生？　　　　,……誰か来んの？, ,學生,轉學生？　　　　,……有人要來嗎？,,1,135,20,1,1,1,1,0,0,,Translated
2279,直美,……っ, , ,直美,......っ, , ,直美,……っ, , ,直美,……,,,1,108,13,1,0,0,0,0,0,,Translated
2280,哲志,（はじめから……）, , ,哲志,（はじめから......）, , ,哲志,（はじめから……）, , ,哲志,（從一開始……）,,,1,138,18,1,0,0,0,0,0,,Translated
2281,哲志,（死んでしまったみんなが……,　はじめから、いなかった事にされていたんだ）, ,哲志,（死んでしまったみんなが......,　はじめから、いなかった事にされていたんだ）, ,哲志,（死んでしまったみんなが……,　はじめから、いなかった事にされていたんだ）, ,哲志,（死去的大家……,　就像是從一開始就不存在一樣）,,1,139,18,1,0,0,0,0,0,,Translated
2282,直美,やだよ……こんなの……！, , ,直美,やだよ......こんなの......！, , ,直美,やだよ……こんなの……！, , ,直美,不要啊……怎麼這樣……！,,,1,109,13,1,0,0,0,0,0,,Translated
2283,直美,みんなの記憶にさえ、残っていないなんて……, , ,直美,みんなの記憶にさえ、残っていないなんて......, , ,直美,みんなの記憶にさえ、残っていないなんて……, , ,直美,竟然連大家的記憶中，都沒有留下……,,,1,110,13,1,0,0,0,0,0,,Translated
2284,直美,世以子達の生きてきた今までって……,なんだったの？！, ,直美,世以子達の生きてきた今までって......,なんだったの？！, ,直美,世以子達の生きてきた今までって……,なんだったの？！, ,直美,世以子她們一直以來的人生……,到底是什麼？！,,1,111,13,1,0,0,0,0,0,,Translated
2285,あゆみ,結衣先生も……鈴本さんも、森繁君も篠原さんも、, , ,あゆみ,結衣先生も......鈴本さんも、森繁君も篠原さんも、, , ,あゆみ,結衣先生も……鈴本さんも、森繁君も篠原さんも、, , ,あゆみ,結衣老師也是……鈴本同學也是、森繁同學和篠原同學也是，,,,1,191,4,1,0,0,0,0,0,,Translated
2286,良樹,俺たちの、記憶にしか存在しないってのか……, , ,良樹,俺たちの、記憶にしか存在しないってのか......, , ,良樹,俺たちの、記憶にしか存在しないってのか……, , ,良樹,只存在於我們的記憶中嗎……,,,1,36,26,1,0,0,0,0,0,,Translated
2287,良樹,悲しすぎるじゃねぇかよ……！, , ,良樹,悲しすぎるじゃねぇかよ......！, , ,良樹,悲しすぎるじゃねぇかよ……！, , ,良樹,這也太悲傷了吧……！,,,1,37,26,1,0,0,0,0,0,,Translated
2288,直美,うううっ……！, , ,直美,うううっ......！, , ,直美,うううっ……！, , ,直美,嗚嗚……！,,,1,112,13,1,0,0,0,0,0,,Translated
2289,哲志,（沢山の魂と、人の想いを呑み込んで）, , ,哲志,（沢山の魂と、人の想いを呑み込んで）, , ,哲志,（沢山の魂と、人の想いを呑み込んで）, , ,哲志,（吞噬了無數的靈魂和人們的心意）,,,1,140,18,1,1,0,0,0,0,,Translated
2290,哲志,（新しいサチコを得た天神小学校は、,　今もあの場所に存在している）, ,哲志,（新しいサチコを得た天神小学校は、,　今もあの場所に存在している）, ,哲志,（新しいサチコを得た天神小学校は、,　今もあの場所に存在している）, ,哲志,（獲得了新的サチコ的天神小學校，,　現在依然存在於那個地方）,,1,141,18,1,1,0,0,0,0,,Translated
2291,哲志,（生き残った者……命を落とした者……,　黒き呪いに取り憑かれた者）, ,哲志,（生き残った者......命を落とした者......,　黒き呪いに取り憑かれた者）, ,哲志,（生き残った者……命を落とした者……,　黒き呪いに取り憑かれた者）, ,哲志,（倖存者……喪命者……,　被黑色詛咒附身者）,,1,142,18,1,1,0,0,0,0,,Translated
2292,哲志,（傷つけられた魂たちは、,　それぞれの痛みを抱えながら……,　悲しみを癒す旅を続けるのだ）,哲志,（傷つけられた魂たちは、,　それぞれの痛みを抱えながら......,　悲しみを癒す旅を続けるのだ）,哲志,（傷つけられた魂たちは、,　それぞれの痛みを抱えながら……,　悲しみを癒す旅を続けるのだ）,哲志,（受傷的靈魂們，,　懷抱著各自的痛苦……,　繼續著治癒悲傷的旅程）,1,143,18,1,1,0,0,0,0,,Translated
2293,哲志,（還るべき場所を……探して）, , ,哲志,（還るべき場所を......探して）, , ,哲志,（還るべき場所を……探して）, , ,哲志,（尋找著……該回去的地方）,,,1,144,18,1,1,0,0,0,0,,Translated
2294,,Chapter5　完, , ,,Chapter5　完, , ,,Chapter5　完, , ,,第五章　完,,,0,0,0,1,0,0,0,13,0,,Translated
2295,直美,哲志……ごめんね、呼び出して……, , ,直美,哲志......ごめんね、呼び出して......, , ,直美,哲志……ごめんね、呼び出して……, , ,直美,哲志……對不起，把你叫出來……,,,1,113,13,1,0,0,0,0,0,,Translated
2296,哲志,いや、いいさ……どうしたんだ？, , ,哲志,いや、いいさ......どうしたんだ？, , ,哲志,いや、いいさ……どうしたんだ？, , ,哲志,不會，沒關係……怎麼了？,,,1,145,18,1,0,0,0,0,0,,Translated
2297,直美,哲志に、見て欲しい……ものがあるんだ。, , ,直美,哲志に、見て欲しい......ものがあるんだ。, , ,直美,哲志に、見て欲しい……ものがあるんだ。, , ,直美,有……想讓哲志看的東西。,,,1,114,13,1,0,0,0,0,0,,Translated
2298,直美,……これ。, , ,直美,......これ。, , ,直美,……これ。, , ,直美,……這個。,,,1,115,13,1,0,0,0,0,0,,Translated
2299,哲志,…………？　これは……, , ,哲志,............？　これは......, , ,哲志,…………？　これは……, , ,哲志,…………？　這是……,,,1,146,18,1,0,0,0,0,0,,Translated
2300,哲志,篠原の携帯に残ってた、送信前のメール,じゃないか……, ,哲志,篠原の携帯に残ってた、送信前のメール,じゃないか......, ,哲志,篠原の携帯に残ってた、送信前のメール,じゃないか……, ,哲志,是篠原手機裡，那封未發送的郵件,不是嗎……,,1,147,18,1,0,0,0,0,0,,Translated
2301,直美,（こくっ）, , ,直美,（こくっ）, , ,直美,（こくっ）, , ,直美,（點頭）,,,1,116,13,1,0,0,0,0,0,,Translated
2302,直美,あのね……, , ,直美,あのね......, , ,直美,あのね……, , ,直美,那個啊……,,,1,117,13,2,0,0,0,0,0,,Translated
2303,哲志,……直美が？, , ,哲志,......直美が？, , ,哲志,……直美が？, , ,哲志,……是直美做的？,,,1,148,18,1,0,0,0,0,0,,Translated
2304,直美,……私が……動けない世以子の首に、ロープを……, , ,直美,......私が......動けない世以子の首に、ロープを......, , ,直美,……私が……動けない世以子の首に、ロープを……, , ,直美,……我……在動不了的世以子脖子上，套上了繩子……,,,1,118,13,1,0,0,0,0,0,,Translated
2305,哲志,記憶は、ないのか？, , ,哲志,記憶は、ないのか？, , ,哲志,記憶は、ないのか？, , ,哲志,沒有記憶嗎？,,,1,149,18,1,0,0,0,0,0,,Translated
2306,直美,……（コクリ）, , ,直美,......（コクリ）, , ,直美,……（コクリ）, , ,直美,……（點頭）,,,1,119,13,1,0,0,0,0,0,,Translated
2307,直美,あの映像を観たとき……私、,何も考える事が出来なくなって……,体が、真っ黒い霧みたいなものに包まれて……,直美,あの映像を観たとき......私、,何も考える事が出来なくなって......,体が、真っ黒い霧みたいなものに包まれて......,直美,あの映像を観たとき……私、,何も考える事が出来なくなって……,体が、真っ黒い霧みたいなものに包まれて……,直美,看到那個影像的時候……我，,什麼都無法思考了……,身體，被黑色的霧氣般的東西包圍……,1,120,13,1,0,0,0,0,0,,Translated
2308,直美,もう全部がいやになって……　　　　,死んじゃってもいいやって思ったの。, ,直美,もう全部がいやになって......　　　　,死んじゃってもいいやって思ったの。, ,直美,もう全部がいやになって……　　　　,死んじゃってもいいやって思ったの。, ,直美,已經厭倦了一切……　　　　,覺得死了也好。,,1,121,13,1,0,0,0,0,0,,Translated
2309,直美,ねぇ！　……世以子……世以子は、, , ,直美,ねぇ！　......世以子......世以子は、, , ,直美,ねぇ！　……世以子……世以子は、, , ,直美,喂！　……世以子……世以子她，,,,1,152,13,1,1,0,1,0,0,,Translated
2310,直美,存在したよね！　ちゃんと……あたしたちと,一緒にいたよね！, ,直美,存在したよね！　ちゃんと......あたしたちと,一緒にいたよね！, ,直美,存在したよね！　ちゃんと……あたしたちと,一緒にいたよね！, ,直美,是存在的對吧！　確實……和我們,在一起對吧！,,1,153,13,1,1,0,1,0,0,,Translated
2311,, , , ,, , , ,, , , ,,哲志, , ,0,0,0,1,0,0,0,255,0,,Translated
2312,哲志,いたさ……いたさ、直美……！, , ,哲志,いたさ......いたさ、直美......！, , ,哲志,いたさ……いたさ、直美……！, , ,哲志,她在的……她在的，直美……！,,,1,150,18,1,1,0,1,0,0,,Translated
2313,直美,先生も……みんなも……もう会えないなんて嫌だよ！, , ,直美,先生も......みんなも......もう会えないなんて嫌だよ！, , ,直美,先生も……みんなも……もう会えないなんて嫌だよ！, , ,直美,老師也是……大家也是……再也見不到了我不要！,,,1,154,13,1,1,0,1,0,0,,Translated
2314,直美,ううぅぅぅぅ……もういちど……, , ,直美,ううぅぅぅぅ......もういちど......, , ,直美,ううぅぅぅぅ……もういちど……, , ,直美,嗚嗚嗚嗚……再一次……,,,1,155,13,1,1,0,1,0,0,,Translated
2315,直美,もういちど世以子と……話したいよぅ……！, , ,直美,もういちど世以子と......話したいよぅ......！, , ,直美,もういちど世以子と……話したいよぅ……！, , ,直美,好想再和世以子……說一次話……！,,,1,156,13,1,1,0,1,0,0,,Translated
2316,, , , ,, , , ,, , , ,,哲志, , ,0,0,0,1,0,0,0,255,0,,Translated
2317,哲志,ああっ……！, , ,哲志,ああっ......！, , ,哲志,ああっ……！, , ,哲志,我知道……！,,,1,151,18,1,1,0,1,0,0,,Translated
2318,, , , ,, , , ,, , , ,,哲志, , ,0,0,0,1,0,0,0,255,0,,Translated
2319,,CorpseParty BloodCovered; ...RepeatedFear,　　　　　　　　　　　　　　　　　　　　,　　　　　　　　　　　　　　　　　- END -,,CorpseParty BloodCovered; ...RepeatedFear,　　　　　　　　　　　　　　　　　　　　,　　　　　　　　　　　　　　　　　- END -,,CorpseParty BloodCovered; ...RepeatedFear,　　　　　　　　　　　　　　　　　　　　,　　　　　　　　　　　　　　　　　- END -,,屍體派對 BloodCovered; ...RepeatedFear,　　　　　　　　　　　　　　　　　　　　,　　　　　　　　　　　　　　　　　- END -,0,0,0,1,0,1,1,48,0,,Translated
2320,,,,,,,,,,,,,,,,,-1,0,0,1,0,1,1,48,0,,Translated
2321,直美,…………, , ,直美,............, , ,直美,…………, , ,直美,…………,,,1,0,0,1,0,0,0,0,0,,Translated
2322,田久地,僕は田久地将五。……鬼碑忌コウ先生の助手であり、,カメラマンだ……, ,田久地,僕は田久地将五。......鬼碑忌コウ先生の助手であり、,カメラマンだ......, ,田久地,僕は田久地将五。……鬼碑忌コウ先生の助手であり、,カメラマンだ……, ,田久地,我是田久地將五。……是鬼碑忌光老師的助手，,也是攝影師……,,1,195,20,1,0,0,0,0,0,,Translated
2323,田久地,先生とはぐれてしまったが……,僕は先生との約束どおり、, ,田久地,先生とはぐれてしまったが......,僕は先生との約束どおり、, ,田久地,先生とはぐれてしまったが……,僕は先生との約束どおり、, ,田久地,雖然和老師走散了……,但我會按照和老師的約定，,,1,196,20,1,0,0,0,0,0,,Translated
2324,田久地,何があっても録り続けようと思う。,最後まで記録し続けて、, ,田久地,何があっても録り続けようと思う。,最後まで記録し続けて、, ,田久地,何があっても録り続けようと思う。,最後まで記録し続けて、, ,田久地,無論發生什麼事我都會繼續拍攝。,堅持記錄到最後，,,1,197,20,1,0,0,0,0,0,,Translated
2325,田久地,この事実を、僕の生きた証として残すん……,！！　何だ！？, ,田久地,この事実を、僕の生きた証として残すん......,！！　何だ！？, ,田久地,この事実を、僕の生きた証として残すん……,！！　何だ！？, ,田久地,把這個事實，作為我活過的證明留下……,！！　什麼！？,,1,198,20,1,0,0,0,0,0,,Translated
2326,田久地,……っ！　（――上の階！？）, , ,田久地,......っ！　（――上の階！？）, , ,田久地,……っ！　（――上の階！？）, , ,田久地,……！　（――樓上！？）,,,1,0,0,1,0,0,0,6,0,,Translated
2327,田久地,ハァ、ハァ、ハァ…………！？, , ,田久地,ハァ、ハァ、ハァ............！？, , ,田久地,ハァ、ハァ、ハァ…………！？, , ,田久地,哈啊、哈啊、哈啊…………！？,,,1,0,0,1,0,0,0,0,0,,Translated
2328,田久地,ここは……女子トイレか。誰かいる！, , ,田久地,ここは......女子トイレか。誰かいる！, , ,田久地,ここは……女子トイレか。誰かいる！, , ,田久地,這裡是……女廁所嗎。有人！,,,1,200,20,1,0,0,0,0,0,,Translated
2329,田久地,隠れて……うまく録れるか……？, , ,田久地,隠れて......うまく録れるか......？, , ,田久地,隠れて……うまく録れるか……？, , ,田久地,躲起來……能好好錄到嗎……？,,,1,201,20,1,0,0,0,0,0,,Translated
2330,世以子,おねがい……やめて……, , ,世以子,おねがい......やめて......, , ,世以子,おねがい……やめて……, , ,世以子,拜託……住手……,,,1,0,0,1,0,0,0,0,0,,Translated
2331,世以子,直美ぃ！, , ,世以子,直美ぃ！, , ,世以子,直美ぃ！, , ,世以子,直美！,,,1,62,20,1,0,0,0,0,0,,Translated
2332,世以子,やめて、直美ぃ……！, , ,世以子,やめて、直美ぃ......！, , ,世以子,やめて、直美ぃ……！, , ,世以子,住手，直美……！,,,1,63,20,1,0,0,0,0,0,,Translated
2333,田久地,……！？,（女の子が二人…… 一人は、後ろ手に縛られてバケツ,　の上に立たされている……何だ、あの首のロープ！）,田久地,......！？,（女の子が二人...... 一人は、後ろ手に縛られてバケツ,　の上に立たされている......何だ、あの首のロープ！）,田久地,……！？,（女の子が二人…… 一人は、後ろ手に縛られてバケツ,　の上に立たされている……何だ、あの首のロープ！）,田久地,……！？,（兩個女孩…… 一個，雙手被綁在身後站在桶子上,……那脖子上的繩子是怎麼回事！）,1,202,20,1,0,0,0,0,0,,Translated
2334,世以子,やだ……やだ！　直美！！　目覚まして。, , ,世以子,やだ......やだ！　直美！！　目覚まして。, , ,世以子,やだ……やだ！　直美！！　目覚まして。, , ,世以子,不要……不要！　直美！！　醒醒。,,,1,64,20,1,0,0,0,0,0,,Translated
2335,世以子,直美！　直美ぃ……！, , ,世以子,直美！　直美ぃ......！, , ,世以子,直美！　直美ぃ……！, , ,世以子,直美！　直美……！,,,1,65,20,1,0,0,0,0,0,,Translated
2336,直美,…………, , ,直美,............, , ,直美,…………, , ,直美,…………,,,1,0,0,1,0,0,0,0,0,,Translated
2337,田久地,――あ！, , ,田久地,――あ！, , ,田久地,――あ！, , ,田久地,――啊！,,,1,203,20,1,1,0,0,0,0,,Translated
2338,世以子,あぅ……！　ぐ……う……ぅぅ……！, , ,世以子,あぅ......！　ぐ......う......ぅぅ......！, , ,世以子,あぅ……！　ぐ……う……ぅぅ……！, , ,世以子,啊……！　呃……嗚……嗚嗚……！,,,1,0,0,1,0,0,0,12,0,,Translated
2339,世以子,グ……ヒュ……　ナ……オ……ミ……, , ,世以子,グ......ヒュ......　ナ......オ......ミ......, , ,世以子,グ……ヒュ……　ナ……オ……ミ……, , ,世以子,呃……呼……　直……美……,,,1,0,0,1,0,0,0,12,0,,Translated
2340,直美,ああああぁぁっ, , ,直美,ああああぁぁっ, , ,直美,ああああぁぁっ, , ,直美,啊啊啊啊,,,1,122,13,1,0,0,0,0,0,,Translated
2341,直美,世以子……世以子！,あたしが…… あたしがっ！, ,直美,世以子......世以子！,あたしが...... あたしがっ！, ,直美,世以子……世以子！,あたしが…… あたしがっ！, ,直美,世以子……世以子！,我…… 我……！,,1,123,13,1,0,0,0,0,0,,Translated
2342,直美,もういやぁぁ！, , ,直美,もういやぁぁ！, , ,直美,もういやぁぁ！, , ,直美,已經夠了！,,,1,124,13,1,0,0,0,0,0,,Translated
2343,直美,世以子……あたし……,とりかえしのつかない事……！, ,直美,世以子......あたし......,とりかえしのつかない事......！, ,直美,世以子……あたし……,とりかえしのつかない事……！, ,直美,世以子……我……,做了無法挽回的事……！,,1,125,13,1,0,0,0,0,0,,Translated
2344,直美,ううううううぅ……, , ,直美,ううううううぅ......, , ,直美,ううううううぅ……, , ,直美,嗚嗚嗚嗚嗚……,,,1,126,13,1,0,0,0,0,0,,Translated
2345,直美,う……う……ぅ……, , ,直美,う......う......ぅ......, , ,直美,う……う……ぅ……, , ,直美,嗚……嗚……嗚……,,,1,127,13,1,0,0,0,0,0,,Translated
2346,直美,どんどん身体がまっくろになって……,気を失いかけた時にね……, ,直美,どんどん身体がまっくろになって......,気を失いかけた時にね......, ,直美,どんどん身体がまっくろになって……,気を失いかけた時にね……, ,直美,身體逐漸變黑……,快要失去意識的時候……,,1,128,13,1,0,0,0,0,0,,Translated
2347,直美,……？, , ,直美,......？, , ,直美,……？, , ,直美,……？,,,1,129,13,1,0,0,0,0,0,,Translated
2348,直美,……, , ,直美,......, , ,直美,……, , ,直美,……,,,1,130,13,1,0,0,0,0,0,,Translated
2349,直美,さっきの……メール……？,どうして届いたんだろう……, ,直美,さっきの......メール......？,どうして届いたんだろう......, ,直美,さっきの……メール……？,どうして届いたんだろう……, ,直美,剛才的……郵件……？,為什麼會送到呢……,,1,131,13,1,0,0,0,0,0,,Translated
2350,直美,……。, , ,直美,......。, , ,直美,……。, , ,直美,……。,,,1,132,13,1,0,0,0,0,0,,Translated
2351,直美,もう……いいや……　生きていたくない。, , ,直美,もう......いいや......　生きていたくない。, , ,直美,もう……いいや……　生きていたくない。, , ,直美,算了……　不想活了。,,,1,133,13,1,0,0,0,0,0,,Translated
2352,直美,つらいことばっかりだもの……, , ,直美,つらいことばっかりだもの......, , ,直美,つらいことばっかりだもの……, , ,直美,因為盡是些痛苦的事……,,,1,134,13,1,0,0,0,0,0,,Translated
2353,直美,やっぱり……世以子にも嫌われていたし、, , ,直美,やっぱり......世以子にも嫌われていたし、, , ,直美,やっぱり……世以子にも嫌われていたし、, , ,直美,果然……也被世以子討厭了，,,,1,135,13,1,0,0,0,0,0,,Translated
2354,直美,何も希望がないや。, , ,直美,何も希望がないや。, , ,直美,何も希望がないや。, , ,直美,沒有任何希望。,,,1,136,13,1,0,0,0,0,0,,Translated
2355,直美,……っ, , ,直美,......っ, , ,直美,……っ, , ,直美,……,,,1,137,13,1,0,0,0,0,0,,Translated
2356,直美,同じメールがまた来た……, , ,直美,同じメールがまた来た......, , ,直美,同じメールがまた来た……, , ,直美,同樣的郵件又來了……,,,1,138,13,1,0,0,0,0,0,,Translated
2357,直美,世以子……何か、言いたいの？, , ,直美,世以子......何か、言いたいの？, , ,直美,世以子……何か、言いたいの？, , ,直美,世以子……有什麼話想說嗎？,,,1,139,13,1,0,0,0,0,0,,Translated
2358,直美,……っ, , ,直美,......っ, , ,直美,……っ, , ,直美,……,,,1,140,13,1,0,0,0,0,0,,Translated
2359,直美,（怒ってるメール……だよ、きっと）, , ,直美,（怒ってるメール......だよ、きっと）, , ,直美,（怒ってるメール……だよ、きっと）, , ,直美,（是在生氣的郵件……吧，一定是）,,,1,0,0,1,0,0,0,0,0,,Translated
2360,直美,…………っ, , ,直美,............っ, , ,直美,…………っ, , ,直美,…………,,,1,130,13,1,1,0,1,0,0,,Translated
2361,直美,……うそだよ、怒ってないわけない。, , ,直美,......うそだよ、怒ってないわけない。, , ,直美,……うそだよ、怒ってないわけない。, , ,直美,……騙人的，不可能不生氣。,,,1,141,13,1,1,0,1,0,0,,Translated
2362,直美,喧嘩してたんだもの……, , ,直美,喧嘩してたんだもの......, , ,直美,喧嘩してたんだもの……, , ,直美,我們明明吵架了……,,,1,142,13,1,1,0,1,0,0,,Translated
2363,直美,許してくれるわけない。, , ,直美,許してくれるわけない。, , ,直美,許してくれるわけない。, , ,直美,她不可能原諒我。,,,1,143,13,1,1,0,1,0,0,,Translated
2364,直美,あんな酷い事したんだもの。, , ,直美,あんな酷い事したんだもの。, , ,直美,あんな酷い事したんだもの。, , ,直美,因為我做了那麼過分的事。,,,1,144,13,1,1,0,1,0,0,,Translated
2365,直美,世以子……許せないよね……, , ,直美,世以子......許せないよね......, , ,直美,世以子……許せないよね……, , ,直美,世以子……無法原諒我吧……,,,1,145,13,1,1,0,1,0,0,,Translated
2366,直美,……私のこと……, , ,直美,......私のこと......, , ,直美,……私のこと……, , ,直美,……我……,,,1,146,13,1,1,0,1,0,0,,Translated
2367,直美,大嫌いでしょう？……怒ってるでしょう？, , ,直美,大嫌いでしょう？......怒ってるでしょう？, , ,直美,大嫌いでしょう？……怒ってるでしょう？, , ,直美,一定很討厭我吧？……在生氣吧？,,,1,147,13,1,1,0,1,0,0,,Translated
2368,直美,……世以子……っ, , ,直美,......世以子......っ, , ,直美,……世以子……っ, , ,直美,……世以子……,,,1,148,13,1,1,0,1,0,0,,Translated
2369,直美,（ごめんね……）, , ,直美,（ごめんね......）, , ,直美,（ごめんね……）, , ,直美,（對不起……）,,,1,0,0,1,0,0,1,13,0,,Translated
2370,直美,ごめんね……ごめんね……, , ,直美,ごめんね......ごめんね......, , ,直美,ごめんね……ごめんね……, , ,直美,對不起……對不起……,,,1,149,13,1,1,0,1,0,0,,Translated
2371,直美,大好き……, , ,直美,大好き......, , ,直美,大好き……, , ,直美,最喜歡妳了……,,,1,150,13,1,1,0,1,0,0,,Translated
2372,直美,大好き……っ, , ,直美,大好き......っ, , ,直美,大好き……っ, , ,直美,最喜歡妳了……,,,1,151,13,1,1,0,1,0,0,,Translated
2373,あゆみ,ーっ！, , ,あゆみ,ーっ！, , ,あゆみ,ーっ！, , ,あゆみ,―！,,,1,161,4,1,0,0,0,0,0,,Translated
2374,由香,うう、お兄ちゃん、頭が……！, , ,由香,うう、お兄ちゃん、頭が......！, , ,由香,うう、お兄ちゃん、頭が……！, , ,由香,嗚嗚、哥哥，頭……！,,,1,106,29,1,0,0,0,0,0,,Translated
2375,哲志,由香……！, , ,哲志,由香......！, , ,哲志,由香……！, , ,哲志,由香……！,,,1,73,18,1,0,0,0,0,0,,Translated
2376,哲志,（真っ暗だ……　　　,　ここにサチコがいるだって……？）, ,哲志,（真っ暗だ......　　　,　ここにサチコがいるだって......？）, ,哲志,（真っ暗だ……　　　,　ここにサチコがいるだって……？）, ,哲志,（一片漆黑……　　　,　サチコ在這裡……？）,,1,0,0,1,0,0,0,0,0,,Translated
2377,,ザク……ジャリッ……, , ,,ザク......ジャリッ......, , ,,ザク……ジャリッ……, , ,,　沙……沙沙……,,,0,0,0,1,0,0,0,12,0,,Translated
2378,,ザク……ジャリッ……, , ,,ザク......ジャリッ......, , ,,ザク……ジャリッ……, , ,,　沙……沙沙……,,,0,0,0,1,0,0,0,12,0,,Translated
2379,哲志,……？　……何の音だ……？, , ,哲志,......？　......何の音だ......？, , ,哲志,……？　……何の音だ……？, , ,哲志,……？　……什麼聲音……？,,,1,74,18,1,0,0,0,0,0,,Translated
2380,,ザク……ジャリッ……, , ,,ザク......ジャリッ......, , ,,ザク……ジャリッ……, , ,,　沙……沙沙……,,,0,0,0,1,0,0,0,12,0,,Translated
2381,,ザク……ジャリッ……, , ,,ザク......ジャリッ......, , ,,ザク……ジャリッ……, , ,,　沙……沙沙……,,,0,0,0,1,0,0,0,12,0,,Translated
2382,哲志,……！　これが……サチコか。, , ,哲志,......！　これが......サチコか。, , ,哲志,……！　これが……サチコか。, , ,哲志,……！　這就是……サチコ嗎。,,,1,75,18,1,0,0,0,0,0,,Translated
2383,サチコ,来ナイデッテ言ッてルのニ……,近寄るナ……！　見るナ……！, ,サチコ,来ナイデッテ言ッてルのニ......,近寄るナ......！　見るナ......！, ,サチコ,来ナイデッテ言ッてルのニ……,近寄るナ……！　見るナ……！, ,サチコ,明明說了不要來的……,不准靠近……！　不准看……！,,1,134,14,1,0,0,0,0,0,,Translated
2384,哲志,―！　サチコ……サチコか？,聞いてくれ……！　俺たちは……, ,哲志,―！　サチコ......サチコか？,聞いてくれ......！　俺たちは......, ,哲志,―！　サチコ……サチコか？,聞いてくれ……！　俺たちは……, ,哲志,―！　サチコ……是サチコ嗎？,聽我說……！　我們……,,1,76,18,1,0,0,0,0,0,,Translated
2385,サチコ,帰レ……！, , ,サチコ,帰レ......！, , ,サチコ,帰レ……！, , ,サチコ,回去……！,,,1,135,14,1,0,0,0,0,0,,Translated
2386,哲志,俺達は、お前に危害を加えに来たんじゃない。, , ,哲志,俺達は、お前に危害を加えに来たんじゃない。, , ,哲志,俺達は、お前に危害を加えに来たんじゃない。, , ,哲志,我們不是來傷害你的。,,,1,77,18,1,0,0,0,0,0,,Translated
2387,サチコ,カエレ……　殺ス……, , ,サチコ,カエレ......　殺ス......, , ,サチコ,カエレ……　殺ス……, , ,サチコ,回去……　殺了你……,,,1,136,14,1,0,0,0,0,0,,Translated
2388,哲志,くっ……言葉は、やはり通じないのか？, , ,哲志,くっ......言葉は、やはり通じないのか？, , ,哲志,くっ……言葉は、やはり通じないのか？, , ,哲志,可惡……果然無法溝通嗎？,,,1,78,18,1,0,0,0,0,0,,Translated
2389,哲志,う……！　身体が！, , ,哲志,う......！　身体が！, , ,哲志,う……！　身体が！, , ,哲志,嗚……！　身體……！,,,1,79,18,1,0,0,0,0,0,,Translated
2390,あゆみ,金縛りだわ……！, , ,あゆみ,金縛りだわ......！, , ,あゆみ,金縛りだわ……！, , ,あゆみ,是被鬼壓床了……！,,,1,162,4,1,0,0,0,0,0,,Translated
2391,由香,動けないよう！, , ,由香,動けないよう！, , ,由香,動けないよう！, , ,由香,動不了！,,,1,107,29,1,0,0,0,0,0,,Translated
2392,哲志,みんな！　大丈夫か！？, , ,哲志,みんな！　大丈夫か！？, , ,哲志,みんな！　大丈夫か！？, , ,哲志,大家！　沒事吧！？,,,1,80,18,1,0,0,0,0,0,,Translated
2393,あゆみ,耳が……痛い！, , ,あゆみ,耳が......痛い！, , ,あゆみ,耳が……痛い！, , ,あゆみ,耳朵……好痛！,,,1,163,4,1,0,0,0,0,0,,Translated
2394,由香,お兄ちゃん……たすけてぇ……！, , ,由香,お兄ちゃん......たすけてぇ......！, , ,由香,お兄ちゃん……たすけてぇ……！, , ,由香,哥哥……救救我……！,,,1,108,29,1,0,0,0,0,0,,Translated
2395,由香,いあッ！, , ,由香,いあッ！, , ,由香,いあッ！, , ,由香,呃！,,,1,109,29,1,1,0,0,0,0,,Translated
2396,良樹,！？, , ,Yoshiki,Ah?!,,,良樹,！？, , ,良樹,!？,,,1,17,26,1,1,0,0,0,0,,Translated
2397,あゆみ,由香ちゃん！！, , ,あゆみ,由香ちゃん！！, , ,あゆみ,由香ちゃん！！, , ,あゆみ,由香！！,,,1,164,4,1,0,0,0,0,0,,Translated
2398,哲志,由香！！,（金縛りで……振り向けない！,　みんな動けないのか！？）,哲志,由香！！,（金縛りで......振り向けない！,　みんな動けないのか！？）,哲志,由香！！,（金縛りで……振り向けない！,　みんな動けないのか！？）,哲志,由香！！,（被鬼壓床……無法回頭！,大家都不能動嗎！？）,1,81,18,1,0,0,0,0,0,,Translated
2399,由香,痛っ……なに、するの？, , ,由香,痛っ......なに、するの？, , ,由香,痛っ……なに、するの？, , ,由香,好痛……你要做什麼？,,,1,110,29,1,0,0,0,0,0,,Translated
2400,由香,痛ぁい！　……きゃーっ！！,やめて……やめて！, ,由香,痛ぁい！　......きゃーっ！！,やめて......やめて！, ,由香,痛ぁい！　……きゃーっ！！,やめて……やめて！, ,由香,好痛！　……呀～！！,住手……住手！,,1,111,29,1,0,0,0,0,0,,Translated
2401,哲志,由香！　どうしたんだぁ！, , ,哲志,由香！　どうしたんだぁ！, , ,哲志,由香！　どうしたんだぁ！, , ,哲志,由香！　怎麼了！,,,1,82,18,1,0,0,0,0,0,,Translated
2402,由香,いやああぁぁ～……！, , ,由香,いやああぁぁ～......！, , ,由香,いやああぁぁ~……！, , ,由香,不要啊啊～～……！,,,1,112,29,1,0,0,0,0,0,,Translated
2403,良樹,てめぇ！　サチコ！　やめろ！！, , ,良樹,てめぇ！　サチコ！　やめろ！！, , ,良樹,てめぇ！　サチコ！　やめろ！！, , ,良樹,你這傢伙！　サチコ！　住手！！,,,1,18,26,1,0,0,0,0,0,,Translated
2404,あゆみ,持田君！　説得を続けて！！　早く！, , ,あゆみ,持田君！　説得を続けて！！　早く！, , ,あゆみ,持田君！　説得を続けて！！　早く！, , ,あゆみ,持田同學！　繼續說服他！！　快點！,,,1,165,4,1,0,0,0,0,0,,Translated
2405,哲志,……説得っ？　――はっ！, , ,哲志,......説得っ？　――はっ！, , ,哲志,……説得っ？　――はっ！, , ,哲志,……說服？　――哈！,,,1,83,18,1,0,0,0,0,0,,Translated
2406,あゆみ,早くっ！, , ,あゆみ,早くっ！, , ,あゆみ,早くっ！, , ,あゆみ,快點！,,,1,166,4,1,0,0,0,0,0,,Translated
2407,哲志,ああ……っ！, , ,哲志,ああ......っ！, , ,哲志,ああ……っ！, , ,哲志,嗯……！,,,1,84,18,1,0,0,0,0,0,,Translated
2408,哲志,（こっちじゃない。早く外に出よう）, , ,哲志,（こっちじゃない。早く外に出よう）, , ,哲志,（こっちじゃない。早く外に出よう）, , ,哲志,（不是這邊。快點到外面去吧）,,,1,0,0,1,0,0,0,0,0,,Translated
2409,哲志,サチコ！　これを返す！,奪われた、お前の身体の一部だ。, ,哲志,サチコ！　これを返す！,奪われた、お前の身体の一部だ。, ,哲志,サチコ！　これを返す！,奪われた、お前の身体の一部だ。, ,哲志,サチコ！　還給妳這個！,這是妳被奪走的，身體的一部分。,,1,85,18,1,0,0,0,0,0,,Translated
2410,哲志,――目を覚ましてくれ！, , ,哲志,――目を覚ましてくれ！, , ,哲志,――目を覚ましてくれ！, , ,哲志,――請清醒過來！,,,1,86,18,1,0,0,0,0,0,,Translated
2411,,説得をする,アイテムを差し出す,,,説得をする,アイテムを差し出す,,,説得をする,アイテムを差し出す,,,說服她,拿出道具,,0,255,255,255,255,255,255,255,255,,Translated
2412,,母について,罪について,,,母について,罪について,,,母について,罪について,,,關於母親,關於罪孽,,0,255,255,255,255,255,255,255,255,,Translated
2413,,サチコの舌,黒猫のぬいぐるみ,,,サチコの舌,黒猫のぬいぐるみ,,,サチコの舌,黒猫のぬいぐるみ,,,サチコ的舌頭,黑貓玩偶,,0,255,255,255,255,255,255,255,255,,Translated
2414,,七星の手記,黒猫のぬいぐるみ,,,七星の手記,黒猫のぬいぐるみ,,,七星の手記,黒猫のぬいぐるみ,,,七星的筆記,黑貓玩偶,,0,255,255,255,255,255,255,255,255,,Translated
2415,,サチコの舌,ＤＶテープ,,,サチコの舌,ＤＶテープ,,,サチコの舌,ＤＶテープ,,,サチコ的舌頭,ＤＶ錄影帶,,0,255,255,255,255,255,255,255,255,,Translated
2416,,七星の手記,ＤＶテープ,,,七星の手記,ＤＶテープ,,,七星の手記,ＤＶテープ,,,七星的筆記,ＤＶ錄影帶,,0,255,255,255,255,255,255,255,255,,Translated
2417,由香,痛あぁぁ……！,やめ……て……　たすけて……, ,由香,痛あぁぁ......！,やめ......て......　たすけて......, ,由香,痛あぁぁ……！,やめ……て……　たすけて……, ,由香,好痛啊啊……！,住手……　救命……,,1,113,29,1,0,0,0,0,0,,Translated
2418,哲志,由香ーッ！！, , ,哲志,由香ーッ！！, , ,哲志,由香ーッ！！, , ,哲志,由香～～！！,,,1,88,18,1,0,0,0,0,0,,Translated
2419,,説得をする,アイテムを差し出す,,,説得をする,アイテムを差し出す,,,説得をする,アイテムを差し出す,,,說服她,拿出道具,,0,255,255,255,255,255,255,255,255,,Translated
2420,,母について,罪について,,,母について,罪について,,,母について,罪について,,,關於母親,關於罪孽,,0,255,255,255,255,255,255,255,255,,Translated
2421,,サチコの舌,黒猫のぬいぐるみ,,,サチコの舌,黒猫のぬいぐるみ,,,サチコの舌,黒猫のぬいぐるみ,,,サチコ的舌頭,黑貓玩偶,,0,255,255,255,255,255,255,255,255,,Translated
2422,,七星の手記,黒猫のぬいぐるみ,,,七星の手記,黒猫のぬいぐるみ,,,七星の手記,黒猫のぬいぐるみ,,,七星的筆記,黑貓玩偶,,0,255,255,255,255,255,255,255,255,,Translated
2423,,サチコの舌,ＤＶテープ,,,サチコの舌,ＤＶテープ,,,サチコの舌,ＤＶテープ,,,サチコ的舌頭,ＤＶ錄影帶,,0,255,255,255,255,255,255,255,255,,Translated
2424,,七星の手記,ＤＶテープ,,,七星の手記,ＤＶテープ,,,七星の手記,ＤＶテープ,,,七星的筆記,ＤＶ錄影帶,,0,255,255,255,255,255,255,255,255,,Translated
2425,哲志,他人に危害を加えたところで、,自分の魂は救われやしないんだ！, ,哲志,他人に危害を加えたところで、,自分の魂は救われやしないんだ！, ,哲志,他人に危害を加えたところで、,自分の魂は救われやしないんだ！, ,哲志,即使傷害他人，,自己的靈魂也不會得到救贖！,,1,87,18,1,0,0,0,0,0,,Translated
2426,白サチコ,……？……, , ,白サチコ,......？......, , ,白サチコ,……？……, , ,白サチコ,……？……,,,1,138,14,1,0,0,0,0,0,,Translated
2427,あゆみ,はっ！　いやァ！　……んぐ……っ！, , ,あゆみ,はっ！　いやァ！　......んぐ......っ！, , ,あゆみ,はっ！　いやァ！　……んぐ……っ！, , ,あゆみ,哈！　不要！　……嗯……！,,,1,167,4,1,0,0,0,0,0,,Translated
2428,白サチコ,お母さん……　約束……, , ,白サチコ,お母さん......　約束......, , ,白サチコ,お母さん……　約束……, , ,白サチコ,媽媽……　約定……,,,1,142,14,1,0,0,0,0,0,,Translated
2429,,説得をする,アイテムを差し出す,,,説得をする,アイテムを差し出す,,,説得をする,アイテムを差し出す,,,說服她,拿出道具,,0,255,255,255,255,255,255,255,255,,Translated
2430,,母について,罪について,,,母について,罪について,,,母について,罪について,,,關於母親,關於罪孽,,0,255,255,255,255,255,255,255,255,,Translated
2431,,サチコの舌,黒猫のぬいぐるみ,,,サチコの舌,黒猫のぬいぐるみ,,,サチコの舌,黒猫のぬいぐるみ,,,サチコ的舌頭,黑貓玩偶,,0,255,255,255,255,255,255,255,255,,Translated
2432,,七星の手記,黒猫のぬいぐるみ,,,七星の手記,黒猫のぬいぐるみ,,,七星の手記,黒猫のぬいぐるみ,,,七星的筆記,黑貓玩偶,,0,255,255,255,255,255,255,255,255,,Translated
2433,,サチコの舌,ＤＶテープ,,,サチコの舌,ＤＶテープ,,,サチコの舌,ＤＶテープ,,,サチコ的舌頭,ＤＶ錄影帶,,0,255,255,255,255,255,255,255,255,,Translated
2434,,七星の手記,ＤＶテープ,,,七星の手記,ＤＶテープ,,,七星の手記,ＤＶテープ,,,七星的筆記,ＤＶ錄影帶,,0,255,255,255,255,255,255,255,255,,Translated
2435,あゆみ,痛ぃッ！！　ううぅぅぅ……おねがい、やめて……！, , ,あゆみ,痛ぃッ！！　ううぅぅぅ......おねがい、やめて......！, , ,あゆみ,痛ぃッ！！　ううぅぅぅ……おねがい、やめて……！, , ,あゆみ,好痛！！　嗚嗚嗚……拜託，住手……！,,,1,168,4,1,0,0,0,0,0,,Translated
2436,良樹,……哲志！　早くしてくれ！, , ,良樹,......哲志！　早くしてくれ！, , ,良樹,……哲志！　早くしてくれ！, , ,良樹,……哲志！　快點！,,,1,19,26,1,0,0,0,0,0,,Translated
2437,良樹,……篠崎！　……くそっ！　ざけんな！　俺に来い！, , ,良樹,......篠崎！　......くそっ！　ざけんな！　俺に来い！, , ,良樹,……篠崎！　……くそっ！　ざけんな！　俺に来い！, , ,良樹,……篠崎！　……可惡！　別開玩笑！　衝著我來！,,,1,20,26,1,0,0,0,0,0,,Translated
2438,,説得をする,アイテムを差し出す,,,説得をする,アイテムを差し出す,,,説得をする,アイテムを差し出す,,,說服她,拿出道具,,0,255,255,255,255,255,255,255,255,,Translated
2439,,母について,罪について,,,母について,罪について,,,母について,罪について,,,關於母親,關於罪孽,,0,255,255,255,255,255,255,255,255,,Translated
2440,,サチコの舌,黒猫のぬいぐるみ,,,サチコの舌,黒猫のぬいぐるみ,,,サチコの舌,黒猫のぬいぐるみ,,,サチコ的舌頭,黑貓玩偶,,0,255,255,255,255,255,255,255,255,,Translated
2441,,七星の手記,黒猫のぬいぐるみ,,,七星の手記,黒猫のぬいぐるみ,,,七星の手記,黒猫のぬいぐるみ,,,七星的筆記,黑貓玩偶,,0,255,255,255,255,255,255,255,255,,Translated
2442,,サチコの舌,ＤＶテープ,,,サチコの舌,ＤＶテープ,,,サチコの舌,ＤＶテープ,,,サチコ的舌頭,ＤＶ錄影帶,,0,255,255,255,255,255,255,255,255,,Translated
2443,,七星の手記,ＤＶテープ,,,七星の手記,ＤＶテープ,,,七星の手記,ＤＶテープ,,,七星的筆記,ＤＶ錄影帶,,0,255,255,255,255,255,255,255,255,,Translated
2444,哲志,お前の母親も悲しんでいたぞ……,こんな事で、自分は喜ばないって！, ,哲志,お前の母親も悲しんでいたぞ......,こんな事で、自分は喜ばないって！, ,哲志,お前の母親も悲しんでいたぞ……,こんな事で、自分は喜ばないって！, ,哲志,妳的母親也在悲傷啊……,說自己不會因為這種事而高興！,,1,89,18,1,0,0,0,0,0,,Translated
2445,白サチコ,……ダレ……？, , ,白サチコ,......ダレ......？, , ,白サチコ,……ダレ……？, , ,白サチコ,……是誰……？,,,1,139,14,1,0,0,0,0,0,,Translated
2446,白サチコ,お母サン……　ドコニイルノ？,ココハ、ドコ？, ,白サチコ,お母サン......　ドコニイルノ？,ココハ、ドコ？, ,白サチコ,お母サン……　ドコニイルノ？,ココハ、ドコ？, ,白サチコ,媽媽……　在哪裡？,這裡、是哪裡？,,1,140,14,1,0,0,0,0,0,,Translated
2447,良樹,ぐッ……くそ……　くそっ！, , ,良樹,ぐッ......くそ......　くそっ！, , ,良樹,ぐッ……くそ……　くそっ！, , ,良樹,呃……可惡……　可惡！,,,1,21,26,1,0,0,0,0,0,,Translated
2448,良樹,ぐァッ！, , ,Yoshiki,Glgh!!,,,良樹,ぐァッ！, , ,良樹,呃啊！,,,1,22,26,1,0,0,0,0,0,,Translated
2449,哲志,サチコ！　これを返す！,奪われた、お前の身体の一部だ。, ,哲志,サチコ！　これを返す！,奪われた、お前の身体の一部だ。, ,哲志,サチコ！　これを返す！,奪われた、お前の身体の一部だ。, ,哲志,サチコ！　還給妳這個！,這是妳被奪走的，身體的一部分。,,1,85,18,1,0,0,0,0,0,,Translated
2450,哲志,――目を覚ましてくれ！, , ,哲志,――目を覚ましてくれ！, , ,哲志,――目を覚ましてくれ！, , ,哲志,――請清醒過來！,,,1,86,18,1,0,0,0,0,0,,Translated
2451,,「サチコの舌」を差し出しますか？, , ,,「サチコの舌」を差し出しますか？, , ,,「サチコの舌」を差し出しますか？, , ,,要交出「サチコ的舌頭」嗎？,,,0,0,0,1,0,0,0,0,0,,Translated
2452,,はい,いいえ,,,はい,いいえ,,,はい,いいえ,,,是,否,,0,255,255,255,255,255,255,255,255,,Translated
2453,,「七星の手記」を差し出しますか？, , ,,「七星の手記」を差し出しますか？, , ,,「七星の手記」を差し出しますか？, , ,,要交出「七星的筆記」嗎？,,,0,0,0,1,0,0,0,0,0,,Translated
2454,,はい,いいえ,,,はい,いいえ,,,はい,いいえ,,,是,否,,0,255,255,255,255,255,255,255,255,,Translated
2455,白サチコ,お母さん……　約束……, , ,白サチコ,お母さん......　約束......, , ,白サチコ,お母さん……　約束……, , ,白サチコ,媽媽……　約定……,,,1,142,14,1,0,0,0,0,0,,Translated
2456,哲志,お前の母親も悲しんでいたぞ……,こんな事で、自分は喜ばないって！, ,哲志,お前の母親も悲しんでいたぞ......,こんな事で、自分は喜ばないって！, ,哲志,お前の母親も悲しんでいたぞ……,こんな事で、自分は喜ばないって！, ,哲志,妳的母親也在悲傷啊……,說自己不會因為這種事而高興！,,1,89,18,1,0,0,0,0,0,,Translated
2457,,「黒猫のぬいぐるみ」を差し出しますか？, , ,,「黒猫のぬいぐるみ」を差し出しますか？, , ,,「黒猫のぬいぐるみ」を差し出しますか？, , ,,要交出「黑貓玩偶」嗎？,,,0,0,0,1,0,0,0,0,0,,Translated
2458,,はい,いいえ,,,はい,いいえ,,,はい,いいえ,,,是,否,,0,255,255,255,255,255,255,255,255,,Translated
2459,,「ＤＶテープ」を差し出しますか？, , ,,「ＤＶテープ」を差し出しますか？, , ,,「ＤＶテープ」を差し出しますか？, , ,,要交出「ＤＶ錄影帶」嗎？,,,0,0,0,1,0,0,0,0,0,,Translated
2460,,はい,いいえ,,,はい,いいえ,,,はい,いいえ,,,是,否,,0,255,255,255,255,255,255,255,255,,Translated
2461,白サチコ,……ダレ……？, , ,白サチコ,......ダレ......？, , ,白サチコ,……ダレ……？, , ,白サチコ,……是誰……？,,,1,139,14,1,0,0,0,0,0,,Translated
2462,白サチコ,お母サン……　ドコニイルノ？,ココハ、ドコ？, ,白サチコ,お母サン......　ドコニイルノ？,ココハ、ドコ？, ,白サチコ,お母サン……　ドコニイルノ？,ココハ、ドコ？, ,白サチコ,媽媽……　在哪裡？,這裡、是哪裡？,,1,140,14,1,0,0,0,0,0,,Translated
2463,哲志,（……身体が動く……！　金縛りが解けた！？）, , ,哲志,（......身体が動く......！　金縛りが解けた！？）, , ,哲志,（……身体が動く……！　金縛りが解けた！？）, , ,哲志,（……身體能動了……！　鬼壓床解開了！？）,,,1,0,0,1,0,0,0,0,0,,Translated
2464,サチコ,ガアアアアアアァァァ！,アアァ…………アアアァァァァァァ！, ,サチコ,ガアアアアアアァァァ！,アアァ............アアアァァァァァァ！, ,サチコ,ガアアアアアアァァァ！,アアァ…………アアアァァァァァァ！, ,サチコ,嘎啊啊啊啊啊啊！,啊啊…………啊啊啊啊啊啊！,,1,0,0,1,0,0,0,0,0,,Translated
2465,哲志,直美！, , ,哲志,直美！, , ,哲志,直美！, , ,哲志,直美！,,,1,90,18,1,0,0,0,0,0,,Translated
2466,哲志,みんな！　サチコの切れ端を出すんだ！, , ,哲志,みんな！　サチコの切れ端を出すんだ！, , ,哲志,みんな！　サチコの切れ端を出すんだ！, , ,哲志,大家！　拿出サチコ的碎片！,,,1,92,18,1,0,0,0,0,0,,Translated
2467,直美,ええ！, , ,直美,ええ！, , ,直美,ええ！, , ,直美,嗯！,,,1,89,13,1,1,0,0,0,0,,Translated
2468,あゆみ,うん……！, , ,あゆみ,うん......！, , ,あゆみ,うん……！, , ,あゆみ,嗯……！,,,1,169,4,1,1,0,0,0,0,,Translated
2469,良樹,おう……！, , ,良樹,おう......！, , ,良樹,おう……！, , ,良樹,喔……！,,,1,23,26,1,1,0,0,0,0,,Translated
2470,由香,うぅ……っ！, , ,由香,うぅ......っ！, , ,由香,うぅ……っ！, , ,由香,嗚嗚……！,,,1,114,29,1,1,0,0,0,0,,Translated
2471,あゆみ,サチコさん……！　私たちの気持ちを受け取って！, , ,あゆみ,サチコさん......！　私たちの気持ちを受け取って！, , ,あゆみ,サチコさん……！　私たちの気持ちを受け取って！, , ,あゆみ,サチコ小姐……！　請接收我們的心意！,,,1,170,4,1,0,0,0,0,0,,Translated
2472,あゆみ,私たち、帰りたい！, , ,あゆみ,私たち、帰りたい！, , ,あゆみ,私たち、帰りたい！, , ,あゆみ,我們，想回去！,,,1,171,4,1,0,0,0,0,0,,Translated
2473,あゆみ,お呪（まじな）いとは、人が人を想うキモチ、,心、そのもの……, ,あゆみ,お呪（まじな）いとは、人が人を想うキモチ、,心、そのもの......, ,あゆみ,お呪（まじな）いとは、人が人を想うキモチ、,心、そのもの……, ,あゆみ,所謂詛咒，就是人對人的心意，,心，本身……,,1,172,4,1,0,0,0,0,0,,Translated
2474,あゆみ,悲しい目に遭った、あなたやお母さんを……,苦しみから、解放したいの！, ,あゆみ,悲しい目に遭った、あなたやお母さんを......,苦しみから、解放したいの！, ,あゆみ,悲しい目に遭った、あなたやお母さんを……,苦しみから、解放したいの！, ,あゆみ,經歷了悲慘遭遇的妳和媽媽……,我們想將你們，從痛苦中解放！,,1,173,4,1,0,0,0,0,0,,Translated
2475,,唱える,止める,,,唱える,止める,,,唱える,止める,,,唸誦,停止,,0,255,255,255,255,255,255,255,255,,Translated
2476,哲志,サチコさんおねがいします！, , ,哲志,サチコさんおねがいします！, , ,哲志,サチコさんおねがいします！, , ,哲志,サチコ小姐拜託了！,,,1,93,18,1,0,0,0,0,0,,Translated
2477,,唱える,止める,,,唱える,止める,,,唱える,止める,,,唸誦,停止,,0,255,255,255,255,255,255,255,255,,Translated
2478,由香,サチコさんおねがいします！, , ,由香,サチコさんおねがいします！, , ,由香,サチコさんおねがいします！, , ,由香,サチコ小姐拜託了！,,,1,115,29,1,0,0,0,0,0,,Translated
2479,,唱える,止める,,,唱える,止める,,,唱える,止める,,,唸誦,停止,,0,255,255,255,255,255,255,255,255,,Translated
2480,良樹,サチコさんおねがいします！, , ,良樹,サチコさんおねがいします！, , ,良樹,サチコさんおねがいします！, , ,良樹,サチコ小姐拜託了！,,,1,24,26,1,0,0,0,0,0,,Translated
2481,,唱える,止める,,,唱える,止める,,,唱える,止める,,,唸誦,停止,,0,255,255,255,255,255,255,255,255,,Translated
2482,あゆみ,サチコさんおねがいします！, , ,あゆみ,サチコさんおねがいします！, , ,あゆみ,サチコさんおねがいします！, , ,あゆみ,サチコ小姐拜託了！,,,1,174,4,1,0,0,0,0,0,,Translated
2483,,唱える,止める,,,唱える,止める,,,唱える,止める,,,唸誦,停止,,0,255,255,255,255,255,255,255,255,,Translated
2484,哲志,サチコさんおねがいします！, , ,哲志,サチコさんおねがいします！, , ,哲志,サチコさんおねがいします！, , ,哲志,サチコ小姐拜託了！,,,1,93,18,1,0,0,0,0,0,,Translated
2485,,唱える,止める,,,唱える,止める,,,唱える,止める,,,唸誦,停止,,0,255,255,255,255,255,255,255,255,,Translated
2486,由香,サチコさんおねがいします！, , ,由香,サチコさんおねがいします！, , ,由香,サチコさんおねがいします！, , ,由香,サチコ小姐拜託了！,,,1,115,29,1,0,0,0,0,0,,Translated
2487,,唱える,止める,,,唱える,止める,,,唱える,止める,,,唸誦,停止,,0,255,255,255,255,255,255,255,255,,Translated
2488,良樹,サチコさんおねがいします！, , ,良樹,サチコさんおねがいします！, , ,良樹,サチコさんおねがいします！, , ,良樹,サチコ小姐拜託了！,,,1,24,26,1,0,0,0,0,0,,Translated
2489,,唱える,止める,,,唱える,止める,,,唱える,止める,,,唸誦,停止,,0,255,255,255,255,255,255,255,255,,Translated
2490,あゆみ,サチコさんおねがいします！, , ,あゆみ,サチコさんおねがいします！, , ,あゆみ,サチコさんおねがいします！, , ,あゆみ,サチコ小姐拜託了！,,,1,174,4,1,0,0,0,0,0,,Translated
2491,,唱える,止める,,,唱える,止める,,,唱える,止める,,,唸誦,停止,,0,255,255,255,255,255,255,255,255,,Translated
2492,哲志,サチコさんおねがいします！, , ,哲志,サチコさんおねがいします！, , ,哲志,サチコさんおねがいします！, , ,哲志,サチコ小姐拜託了！,,,1,93,18,1,0,0,0,0,0,,Translated
2493,,唱える,止める,,,唱える,止める,,,唱える,止める,,,唸誦,停止,,0,255,255,255,255,255,255,255,255,,Translated
2494,由香,サチコさんおねがいします！, , ,由香,サチコさんおねがいします！, , ,由香,サチコさんおねがいします！, , ,由香,サチコ小姐拜託了！,,,1,115,29,1,0,0,0,0,0,,Translated
2495,,唱える,止める,,,唱える,止める,,,唱える,止める,,,唸誦,停止,,0,255,255,255,255,255,255,255,255,,Translated
2496,良樹,サチコさんおねがいします！, , ,良樹,サチコさんおねがいします！, , ,良樹,サチコさんおねがいします！, , ,良樹,サチコ小姐拜託了！,,,1,24,26,1,0,0,0,0,0,,Translated
2497,,唱える,止める,,,唱える,止める,,,唱える,止める,,,唸誦,停止,,0,255,255,255,255,255,255,255,255,,Translated
2498,あゆみ,サチコさんおねがいします！, , ,あゆみ,サチコさんおねがいします！, , ,あゆみ,サチコさんおねがいします！, , ,あゆみ,サチコ小姐拜託了！,,,1,174,4,1,0,0,0,0,0,,Translated
2499,,唱える,止める,,,唱える,止める,,,唱える,止める,,,唸誦,停止,,0,255,255,255,255,255,255,255,255,,Translated
2500,直美,サチコさんおねがいします！, , ,直美,サチコさんおねがいします！, , ,直美,サチコさんおねがいします！, , ,直美,サチコ小姐拜託了！,,,1,90,13,1,0,0,0,0,0,,Translated
2501,,唱える,止める,,,唱える,止める,,,唱える,止める,,,唸誦,停止,,0,255,255,255,255,255,255,255,255,,Translated
2502,哲志,サチコさんおねがいします！, , ,哲志,サチコさんおねがいします！, , ,哲志,サチコさんおねがいします！, , ,哲志,サチコ小姐拜託了！,,,1,93,18,1,0,0,0,0,0,,Translated
2503,,唱える,止める,,,唱える,止める,,,唱える,止める,,,唸誦,停止,,0,255,255,255,255,255,255,255,255,,Translated
2504,由香,サチコさんおねがいします！, , ,由香,サチコさんおねがいします！, , ,由香,サチコさんおねがいします！, , ,由香,サチコ小姐拜託了！,,,1,115,29,1,0,0,0,0,0,,Translated
2505,,唱える,止める,,,唱える,止める,,,唱える,止める,,,唸誦,停止,,0,255,255,255,255,255,255,255,255,,Translated
2506,良樹,サチコさんおねがいします！, , ,良樹,サチコさんおねがいします！, , ,良樹,サチコさんおねがいします！, , ,良樹,サチコ小姐拜託了！,,,1,24,26,1,0,0,0,0,0,,Translated
2507,,唱える,止める,,,唱える,止める,,,唱える,止める,,,唸誦,停止,,0,255,255,255,255,255,255,255,255,,Translated
2508,あゆみ,サチコさんおねがいします！, , ,あゆみ,サチコさんおねがいします！, , ,あゆみ,サチコさんおねがいします！, , ,あゆみ,サチコ小姐拜託了！,,,1,174,4,1,0,0,0,0,0,,Translated
2509,哲志,はぁ、はぁ、はぁ、……みんな……,由香！　直美！　……大丈夫か！, ,哲志,はぁ、はぁ、はぁ、......みんな......,由香！　直美！　......大丈夫か！, ,哲志,はぁ、はぁ、はぁ、……みんな……,由香！　直美！　……大丈夫か！, ,哲志,哈啊、哈啊、哈啊、……大家……,由香！　直美！　……沒事吧！,,1,94,18,1,0,0,0,0,0,,Translated
2510,あゆみ,……大丈夫、ちゃんと止血するから。,私のリボンでいいかな？（シュルッ）, ,あゆみ,......大丈夫、ちゃんと止血するから。,私のリボンでいいかな？（シュルッ）, ,あゆみ,……大丈夫、ちゃんと止血するから。,私のリボンでいいかな？（シュルッ）, ,あゆみ,……沒事的，我會好好止血。,用我的緞帶可以吧？（唰）,,1,175,4,1,0,0,0,0,0,,Translated
2511,由香,あゆみお姉ちゃん……, , ,由香,あゆみお姉ちゃん......, , ,由香,あゆみお姉ちゃん……, , ,由香,あゆみ姊姊……,,,1,116,29,1,0,0,0,0,0,,Translated
2512,哲志,由香……？, , ,哲志,由香......？, , ,哲志,由香……？, , ,哲志,由香……？,,,1,95,18,1,0,0,0,0,0,,Translated
2513,由香,……ぶい。, , ,由香,......ぶい。, , ,由香,……ぶい。, , ,由香,……耶。,,,1,118,29,1,0,0,0,0,0,,Translated
2514,直美,はぁ、はぁ、はぁ……　哲志。, , ,直美,はぁ、はぁ、はぁ......　哲志。, , ,直美,はぁ、はぁ、はぁ……　哲志。, , ,直美,哈啊、哈啊、哈啊……　哲志。,,,1,96,13,1,0,0,0,0,0,,Translated
2515,哲志,直美、無事でよかった……。　篠原は、どうだった？, , ,哲志,直美、無事でよかった......。　篠原は、どうだった？, , ,哲志,直美、無事でよかった……。　篠原は、どうだった？, , ,哲志,直美，妳沒事真是太好了……。　篠原她，怎麼樣了？,,,1,96,18,1,0,0,0,0,0,,Translated
2516,直美,ふう……ッ　……あとで、話す……, , ,直美,ふう......ッ　......あとで、話す......, , ,直美,ふう……ッ　……あとで、話す……, , ,直美,呼……　……晚點，再說……,,,1,97,13,1,0,0,0,0,0,,Translated
2517,哲志,？……　あ、あぁ……, , ,哲志,？......　あ、あぁ......, , ,哲志,？……　あ、あぁ……, , ,哲志,？……　啊、嗯……,,,1,97,18,1,0,0,0,0,0,,Translated
2518,あゆみ,雪ちゃん……！, , ,あゆみ,雪ちゃん......！, , ,あゆみ,雪ちゃん……！, , ,あゆみ,由紀……！,,,1,176,4,1,0,0,0,0,0,,Translated
2519,雪,……, , ,雪,......, , ,雪,……, , ,雪,……,,,1,139,22,1,0,0,0,0,0,,Translated
2520,雪,みなさん、今です……　天神小学校を包囲している,霊磁場のゲートが開いています。, ,雪,みなさん、今です......　天神小学校を包囲している,霊磁場のゲートが開いています。, ,雪,みなさん、今です……　天神小学校を包囲している,霊磁場のゲートが開いています。, ,雪,各位，就是現在……包圍天神小學校的,靈磁場的門打開了。,,1,165,22,1,0,0,0,0,0,,Translated
2521,雪,閉じてしまう前に……いそいで、校舎の外に出て、,おまじないをおこなってください。, ,雪,閉じてしまう前に......いそいで、校舎の外に出て、,おまじないをおこなってください。, ,雪,閉じてしまう前に……いそいで、校舎の外に出て、,おまじないをおこなってください。, ,雪,在關閉之前……快點到校舍外面，,進行詛咒。,,1,166,22,1,0,0,0,0,0,,Translated
2522,雪,ゲートが閉じてしまったら……,またこの多重閉鎖空間は元に戻ります。, ,雪,ゲートが閉じてしまったら......,またこの多重閉鎖空間は元に戻ります。, ,雪,ゲートが閉じてしまったら……,またこの多重閉鎖空間は元に戻ります。, ,雪,如果門關上了……,這個多重封閉空間又會恢復原狀。,,1,167,22,1,0,0,0,0,0,,Translated
2523,あゆみ,え……閉じたら、あなたたちはどうなるの？, , ,あゆみ,え......閉じたら、あなたたちはどうなるの？, , ,あゆみ,え……閉じたら、あなたたちはどうなるの？, , ,あゆみ,咦……關上的話，你們會怎麼樣？,,,1,177,4,1,0,0,0,0,0,,Translated
2524,雪,わたしたちは、ここの霊磁場に捕らえられている,みたいで……サチコ以外、成仏は出来ないようです。, ,雪,わたしたちは、ここの霊磁場に捕らえられている,みたいで......サチコ以外、成仏は出来ないようです。, ,雪,わたしたちは、ここの霊磁場に捕らえられている,みたいで……サチコ以外、成仏は出来ないようです。, ,雪,因為我們似乎被這裡的靈磁場束縛著……,除了サチコ以外，似乎都無法成佛。,,1,168,22,1,0,0,0,0,0,,Translated
2525,雪,今、ほんの少しの間だけ……自由になっていますが、,すぐに引き戻されて、またこの空間を形成する事に,なるでしょう。,雪,今、ほんの少しの間だけ......自由になっていますが、,すぐに引き戻されて、またこの空間を形成する事に,なるでしょう。,雪,今、ほんの少しの間だけ……自由になっていますが、,すぐに引き戻されて、またこの空間を形成する事に,なるでしょう。,雪,現在，雖然只有短暫的一瞬間……恢復了自由，,但很快就會被拉回去，,繼續形成這個空間吧。,1,169,22,1,0,0,0,0,0,,Translated
2526,あゆみ,そんな……！, , ,あゆみ,そんな......！, , ,あゆみ,そんな……！, , ,あゆみ,怎麼會……！,,,1,178,4,1,0,0,0,0,0,,Translated
2527,雪,この学校は既に、第二のサチコを生み出そうと,しています。, ,雪,この学校は既に、第二のサチコを生み出そうと,しています。, ,雪,この学校は既に、第二のサチコを生み出そうと,しています。, ,雪,這所學校已經，開始孕育第二個サチコ了。,,,1,170,22,1,0,0,0,0,0,,Translated
2528,雪,ハヤク……いきなさい　外へ, , ,雪,ハヤク......いきなさい　外へ, , ,雪,ハヤク……いきなさい　外へ, , ,雪,快點……去外面吧,,,1,171,22,1,0,0,0,0,0,,Translated
2529,良樹,うおわあぁぁっ！, , ,良樹,うおわあぁぁっ！, , ,良樹,うおわあぁぁっ！, , ,良樹,嗚哇啊啊！,,,1,28,26,1,0,0,0,0,0,,Translated
2530,あゆみ,きゃぁっ！, , ,あゆみ,きゃぁっ！, , ,あゆみ,きゃぁっ！, , ,あゆみ,呀！,,,1,179,4,1,0,0,0,0,0,,Translated
2531,直美,急いで！　外に出ましょう！, , ,直美,急いで！　外に出ましょう！, , ,直美,急いで！　外に出ましょう！, , ,直美,快點！　到外面去吧！,,,1,98,13,1,0,0,0,0,0,,Translated
2532,哲志,うっ……, , ,哲志,うっ......, , ,哲志,うっ……, , ,哲志,嗚……,,,1,72,18,1,0,0,0,0,0,,Translated
2533,,柳堀ヨシカズらしき首吊り死体が,釣り下がっています……, ,,柳堀ヨシカズらしき首吊り死体が,釣り下がっています......, ,,柳堀ヨシカズらしき首吊り死体が,釣り下がっています……, ,,像是柳堀ヨシカズ的吊死屍體,懸掛著……,,0,0,0,1,0,0,0,0,0,,Translated
2534,,柳堀ヨシカズらしき首吊り死体が,釣り下がっています……, ,,柳堀ヨシカズらしき首吊り死体が,釣り下がっています......, ,,柳堀ヨシカズらしき首吊り死体が,釣り下がっています……, ,,像是柳堀ヨシカズ的吊死屍體,懸掛著……,,0,0,0,1,0,0,0,0,0,,Translated
2535,田久地,（女の子が……台のバケツを蹴り飛ばして……！,　ひ、人殺……）, ,田久地,（女の子が......台のバケツを蹴り飛ばして......！,　ひ、人殺......）, ,田久地,（女の子が……台のバケツを蹴り飛ばして……！,　ひ、人殺……）, ,田久地,（女孩……踢倒了桶子……！,　殺、殺人……）,,1,0,0,1,0,0,0,0,0,,Translated
2536,田久地,あぁ……！　あぁ！, , ,田久地,あぁ......！　あぁ！, , ,田久地,あぁ……！　あぁ！, , ,田久地,啊啊……！　啊啊！,,,1,204,20,1,0,0,0,0,0,,Translated
2537,田久地,うう……う、な、なんて事だ……！, , ,田久地,うう......う、な、なんて事だ......！, , ,田久地,うう……う、な、なんて事だ……！, , ,田久地,嗚嗚……嗚、怎、怎麼會……！,,,1,0,0,1,0,0,0,0,0,,Translated
2538,田久地,――！, , ,田久地,――！, , ,田久地,――！, , ,田久地,――！,,,1,206,20,1,0,0,0,0,0,,Translated
2539,田久地,う、うわあぁぁぁ, , ,田久地,う、うわあぁぁぁ, , ,田久地,う、うわあぁぁぁ, , ,田久地,嗚、嗚哇啊啊,,,1,207,20,1,0,0,0,0,0,,Translated
2540,,タッタッタッタッ……！, , ,,タッタッタッタッ......！, , ,,タッタッタッタッ……！, , ,,噠噠噠噠……！,,,0,0,0,1,0,0,0,6,0,,Translated
2541,田久地,――！　ヒィイイイッ！,助けて！　助けてェェェ！, ,田久地,――！　ヒィイイイッ！,助けて！　助けてェェェ！, ,田久地,――！　ヒィイイイッ！,助けて！　助けてェェェ！, ,田久地,――！　咿～～～～！,救命！　救命啊啊！,,1,0,0,1,0,0,0,13,0,,Translated
2542,田久地,―！, , ,田久地,―！, , ,田久地,―！, , ,田久地,―！,,,1,0,0,1,0,0,0,3,0,,Translated
2543,哲志,よし、これを乗り越えて……,みんなでもう一度、逆打ちだ。, ,哲志,よし、これを乗り越えて......,みんなでもう一度、逆打ちだ。, ,哲志,よし、これを乗り越えて……,みんなでもう一度、逆打ちだ。, ,哲志,好，跨越這個……,大家再進行一次逆打。,,1,105,18,1,0,0,0,0,0,,Translated
2544,直美・あゆみ・由香・良樹,うん！,うん！,おう！,直美・あゆみ・由香・良樹,うん！,うん！,おう！,直美・あゆみ・由香・良樹,うん！,うん！,おう！,直美・あゆみ・由香・良樹,嗯！,嗯！,喔！,1,101,13,1,0,0,0,0,0,,Translated
2545,哲志,（間に合ってくれ……！）, , ,哲志,（間に合ってくれ......！）, , ,哲志,（間に合ってくれ……！）, , ,哲志,（拜託要趕上……！）,,,1,0,0,1,0,0,0,0,0,,Translated
2546,哲志,よし、これを乗り越えて……,みんなでもう一度、逆打ちだ。, ,哲志,よし、これを乗り越えて......,みんなでもう一度、逆打ちだ。, ,哲志,よし、これを乗り越えて……,みんなでもう一度、逆打ちだ。, ,哲志,好，跨越這個……,大家再進行一次逆打。,,1,105,18,1,0,0,0,0,0,,Translated
2547,みんな,うん！, , ,みんな,うん！, , ,みんな,うん！, , ,大家,嗯！,,,1,184,4,1,0,0,0,0,0,,Translated
2548,由香,お兄ちゃん？　どうしたの。, , ,由香,お兄ちゃん？　どうしたの。, , ,由香,お兄ちゃん？　どうしたの。, , ,由香,哥哥？　怎麼了。,,,1,172,29,1,0,0,0,0,0,,Translated
2549,哲志,直美……直美がいるんだ。, , ,哲志,直美......直美がいるんだ。, , ,哲志,直美……直美がいるんだ。, , ,哲志,直美……直美在那裡。,,,1,235,18,1,0,0,0,0,0,,Translated
2550,由香,？！　お兄ちゃん！　待って……, , ,由香,？！　お兄ちゃん！　待って......, , ,由香,？！　お兄ちゃん！　待って……, , ,由香,？！　哥哥！　等等……,,,1,173,29,1,0,0,0,0,0,,Translated
2551,哲志,直美……！　お前、やっぱり……生きてたんだな！, , ,哲志,直美......！　お前、やっぱり......生きてたんだな！, , ,哲志,直美……！　お前、やっぱり……生きてたんだな！, , ,哲志,直美……！　妳，果然……還活著！,,,1,236,18,1,0,0,0,0,0,,Translated
2552,あゆみ,ああッ！, , ,あゆみ,ああッ！, , ,あゆみ,ああッ！, , ,あゆみ,啊啊！,,,1,207,4,1,0,0,0,0,0,,Translated
2553,良樹,哲志！！, , ,良樹,哲志！！, , ,良樹,哲志！！, , ,良樹,哲志！！,,,1,48,26,1,0,0,0,0,0,,Translated
2554,由香,お兄ちゃん！, , ,由香,お兄ちゃん！, , ,由香,お兄ちゃん！, , ,由香,哥哥！,,,1,174,29,1,0,0,0,0,0,,Translated
2555,哲志,びっくりさせるなよ……お前がいなくなったら……, , ,哲志,びっくりさせるなよ......お前がいなくなったら......, , ,哲志,びっくりさせるなよ……お前がいなくなったら……, , ,哲志,別嚇我啊……如果妳不見了……,,,1,237,18,1,0,0,0,0,0,,Translated
2556,あゆみ,（殺人犯……！　鋏を持ってる！）, , ,あゆみ,（殺人犯......！　鋏を持ってる！）, , ,あゆみ,（殺人犯……！　鋏を持ってる！）, , ,あゆみ,（殺人犯……！　拿著剪刀！）,,,1,0,0,1,0,0,0,0,0,,Translated
2557,由香,おにいちゃ……！　んぅッ！, , ,由香,おにいちゃ......！　んぅッ！, , ,由香,おにいちゃ……！　んぅッ！, , ,由香,哥……！　嗯！,,,1,0,0,1,0,0,0,0,0,,Translated
2558,由香,！　あぐ……！　ん……んんん……ッ！, , ,由香,！　あぐ......！　ん......んんん......ッ！, , ,由香,！　あぐ……！　ん……んんん……ッ！, , ,由香,！　啊……！　嗯……嗯嗯嗯……！,,,1,176,29,1,0,0,0,0,0,,Translated
2559,哲志,っ！？　由香！　お前……！？, , ,哲志,っ！？　由香！　お前......！？, , ,哲志,っ！？　由香！　お前……！？, , ,哲志,！？　由香！　妳……！？,,,1,238,18,1,0,0,0,0,0,,Translated
2560,ヨシカズ,……うううーッ……！, , ,ヨシカズ,......うううーッ......！, , ,ヨシカズ,……うううーッ……！, , ,ヨシカズ,……嗚嗚嗚～……！,,,1,185,26,1,0,0,0,0,0,,Translated
2561,哲志,由香……由香ァ！, , ,哲志,由香......由香ァ！, , ,哲志,由香……由香ァ！, , ,哲志,由香……由香！,,,1,239,18,1,0,0,0,0,0,,Translated
2562,あゆみ,由香ちゃん！　しっかり……！, , ,あゆみ,由香ちゃん！　しっかり......！, , ,あゆみ,由香ちゃん！　しっかり……！, , ,あゆみ,由香！　振作點……！,,,1,208,4,1,0,0,0,0,0,,Translated
2563,哲志,由香……返事をしてくれ……っ, , ,哲志,由香......返事をしてくれ......っ, , ,哲志,由香……返事をしてくれ……っ, , ,哲志,由香……回答我……,,,1,240,18,1,0,0,0,0,0,,Translated
2564,由香,……, , ,由香,......, , ,由香,……, , ,由香,……,,,1,177,29,1,0,0,0,0,0,,Translated
2565,哲志,頼む……！, , ,哲志,頼む......！, , ,哲志,頼む……！, , ,哲志,拜託……！,,,1,241,18,1,0,0,0,0,0,,Translated
2566,,・・・・・・, , ,,・・・・・・, , ,,・・・・・・, , ,,・・・・・・,,,0,0,0,0,0,0,0,0,0,,Translated
2567,由香,お……にい……ちゃん……？, , ,由香,お......にい......ちゃん......？, , ,由香,お……にい……ちゃん……？, , ,由香,哥……哥……？,,,1,178,29,1,0,0,0,0,0,,Translated
2568,哲志,……由香！　……気がついたか！？, , ,哲志,......由香！　......気がついたか！？, , ,哲志,……由香！　……気がついたか！？, , ,哲志,……由香！　……清醒了嗎！？,,,1,242,18,1,0,0,0,0,0,,Translated
2569,由香,お兄ちゃん……, , ,由香,お兄ちゃん......, , ,由香,お兄ちゃん……, , ,由香,哥哥……,,,1,179,29,1,0,0,0,0,0,,Translated
2570,哲志,すまない……俺の……せいで……！, , ,哲志,すまない......俺の......せいで......！, , ,哲志,すまない……俺の……せいで……！, , ,哲志,對不起……都是……我的錯……！,,,1,243,18,1,0,0,0,0,0,,Translated
2571,由香,もぉ……お兄ちゃん、やっぱりドジなんだから……,んッ！, ,由香,もぉ......お兄ちゃん、やっぱりドジなんだから......,んッ！, ,由香,もぉ……お兄ちゃん、やっぱりドジなんだから……,んッ！, ,由香,真是的……哥哥，果然是冒失鬼……,嗯！,,1,180,29,1,0,0,0,0,0,,Translated
2572,哲志,由香！ ……お前……　腹が……,（こんなに……深く……！）, ,哲志,由香！ ......お前......　腹が......,（こんなに......深く......！）, ,哲志,由香！ ……お前……　腹が……,（こんなに……深く……！）, ,哲志,由香！ ……妳……肚子……,（這麼……深……！）,,1,244,18,1,0,0,0,0,0,,Translated
2573,由香,……大丈夫……　由香……死なないよ。, , ,由香,......大丈夫......　由香......死なないよ。, , ,由香,……大丈夫……　由香……死なないよ。, , ,由香,……沒事的……　由香……不會死的。,,,1,181,29,1,0,0,0,0,0,,Translated
2574,由香,由香まで死んじゃったら……　　　　　,お兄ちゃん、一人ぼっちになっちゃう……, ,由香,由香まで死んじゃったら......　　　　　,お兄ちゃん、一人ぼっちになっちゃう......, ,由香,由香まで死んじゃったら……　　　　　,お兄ちゃん、一人ぼっちになっちゃう……, ,由香,如果連由香都死了……　　　　　,哥哥，就會變成孤單一人了……,,1,182,29,1,0,0,0,0,0,,Translated
2575,由香,だから……　んっ……！, , ,由香,だから......　んっ......！, , ,由香,だから……　んっ……！, , ,由香,所以……　嗯……！,,,1,183,29,1,0,0,0,0,0,,Translated
2576,由香,……ごほっごほっ、けほっ！, , ,由香,......ごほっごほっ、けほっ！, , ,由香,……ごほっごほっ、けほっ！, , ,由香,……咳咳咳、咳咳！,,,1,184,29,1,0,0,0,0,0,,Translated
2577,哲志,由香……！, , ,哲志,由香......！, , ,哲志,由香……！, , ,哲志,由香……！,,,1,245,18,1,0,0,0,0,0,,Translated
2578,由香,……ごめんね、お兄ちゃん……　　　　　,由香、ウソついてたの。, ,由香,......ごめんね、お兄ちゃん......　　　　　,由香、ウソついてたの。, ,由香,……ごめんね、お兄ちゃん……　　　　　,由香、ウソついてたの。, ,由香,……對不起，哥哥……　　　　　,由香，說謊了。,,1,185,29,1,0,0,0,0,0,,Translated
2579,哲志,ウソ？, , ,哲志,ウソ？, , ,哲志,ウソ？, , ,哲志,說謊？,,,1,246,18,1,0,0,0,0,0,,Translated
2580,由香,由香、クラスに好きな子がいるって……,言ったでしょ？, ,由香,由香、クラスに好きな子がいるって......,言ったでしょ？, ,由香,由香、クラスに好きな子がいるって……,言ったでしょ？, ,由香,由香，在班上有喜歡的人……,說過吧？,,1,186,29,1,0,0,0,0,0,,Translated
2581,哲志,……ああ、あの話か……, , ,哲志,......ああ、あの話か......, , ,哲志,……ああ、あの話か……, , ,哲志,……嗯，那個啊……,,,1,247,18,1,0,0,0,0,0,,Translated
2582,由香,由香の好きな人は、他にいるの。, , ,由香,由香の好きな人は、他にいるの。, , ,由香,由香の好きな人は、他にいるの。, , ,由香,由香喜歡的人，是別人。,,,1,187,29,1,0,0,0,0,0,,Translated
2583,由香,……, , ,由香,......, , ,由香,……, , ,由香,……,,,1,188,29,1,0,0,0,0,0,,Translated
2584,哲志,…………？, , ,哲志,............？, , ,哲志,…………？, , ,哲志,…………？,,,1,248,18,1,0,0,0,0,0,,Translated
2585,由香,……見えないもん……, , ,由香,......見えないもん......, , ,由香,……見えないもん……, , ,由香,……看不見……,,,1,189,29,1,0,0,0,0,0,,Translated
2586,由香,……お兄ちゃんしか、見えないもん……由香……, , ,由香,......お兄ちゃんしか、見えないもん......由香......, , ,由香,……お兄ちゃんしか、見えないもん……由香……, , ,由香,……只看得見哥哥……由香……,,,1,190,29,1,0,0,0,0,0,,Translated
2587,由香,直美お姉ちゃんより、もっと……　　　,もっと……！　　　,お兄ちゃんの事好きだもん！ ,由香,直美お姉ちゃんより、もっと......　　　,もっと......！　　　,お兄ちゃんの事好きだもん！ ,由香,直美お姉ちゃんより、もっと……　　　,もっと……！　　　,お兄ちゃんの事好きだもん！ ,由香,比直美姊姊，更……　　　,更……！　　　,我更喜歡哥哥！ ,1,191,29,1,0,0,0,0,0,,Translated
2588,哲志,由香……お前……, , ,哲志,由香......お前......, , ,哲志,由香……お前……, , ,哲志,由香……妳……,,,1,249,18,1,0,0,0,0,0,,Translated
2589,由香,なのに……お家でも、いっつも,……直美お姉ちゃんの事ばっかり……, ,由香,なのに......お家でも、いっつも,......直美お姉ちゃんの事ばっかり......, ,由香,なのに……お家でも、いっつも,……直美お姉ちゃんの事ばっかり……, ,由香,但是……在家裡，也總是,……一直說著直美姊姊的事……,,1,192,29,1,0,0,0,0,0,,Translated
2590,由香,由香の気持ち……知らないで……, , ,由香,由香の気持ち......知らないで......, , ,由香,由香の気持ち……知らないで……, , ,由香,都不了解……由香的心情……,,,1,193,29,1,0,0,0,0,0,,Translated
2591,哲志,……何言ってんだよ、,俺だってお前の事は好きだよ……兄妹なんだから。, ,哲志,......何言ってんだよ、,俺だってお前の事は好きだよ......兄妹なんだから。, ,哲志,……何言ってんだよ、,俺だってお前の事は好きだよ……兄妹なんだから。, ,哲志,……在說什麼啊，,我也喜歡妳啊……因為我們是兄妹。,,1,250,18,1,0,0,0,0,0,,Translated
2592,由香,違う！　そんなんじゃ……兄妹だからとかじゃないよ！,ほんとに……ほんとに……由香……, ,由香,違う！　そんなんじゃ......兄妹だからとかじゃないよ！,ほんとに......ほんとに......由香......, ,由香,違う！　そんなんじゃ……兄妹だからとかじゃないよ！,ほんとに……ほんとに……由香……, ,由香,不是！　不是那種……不是因為是兄妹！,真的……真的……由香……,,1,194,29,1,0,0,0,0,0,,Translated
2593,由香,……んっ！　げほっ、けほっ, , ,由香,......んっ！　げほっ、けほっ, , ,由香,……んっ！　げほっ、けほっ, , ,由香,……嗯！　咳咳、咳咳,,,1,195,29,1,0,0,0,0,0,,Translated
2594,あゆみ,由香ちゃん！, , ,あゆみ,由香ちゃん！, , ,あゆみ,由香ちゃん！, , ,あゆみ,由香！,,,1,209,4,1,0,0,0,0,0,,Translated
2595,哲志,……由香ぁ！, , ,哲志,......由香ぁ！, , ,哲志,……由香ぁ！, , ,哲志,……由香！,,,1,251,18,1,0,0,0,0,0,,Translated
2596,良樹,（腹の傷が……どんどん開いている……！）, , ,良樹,（腹の傷が......どんどん開いている......！）, , ,良樹,（腹の傷が……どんどん開いている……！）, , ,良樹,（腹部的傷口……越裂越大了……！）,,,1,0,0,1,0,0,0,0,0,,Translated
2597,良樹,もう……だめか……くそっ……！, , ,良樹,もう......だめか......くそっ......！, , ,良樹,もう……だめか……くそっ……！, , ,良樹,已經……不行了嗎……可惡……！,,,1,49,26,1,0,0,0,0,0,,Translated
2598,由香,……お兄……ちゃん……,哲志……　　　,お兄ちゃん…… ,由香,......お兄......ちゃん......,哲志......　　　,お兄ちゃん...... ,由香,……お兄……ちゃん……,哲志……　　　,お兄ちゃん…… ,由香,……哥……哥……,哲志……　　　,哥哥…… ,1,196,29,1,0,0,0,0,0,,Translated
2599,哲志,ど、どうした……？　何が言いたい？, , ,哲志,ど、どうした......？　何が言いたい？, , ,哲志,ど、どうした……？　何が言いたい？, , ,哲志,怎、怎麼了……？　想說什麼？,,,1,252,18,1,0,0,0,0,0,,Translated
2600,由香,……ウソでもいいから……   ,由香の事……好きだよって、言って？, ,由香,......ウソでもいいから......   ,由香の事......好きだよって、言って？, ,由香,……ウソでもいいから……   ,由香の事……好きだよって、言って？, ,由香,……就算是謊言也好……,說喜歡……由香……,,1,197,29,1,0,0,0,0,0,,Translated
2601,,言う,言わない,,,言う,言わない,,,言う,言わない,,,說,不說,,0,255,255,255,255,255,255,255,255,,Translated
2602,哲志,大好きだよ……大好きだよ、由香……ッ！, , ,哲志,大好きだよ......大好きだよ、由香......ッ！, , ,哲志,大好きだよ……大好きだよ、由香……ッ！, , ,哲志,最喜歡妳了……最喜歡妳了，由香……！,,,1,253,18,1,0,0,0,0,0,,Translated
2603,由香,…………っ……！　お兄ちゃん……っ, , ,由香,............っ......！　お兄ちゃん......っ, , ,由香,…………っ……！　お兄ちゃん……っ, , ,由香,………………！　哥哥……,,,1,198,29,1,0,0,0,0,0,,Translated
2604,哲志,……由香。……俺たちは兄妹じゃないか。, , ,哲志,......由香。......俺たちは兄妹じゃないか。, , ,哲志,……由香。……俺たちは兄妹じゃないか。, , ,哲志,……由香。……我們是兄妹啊。,,,1,254,18,1,0,0,0,0,0,,Translated
2605,由香,……, , ,由香,......, , ,由香,……, , ,由香,……,,,1,199,29,1,0,0,0,0,0,,Translated
2606,哲志,……他人からはじまる、恋人とかよりも……,絆は、もっと深いはずだろ？, ,哲志,......他人からはじまる、恋人とかよりも......,絆は、もっと深いはずだろ？, ,哲志,……他人からはじまる、恋人とかよりも……,絆は、もっと深いはずだろ？, ,哲志,……比起從陌生人開始的戀人關係……,羈絆應該更深吧？,,1,255,18,1,0,0,0,0,0,,Translated
2607,哲志,……兄妹だからこそ、俺は お前のいい所も,悪い所も何でも知ってるし、, ,哲志,......兄妹だからこそ、俺は お前のいい所も,悪い所も何でも知ってるし、, ,哲志,……兄妹だからこそ、俺は お前のいい所も,悪い所も何でも知ってるし、, ,哲志,……正因為是兄妹，我才知道妳的優點,和缺點，什麼都知道，,,1,0,19,1,0,0,0,0,0,,Translated
2608,哲志,……誰よりもお前のこと、わかってやれるつもりだ。, , ,哲志,......誰よりもお前のこと、わかってやれるつもりだ。, , ,哲志,……誰よりもお前のこと、わかってやれるつもりだ。, , ,哲志,……我自認比任何人都了解妳。,,,1,1,19,1,0,0,0,0,0,,Translated
2609,由香,……お兄ちゃん……, , ,由香,......お兄ちゃん......, , ,由香,……お兄ちゃん……, , ,由香,……哥哥……,,,1,200,29,1,0,0,0,0,0,,Translated
2610,哲志,大好きだよ、由香……, , ,哲志,大好きだよ、由香......, , ,哲志,大好きだよ、由香……, , ,哲志,最喜歡妳了，由香……,,,1,2,19,1,0,0,0,0,0,,Translated
2611,由香,……ありがと……　ぐすっ, , ,由香,......ありがと......　ぐすっ, , ,由香,……ありがと……　ぐすっ, , ,由香,……謝謝……　吸泣,,,1,201,29,1,0,0,0,0,0,,Translated
2612,由香,……由香も……大好きだよ、お兄ちゃん。, , ,由香,......由香も......大好きだよ、お兄ちゃん。, , ,由香,……由香も……大好きだよ、お兄ちゃん。, , ,由香,……由香也……最喜歡你了，哥哥。,,,1,202,29,1,0,0,0,0,0,,Translated
2613,哲志,（……ゆっくりと目を閉じた由香は……,　そのまま、再び目を開けることはなかった）, ,哲志,（......ゆっくりと目を閉じた由香は......,　そのまま、再び目を開けることはなかった）, ,哲志,（……ゆっくりと目を閉じた由香は……,　そのまま、再び目を開けることはなかった）, ,哲志,（……緩緩閉上眼睛的由香……,　就那樣，再也沒有睜開眼睛）,,1,3,19,1,0,0,0,0,0,,Translated
2614,哲志,（……眠るように冷たくなっていった,　由香の身体は、まるで小さな子供のように,　丸くなり……）,哲志,（......眠るように冷たくなっていった,　由香の身体は、まるで小さな子供のように,　丸くなり......）,哲志,（……眠るように冷たくなっていった,　由香の身体は、まるで小さな子供のように,　丸くなり……）,哲志,（……像睡著一樣逐漸冰冷,　的由香身體，像個小孩子一樣,　蜷縮著……）,1,4,19,1,0,0,0,0,0,,Translated
2615,哲志,（……母親に抱かれているような、,　安心しきった表情をしていた……）, ,哲志,（......母親に抱かれているような、,　安心しきった表情をしていた......）, ,哲志,（……母親に抱かれているような、,　安心しきった表情をしていた……）, ,哲志,（……像是被母親擁抱著一樣，,　一臉安心的表情……）,,1,5,19,1,0,0,0,0,0,,Translated
2616,哲志,（……いなくなって……初めて気付いた）, , ,哲志,（......いなくなって......初めて気付いた）, , ,哲志,（……いなくなって……初めて気付いた）, , ,哲志,（……直到她離開……我才發現）,,,1,6,19,1,0,0,0,0,0,,Translated
2617,哲志,（由香が、直美が……。,　自分の中で、どれだけ大きな存在だったのか……）, ,哲志,（由香が、直美が......。,　自分の中で、どれだけ大きな存在だったのか......）, ,哲志,（由香が、直美が……。,　自分の中で、どれだけ大きな存在だったのか……）, ,哲志,（由香、直美……。,　在我心中，是多麼重要的存在……）,,1,7,19,1,0,0,0,0,0,,Translated
2618,哲志,（時計を見ると、夜の９時を回っていた）, , ,哲志,（時計を見ると、夜の９時を回っていた）, , ,哲志,（時計を見ると、夜の９時を回っていた）, , ,哲志,（看了看時鐘，已經過了晚上九點）,,,1,8,19,1,0,0,0,0,0,,Translated
2619,哲志,（家の前に立った俺は……,　しばらく、家に入れなかった）, ,哲志,（家の前に立った俺は......,　しばらく、家に入れなかった）, ,哲志,（家の前に立った俺は……,　しばらく、家に入れなかった）, ,哲志,（站在家門前的我……,　有好一陣子，無法進門）,,1,9,19,1,0,0,0,0,0,,Translated
2620,哲志,（由香の事を、家族にどう伝えよう……）, , ,哲志,（由香の事を、家族にどう伝えよう......）, , ,哲志,（由香の事を、家族にどう伝えよう……）, , ,哲志,（該怎麼告訴家人由香的事……）,,,1,10,19,1,0,0,0,0,0,,Translated
2621,母,哲志。おかえり。……濡れなかった？,ちょっと遅すぎるよ？, ,母,哲志。おかえり。......濡れなかった？,ちょっと遅すぎるよ？, ,母,哲志。おかえり。……濡れなかった？,ちょっと遅すぎるよ？, ,母親,哲志。歡迎回來。……沒淋濕吧？,太晚囉？,,1,157,14,1,0,0,0,0,0,,Translated
2622,父,男子たるもの、一度外に出れば,色んな事があるよな。, ,父,男子たるもの、一度外に出れば,色んな事があるよな。, ,父,男子たるもの、一度外に出れば,色んな事があるよな。, ,父親,身為男子漢，一旦出了門,就會遇到各種各樣的事啊。,,1,155,14,1,0,0,0,0,0,,Translated
2623,母,女性だって色々ありますー。　　,馬鹿にしないで下さい。, ,母,女性だって色々ありますー。　　,馬鹿にしないで下さい。, ,母,女性だって色々ありますー。　　,馬鹿にしないで下さい。, ,母親,女性也會遇到各種事喔～。,請別看不起人。,,1,158,14,1,0,0,0,0,0,,Translated
2624,父,うん。, , ,父,うん。, , ,父,うん。, , ,父親,嗯。,,,1,156,14,1,0,0,0,0,0,,Translated
2625,哲志,父さん、母さん……, , ,哲志,父さん、母さん......, , ,哲志,父さん、母さん……, , ,哲志,爸、媽……,,,1,11,19,1,0,0,0,0,0,,Translated
2626,母,もう濡れてるじゃなーい。,ほら、ちゃんと拭きなさい。, ,母,もう濡れてるじゃなーい。,ほら、ちゃんと拭きなさい。, ,母,もう濡れてるじゃなーい。,ほら、ちゃんと拭きなさい。, ,母親,這不是已經濕透了嗎。,來，好好擦乾。,,1,159,14,1,0,0,0,0,0,,Translated
2627,母,着替えたら、ご飯だよ？,すぐ降りてきなさい。, ,母,着替えたら、ご飯だよ？,すぐ降りてきなさい。, ,母,着替えたら、ご飯だよ？,すぐ降りてきなさい。, ,母親,換好衣服就吃飯了喔？,馬上下來吧。,,1,160,14,1,0,0,0,0,0,,Translated
2628,哲志,……？, , ,哲志,......？, , ,哲志,……？, , ,哲志,……？,,,1,12,19,1,0,0,0,0,0,,Translated
2629,哲志,（由香の事を全く気にかけない両親に驚き……,　話すきっかけを見つけられなかった俺は、あいつが,　死んでしまった事を伝える事が出来なかった）,哲志,（由香の事を全く気にかけない両親に驚き......,　話すきっかけを見つけられなかった俺は、あいつが,　死んでしまった事を伝える事が出来なかった）,哲志,（由香の事を全く気にかけない両親に驚き……,　話すきっかけを見つけられなかった俺は、あいつが,　死んでしまった事を伝える事が出来なかった）,哲志,（對完全不關心由香的父母感到驚訝……,　找不到機會開口說的我，,　最終沒能告訴他們那傢伙已經死了）,1,13,19,1,0,0,0,0,0,,Translated
2630,,出来なかった）,,,,出来なかった）,,,,出来なかった）,,,,没能做到）,,,-1,13,19,1,0,0,0,0,0,,Translated
2631,哲志,（しかし、このまま黙っているわけにも,　いかない……　ベッドに倒れこんで……,　これからのことを考えていると）,哲志,（しかし、このまま黙っているわけにも,　いかない......　ベッドに倒れこんで......,　これからのことを考えていると）,哲志,（しかし、このまま黙っているわけにも,　いかない……　ベッドに倒れこんで……,　これからのことを考えていると）,哲志,（但是，也不能就這樣一直沉默下去……,　倒在床上……,　思考著今後該怎麼辦的時候）,1,14,19,1,0,0,0,0,0,,Translated
2632,哲志,（机の上に、リボンの付いた小さな箱が,　置いてある事に気が付いた）, ,哲志,（机の上に、リボンの付いた小さな箱が,　置いてある事に気が付いた）, ,哲志,（机の上に、リボンの付いた小さな箱が,　置いてある事に気が付いた）, ,哲志,（發現桌上放著一個繫著緞帶的小盒子）,,,1,15,19,1,0,0,0,0,0,,Translated
2633,哲志,……, , ,哲志,......, , ,哲志,……, , ,哲志,……,,,1,16,19,1,0,0,0,0,0,,Translated
2634,,……箱といっしょに、メッセージカードが,置いてあります。, ,,......箱といっしょに、メッセージカードが,置いてあります。, ,,……箱といっしょに、メッセージカードが,置いてあります。, ,,……盒子旁邊，放著一張訊息卡。,,,0,0,0,1,0,0,0,0,0,,Translated
2635,,……“大好きなおにいちゃんへ”, , ,,......“大好きなおにいちゃんへ”, , ,,……“大好きなおにいちゃんへ”, , ,,……「給最喜歡的哥哥」,,,0,0,0,1,0,0,0,0,0,,Translated
2636,哲志,由香……　雨の中、俺を迎えに出る前に……,置いてったのか？, ,哲志,由香......　雨の中、俺を迎えに出る前に......,置いてったのか？, ,哲志,由香……　雨の中、俺を迎えに出る前に……,置いてったのか？, ,哲志,由香……　在雨中，出來接我之前……,放在這裡的嗎？,,1,17,19,1,0,0,0,0,0,,Translated
2637,,……箱のなかに、さらにメッセージカードが,入っていました。, ,,......箱のなかに、さらにメッセージカードが,入っていました。, ,,……箱のなかに、さらにメッセージカードが,入っていました。, ,,……盒子裡，還放著一張訊息卡。,,,0,0,0,1,0,0,0,0,0,,Translated
2638,,……からっぽです。（＾▽＾）ざんねんでした　　　,今日は由香とお兄ちゃんの大事なきねんび　　　　,あとでいいものをおくります。,,......からっぽです。（＾▽＾）ざんねんでした　　　,今日は由香とお兄ちゃんの大事なきねんび　　　　,あとでいいものをおくります。,,……からっぽです。（＾▽＾）ざんねんでした　　　,今日は由香とお兄ちゃんの大事なきねんび　　　　,あとでいいものをおくります。,,……是空的。（＾▽＾）很遺憾　　　,今天是由香和哥哥重要的紀念日　　　　,晚點會送你好東西。,0,0,0,1,0,0,0,0,0,,Translated
2639,,,,,,,,,,,,,,,,,-1,0,0,1,0,0,0,0,0,,Translated
2640,,……お家帰ったらね。, , ,,......お家帰ったらね。, , ,,……お家帰ったらね。, , ,,……等回家之後喔。,,,0,0,0,1,0,0,0,0,0,,Translated
2641,,ゴソゴソゴソ、バキッ、パキッ, , ,,ゴソゴソゴソ、バキッ、パキッ, , ,,ゴソゴソゴソ、バキッ、パキッ, , ,,窸窸窣窣、啪、啪,,,0,0,0,1,0,0,0,0,0,,Translated
2642,哲志,……？（何の……音だ？）, , ,哲志,......？（何の......音だ？）, , ,哲志,……？（何の……音だ？）, , ,哲志,……？（什麼……聲音？）,,,1,0,0,1,0,0,0,0,0,,Translated
2643,哲志,（由香の部屋と俺の部屋は扉一枚で,　つながっていて……あいつの部屋に行くには、,　この部屋を通らなければ入れない）,哲志,（由香の部屋と俺の部屋は扉一枚で,　つながっていて......あいつの部屋に行くには、,　この部屋を通らなければ入れない）,哲志,（由香の部屋と俺の部屋は扉一枚で,　つながっていて……あいつの部屋に行くには、,　この部屋を通らなければ入れない）,哲志,（由香的房間和我的房間只隔著一扇門……,　要去那傢伙的房間，,　必須經過這個房間）,1,18,19,1,0,0,0,0,0,,Translated
2644,哲志,（その、誰もいないはずの由香の部屋から、,　物音がする）, ,哲志,（その、誰もいないはずの由香の部屋から、,　物音がする）, ,哲志,（その、誰もいないはずの由香の部屋から、,　物音がする）, ,哲志,（從那個應該沒有人的由香房間，,　傳來了聲響）,,1,19,19,1,0,0,0,0,0,,Translated
2645,哲志,……, , ,哲志,......, , ,哲志,……, , ,哲志,……,,,1,0,0,1,0,0,0,0,0,,Translated
2646,哲志,（鍵穴から向こうを覗いて見る。すると、）, , ,哲志,（鍵穴から向こうを覗いて見る。すると、）, , ,哲志,（鍵穴から向こうを覗いて見る。すると、）, , ,哲志,（我試著從鑰匙孔窺視對面。於是，）,,,1,21,19,1,0,0,0,0,0,,Translated
2647,哲志,……っ, , ,哲志,......っ, , ,哲志,……っ, , ,哲志,……,,,1,20,19,1,0,0,0,0,0,,Translated
2648,哲志,（……向こうからも、こっちをのぞいていた。,　見覚えのある眼だ）, ,哲志,（......向こうからも、こっちをのぞいていた。,　見覚えのある眼だ）, ,哲志,（……向こうからも、こっちをのぞいていた。,　見覚えのある眼だ）, ,哲志,（……對面也在窺視這邊。,　一雙熟悉的眼睛）,,1,22,19,1,0,0,0,0,0,,Translated
2649,哲志,……！　ゆ……, , ,哲志,......！　ゆ......, , ,哲志,……！　ゆ……, , ,哲志,……！　由……,,,1,23,19,1,0,0,0,0,0,,Translated
2650,由香,お兄ちゃん……さびしいよ……, , ,由香,お兄ちゃん......さびしいよ......, , ,由香,お兄ちゃん……さびしいよ……, , ,由香,哥哥……好寂寞啊……,,,1,0,0,1,0,0,0,0,0,,Translated
2651,哲志,はぁ、はぁ、はぁ……,……ど、どうなったんだ？, ,哲志,はぁ、はぁ、はぁ......,......ど、どうなったんだ？, ,哲志,はぁ、はぁ、はぁ……,……ど、どうなったんだ？, ,哲志,哈啊、哈啊、哈啊……,……怎、怎麼了？,,1,176,18,1,0,0,0,0,0,,Translated
2652,良樹,……なんか、おかしくねぇか？, , ,良樹,......なんか、おかしくねぇか？, , ,良樹,……なんか、おかしくねぇか？, , ,良樹,……總覺得，不太對勁？,,,1,41,26,1,0,0,0,0,0,,Translated
2653,哲志,……まさか……失敗……？, , ,哲志,......まさか......失敗......？, , ,哲志,……まさか……失敗……？, , ,哲志,……難道……失敗……？,,,1,177,18,1,0,0,0,0,0,,Translated
2654,哲志,！　篠崎！！, , ,哲志,！　篠崎！！, , ,哲志,！　篠崎！！, , ,哲志,！　篠崎！！,,,1,0,0,1,0,0,0,0,0,,Translated
2655,由香,お兄ちゃん！　うしろ！！, , ,由香,お兄ちゃん！　うしろ！！, , ,由香,お兄ちゃん！　うしろ！！, , ,由香,哥哥！　後面！！,,,1,126,29,1,0,0,0,0,0,,Translated
2656,哲志,えっ！？, , ,哲志,えっ！？, , ,哲志,えっ！？, , ,哲志,咦！？,,,1,178,18,1,0,0,0,0,0,,Translated
2657,由香,あああ……あぁ……！, , ,由香,あああ......あぁ......！, , ,由香,あああ……あぁ……！, , ,由香,啊啊……啊啊……！,,,1,127,29,1,0,0,0,0,0,,Translated
2658,由香,ああぁぁぁぁーー！, , ,由香,ああぁぁぁぁーー！, , ,由香,ああぁぁぁぁーー！, , ,由香,啊啊啊啊～～！,,,1,128,29,1,0,0,0,0,0,,Translated
2659,良樹,ぐ……が……　あ……あぁぁ……！！, , ,良樹,ぐ......が......　あ......あぁぁ......！！, , ,良樹,ぐ……が……　あ……あぁぁ……！！, , ,良樹,呃……啊……　啊……啊啊……！！,,,1,0,0,1,0,0,0,8,0,,Translated
2660,哲志,！　良樹！！, , ,哲志,！　良樹！！, , ,哲志,！　良樹！！, , ,哲志,！　良樹！！,,,1,0,0,1,0,0,0,0,1,,Translated
2661,直美,……！？, , ,直美,......！？, , ,直美,……！？, , ,直美,……！？,,,1,255,12,1,0,0,0,0,0,,Translated
2662,直美,哲志！哲志！　しっかりして！　どうしたの！, , ,直美,哲志！哲志！　しっかりして！　どうしたの！, , ,直美,哲志！哲志！　しっかりして！　どうしたの！, , ,直美,哲志！哲志！　振作點！　怎麼了！,,,1,0,13,1,0,0,0,0,0,,Translated
2663,哲志,直美……すまん……俺はもう……だめだ。, , ,哲志,直美......すまん......俺はもう......だめだ。, , ,哲志,直美……すまん……俺はもう……だめだ。, , ,哲志,直美……對不起……我已經……不行了。,,,1,184,17,1,0,0,0,0,0,,Translated
2664,直美,なに言ってるの……！　どうしちゃったのよ！, , ,直美,なに言ってるの......！　どうしちゃったのよ！, , ,直美,なに言ってるの……！　どうしちゃったのよ！, , ,直美,你在說什麼……！　怎麼回事！,,,1,1,13,1,0,0,0,0,0,,Translated
2665,哲志,生きる希望が……わいてこない……, , ,哲志,生きる希望が......わいてこない......, , ,哲志,生きる希望が……わいてこない……, , ,哲志,我失去了……活下去的希望……,,,1,185,17,1,0,0,0,0,0,,Translated
2666,直美,……そんなこと言わないでよ……！, , ,直美,......そんなこと言わないでよ......！, , ,直美,……そんなこと言わないでよ……！, , ,直美,……不要說那種話……！,,,1,2,13,1,0,0,0,0,0,,Translated
2667,哲志,俺の……おまじないの切れ端だ。お前が……持っててくれ。, , ,哲志,俺の......おまじないの切れ端だ。お前が......持っててくれ。, , ,哲志,俺の……おまじないの切れ端だ。お前が……持っててくれ。, , ,哲志,我的……詛咒碎片。妳……幫我保管吧。,,,1,186,17,1,0,0,0,0,0,,Translated
2668,直美,哲志！　やだ！, , ,直美,哲志！　やだ！, , ,直美,哲志！　やだ！, , ,直美,哲志！　不要！,,,1,3,13,1,0,0,0,0,0,,Translated
2669,哲志,篠崎と……合流して、『逆打ち』で……,一緒に帰るんだ。, ,哲志,篠崎と......合流して、『逆打ち』で......,一緒に帰るんだ。, ,哲志,篠崎と……合流して、『逆打ち』で……,一緒に帰るんだ。, ,哲志,和篠崎……會合，用『逆打』……,一起回去吧。,,1,187,17,1,0,0,0,0,0,,Translated
2670,直美,やめて！　生きてよ！, , ,直美,やめて！　生きてよ！, , ,直美,やめて！　生きてよ！, , ,直美,住手！　活下去！,,,1,4,13,1,0,0,0,0,0,,Translated
2671,哲志,……, , ,哲志,......, , ,哲志,……, , ,哲志,……,,,1,188,17,1,0,0,0,0,0,,Translated
2672,直美,生きる意味が、必要なら！　……あたしがあげるから！, , ,直美,生きる意味が、必要なら！　......あたしがあげるから！, , ,直美,生きる意味が、必要なら！　……あたしがあげるから！, , ,直美,如果需要活下去的意義的話！　……我給你！,,,1,5,13,1,0,0,0,0,0,,Translated
2673,直美,お願い……！　あたしのために！　生きてよ！！, , ,直美,お願い......！　あたしのために！　生きてよ！！, , ,直美,お願い……！　あたしのために！　生きてよ！！, , ,直美,拜託……！　為了我！　活下去！！,,,1,6,13,1,0,0,0,0,0,,Translated
2674,哲志,直……美……, , ,哲志,直......美......, , ,哲志,直……美……, , ,哲志,直……美……,,,1,189,17,1,0,0,0,0,0,,Translated
2675,哲志,うっ……, , ,哲志,うっ......, , ,哲志,うっ……, , ,哲志,嗚……,,,1,72,18,1,0,0,0,0,0,,Translated
2676,,柳堀ヨシカズらしき首吊り死体が,釣り下がっています……, ,,柳堀ヨシカズらしき首吊り死体が,釣り下がっています......, ,,柳堀ヨシカズらしき首吊り死体が,釣り下がっています……, ,,像是柳堀ヨシカズ的吊死屍體,懸掛著……,,0,0,0,1,0,0,0,0,0,,Translated
2677,,柳堀ヨシカズらしき首吊り死体が,釣り下がっています……, ,,柳堀ヨシカズらしき首吊り死体が,釣り下がっています......, ,,柳堀ヨシカズらしき首吊り死体が,釣り下がっています……, ,,像是柳堀ヨシカズ的吊死屍體,懸掛著……,,0,0,0,1,0,0,0,0,0,,Translated
2678,直美,……うっ……！, , ,直美,......うっ......！, , ,直美,……うっ……！, , ,直美,……嗚……！,,,1,18,13,1,0,0,0,0,0,,Translated
2679,哲志,……直美？, , ,哲志,......直美？, , ,哲志,……直美？, , ,哲志,……直美？,,,1,200,17,1,0,0,0,0,0,,Translated
2680,直美,いる……さっき、あたしを襲った何かが、, , ,直美,いる......さっき、あたしを襲った何かが、, , ,直美,いる……さっき、あたしを襲った何かが、, , ,直美,在……剛才襲擊我的那個東西，,,,1,19,13,1,0,0,0,0,0,,Translated
2681,直美,保健室って書いてあるけど……,ここ、さっきまでと全然違っちゃってるよ。, ,直美,保健室って書いてあるけど......,ここ、さっきまでと全然違っちゃってるよ。, ,直美,保健室って書いてあるけど……,ここ、さっきまでと全然違っちゃってるよ。, ,直美,雖然寫著保健室……,但這裡，和剛才完全不一樣了。,,1,20,13,1,0,0,0,0,0,,Translated
2682,由香,あたま、痛い……！, , ,由香,あたま、痛い......！, , ,由香,あたま、痛い……！, , ,由香,頭，好痛……！,,,1,68,29,1,0,0,0,0,0,,Translated
2683,由香,おにいちゃん、苦しい……！, , ,由香,おにいちゃん、苦しい......！, , ,由香,おにいちゃん、苦しい……！, , ,由香,哥哥，好難受……！,,,1,69,29,1,0,0,0,0,0,,Translated
2684,直美,私も……駄目……, , ,直美,私も......駄目......, , ,直美,私も……駄目……, , ,直美,我也是……不行……,,,1,21,13,1,0,0,0,0,0,,Translated
2685,哲志,！　二人とも、鼻血が出ているぞ。,……わかった、そこで待っててくれ。, ,哲志,！　二人とも、鼻血が出ているぞ。,......わかった、そこで待っててくれ。, ,哲志,！　二人とも、鼻血が出ているぞ。,……わかった、そこで待っててくれ。, ,哲志,！　你們兩個，都在流鼻血。,……知道了，在那裡等著。,,1,201,17,1,0,0,0,0,0,,Translated
2686,哲志,うっ……, , ,哲志,うっ......, , ,哲志,うっ……, , ,哲志,嗚……,,,1,202,17,1,0,0,0,0,0,,Translated
2687,哲志,なんだ……！？　窓という窓に……,子供の顔と……手形が浮かんでいる……！, ,哲志,なんだ......！？　窓という窓に......,子供の顔と......手形が浮かんでいる......！, ,哲志,なんだ……！？　窓という窓に……,子供の顔と……手形が浮かんでいる……！, ,哲志,什麼……！？　每扇窗戶裡……,都有小孩的臉和……手印浮現……！,,1,203,17,1,0,0,0,0,0,,Translated
2688,,扉の横に、張り紙がしてあります……, , ,,扉の横に、張り紙がしてあります......, , ,,扉の横に、張り紙がしてあります……, , ,,門旁邊，貼著一張紙……,,,0,0,0,1,0,0,0,0,0,,Translated
2689,,『サチコへ,　資料室のお片づけをして来ます,　少しここで待っていてね　　お母さんより』,,『サチコへ,　資料室のお片づけをして来ます,　少しここで待っていてね　　お母さんより』,,『サチコへ,　資料室のお片づけをして来ます,　少しここで待っていてね　　お母さんより』,,『給サチコ，　我去資料室整理一下,你在這裡稍等一下喔　　　媽媽留』,,0,0,0,1,0,0,0,0,0,,Translated
2690,哲志,サチコだって……？, , ,哲志,サチコだって......？, , ,哲志,サチコだって……？, , ,哲志,サチコ……？,,,1,204,17,1,0,0,0,0,0,,Translated
2691,ヨシヱ,開いてますよ、お入りなさいな……, , ,ヨシヱ,開いてますよ、お入りなさいな......, , ,ヨシヱ,開いてますよ、お入りなさいな……, , ,ヨシヱ,開著喔，請進……,,,1,81,26,1,0,0,0,0,0,,Translated
2692,哲志,……っ, , ,哲志,......っ, , ,哲志,……っ, , ,哲志,……,,,1,205,17,1,0,0,0,0,0,,Translated
2693,哲志,……！　血！？, , ,哲志,......！　血！？, , ,哲志,……！　血！？, , ,哲志,……！　血！？,,,1,206,17,1,0,0,0,0,0,,Translated
2694,哲志,（！　……俺のか……！？,　俺もいつの間にか、鼻血が出ている……）, ,哲志,（！　......俺のか......！？,　俺もいつの間にか、鼻血が出ている......）, ,哲志,（！　……俺のか……！？,　俺もいつの間にか、鼻血が出ている……）, ,哲志,（！　……是我的……！？,　我也不知不覺，流了鼻血……）,,1,207,17,1,0,0,0,0,0,,Translated
2695,哲志,ハァ……ハァ……, , ,哲志,ハァ......ハァ......, , ,哲志,ハァ……ハァ……, , ,哲志,哈啊……哈啊……,,,1,208,17,1,0,0,0,0,0,,Translated
2696,哲志,（ここに長居は危険だが……,　きっと、何かがある……！）, ,哲志,（ここに長居は危険だが......,　きっと、何かがある......！）, ,哲志,（ここに長居は危険だが……,　きっと、何かがある……！）, ,哲志,（雖然在這裡久留很危險……,　但一定，有什麼……！）,,1,209,17,1,0,0,0,0,0,,Translated
2697,ヨシヱ,夏休みには、みなさんで遠足にいきましょうね……, , ,ヨシヱ,夏休みには、みなさんで遠足にいきましょうね......, , ,ヨシヱ,夏休みには、みなさんで遠足にいきましょうね……, , ,ヨシヱ,暑假期間，大家一起去遠足吧……,,,1,82,26,1,0,0,0,0,0,,Translated
2698,哲志,――！, , ,哲志,――！, , ,哲志,――！, , ,哲志,――！,,,1,210,17,1,0,0,0,0,0,,Translated
2699,哲志,……っ！　なんだ……体が動かない。,……金縛り……か？, ,哲志,......っ！　なんだ......体が動かない。,......金縛り......か？, ,哲志,……っ！　なんだ……体が動かない。,……金縛り……か？, ,哲志,……！　什麼……身體動不了。,……被鬼壓床……嗎？,,1,211,17,1,0,0,0,0,0,,Translated
2700,ヨシヱ,…………　サッちゃんは……わたシの自慢……, , ,ヨシヱ,............　サッちゃんは......わたシの自慢......, , ,ヨシヱ,…………　サッちゃんは……わたシの自慢……, , ,ヨシヱ,…………　小幸是……我的驕傲……,,,1,83,26,1,0,0,0,0,0,,Translated
2701,ヨシヱ,私のために何でもシてくれる, , ,ヨシヱ,私のために何でもシてくれる, , ,ヨシヱ,私のために何でもシてくれる, , ,ヨシヱ,為了我什麼都肯做,,,1,84,26,1,0,0,0,0,0,,Translated
2702,哲志,……あ……あぁ……っ, , ,哲志,......あ......あぁ......っ, , ,哲志,……あ……あぁ……っ, , ,哲志,……啊……啊啊……,,,1,212,17,1,0,0,0,0,0,,Translated
2703,哲志,……っ！　はぁっ、はぁっ、はぁっ、はぁっ！, , ,哲志,......っ！　はぁっ、はぁっ、はぁっ、はぁっ！, , ,哲志,……っ！　はぁっ、はぁっ、はぁっ、はぁっ！, , ,哲志,……！　哈啊、哈啊、哈啊、哈啊！,,,1,213,17,1,0,0,0,0,0,,Translated
2704,哲志,……っ！　はぁっ、はぁっ、はぁっ、はぁっ！, , ,哲志,......っ！　はぁっ、はぁっ、はぁっ、はぁっ！, , ,哲志,……っ！　はぁっ、はぁっ、はぁっ、はぁっ！, , ,哲志,……！　哈啊、哈啊、哈啊、哈啊！,,,1,213,17,1,0,0,0,0,0,,Translated
2705,,……日記は古いものらしく、紙は黄ばんで,ボロボロの状態ですが、しっかりとペンで,書かれた字が残ってます……,,......日記は古いものらしく、紙は黄ばんで,ボロボロの状態ですが、しっかりとペンで,書かれた字が残ってます......,,……日記は古いものらしく、紙は黄ばんで,ボロボロの状態ですが、しっかりとペンで,書かれた字が残ってます……,,……日記似乎很古老，紙張發黃,狀態破舊，但用筆,寫下的字跡仍清晰可見……,0,0,0,1,0,0,0,0,0,,Translated
2706,哲志,っ！？, , ,哲志,っ！？, , ,哲志,っ！？, , ,哲志,！？,,,1,215,17,1,0,0,0,0,0,,Translated
2707,ヨシヱ,Diary　1953年 7／19,　『私は死んだようだ』, ,ヨシヱ,Diary　1953年 7／19,　『私は死んだようだ』, ,ヨシヱ,Diary　1953年 7／19,　『私は死んだようだ』, ,ヨシヱ,日記　1953年 7／19,　『我好像死了』,,1,86,26,1,0,0,0,0,0,,Translated
2708,哲志,（待て。……おかしくないか？）, , ,哲志,（待て。......おかしくないか？）, , ,哲志,（待て。……おかしくないか？）, , ,哲志,（等等。……不覺得奇怪嗎？）,,,1,216,17,1,0,0,0,0,0,,Translated
2709,ヨシヱ,許せない, , ,ヨシヱ,許せない, , ,ヨシヱ,許せない, , ,ヨシヱ,不可原諒,,,1,87,26,1,1,0,1,0,0,,Translated
2710,ヨシヱ,許さない, , ,ヨシヱ,許さない, , ,ヨシヱ,許さない, , ,ヨシヱ,不會原諒你,,,1,88,26,1,1,0,1,0,0,,Translated
2711,ヨシヱ,殺してやる, , ,ヨシヱ,殺してやる, , ,ヨシヱ,殺してやる, , ,ヨシヱ,殺了你,,,1,89,26,1,1,0,1,0,0,,Translated
2712,ヨシヱ,よくもサチコを, , ,ヨシヱ,よくもサチコを, , ,ヨシヱ,よくもサチコを, , ,ヨシヱ,竟敢傷害サチコ,,,1,90,26,1,1,0,1,0,0,,Translated
2713,ヨシヱ,よくも私を, , ,ヨシヱ,よくも私を, , ,ヨシヱ,よくも私を, , ,ヨシヱ,竟敢傷害我,,,1,91,26,1,1,0,1,0,0,,Translated
2714,哲志,やばい……！, , ,哲志,やばい......！, , ,哲志,やばい……！, , ,哲志,糟了……！,,,1,217,17,1,0,0,0,0,0,,Translated
2715,直美,……っ哲志！, , ,直美,......っ哲志！, , ,直美,……っ哲志！, , ,直美,……哲志！,,,1,22,13,1,0,0,0,0,0,,Translated
2716,哲志,直美！　由香！　立て！　ここを離れるぞ！, , ,哲志,直美！　由香！　立て！　ここを離れるぞ！, , ,哲志,直美！　由香！　立て！　ここを離れるぞ！, , ,哲志,直美！　由香！　站起來！　離開這裡！,,,1,218,17,1,0,0,0,0,0,,Translated
2717,由香,お兄ちゃん……！, , ,由香,お兄ちゃん......！, , ,由香,お兄ちゃん……！, , ,由香,哥哥……！,,,1,70,29,1,0,0,0,0,0,,Translated
2718,,　棚には薬品の瓶が整然と並んでおり、,　整頓の出来る主がいた事を伝えています。, ,,　棚には薬品の瓶が整然と並んでおり、,　整頓の出来る主がいた事を伝えています。, ,,　棚には薬品の瓶が整然と並んでおり、,　整頓の出来る主がいた事を伝えています。, ,,　櫃子裡藥品瓶整齊地排列著，,顯示曾經有善於整理的主人。,,0,0,0,1,0,0,0,0,0,,Translated
2719,,　棚の中に本が並んでいます……,　ヒーリング、心理療法など、スピリチュアル,　系統のものが多数のようです。,,　棚の中に本が並んでいます......,　ヒーリング、心理療法など、スピリチュアル,　系統のものが多数のようです。,,　棚の中に本が並んでいます……,　ヒーリング、心理療法など、スピリチュアル,　系統のものが多数のようです。,,　櫃子裡陳列著書……,　治療、心理療法等，,　似乎多為靈性系統的書籍。,0,0,0,1,0,0,0,0,0,,Translated
2720,,　せっけんで　てを　あらおう, , ,,　せっけんで　てを　あらおう, , ,,　せっけんで　てを　あらおう, , ,,　用肥皂　洗手吧,,,0,0,0,1,0,0,0,0,0,,Translated
2721,,　新品の人体解剖図が貼ってあります。, , ,,　新品の人体解剖図が貼ってあります。, , ,,　新品の人体解剖図が貼ってあります。, , ,,　貼著全新的人體解剖圖。,,,0,0,0,1,0,0,0,0,0,,Translated
2722,,　脱脂綿、包帯、消毒用アルコールなど,　治療に使うものが綺麗に整頓されて,　しまってあります。,,　脱脂綿、包帯、消毒用アルコールなど,　治療に使うものが綺麗に整頓されて,　しまってあります。,,　脱脂綿、包帯、消毒用アルコールなど,　治療に使うものが綺麗に整頓されて,　しまってあります。,,　脫脂棉、繃帶、消毒用酒精等,　治療用的物品整齊地,　收納著。,0,0,0,1,0,0,0,0,0,,Translated
2723,,　水アカもなく、とてもきれいです。, , ,,　水アカもなく、とてもきれいです。, , ,,　水アカもなく、とてもきれいです。, , ,,　沒有水垢，非常乾淨。,,,0,0,0,1,0,0,0,0,0,,Translated
2724,,　暖かい光が明滅しています……, , ,,　暖かい光が明滅しています......, , ,,　暖かい光が明滅しています……, , ,,　溫暖的光明滅著……,,,0,0,0,1,0,0,0,0,0,,Translated
